{
"type": "FeatureCollection",
"name": "buildings_inside_polygon",
"crs": { "type": "name", "properties": { "name": "urn:ogc:def:crs:OGC:1.3:CRS84" } },
"features": [
{ "type": "Feature", "properties": { }, "geometry": { "type": "Polygon", "coordinates": [ [ [ -72.605747, 46.350494 ], [ -72.605639, 46.350422 ], [ -72.605822, 46.350292 ], [ -72.60593, 46.350365 ], [ -72.605747, 46.350494 ] ] ] } },
{ "type": "Feature", "properties": { }, "geometry": { "type": "Polygon", "coordinates": [ [ [ -72.61435, 46.34286 ], [ -72.614483, 46.34286 ], [ -72.614483, 46.34289 ], [ -72.614514, 46.34289 ], [ -72.614514, 46.34295 ], [ -72.61435, 46.34295 ], [ -72.61435, 46.34286 ] ] ] } },
{ "type": "Feature", "properties": { }, "geometry": { "type": "Polygon", "coordinates": [ [ [ -72.614956, 46.344565 ], [ -72.614825, 46.344565 ], [ -72.614825, 46.344439 ], [ -72.614956, 46.344439 ], [ -72.614956, 46.344565 ] ] ] } },
{ "type": "Feature", "properties": { }, "geometry": { "type": "Polygon", "coordinates": [ [ [ -72.604524, 46.339708 ], [ -72.604586, 46.339766 ], [ -72.604457, 46.339833 ], [ -72.604395, 46.339775 ], [ -72.604524, 46.339708 ] ] ] } },
{ "type": "Feature", "properties": { }, "geometry": { "type": "Polygon", "coordinates": [ [ [ -72.602392, 46.341889 ], [ -72.602394, 46.341809 ], [ -72.602673, 46.341812 ], [ -72.602671, 46.341892 ], [ -72.602392, 46.341889 ] ] ] } },
{ "type": "Feature", "properties": { }, "geometry": { "type": "Polygon", "coordinates": [ [ [ -72.599481, 46.346055 ], [ -72.599374, 46.345981 ], [ -72.599342, 46.346003 ], [ -72.599311, 46.345981 ], [ -72.599428, 46.345901 ], [ -72.599566, 46.345996 ], [ -72.599481, 46.346055 ] ] ] } },
{ "type": "Feature", "properties": { }, "geometry": { "type": "Polygon", "coordinates": [ [ [ -72.591054, 46.339533 ], [ -72.591004, 46.339607 ], [ -72.590782, 46.339536 ], [ -72.590832, 46.339462 ], [ -72.591054, 46.339533 ] ] ] } },
{ "type": "Feature", "properties": { }, "geometry": { "type": "Polygon", "coordinates": [ [ [ -72.592702, 46.334761 ], [ -72.593001, 46.334955 ], [ -72.592926, 46.33501 ], [ -72.592628, 46.334815 ], [ -72.592702, 46.334761 ] ] ] } },
{ "type": "Feature", "properties": { }, "geometry": { "type": "Polygon", "coordinates": [ [ [ -72.619701, 46.347975 ], [ -72.619804, 46.348045 ], [ -72.619681, 46.348131 ], [ -72.619577, 46.348061 ], [ -72.619701, 46.347975 ] ] ] } },
{ "type": "Feature", "properties": { }, "geometry": { "type": "Polygon", "coordinates": [ [ [ -72.61496, 46.347425 ], [ -72.61492, 46.347536 ], [ -72.614804, 46.347517 ], [ -72.614843, 46.347405 ], [ -72.61496, 46.347425 ] ] ] } },
{ "type": "Feature", "properties": { }, "geometry": { "type": "Polygon", "coordinates": [ [ [ -72.614498, 46.345211 ], [ -72.614366, 46.345211 ], [ -72.614366, 46.345095 ], [ -72.614498, 46.345095 ], [ -72.614498, 46.345211 ] ] ] } },
{ "type": "Feature", "properties": { }, "geometry": { "type": "Polygon", "coordinates": [ [ [ -72.615866, 46.345815 ], [ -72.615866, 46.345787 ], [ -72.615785, 46.345787 ], [ -72.615785, 46.345678 ], [ -72.615922, 46.345678 ], [ -72.615922, 46.345815 ], [ -72.615866, 46.345815 ] ] ] } },
{ "type": "Feature", "properties": { }, "geometry": { "type": "Polygon", "coordinates": [ [ [ -72.602522, 46.340625 ], [ -72.602522, 46.340777 ], [ -72.602396, 46.340777 ], [ -72.602396, 46.340625 ], [ -72.602522, 46.340625 ] ] ] } },
{ "type": "Feature", "properties": { }, "geometry": { "type": "Polygon", "coordinates": [ [ [ -72.596037, 46.340585 ], [ -72.596031, 46.340581 ], [ -72.595906, 46.340659 ], [ -72.595836, 46.340606 ], [ -72.596001, 46.340502 ], [ -72.596077, 46.34056 ], [ -72.596037, 46.340585 ] ] ] } },
{ "type": "Feature", "properties": { }, "geometry": { "type": "Polygon", "coordinates": [ [ [ -72.612435, 46.350867 ], [ -72.612534, 46.350936 ], [ -72.612365, 46.351053 ], [ -72.612266, 46.350984 ], [ -72.612435, 46.350867 ] ] ] } },
{ "type": "Feature", "properties": { }, "geometry": { "type": "Polygon", "coordinates": [ [ [ -72.602063, 46.347098 ], [ -72.601934, 46.347098 ], [ -72.601934, 46.347 ], [ -72.602063, 46.347 ], [ -72.602063, 46.347098 ] ] ] } },
{ "type": "Feature", "properties": { }, "geometry": { "type": "Polygon", "coordinates": [ [ [ -72.603433, 46.34836 ], [ -72.60336, 46.34842 ], [ -72.6032, 46.348327 ], [ -72.60325, 46.348286 ], [ -72.603316, 46.348324 ], [ -72.603338, 46.348305 ], [ -72.603433, 46.34836 ] ] ] } },
{ "type": "Feature", "properties": { }, "geometry": { "type": "Polygon", "coordinates": [ [ [ -72.607951, 46.350612 ], [ -72.607863, 46.350672 ], [ -72.607756, 46.350598 ], [ -72.607843, 46.350538 ], [ -72.607951, 46.350612 ] ] ] } },
{ "type": "Feature", "properties": { }, "geometry": { "type": "Polygon", "coordinates": [ [ [ -72.5981, 46.333458 ], [ -72.598018, 46.333405 ], [ -72.598139, 46.333318 ], [ -72.59822, 46.333371 ], [ -72.5981, 46.333458 ] ] ] } },
{ "type": "Feature", "properties": { }, "geometry": { "type": "Polygon", "coordinates": [ [ [ -72.605238, 46.334304 ], [ -72.605352, 46.33438 ], [ -72.60527, 46.334439 ], [ -72.605155, 46.334362 ], [ -72.605238, 46.334304 ] ] ] } },
{ "type": "Feature", "properties": { }, "geometry": { "type": "Polygon", "coordinates": [ [ [ -72.597502, 46.335843 ], [ -72.597391, 46.335897 ], [ -72.597271, 46.335778 ], [ -72.597353, 46.335738 ], [ -72.597407, 46.335792 ], [ -72.597436, 46.335778 ], [ -72.597502, 46.335843 ] ] ] } },
{ "type": "Feature", "properties": { }, "geometry": { "type": "Polygon", "coordinates": [ [ [ -72.617136, 46.348733 ], [ -72.616979, 46.348679 ], [ -72.617035, 46.348602 ], [ -72.617191, 46.348656 ], [ -72.617136, 46.348733 ] ] ] } },
{ "type": "Feature", "properties": { }, "geometry": { "type": "Polygon", "coordinates": [ [ [ -72.613797, 46.351275 ], [ -72.613734, 46.351371 ], [ -72.61352, 46.351304 ], [ -72.613584, 46.351208 ], [ -72.613797, 46.351275 ] ] ] } },
{ "type": "Feature", "properties": { }, "geometry": { "type": "Polygon", "coordinates": [ [ [ -72.607805, 46.340973 ], [ -72.607705, 46.340909 ], [ -72.607904, 46.340759 ], [ -72.608005, 46.340823 ], [ -72.607805, 46.340973 ] ] ] } },
{ "type": "Feature", "properties": { }, "geometry": { "type": "Polygon", "coordinates": [ [ [ -72.608095, 46.344561 ], [ -72.608095, 46.344717 ], [ -72.607983, 46.344717 ], [ -72.607983, 46.344656 ], [ -72.607929, 46.344656 ], [ -72.607929, 46.344621 ], [ -72.60798, 46.344621 ], [ -72.60798, 46.344561 ], [ -72.608095, 46.344561 ] ] ] } },
{ "type": "Feature", "properties": { }, "geometry": { "type": "Polygon", "coordinates": [ [ [ -72.599392, 46.33486 ], [ -72.599292, 46.3348 ], [ -72.599465, 46.334665 ], [ -72.599564, 46.334726 ], [ -72.599392, 46.33486 ] ] ] } },
{ "type": "Feature", "properties": { }, "geometry": { "type": "Polygon", "coordinates": [ [ [ -72.607653, 46.348624 ], [ -72.607617, 46.348648 ], [ -72.607588, 46.348628 ], [ -72.607477, 46.348704 ], [ -72.607391, 46.348645 ], [ -72.607538, 46.348544 ], [ -72.607653, 46.348624 ] ] ] } },
{ "type": "Feature", "properties": { }, "geometry": { "type": "Polygon", "coordinates": [ [ [ -72.609795, 46.343627 ], [ -72.60959, 46.343665 ], [ -72.609554, 46.343575 ], [ -72.609759, 46.343536 ], [ -72.609795, 46.343627 ] ] ] } },
{ "type": "Feature", "properties": { }, "geometry": { "type": "Polygon", "coordinates": [ [ [ -72.598125, 46.341519 ], [ -72.598232, 46.341499 ], [ -72.598251, 46.341548 ], [ -72.598144, 46.341568 ], [ -72.598125, 46.341519 ] ] ] } },
{ "type": "Feature", "properties": { }, "geometry": { "type": "Polygon", "coordinates": [ [ [ -72.603001, 46.33775 ], [ -72.602913, 46.337812 ], [ -72.602758, 46.337706 ], [ -72.602846, 46.337644 ], [ -72.603001, 46.33775 ] ] ] } },
{ "type": "Feature", "properties": { }, "geometry": { "type": "Polygon", "coordinates": [ [ [ -72.594012, 46.341861 ], [ -72.594057, 46.341891 ], [ -72.594019, 46.341917 ], [ -72.59409, 46.341966 ], [ -72.594016, 46.342017 ], [ -72.593901, 46.341938 ], [ -72.594012, 46.341861 ] ] ] } },
{ "type": "Feature", "properties": { }, "geometry": { "type": "Polygon", "coordinates": [ [ [ -72.595598, 46.343126 ], [ -72.595524, 46.343178 ], [ -72.595377, 46.343078 ], [ -72.595451, 46.343026 ], [ -72.595598, 46.343126 ] ] ] } },
{ "type": "Feature", "properties": { }, "geometry": { "type": "Polygon", "coordinates": [ [ [ -72.609269, 46.339286 ], [ -72.609374, 46.339372 ], [ -72.609261, 46.339438 ], [ -72.609156, 46.339351 ], [ -72.609269, 46.339286 ] ] ] } },
{ "type": "Feature", "properties": { }, "geometry": { "type": "Polygon", "coordinates": [ [ [ -72.611544, 46.341053 ], [ -72.61145, 46.340981 ], [ -72.611562, 46.340911 ], [ -72.611657, 46.340983 ], [ -72.611544, 46.341053 ] ] ] } },
{ "type": "Feature", "properties": { }, "geometry": { "type": "Polygon", "coordinates": [ [ [ -72.61629, 46.345045 ], [ -72.616416, 46.345045 ], [ -72.616416, 46.345185 ], [ -72.61629, 46.345185 ], [ -72.61629, 46.345045 ] ] ] } },
{ "type": "Feature", "properties": { }, "geometry": { "type": "Polygon", "coordinates": [ [ [ -72.618543, 46.345683 ], [ -72.618543, 46.345769 ], [ -72.618441, 46.345769 ], [ -72.618441, 46.34575 ], [ -72.618376, 46.34575 ], [ -72.618376, 46.345683 ], [ -72.618543, 46.345683 ] ] ] } },
{ "type": "Feature", "properties": { }, "geometry": { "type": "Polygon", "coordinates": [ [ [ -72.602449, 46.335723 ], [ -72.602413, 46.335629 ], [ -72.602524, 46.335608 ], [ -72.60256, 46.335702 ], [ -72.602449, 46.335723 ] ] ] } },
{ "type": "Feature", "properties": { }, "geometry": { "type": "Polygon", "coordinates": [ [ [ -72.590788, 46.338711 ], [ -72.590866, 46.338763 ], [ -72.590724, 46.338864 ], [ -72.590646, 46.338811 ], [ -72.590788, 46.338711 ] ] ] } },
{ "type": "Feature", "properties": { }, "geometry": { "type": "Polygon", "coordinates": [ [ [ -72.615217, 46.352307 ], [ -72.615321, 46.352374 ], [ -72.61518, 46.352479 ], [ -72.615075, 46.352411 ], [ -72.615217, 46.352307 ] ] ] } },
{ "type": "Feature", "properties": { }, "geometry": { "type": "Polygon", "coordinates": [ [ [ -72.602752, 46.347042 ], [ -72.602629, 46.347042 ], [ -72.602629, 46.346941 ], [ -72.602752, 46.346941 ], [ -72.602752, 46.347042 ] ] ] } },
{ "type": "Feature", "properties": { }, "geometry": { "type": "Polygon", "coordinates": [ [ [ -72.613302, 46.34602 ], [ -72.613302, 46.3461 ], [ -72.613167, 46.3461 ], [ -72.613167, 46.34602 ], [ -72.613302, 46.34602 ] ] ] } },
{ "type": "Feature", "properties": { }, "geometry": { "type": "Polygon", "coordinates": [ [ [ -72.611204, 46.346391 ], [ -72.61137, 46.346391 ], [ -72.61137, 46.34647 ], [ -72.611204, 46.34647 ], [ -72.611204, 46.346391 ] ] ] } },
{ "type": "Feature", "properties": { }, "geometry": { "type": "Polygon", "coordinates": [ [ [ -72.593333, 46.340501 ], [ -72.593184, 46.340606 ], [ -72.593106, 46.340554 ], [ -72.593254, 46.340448 ], [ -72.593333, 46.340501 ] ] ] } },
{ "type": "Feature", "properties": { }, "geometry": { "type": "Polygon", "coordinates": [ [ [ -72.594084, 46.335214 ], [ -72.594169, 46.335273 ], [ -72.594037, 46.335365 ], [ -72.593951, 46.335305 ], [ -72.594084, 46.335214 ] ] ] } },
{ "type": "Feature", "properties": { }, "geometry": { "type": "Polygon", "coordinates": [ [ [ -72.609001, 46.350872 ], [ -72.608892, 46.350822 ], [ -72.608992, 46.350718 ], [ -72.609101, 46.350768 ], [ -72.609001, 46.350872 ] ] ] } },
{ "type": "Feature", "properties": { }, "geometry": { "type": "Polygon", "coordinates": [ [ [ -72.612364, 46.345133 ], [ -72.612274, 46.345071 ], [ -72.61243, 46.344963 ], [ -72.61252, 46.345025 ], [ -72.612364, 46.345133 ] ] ] } },
{ "type": "Feature", "properties": { }, "geometry": { "type": "Polygon", "coordinates": [ [ [ -72.604205, 46.341691 ], [ -72.60412, 46.341724 ], [ -72.604052, 46.341639 ], [ -72.604137, 46.341606 ], [ -72.604205, 46.341691 ] ] ] } },
{ "type": "Feature", "properties": { }, "geometry": { "type": "Polygon", "coordinates": [ [ [ -72.615195, 46.35057 ], [ -72.615172, 46.350602 ], [ -72.615254, 46.35063 ], [ -72.615194, 46.350714 ], [ -72.615067, 46.35067 ], [ -72.61515, 46.350554 ], [ -72.615195, 46.35057 ] ] ] } },
{ "type": "Feature", "properties": { }, "geometry": { "type": "Polygon", "coordinates": [ [ [ -72.602105, 46.34697 ], [ -72.602306, 46.346967 ], [ -72.602308, 46.347051 ], [ -72.602108, 46.347054 ], [ -72.602105, 46.34697 ] ] ] } },
{ "type": "Feature", "properties": { }, "geometry": { "type": "Polygon", "coordinates": [ [ [ -72.614342, 46.343021 ], [ -72.614482, 46.343021 ], [ -72.614482, 46.343132 ], [ -72.614342, 46.343132 ], [ -72.614342, 46.343021 ] ] ] } },
{ "type": "Feature", "properties": { }, "geometry": { "type": "Polygon", "coordinates": [ [ [ -72.619109, 46.345681 ], [ -72.619319, 46.345681 ], [ -72.619318, 46.345764 ], [ -72.619109, 46.345764 ], [ -72.619109, 46.345681 ] ] ] } },
{ "type": "Feature", "properties": { }, "geometry": { "type": "Polygon", "coordinates": [ [ [ -72.607501, 46.341181 ], [ -72.607397, 46.341115 ], [ -72.607474, 46.341057 ], [ -72.607578, 46.341122 ], [ -72.607501, 46.341181 ] ] ] } },
{ "type": "Feature", "properties": { }, "geometry": { "type": "Polygon", "coordinates": [ [ [ -72.601109, 46.341912 ], [ -72.600995, 46.341922 ], [ -72.600967, 46.341767 ], [ -72.601081, 46.341757 ], [ -72.601109, 46.341912 ] ] ] } },
{ "type": "Feature", "properties": { }, "geometry": { "type": "Polygon", "coordinates": [ [ [ -72.604483, 46.33484 ], [ -72.604373, 46.334869 ], [ -72.604313, 46.334762 ], [ -72.604423, 46.334733 ], [ -72.604483, 46.33484 ] ] ] } },
{ "type": "Feature", "properties": { }, "geometry": { "type": "Polygon", "coordinates": [ [ [ -72.595931, 46.344713 ], [ -72.596045, 46.344638 ], [ -72.596352, 46.34486 ], [ -72.596239, 46.344935 ], [ -72.595931, 46.344713 ] ] ] } },
{ "type": "Feature", "properties": { }, "geometry": { "type": "Polygon", "coordinates": [ [ [ -72.610801, 46.344408 ], [ -72.610713, 46.344331 ], [ -72.610844, 46.34426 ], [ -72.610931, 46.344337 ], [ -72.610801, 46.344408 ] ] ] } },
{ "type": "Feature", "properties": { }, "geometry": { "type": "Polygon", "coordinates": [ [ [ -72.603542, 46.335462 ], [ -72.60347, 46.335589 ], [ -72.603247, 46.335528 ], [ -72.603296, 46.335442 ], [ -72.603431, 46.335478 ], [ -72.603454, 46.335438 ], [ -72.603542, 46.335462 ] ] ] } },
{ "type": "Feature", "properties": { }, "geometry": { "type": "Polygon", "coordinates": [ [ [ -72.6024, 46.347761 ], [ -72.60251, 46.347834 ], [ -72.602429, 46.347892 ], [ -72.602319, 46.347819 ], [ -72.6024, 46.347761 ] ] ] } },
{ "type": "Feature", "properties": { }, "geometry": { "type": "Polygon", "coordinates": [ [ [ -72.613258, 46.343148 ], [ -72.613388, 46.343138 ], [ -72.613406, 46.343251 ], [ -72.613311, 46.343258 ], [ -72.613304, 46.343217 ], [ -72.61327, 46.34322 ], [ -72.613258, 46.343148 ] ] ] } },
{ "type": "Feature", "properties": { }, "geometry": { "type": "Polygon", "coordinates": [ [ [ -72.616927, 46.343522 ], [ -72.616856, 46.343585 ], [ -72.616714, 46.343509 ], [ -72.616785, 46.343446 ], [ -72.616927, 46.343522 ] ] ] } },
{ "type": "Feature", "properties": { }, "geometry": { "type": "Polygon", "coordinates": [ [ [ -72.597906, 46.338114 ], [ -72.597828, 46.338187 ], [ -72.597686, 46.338114 ], [ -72.597765, 46.338042 ], [ -72.597906, 46.338114 ] ] ] } },
{ "type": "Feature", "properties": { }, "geometry": { "type": "Polygon", "coordinates": [ [ [ -72.591288, 46.342054 ], [ -72.59159, 46.342264 ], [ -72.591494, 46.342329 ], [ -72.591192, 46.34212 ], [ -72.591288, 46.342054 ] ] ] } },
{ "type": "Feature", "properties": { }, "geometry": { "type": "Polygon", "coordinates": [ [ [ -72.612206, 46.351502 ], [ -72.612368, 46.351561 ], [ -72.612306, 46.351642 ], [ -72.612144, 46.351583 ], [ -72.612206, 46.351502 ] ] ] } },
{ "type": "Feature", "properties": { }, "geometry": { "type": "Polygon", "coordinates": [ [ [ -72.614221, 46.352303 ], [ -72.614065, 46.352228 ], [ -72.614127, 46.352166 ], [ -72.614284, 46.352241 ], [ -72.614221, 46.352303 ] ] ] } },
{ "type": "Feature", "properties": { }, "geometry": { "type": "Polygon", "coordinates": [ [ [ -72.596327, 46.34135 ], [ -72.596172, 46.341457 ], [ -72.596097, 46.341405 ], [ -72.596252, 46.341298 ], [ -72.596327, 46.34135 ] ] ] } },
{ "type": "Feature", "properties": { }, "geometry": { "type": "Polygon", "coordinates": [ [ [ -72.591565, 46.341782 ], [ -72.591491, 46.341833 ], [ -72.591381, 46.341757 ], [ -72.591455, 46.341706 ], [ -72.591565, 46.341782 ] ] ] } },
{ "type": "Feature", "properties": { }, "geometry": { "type": "Polygon", "coordinates": [ [ [ -72.597152, 46.342595 ], [ -72.597235, 46.342652 ], [ -72.597055, 46.342776 ], [ -72.596972, 46.342719 ], [ -72.597152, 46.342595 ] ] ] } },
{ "type": "Feature", "properties": { }, "geometry": { "type": "Polygon", "coordinates": [ [ [ -72.596168, 46.334307 ], [ -72.596069, 46.334333 ], [ -72.595991, 46.334188 ], [ -72.59609, 46.334163 ], [ -72.596168, 46.334307 ] ] ] } },
{ "type": "Feature", "properties": { }, "geometry": { "type": "Polygon", "coordinates": [ [ [ -72.590096, 46.337229 ], [ -72.589972, 46.337304 ], [ -72.589903, 46.33725 ], [ -72.590026, 46.337175 ], [ -72.590096, 46.337229 ] ] ] } },
{ "type": "Feature", "properties": { }, "geometry": { "type": "Polygon", "coordinates": [ [ [ -72.597169, 46.338665 ], [ -72.597033, 46.338576 ], [ -72.59711, 46.33852 ], [ -72.597293, 46.338639 ], [ -72.597193, 46.338712 ], [ -72.597146, 46.338682 ], [ -72.597169, 46.338665 ] ] ] } },
{ "type": "Feature", "properties": { }, "geometry": { "type": "Polygon", "coordinates": [ [ [ -72.603593, 46.347223 ], [ -72.603664, 46.347357 ], [ -72.603564, 46.347382 ], [ -72.603494, 46.347248 ], [ -72.603593, 46.347223 ] ] ] } },
{ "type": "Feature", "properties": { }, "geometry": { "type": "Polygon", "coordinates": [ [ [ -72.610259, 46.341994 ], [ -72.610099, 46.341884 ], [ -72.610186, 46.341824 ], [ -72.610346, 46.341934 ], [ -72.610259, 46.341994 ] ] ] } },
{ "type": "Feature", "properties": { }, "geometry": { "type": "Polygon", "coordinates": [ [ [ -72.608932, 46.343162 ], [ -72.608969, 46.343133 ], [ -72.609043, 46.343178 ], [ -72.608933, 46.343264 ], [ -72.608819, 46.343194 ], [ -72.608892, 46.343137 ], [ -72.608932, 46.343162 ] ] ] } },
{ "type": "Feature", "properties": { }, "geometry": { "type": "Polygon", "coordinates": [ [ [ -72.607966, 46.34191 ], [ -72.607809, 46.341804 ], [ -72.607894, 46.341744 ], [ -72.608051, 46.341851 ], [ -72.607966, 46.34191 ] ] ] } },
{ "type": "Feature", "properties": { }, "geometry": { "type": "Polygon", "coordinates": [ [ [ -72.596543, 46.339657 ], [ -72.596617, 46.339627 ], [ -72.59666, 46.339678 ], [ -72.596587, 46.339708 ], [ -72.596543, 46.339657 ] ] ] } },
{ "type": "Feature", "properties": { }, "geometry": { "type": "Polygon", "coordinates": [ [ [ -72.593669, 46.34392 ], [ -72.593513, 46.343818 ], [ -72.593619, 46.343741 ], [ -72.593775, 46.343844 ], [ -72.593669, 46.34392 ] ] ] } },
{ "type": "Feature", "properties": { }, "geometry": { "type": "Polygon", "coordinates": [ [ [ -72.606553, 46.349358 ], [ -72.606458, 46.349425 ], [ -72.606361, 46.349359 ], [ -72.606457, 46.349293 ], [ -72.606553, 46.349358 ] ] ] } },
{ "type": "Feature", "properties": { }, "geometry": { "type": "Polygon", "coordinates": [ [ [ -72.606736, 46.339297 ], [ -72.606806, 46.339364 ], [ -72.606645, 46.339443 ], [ -72.606575, 46.339376 ], [ -72.606736, 46.339297 ] ] ] } },
{ "type": "Feature", "properties": { }, "geometry": { "type": "Polygon", "coordinates": [ [ [ -72.598132, 46.338945 ], [ -72.598053, 46.338885 ], [ -72.598216, 46.338782 ], [ -72.598295, 46.338841 ], [ -72.598132, 46.338945 ] ] ] } },
{ "type": "Feature", "properties": { }, "geometry": { "type": "Polygon", "coordinates": [ [ [ -72.6042, 46.338991 ], [ -72.604123, 46.339048 ], [ -72.604, 46.33897 ], [ -72.604076, 46.338913 ], [ -72.6042, 46.338991 ] ] ] } },
{ "type": "Feature", "properties": { }, "geometry": { "type": "Polygon", "coordinates": [ [ [ -72.596853, 46.339317 ], [ -72.597025, 46.339436 ], [ -72.596931, 46.3395 ], [ -72.596759, 46.339381 ], [ -72.596853, 46.339317 ] ] ] } },
{ "type": "Feature", "properties": { }, "geometry": { "type": "Polygon", "coordinates": [ [ [ -72.59305, 46.339756 ], [ -72.592971, 46.339698 ], [ -72.593089, 46.339621 ], [ -72.593169, 46.339679 ], [ -72.59305, 46.339756 ] ] ] } },
{ "type": "Feature", "properties": { }, "geometry": { "type": "Polygon", "coordinates": [ [ [ -72.595137, 46.340299 ], [ -72.595018, 46.340221 ], [ -72.59509, 46.340169 ], [ -72.595208, 46.340248 ], [ -72.595137, 46.340299 ] ] ] } },
{ "type": "Feature", "properties": { }, "geometry": { "type": "Polygon", "coordinates": [ [ [ -72.610196, 46.349347 ], [ -72.61011, 46.349408 ], [ -72.60996, 46.349305 ], [ -72.610047, 46.349245 ], [ -72.610196, 46.349347 ] ] ] } },
{ "type": "Feature", "properties": { }, "geometry": { "type": "Polygon", "coordinates": [ [ [ -72.615686, 46.349658 ], [ -72.615631, 46.349733 ], [ -72.615488, 46.349683 ], [ -72.615544, 46.349608 ], [ -72.615686, 46.349658 ] ] ] } },
{ "type": "Feature", "properties": { }, "geometry": { "type": "Polygon", "coordinates": [ [ [ -72.607908, 46.347911 ], [ -72.607827, 46.347855 ], [ -72.607996, 46.347739 ], [ -72.608077, 46.347794 ], [ -72.607908, 46.347911 ] ] ] } },
{ "type": "Feature", "properties": { }, "geometry": { "type": "Polygon", "coordinates": [ [ [ -72.605928, 46.341939 ], [ -72.605842, 46.341999 ], [ -72.605683, 46.341889 ], [ -72.605769, 46.341829 ], [ -72.605928, 46.341939 ] ] ] } },
{ "type": "Feature", "properties": { }, "geometry": { "type": "Polygon", "coordinates": [ [ [ -72.604972, 46.335369 ], [ -72.605178, 46.335404 ], [ -72.605142, 46.335505 ], [ -72.605046, 46.335488 ], [ -72.605054, 46.335466 ], [ -72.604944, 46.335447 ], [ -72.604972, 46.335369 ] ] ] } },
{ "type": "Feature", "properties": { }, "geometry": { "type": "Polygon", "coordinates": [ [ [ -72.602055, 46.336057 ], [ -72.602023, 46.336056 ], [ -72.602026, 46.335936 ], [ -72.602162, 46.335937 ], [ -72.602159, 46.336095 ], [ -72.602054, 46.336094 ], [ -72.602055, 46.336057 ] ] ] } },
{ "type": "Feature", "properties": { }, "geometry": { "type": "Polygon", "coordinates": [ [ [ -72.5985, 46.336545 ], [ -72.598423, 46.336611 ], [ -72.598256, 46.336517 ], [ -72.598333, 46.336451 ], [ -72.5985, 46.336545 ] ] ] } },
{ "type": "Feature", "properties": { }, "geometry": { "type": "Polygon", "coordinates": [ [ [ -72.589787, 46.340899 ], [ -72.589427, 46.340639 ], [ -72.589737, 46.340434 ], [ -72.590391, 46.340906 ], [ -72.590073, 46.341116 ], [ -72.589972, 46.341044 ], [ -72.589866, 46.341114 ], [ -72.589673, 46.340975 ], [ -72.589787, 46.340899 ] ] ] } },
{ "type": "Feature", "properties": { }, "geometry": { "type": "Polygon", "coordinates": [ [ [ -72.609228, 46.348626 ], [ -72.609305, 46.348693 ], [ -72.609185, 46.348759 ], [ -72.609108, 46.348692 ], [ -72.609228, 46.348626 ] ] ] } },
{ "type": "Feature", "properties": { }, "geometry": { "type": "Polygon", "coordinates": [ [ [ -72.614156, 46.350247 ], [ -72.614092, 46.350334 ], [ -72.613953, 46.350285 ], [ -72.614017, 46.350198 ], [ -72.614156, 46.350247 ] ] ] } },
{ "type": "Feature", "properties": { }, "geometry": { "type": "Polygon", "coordinates": [ [ [ -72.604391, 46.3488 ], [ -72.604315, 46.348738 ], [ -72.604416, 46.348679 ], [ -72.604492, 46.34874 ], [ -72.604391, 46.3488 ] ] ] } },
{ "type": "Feature", "properties": { }, "geometry": { "type": "Polygon", "coordinates": [ [ [ -72.606042, 46.349021 ], [ -72.606158, 46.349114 ], [ -72.606067, 46.349169 ], [ -72.60595, 46.349076 ], [ -72.606042, 46.349021 ] ] ] } },
{ "type": "Feature", "properties": { }, "geometry": { "type": "Polygon", "coordinates": [ [ [ -72.612341, 46.345774 ], [ -72.612341, 46.345702 ], [ -72.612529, 46.345702 ], [ -72.612529, 46.345774 ], [ -72.612341, 46.345774 ] ] ] } },
{ "type": "Feature", "properties": { }, "geometry": { "type": "Polygon", "coordinates": [ [ [ -72.613073, 46.346018 ], [ -72.613074, 46.346107 ], [ -72.612852, 46.346108 ], [ -72.612852, 46.346019 ], [ -72.613073, 46.346018 ] ] ] } },
{ "type": "Feature", "properties": { }, "geometry": { "type": "Polygon", "coordinates": [ [ [ -72.608185, 46.343492 ], [ -72.608142, 46.343322 ], [ -72.608262, 46.343307 ], [ -72.608304, 46.343478 ], [ -72.608185, 46.343492 ] ] ] } },
{ "type": "Feature", "properties": { }, "geometry": { "type": "Polygon", "coordinates": [ [ [ -72.603254, 46.345 ], [ -72.603147, 46.345026 ], [ -72.603095, 46.344926 ], [ -72.603202, 46.344899 ], [ -72.603254, 46.345 ] ] ] } },
{ "type": "Feature", "properties": { }, "geometry": { "type": "Polygon", "coordinates": [ [ [ -72.602299, 46.347714 ], [ -72.602254, 46.347794 ], [ -72.602109, 46.347755 ], [ -72.602155, 46.347675 ], [ -72.602299, 46.347714 ] ] ] } },
{ "type": "Feature", "properties": { }, "geometry": { "type": "Polygon", "coordinates": [ [ [ -72.607676, 46.342714 ], [ -72.607597, 46.34266 ], [ -72.607729, 46.342568 ], [ -72.607808, 46.342623 ], [ -72.607676, 46.342714 ] ] ] } },
{ "type": "Feature", "properties": { }, "geometry": { "type": "Polygon", "coordinates": [ [ [ -72.601065, 46.344032 ], [ -72.600975, 46.34397 ], [ -72.601072, 46.343903 ], [ -72.601162, 46.343965 ], [ -72.601065, 46.344032 ] ] ] } },
{ "type": "Feature", "properties": { }, "geometry": { "type": "Polygon", "coordinates": [ [ [ -72.604665, 46.336473 ], [ -72.604544, 46.33639 ], [ -72.604635, 46.336327 ], [ -72.604756, 46.33641 ], [ -72.604665, 46.336473 ] ] ] } },
{ "type": "Feature", "properties": { }, "geometry": { "type": "Polygon", "coordinates": [ [ [ -72.615972, 46.351896 ], [ -72.615885, 46.351836 ], [ -72.616008, 46.351751 ], [ -72.616095, 46.351811 ], [ -72.615972, 46.351896 ] ] ] } },
{ "type": "Feature", "properties": { }, "geometry": { "type": "Polygon", "coordinates": [ [ [ -72.609765, 46.353811 ], [ -72.609653, 46.353905 ], [ -72.609487, 46.35381 ], [ -72.609599, 46.353716 ], [ -72.609765, 46.353811 ] ] ] } },
{ "type": "Feature", "properties": { }, "geometry": { "type": "Polygon", "coordinates": [ [ [ -72.61385, 46.341746 ], [ -72.613746, 46.341815 ], [ -72.613619, 46.341722 ], [ -72.613723, 46.341654 ], [ -72.61385, 46.341746 ] ] ] } },
{ "type": "Feature", "properties": { }, "geometry": { "type": "Polygon", "coordinates": [ [ [ -72.598042, 46.333503 ], [ -72.597907, 46.333596 ], [ -72.597831, 46.333543 ], [ -72.597966, 46.33345 ], [ -72.598042, 46.333503 ] ] ] } },
{ "type": "Feature", "properties": { }, "geometry": { "type": "Polygon", "coordinates": [ [ [ -72.603916, 46.337114 ], [ -72.604078, 46.337135 ], [ -72.604055, 46.33722 ], [ -72.603893, 46.337199 ], [ -72.603916, 46.337114 ] ] ] } },
{ "type": "Feature", "properties": { }, "geometry": { "type": "Polygon", "coordinates": [ [ [ -72.603541, 46.338104 ], [ -72.60369, 46.338207 ], [ -72.603605, 46.338266 ], [ -72.603457, 46.338163 ], [ -72.603541, 46.338104 ] ] ] } },
{ "type": "Feature", "properties": { }, "geometry": { "type": "Polygon", "coordinates": [ [ [ -72.597452, 46.34398 ], [ -72.59734, 46.344058 ], [ -72.597267, 46.344008 ], [ -72.59738, 46.34393 ], [ -72.597452, 46.34398 ] ] ] } },
{ "type": "Feature", "properties": { }, "geometry": { "type": "Polygon", "coordinates": [ [ [ -72.613378, 46.348047 ], [ -72.613306, 46.348153 ], [ -72.6132, 46.348119 ], [ -72.613272, 46.348013 ], [ -72.613378, 46.348047 ] ] ] } },
{ "type": "Feature", "properties": { }, "geometry": { "type": "Polygon", "coordinates": [ [ [ -72.6158, 46.350054 ], [ -72.615926, 46.3501 ], [ -72.61586, 46.350185 ], [ -72.615735, 46.350139 ], [ -72.6158, 46.350054 ] ] ] } },
{ "type": "Feature", "properties": { }, "geometry": { "type": "Polygon", "coordinates": [ [ [ -72.606848, 46.350427 ], [ -72.606751, 46.35035 ], [ -72.606839, 46.350297 ], [ -72.606936, 46.350374 ], [ -72.606848, 46.350427 ] ] ] } },
{ "type": "Feature", "properties": { }, "geometry": { "type": "Polygon", "coordinates": [ [ [ -72.617025, 46.344111 ], [ -72.617154, 46.344202 ], [ -72.617068, 46.34426 ], [ -72.61694, 46.344169 ], [ -72.617025, 46.344111 ] ] ] } },
{ "type": "Feature", "properties": { }, "geometry": { "type": "Polygon", "coordinates": [ [ [ -72.619162, 46.346817 ], [ -72.619291, 46.346817 ], [ -72.619291, 46.346928 ], [ -72.619162, 46.346928 ], [ -72.619162, 46.346817 ] ] ] } },
{ "type": "Feature", "properties": { }, "geometry": { "type": "Polygon", "coordinates": [ [ [ -72.600117, 46.343099 ], [ -72.600073, 46.343195 ], [ -72.600002, 46.343179 ], [ -72.600046, 46.343083 ], [ -72.600117, 46.343099 ] ] ] } },
{ "type": "Feature", "properties": { }, "geometry": { "type": "Polygon", "coordinates": [ [ [ -72.599786, 46.338584 ], [ -72.599718, 46.338537 ], [ -72.599844, 46.33845 ], [ -72.599988, 46.33855 ], [ -72.599909, 46.338604 ], [ -72.599833, 46.338552 ], [ -72.599786, 46.338584 ] ] ] } },
{ "type": "Feature", "properties": { }, "geometry": { "type": "Polygon", "coordinates": [ [ [ -72.59365, 46.341754 ], [ -72.593578, 46.341701 ], [ -72.5937, 46.341622 ], [ -72.593772, 46.341675 ], [ -72.59365, 46.341754 ] ] ] } },
{ "type": "Feature", "properties": { }, "geometry": { "type": "Polygon", "coordinates": [ [ [ -72.615019, 46.350182 ], [ -72.615143, 46.350229 ], [ -72.615083, 46.350304 ], [ -72.614959, 46.350256 ], [ -72.615019, 46.350182 ] ] ] } },
{ "type": "Feature", "properties": { }, "geometry": { "type": "Polygon", "coordinates": [ [ [ -72.614305, 46.342634 ], [ -72.61425, 46.342558 ], [ -72.614391, 46.34251 ], [ -72.614445, 46.342586 ], [ -72.614305, 46.342634 ] ] ] } },
{ "type": "Feature", "properties": { }, "geometry": { "type": "Polygon", "coordinates": [ [ [ -72.597542, 46.33337 ], [ -72.597456, 46.333311 ], [ -72.59755, 46.333246 ], [ -72.597636, 46.333305 ], [ -72.597542, 46.33337 ] ] ] } },
{ "type": "Feature", "properties": { }, "geometry": { "type": "Polygon", "coordinates": [ [ [ -72.614084, 46.347833 ], [ -72.614188, 46.34787 ], [ -72.614095, 46.347997 ], [ -72.613991, 46.34796 ], [ -72.614084, 46.347833 ] ] ] } },
{ "type": "Feature", "properties": { }, "geometry": { "type": "Polygon", "coordinates": [ [ [ -72.604692, 46.347426 ], [ -72.604746, 46.347532 ], [ -72.604634, 46.347559 ], [ -72.60458, 46.347453 ], [ -72.604692, 46.347426 ] ] ] } },
{ "type": "Feature", "properties": { }, "geometry": { "type": "Polygon", "coordinates": [ [ [ -72.618548, 46.344105 ], [ -72.618473, 46.344169 ], [ -72.618344, 46.344097 ], [ -72.618419, 46.344033 ], [ -72.618548, 46.344105 ] ] ] } },
{ "type": "Feature", "properties": { }, "geometry": { "type": "Polygon", "coordinates": [ [ [ -72.615525, 46.345363 ], [ -72.615474, 46.345363 ], [ -72.615474, 46.34543 ], [ -72.615321, 46.34543 ], [ -72.615321, 46.34532 ], [ -72.615525, 46.34532 ], [ -72.615525, 46.345363 ] ] ] } },
{ "type": "Feature", "properties": { }, "geometry": { "type": "Polygon", "coordinates": [ [ [ -72.61258, 46.346104 ], [ -72.61258, 46.34602 ], [ -72.612781, 46.34602 ], [ -72.612781, 46.346104 ], [ -72.61258, 46.346104 ] ] ] } },
{ "type": "Feature", "properties": { }, "geometry": { "type": "Polygon", "coordinates": [ [ [ -72.602728, 46.333758 ], [ -72.602567, 46.333647 ], [ -72.602648, 46.333591 ], [ -72.602809, 46.333703 ], [ -72.602728, 46.333758 ] ] ] } },
{ "type": "Feature", "properties": { }, "geometry": { "type": "Polygon", "coordinates": [ [ [ -72.599448, 46.334045 ], [ -72.599565, 46.333965 ], [ -72.59965, 46.334024 ], [ -72.599534, 46.334104 ], [ -72.599448, 46.334045 ] ] ] } },
{ "type": "Feature", "properties": { }, "geometry": { "type": "Polygon", "coordinates": [ [ [ -72.602849, 46.338654 ], [ -72.603004, 46.338634 ], [ -72.603041, 46.338769 ], [ -72.602955, 46.33878 ], [ -72.602945, 46.338744 ], [ -72.602877, 46.338753 ], [ -72.602849, 46.338654 ] ] ] } },
{ "type": "Feature", "properties": { }, "geometry": { "type": "Polygon", "coordinates": [ [ [ -72.595495, 46.339993 ], [ -72.595415, 46.340047 ], [ -72.595294, 46.339961 ], [ -72.595374, 46.339907 ], [ -72.595495, 46.339993 ] ] ] } },
{ "type": "Feature", "properties": { }, "geometry": { "type": "Polygon", "coordinates": [ [ [ -72.595628, 46.341825 ], [ -72.595553, 46.34177 ], [ -72.595679, 46.341689 ], [ -72.595753, 46.341743 ], [ -72.595628, 46.341825 ] ] ] } },
{ "type": "Feature", "properties": { }, "geometry": { "type": "Polygon", "coordinates": [ [ [ -72.611177, 46.347589 ], [ -72.611115, 46.34751 ], [ -72.611301, 46.347439 ], [ -72.611364, 46.347518 ], [ -72.611177, 46.347589 ] ] ] } },
{ "type": "Feature", "properties": { }, "geometry": { "type": "Polygon", "coordinates": [ [ [ -72.614586, 46.347871 ], [ -72.614703, 46.34789 ], [ -72.614669, 46.347988 ], [ -72.614552, 46.347969 ], [ -72.614586, 46.347871 ] ] ] } },
{ "type": "Feature", "properties": { }, "geometry": { "type": "Polygon", "coordinates": [ [ [ -72.607002, 46.347908 ], [ -72.607072, 46.347956 ], [ -72.607024, 46.347989 ], [ -72.607057, 46.348013 ], [ -72.607021, 46.348038 ], [ -72.606988, 46.348014 ], [ -72.606953, 46.348039 ], [ -72.606883, 46.34799 ], [ -72.607002, 46.347908 ] ] ] } },
{ "type": "Feature", "properties": { }, "geometry": { "type": "Polygon", "coordinates": [ [ [ -72.604595, 46.348695 ], [ -72.60451, 46.348651 ], [ -72.604601, 46.348568 ], [ -72.604686, 46.348613 ], [ -72.604595, 46.348695 ] ] ] } },
{ "type": "Feature", "properties": { }, "geometry": { "type": "Polygon", "coordinates": [ [ [ -72.608209, 46.349817 ], [ -72.608291, 46.349873 ], [ -72.608201, 46.349935 ], [ -72.60812, 46.349879 ], [ -72.608209, 46.349817 ] ] ] } },
{ "type": "Feature", "properties": { }, "geometry": { "type": "Polygon", "coordinates": [ [ [ -72.612041, 46.344291 ], [ -72.611923, 46.344291 ], [ -72.611923, 46.344137 ], [ -72.612041, 46.344137 ], [ -72.612041, 46.344291 ] ] ] } },
{ "type": "Feature", "properties": { }, "geometry": { "type": "Polygon", "coordinates": [ [ [ -72.606844, 46.34382 ], [ -72.606731, 46.343852 ], [ -72.606641, 46.343702 ], [ -72.606754, 46.34367 ], [ -72.606844, 46.34382 ] ] ] } },
{ "type": "Feature", "properties": { }, "geometry": { "type": "Polygon", "coordinates": [ [ [ -72.603521, 46.344779 ], [ -72.603616, 46.344733 ], [ -72.603717, 46.344831 ], [ -72.603622, 46.344878 ], [ -72.603521, 46.344779 ] ] ] } },
{ "type": "Feature", "properties": { }, "geometry": { "type": "Polygon", "coordinates": [ [ [ -72.595223, 46.3434 ], [ -72.595135, 46.343461 ], [ -72.595018, 46.343381 ], [ -72.595107, 46.34332 ], [ -72.595223, 46.3434 ] ] ] } },
{ "type": "Feature", "properties": { }, "geometry": { "type": "Polygon", "coordinates": [ [ [ -72.615726, 46.350789 ], [ -72.615759, 46.3508 ], [ -72.615788, 46.350759 ], [ -72.61586, 46.350783 ], [ -72.615832, 46.350821 ], [ -72.615897, 46.350843 ], [ -72.615832, 46.350934 ], [ -72.615664, 46.350877 ], [ -72.615726, 46.350789 ] ] ] } },
{ "type": "Feature", "properties": { }, "geometry": { "type": "Polygon", "coordinates": [ [ [ -72.599952, 46.34151 ], [ -72.60018, 46.34151 ], [ -72.60018, 46.341595 ], [ -72.599952, 46.341595 ], [ -72.599952, 46.34151 ] ] ] } },
{ "type": "Feature", "properties": { }, "geometry": { "type": "Polygon", "coordinates": [ [ [ -72.597409, 46.334646 ], [ -72.59755, 46.334743 ], [ -72.597447, 46.334815 ], [ -72.597306, 46.334718 ], [ -72.597409, 46.334646 ] ] ] } },
{ "type": "Feature", "properties": { }, "geometry": { "type": "Polygon", "coordinates": [ [ [ -72.617087, 46.349107 ], [ -72.616971, 46.349062 ], [ -72.617037, 46.34898 ], [ -72.617154, 46.349026 ], [ -72.617087, 46.349107 ] ] ] } },
{ "type": "Feature", "properties": { }, "geometry": { "type": "Polygon", "coordinates": [ [ [ -72.616786, 46.344904 ], [ -72.616904, 46.344904 ], [ -72.616904, 46.345006 ], [ -72.616786, 46.345006 ], [ -72.616786, 46.344904 ] ] ] } },
{ "type": "Feature", "properties": { }, "geometry": { "type": "Polygon", "coordinates": [ [ [ -72.602725, 46.342465 ], [ -72.602659, 46.342518 ], [ -72.60252, 46.342438 ], [ -72.602585, 46.342384 ], [ -72.602725, 46.342465 ] ] ] } },
{ "type": "Feature", "properties": { }, "geometry": { "type": "Polygon", "coordinates": [ [ [ -72.601648, 46.343265 ], [ -72.601858, 46.343313 ], [ -72.601815, 46.343402 ], [ -72.601605, 46.343353 ], [ -72.601648, 46.343265 ] ] ] } },
{ "type": "Feature", "properties": { }, "geometry": { "type": "Polygon", "coordinates": [ [ [ -72.600674, 46.346239 ], [ -72.600762, 46.3463 ], [ -72.600636, 46.346387 ], [ -72.600548, 46.346326 ], [ -72.600674, 46.346239 ] ] ] } },
{ "type": "Feature", "properties": { }, "geometry": { "type": "Polygon", "coordinates": [ [ [ -72.60433, 46.346727 ], [ -72.604207, 46.346741 ], [ -72.604182, 46.346632 ], [ -72.604305, 46.346618 ], [ -72.60433, 46.346727 ] ] ] } },
{ "type": "Feature", "properties": { }, "geometry": { "type": "Polygon", "coordinates": [ [ [ -72.602661, 46.337206 ], [ -72.602661, 46.337119 ], [ -72.60287, 46.337119 ], [ -72.60287, 46.337206 ], [ -72.602661, 46.337206 ] ] ] } },
{ "type": "Feature", "properties": { }, "geometry": { "type": "Polygon", "coordinates": [ [ [ -72.594856, 46.343158 ], [ -72.594781, 46.3432 ], [ -72.594679, 46.343112 ], [ -72.594754, 46.34307 ], [ -72.594856, 46.343158 ] ] ] } },
{ "type": "Feature", "properties": { }, "geometry": { "type": "Polygon", "coordinates": [ [ [ -72.610654, 46.346911 ], [ -72.610737, 46.346968 ], [ -72.610609, 46.347057 ], [ -72.610525, 46.347 ], [ -72.610654, 46.346911 ] ] ] } },
{ "type": "Feature", "properties": { }, "geometry": { "type": "Polygon", "coordinates": [ [ [ -72.614434, 46.350359 ], [ -72.614539, 46.350396 ], [ -72.614483, 46.350473 ], [ -72.614378, 46.350436 ], [ -72.614434, 46.350359 ] ] ] } },
{ "type": "Feature", "properties": { }, "geometry": { "type": "Polygon", "coordinates": [ [ [ -72.617342, 46.350446 ], [ -72.617209, 46.350499 ], [ -72.617137, 46.350413 ], [ -72.61727, 46.35036 ], [ -72.617342, 46.350446 ] ] ] } },
{ "type": "Feature", "properties": { }, "geometry": { "type": "Polygon", "coordinates": [ [ [ -72.607497, 46.350294 ], [ -72.607611, 46.350372 ], [ -72.607519, 46.350436 ], [ -72.607405, 46.350357 ], [ -72.607497, 46.350294 ] ] ] } },
{ "type": "Feature", "properties": { }, "geometry": { "type": "Polygon", "coordinates": [ [ [ -72.614825, 46.344285 ], [ -72.614943, 46.344285 ], [ -72.614943, 46.344393 ], [ -72.614825, 46.344393 ], [ -72.614825, 46.344285 ] ] ] } },
{ "type": "Feature", "properties": { }, "geometry": { "type": "Polygon", "coordinates": [ [ [ -72.619277, 46.346016 ], [ -72.61927, 46.346114 ], [ -72.619048, 46.346106 ], [ -72.619055, 46.346008 ], [ -72.619277, 46.346016 ] ] ] } },
{ "type": "Feature", "properties": { }, "geometry": { "type": "Polygon", "coordinates": [ [ [ -72.601608, 46.332636 ], [ -72.60158, 46.332704 ], [ -72.601424, 46.332673 ], [ -72.601452, 46.332606 ], [ -72.601608, 46.332636 ] ] ] } },
{ "type": "Feature", "properties": { }, "geometry": { "type": "Polygon", "coordinates": [ [ [ -72.602573, 46.333553 ], [ -72.602484, 46.333618 ], [ -72.602359, 46.333537 ], [ -72.602449, 46.333471 ], [ -72.602573, 46.333553 ] ] ] } },
{ "type": "Feature", "properties": { }, "geometry": { "type": "Polygon", "coordinates": [ [ [ -72.603066, 46.333855 ], [ -72.603195, 46.333932 ], [ -72.60312, 46.333992 ], [ -72.602991, 46.333915 ], [ -72.603066, 46.333855 ] ] ] } },
{ "type": "Feature", "properties": { }, "geometry": { "type": "Polygon", "coordinates": [ [ [ -72.596444, 46.338512 ], [ -72.596444, 46.338393 ], [ -72.596618, 46.338393 ], [ -72.596618, 46.338466 ], [ -72.596575, 46.338466 ], [ -72.596575, 46.338512 ], [ -72.596444, 46.338512 ] ] ] } },
{ "type": "Feature", "properties": { }, "geometry": { "type": "Polygon", "coordinates": [ [ [ -72.61386, 46.347299 ], [ -72.61381, 46.347444 ], [ -72.613696, 46.347425 ], [ -72.613746, 46.34728 ], [ -72.61386, 46.347299 ] ] ] } },
{ "type": "Feature", "properties": { }, "geometry": { "type": "Polygon", "coordinates": [ [ [ -72.620246, 46.346074 ], [ -72.62037, 46.346237 ], [ -72.62042, 46.346218 ], [ -72.62046, 46.346271 ], [ -72.620283, 46.346335 ], [ -72.62012, 46.34612 ], [ -72.620246, 46.346074 ] ] ] } },
{ "type": "Feature", "properties": { }, "geometry": { "type": "Polygon", "coordinates": [ [ [ -72.611684, 46.339421 ], [ -72.611808, 46.339506 ], [ -72.611708, 46.339575 ], [ -72.611585, 46.33949 ], [ -72.611684, 46.339421 ] ] ] } },
{ "type": "Feature", "properties": { }, "geometry": { "type": "Polygon", "coordinates": [ [ [ -72.614449, 46.340236 ], [ -72.614362, 46.340291 ], [ -72.614202, 46.340169 ], [ -72.614289, 46.340114 ], [ -72.614449, 46.340236 ] ] ] } },
{ "type": "Feature", "properties": { }, "geometry": { "type": "Polygon", "coordinates": [ [ [ -72.609812, 46.34205 ], [ -72.609911, 46.342116 ], [ -72.609809, 46.342189 ], [ -72.609711, 46.342122 ], [ -72.609812, 46.34205 ] ] ] } },
{ "type": "Feature", "properties": { }, "geometry": { "type": "Polygon", "coordinates": [ [ [ -72.593197, 46.34252 ], [ -72.593126, 46.342569 ], [ -72.593011, 46.342489 ], [ -72.593082, 46.34244 ], [ -72.593197, 46.34252 ] ] ] } },
{ "type": "Feature", "properties": { }, "geometry": { "type": "Polygon", "coordinates": [ [ [ -72.590555, 46.337822 ], [ -72.590511, 46.337758 ], [ -72.590672, 46.337707 ], [ -72.590715, 46.33777 ], [ -72.590555, 46.337822 ] ] ] } },
{ "type": "Feature", "properties": { }, "geometry": { "type": "Polygon", "coordinates": [ [ [ -72.612121, 46.349172 ], [ -72.61204, 46.349115 ], [ -72.612195, 46.349008 ], [ -72.612277, 46.349064 ], [ -72.612121, 46.349172 ] ] ] } },
{ "type": "Feature", "properties": { }, "geometry": { "type": "Polygon", "coordinates": [ [ [ -72.619707, 46.345691 ], [ -72.61986, 46.345691 ], [ -72.61986, 46.345783 ], [ -72.619707, 46.345783 ], [ -72.619707, 46.345691 ] ] ] } },
{ "type": "Feature", "properties": { }, "geometry": { "type": "Polygon", "coordinates": [ [ [ -72.615423, 46.345067 ], [ -72.615308, 46.345067 ], [ -72.615308, 46.344924 ], [ -72.615423, 46.344924 ], [ -72.615423, 46.345067 ] ] ] } },
{ "type": "Feature", "properties": { }, "geometry": { "type": "Polygon", "coordinates": [ [ [ -72.605591, 46.340165 ], [ -72.605474, 46.340255 ], [ -72.605383, 46.340198 ], [ -72.6055, 46.340108 ], [ -72.605591, 46.340165 ] ] ] } },
{ "type": "Feature", "properties": { }, "geometry": { "type": "Polygon", "coordinates": [ [ [ -72.599679, 46.342569 ], [ -72.599745, 46.342519 ], [ -72.599852, 46.342585 ], [ -72.599898, 46.34255 ], [ -72.599987, 46.342605 ], [ -72.599875, 46.342691 ], [ -72.599679, 46.342569 ] ] ] } },
{ "type": "Feature", "properties": { }, "geometry": { "type": "Polygon", "coordinates": [ [ [ -72.60202, 46.333214 ], [ -72.60196, 46.333278 ], [ -72.601767, 46.333192 ], [ -72.601827, 46.333128 ], [ -72.60202, 46.333214 ] ] ] } },
{ "type": "Feature", "properties": { }, "geometry": { "type": "Polygon", "coordinates": [ [ [ -72.595696, 46.343188 ], [ -72.595771, 46.34324 ], [ -72.59566, 46.343316 ], [ -72.595632, 46.343297 ], [ -72.595606, 46.343314 ], [ -72.595559, 46.343281 ], [ -72.595696, 46.343188 ] ] ] } },
{ "type": "Feature", "properties": { }, "geometry": { "type": "Polygon", "coordinates": [ [ [ -72.590312, 46.336203 ], [ -72.590202, 46.336129 ], [ -72.590361, 46.336016 ], [ -72.590471, 46.33609 ], [ -72.590312, 46.336203 ] ] ] } },
{ "type": "Feature", "properties": { }, "geometry": { "type": "Polygon", "coordinates": [ [ [ -72.619165, 46.3479 ], [ -72.619245, 46.347955 ], [ -72.619125, 46.348039 ], [ -72.619044, 46.347983 ], [ -72.619165, 46.3479 ] ] ] } },
{ "type": "Feature", "properties": { }, "geometry": { "type": "Polygon", "coordinates": [ [ [ -72.614252, 46.342245 ], [ -72.614124, 46.342308 ], [ -72.614047, 46.342233 ], [ -72.614174, 46.34217 ], [ -72.614252, 46.342245 ] ] ] } },
{ "type": "Feature", "properties": { }, "geometry": { "type": "Polygon", "coordinates": [ [ [ -72.61833, 46.346396 ], [ -72.618329, 46.346376 ], [ -72.61848, 46.346374 ], [ -72.618481, 46.346465 ], [ -72.618288, 46.346467 ], [ -72.618287, 46.346396 ], [ -72.61833, 46.346396 ] ] ] } },
{ "type": "Feature", "properties": { }, "geometry": { "type": "Polygon", "coordinates": [ [ [ -72.598274, 46.342388 ], [ -72.598198, 46.342441 ], [ -72.598081, 46.342361 ], [ -72.598158, 46.342308 ], [ -72.598274, 46.342388 ] ] ] } },
{ "type": "Feature", "properties": { }, "geometry": { "type": "Polygon", "coordinates": [ [ [ -72.608538, 46.344328 ], [ -72.608538, 46.344471 ], [ -72.608423, 46.344471 ], [ -72.608423, 46.344328 ], [ -72.608538, 46.344328 ] ] ] } },
{ "type": "Feature", "properties": { }, "geometry": { "type": "Polygon", "coordinates": [ [ [ -72.599716, 46.346117 ], [ -72.599616, 46.346186 ], [ -72.599508, 46.346112 ], [ -72.599609, 46.346043 ], [ -72.599716, 46.346117 ] ] ] } },
{ "type": "Feature", "properties": { }, "geometry": { "type": "Polygon", "coordinates": [ [ [ -72.615734, 46.347803 ], [ -72.615679, 46.347873 ], [ -72.615527, 46.347817 ], [ -72.615582, 46.347747 ], [ -72.615734, 46.347803 ] ] ] } },
{ "type": "Feature", "properties": { }, "geometry": { "type": "Polygon", "coordinates": [ [ [ -72.605732, 46.341794 ], [ -72.605653, 46.341848 ], [ -72.6055, 46.341742 ], [ -72.605579, 46.341688 ], [ -72.605732, 46.341794 ] ] ] } },
{ "type": "Feature", "properties": { }, "geometry": { "type": "Polygon", "coordinates": [ [ [ -72.602783, 46.348595 ], [ -72.602686, 46.348542 ], [ -72.602788, 46.348454 ], [ -72.602885, 46.348507 ], [ -72.602783, 46.348595 ] ] ] } },
{ "type": "Feature", "properties": { }, "geometry": { "type": "Polygon", "coordinates": [ [ [ -72.613389, 46.341416 ], [ -72.61345, 46.341441 ], [ -72.613384, 46.341518 ], [ -72.613247, 46.341462 ], [ -72.613349, 46.341342 ], [ -72.613425, 46.341373 ], [ -72.613389, 46.341416 ] ] ] } },
{ "type": "Feature", "properties": { }, "geometry": { "type": "Polygon", "coordinates": [ [ [ -72.61748, 46.346728 ], [ -72.617652, 46.346728 ], [ -72.617652, 46.34682 ], [ -72.61748, 46.34682 ], [ -72.61748, 46.346728 ] ] ] } },
{ "type": "Feature", "properties": { }, "geometry": { "type": "Polygon", "coordinates": [ [ [ -72.602583, 46.336356 ], [ -72.602538, 46.336426 ], [ -72.602466, 46.336404 ], [ -72.60246, 46.336415 ], [ -72.602348, 46.336381 ], [ -72.602399, 46.336301 ], [ -72.602583, 46.336356 ] ] ] } },
{ "type": "Feature", "properties": { }, "geometry": { "type": "Polygon", "coordinates": [ [ [ -72.589286, 46.339314 ], [ -72.589368, 46.339356 ], [ -72.589324, 46.339397 ], [ -72.589354, 46.339412 ], [ -72.589314, 46.33945 ], [ -72.589202, 46.339394 ], [ -72.589286, 46.339314 ] ] ] } },
{ "type": "Feature", "properties": { }, "geometry": { "type": "Polygon", "coordinates": [ [ [ -72.595933, 46.332568 ], [ -72.59604, 46.332642 ], [ -72.595925, 46.332722 ], [ -72.595818, 46.332648 ], [ -72.595933, 46.332568 ] ] ] } },
{ "type": "Feature", "properties": { }, "geometry": { "type": "Polygon", "coordinates": [ [ [ -72.609385, 46.351046 ], [ -72.609305, 46.351105 ], [ -72.609181, 46.351024 ], [ -72.609262, 46.350966 ], [ -72.609385, 46.351046 ] ] ] } },
{ "type": "Feature", "properties": { }, "geometry": { "type": "Polygon", "coordinates": [ [ [ -72.614822, 46.346685 ], [ -72.614822, 46.346555 ], [ -72.614946, 46.346555 ], [ -72.614946, 46.346685 ], [ -72.614822, 46.346685 ] ] ] } },
{ "type": "Feature", "properties": { }, "geometry": { "type": "Polygon", "coordinates": [ [ [ -72.608999, 46.346587 ], [ -72.609084, 46.346645 ], [ -72.608969, 46.346726 ], [ -72.608883, 46.346667 ], [ -72.608999, 46.346587 ] ] ] } },
{ "type": "Feature", "properties": { }, "geometry": { "type": "Polygon", "coordinates": [ [ [ -72.601555, 46.333445 ], [ -72.601491, 46.333511 ], [ -72.601358, 46.333449 ], [ -72.601423, 46.333383 ], [ -72.601555, 46.333445 ] ] ] } },
{ "type": "Feature", "properties": { }, "geometry": { "type": "Polygon", "coordinates": [ [ [ -72.593617, 46.342828 ], [ -72.593767, 46.342932 ], [ -72.593693, 46.342983 ], [ -72.593543, 46.342879 ], [ -72.593617, 46.342828 ] ] ] } },
{ "type": "Feature", "properties": { }, "geometry": { "type": "Polygon", "coordinates": [ [ [ -72.616761, 46.348905 ], [ -72.616702, 46.348977 ], [ -72.616564, 46.348924 ], [ -72.616622, 46.348851 ], [ -72.616761, 46.348905 ] ] ] } },
{ "type": "Feature", "properties": { }, "geometry": { "type": "Polygon", "coordinates": [ [ [ -72.613466, 46.353278 ], [ -72.613578, 46.353371 ], [ -72.613608, 46.353354 ], [ -72.613645, 46.353384 ], [ -72.6135, 46.353467 ], [ -72.613351, 46.353343 ], [ -72.613466, 46.353278 ] ] ] } },
{ "type": "Feature", "properties": { }, "geometry": { "type": "Polygon", "coordinates": [ [ [ -72.61115, 46.343714 ], [ -72.61123, 46.343785 ], [ -72.611083, 46.343864 ], [ -72.611003, 46.343794 ], [ -72.61115, 46.343714 ] ] ] } },
{ "type": "Feature", "properties": { }, "geometry": { "type": "Polygon", "coordinates": [ [ [ -72.599181, 46.33485 ], [ -72.599272, 46.334913 ], [ -72.599107, 46.335027 ], [ -72.599016, 46.334964 ], [ -72.599181, 46.33485 ] ] ] } },
{ "type": "Feature", "properties": { }, "geometry": { "type": "Polygon", "coordinates": [ [ [ -72.609478, 46.349326 ], [ -72.6094, 46.34938 ], [ -72.609259, 46.349283 ], [ -72.609337, 46.349229 ], [ -72.609478, 46.349326 ] ] ] } },
{ "type": "Feature", "properties": { }, "geometry": { "type": "Polygon", "coordinates": [ [ [ -72.610311, 46.349947 ], [ -72.610166, 46.350047 ], [ -72.610078, 46.349986 ], [ -72.610222, 46.349886 ], [ -72.610311, 46.349947 ] ] ] } },
{ "type": "Feature", "properties": { }, "geometry": { "type": "Polygon", "coordinates": [ [ [ -72.609078, 46.34047 ], [ -72.609164, 46.340529 ], [ -72.609013, 46.340634 ], [ -72.608927, 46.340575 ], [ -72.609078, 46.34047 ] ] ] } },
{ "type": "Feature", "properties": { }, "geometry": { "type": "Polygon", "coordinates": [ [ [ -72.617834, 46.3433 ], [ -72.617778, 46.343369 ], [ -72.617656, 46.343321 ], [ -72.617712, 46.343253 ], [ -72.617834, 46.3433 ] ] ] } },
{ "type": "Feature", "properties": { }, "geometry": { "type": "Polygon", "coordinates": [ [ [ -72.598649, 46.340793 ], [ -72.598649, 46.340703 ], [ -72.598869, 46.340703 ], [ -72.598869, 46.340793 ], [ -72.598649, 46.340793 ] ] ] } },
{ "type": "Feature", "properties": { }, "geometry": { "type": "Polygon", "coordinates": [ [ [ -72.598226, 46.344265 ], [ -72.598307, 46.344325 ], [ -72.598193, 46.344399 ], [ -72.598111, 46.344339 ], [ -72.598226, 46.344265 ] ] ] } },
{ "type": "Feature", "properties": { }, "geometry": { "type": "Polygon", "coordinates": [ [ [ -72.601374, 46.344734 ], [ -72.601291, 46.344676 ], [ -72.601395, 46.344604 ], [ -72.601478, 46.344661 ], [ -72.601374, 46.344734 ] ] ] } },
{ "type": "Feature", "properties": { }, "geometry": { "type": "Polygon", "coordinates": [ [ [ -72.611928, 46.338708 ], [ -72.611821, 46.33875 ], [ -72.611749, 46.338664 ], [ -72.611856, 46.338622 ], [ -72.611928, 46.338708 ] ] ] } },
{ "type": "Feature", "properties": { }, "geometry": { "type": "Polygon", "coordinates": [ [ [ -72.598358, 46.333805 ], [ -72.59828, 46.333752 ], [ -72.598446, 46.333637 ], [ -72.598524, 46.333691 ], [ -72.598358, 46.333805 ] ] ] } },
{ "type": "Feature", "properties": { }, "geometry": { "type": "Polygon", "coordinates": [ [ [ -72.602716, 46.338494 ], [ -72.60287, 46.338601 ], [ -72.602786, 46.338659 ], [ -72.602632, 46.338553 ], [ -72.602716, 46.338494 ] ] ] } },
{ "type": "Feature", "properties": { }, "geometry": { "type": "Polygon", "coordinates": [ [ [ -72.613084, 46.345694 ], [ -72.613084, 46.345778 ], [ -72.612862, 46.345778 ], [ -72.612862, 46.345694 ], [ -72.613084, 46.345694 ] ] ] } },
{ "type": "Feature", "properties": { }, "geometry": { "type": "Polygon", "coordinates": [ [ [ -72.598945, 46.341969 ], [ -72.59901, 46.341929 ], [ -72.599122, 46.342015 ], [ -72.599008, 46.342085 ], [ -72.598928, 46.342024 ], [ -72.598977, 46.341994 ], [ -72.598945, 46.341969 ] ] ] } },
{ "type": "Feature", "properties": { }, "geometry": { "type": "Polygon", "coordinates": [ [ [ -72.606564, 46.34265 ], [ -72.606449, 46.342525 ], [ -72.606548, 46.342481 ], [ -72.606663, 46.342607 ], [ -72.606564, 46.34265 ] ] ] } },
{ "type": "Feature", "properties": { }, "geometry": { "type": "Polygon", "coordinates": [ [ [ -72.602048, 46.33324 ], [ -72.602224, 46.333334 ], [ -72.602151, 46.333399 ], [ -72.601975, 46.333305 ], [ -72.602048, 46.33324 ] ] ] } },
{ "type": "Feature", "properties": { }, "geometry": { "type": "Polygon", "coordinates": [ [ [ -72.614514, 46.344904 ], [ -72.614514, 46.345037 ], [ -72.614369, 46.345037 ], [ -72.614369, 46.344904 ], [ -72.614514, 46.344904 ] ] ] } },
{ "type": "Feature", "properties": { }, "geometry": { "type": "Polygon", "coordinates": [ [ [ -72.608059, 46.34283 ], [ -72.608144, 46.342886 ], [ -72.607916, 46.34305 ], [ -72.607832, 46.342995 ], [ -72.608059, 46.34283 ] ] ] } },
{ "type": "Feature", "properties": { }, "geometry": { "type": "Polygon", "coordinates": [ [ [ -72.605191, 46.346328 ], [ -72.605191, 46.346483 ], [ -72.605089, 46.346483 ], [ -72.605089, 46.346328 ], [ -72.605191, 46.346328 ] ] ] } },
{ "type": "Feature", "properties": { }, "geometry": { "type": "Polygon", "coordinates": [ [ [ -72.595763, 46.338949 ], [ -72.595869, 46.339077 ], [ -72.595765, 46.339118 ], [ -72.59566, 46.338989 ], [ -72.595763, 46.338949 ] ] ] } },
{ "type": "Feature", "properties": { }, "geometry": { "type": "Polygon", "coordinates": [ [ [ -72.613745, 46.349121 ], [ -72.613568, 46.349243 ], [ -72.613479, 46.349181 ], [ -72.613656, 46.349059 ], [ -72.613745, 46.349121 ] ] ] } },
{ "type": "Feature", "properties": { }, "geometry": { "type": "Polygon", "coordinates": [ [ [ -72.607645, 46.348087 ], [ -72.607521, 46.348172 ], [ -72.607433, 46.348111 ], [ -72.607556, 46.348026 ], [ -72.607645, 46.348087 ] ] ] } },
{ "type": "Feature", "properties": { }, "geometry": { "type": "Polygon", "coordinates": [ [ [ -72.606678, 46.349144 ], [ -72.606754, 46.349195 ], [ -72.606615, 46.349292 ], [ -72.606522, 46.349229 ], [ -72.606615, 46.349164 ], [ -72.606633, 46.349176 ], [ -72.606678, 46.349144 ] ] ] } },
{ "type": "Feature", "properties": { }, "geometry": { "type": "Polygon", "coordinates": [ [ [ -72.602578, 46.340184 ], [ -72.602465, 46.340184 ], [ -72.602465, 46.340017 ], [ -72.602578, 46.340017 ], [ -72.602578, 46.340184 ] ] ] } },
{ "type": "Feature", "properties": { }, "geometry": { "type": "Polygon", "coordinates": [ [ [ -72.6174, 46.347166 ], [ -72.617239, 46.347166 ], [ -72.617239, 46.347059 ], [ -72.6174, 46.347059 ], [ -72.6174, 46.347166 ] ] ] } },
{ "type": "Feature", "properties": { }, "geometry": { "type": "Polygon", "coordinates": [ [ [ -72.608078, 46.348746 ], [ -72.608079, 46.348888 ], [ -72.607979, 46.348888 ], [ -72.607979, 46.348942 ], [ -72.60789, 46.348942 ], [ -72.607889, 46.348747 ], [ -72.608078, 46.348746 ] ] ] } },
{ "type": "Feature", "properties": { }, "geometry": { "type": "Polygon", "coordinates": [ [ [ -72.598386, 46.341491 ], [ -72.598517, 46.34158 ], [ -72.598431, 46.34164 ], [ -72.5983, 46.341551 ], [ -72.598386, 46.341491 ] ] ] } },
{ "type": "Feature", "properties": { }, "geometry": { "type": "Polygon", "coordinates": [ [ [ -72.603643, 46.333845 ], [ -72.60353, 46.333767 ], [ -72.6036, 46.333719 ], [ -72.603713, 46.333797 ], [ -72.603643, 46.333845 ] ] ] } },
{ "type": "Feature", "properties": { }, "geometry": { "type": "Polygon", "coordinates": [ [ [ -72.608164, 46.350269 ], [ -72.608309, 46.350376 ], [ -72.60822, 46.350433 ], [ -72.608075, 46.350327 ], [ -72.608164, 46.350269 ] ] ] } },
{ "type": "Feature", "properties": { }, "geometry": { "type": "Polygon", "coordinates": [ [ [ -72.604643, 46.345175 ], [ -72.604641, 46.345207 ], [ -72.604483, 46.345204 ], [ -72.604487, 46.345093 ], [ -72.604707, 46.345097 ], [ -72.604704, 46.345176 ], [ -72.604643, 46.345175 ] ] ] } },
{ "type": "Feature", "properties": { }, "geometry": { "type": "Polygon", "coordinates": [ [ [ -72.60216, 46.33913 ], [ -72.602259, 46.339192 ], [ -72.602101, 46.339311 ], [ -72.602003, 46.339248 ], [ -72.60216, 46.33913 ] ] ] } },
{ "type": "Feature", "properties": { }, "geometry": { "type": "Polygon", "coordinates": [ [ [ -72.595524, 46.332338 ], [ -72.595616, 46.332402 ], [ -72.595502, 46.33248 ], [ -72.59541, 46.332416 ], [ -72.595524, 46.332338 ] ] ] } },
{ "type": "Feature", "properties": { }, "geometry": { "type": "Polygon", "coordinates": [ [ [ -72.588767, 46.339387 ], [ -72.588679, 46.33935 ], [ -72.588698, 46.339329 ], [ -72.588695, 46.339328 ], [ -72.588802, 46.339205 ], [ -72.588893, 46.339243 ], [ -72.588767, 46.339387 ] ] ] } },
{ "type": "Feature", "properties": { }, "geometry": { "type": "Polygon", "coordinates": [ [ [ -72.609484, 46.346311 ], [ -72.609381, 46.346411 ], [ -72.609283, 46.346363 ], [ -72.609385, 46.346263 ], [ -72.609484, 46.346311 ] ] ] } },
{ "type": "Feature", "properties": { }, "geometry": { "type": "Polygon", "coordinates": [ [ [ -72.605151, 46.339874 ], [ -72.605237, 46.339923 ], [ -72.605112, 46.340028 ], [ -72.605026, 46.339978 ], [ -72.605151, 46.339874 ] ] ] } },
{ "type": "Feature", "properties": { }, "geometry": { "type": "Polygon", "coordinates": [ [ [ -72.601032, 46.343335 ], [ -72.600942, 46.343397 ], [ -72.600786, 46.343289 ], [ -72.600876, 46.343227 ], [ -72.601032, 46.343335 ] ] ] } },
{ "type": "Feature", "properties": { }, "geometry": { "type": "Polygon", "coordinates": [ [ [ -72.599506, 46.344727 ], [ -72.599587, 46.344784 ], [ -72.599473, 46.344862 ], [ -72.599392, 46.344806 ], [ -72.599506, 46.344727 ] ] ] } },
{ "type": "Feature", "properties": { }, "geometry": { "type": "Polygon", "coordinates": [ [ [ -72.607951, 46.346694 ], [ -72.607877, 46.346745 ], [ -72.607748, 46.346656 ], [ -72.607822, 46.346605 ], [ -72.607951, 46.346694 ] ] ] } },
{ "type": "Feature", "properties": { }, "geometry": { "type": "Polygon", "coordinates": [ [ [ -72.595796, 46.340318 ], [ -72.595628, 46.340203 ], [ -72.595705, 46.34015 ], [ -72.595873, 46.340265 ], [ -72.595796, 46.340318 ] ] ] } },
{ "type": "Feature", "properties": { }, "geometry": { "type": "Polygon", "coordinates": [ [ [ -72.59433, 46.337658 ], [ -72.594446, 46.337658 ], [ -72.594446, 46.337814 ], [ -72.59433, 46.337814 ], [ -72.59433, 46.337658 ] ] ] } },
{ "type": "Feature", "properties": { }, "geometry": { "type": "Polygon", "coordinates": [ [ [ -72.609589, 46.349043 ], [ -72.609437, 46.348936 ], [ -72.609526, 46.348876 ], [ -72.609678, 46.348983 ], [ -72.609589, 46.349043 ] ] ] } },
{ "type": "Feature", "properties": { }, "geometry": { "type": "Polygon", "coordinates": [ [ [ -72.616594, 46.350442 ], [ -72.616665, 46.350362 ], [ -72.616785, 46.350412 ], [ -72.616729, 46.350476 ], [ -72.616692, 46.35046 ], [ -72.616678, 46.350477 ], [ -72.616594, 46.350442 ] ] ] } },
{ "type": "Feature", "properties": { }, "geometry": { "type": "Polygon", "coordinates": [ [ [ -72.609211, 46.341786 ], [ -72.60906, 46.341681 ], [ -72.609154, 46.341616 ], [ -72.609305, 46.341721 ], [ -72.609211, 46.341786 ] ] ] } },
{ "type": "Feature", "properties": { }, "geometry": { "type": "Polygon", "coordinates": [ [ [ -72.613846, 46.343458 ], [ -72.613846, 46.343497 ], [ -72.61389, 46.343497 ], [ -72.61389, 46.343608 ], [ -72.613739, 46.343608 ], [ -72.613739, 46.343458 ], [ -72.613846, 46.343458 ] ] ] } },
{ "type": "Feature", "properties": { }, "geometry": { "type": "Polygon", "coordinates": [ [ [ -72.602345, 46.346193 ], [ -72.602476, 46.346283 ], [ -72.602364, 46.346361 ], [ -72.602232, 46.34627 ], [ -72.602345, 46.346193 ] ] ] } },
{ "type": "Feature", "properties": { }, "geometry": { "type": "Polygon", "coordinates": [ [ [ -72.601208, 46.333715 ], [ -72.601167, 46.333791 ], [ -72.600887, 46.333719 ], [ -72.600928, 46.333643 ], [ -72.601208, 46.333715 ] ] ] } },
{ "type": "Feature", "properties": { }, "geometry": { "type": "Polygon", "coordinates": [ [ [ -72.600876, 46.337442 ], [ -72.601068, 46.33746 ], [ -72.601051, 46.337545 ], [ -72.600859, 46.337527 ], [ -72.600876, 46.337442 ] ] ] } },
{ "type": "Feature", "properties": { }, "geometry": { "type": "Polygon", "coordinates": [ [ [ -72.596318, 46.340004 ], [ -72.59623, 46.340066 ], [ -72.596062, 46.339952 ], [ -72.59615, 46.33989 ], [ -72.596318, 46.340004 ] ] ] } },
{ "type": "Feature", "properties": { }, "geometry": { "type": "Polygon", "coordinates": [ [ [ -72.595606, 46.340179 ], [ -72.595445, 46.340068 ], [ -72.59552, 46.340016 ], [ -72.595681, 46.340128 ], [ -72.595606, 46.340179 ] ] ] } },
{ "type": "Feature", "properties": { }, "geometry": { "type": "Polygon", "coordinates": [ [ [ -72.593456, 46.341891 ], [ -72.593375, 46.341834 ], [ -72.593542, 46.341723 ], [ -72.593622, 46.341781 ], [ -72.593456, 46.341891 ] ] ] } },
{ "type": "Feature", "properties": { }, "geometry": { "type": "Polygon", "coordinates": [ [ [ -72.590195, 46.339234 ], [ -72.590109, 46.339181 ], [ -72.590226, 46.339093 ], [ -72.590311, 46.339146 ], [ -72.590195, 46.339234 ] ] ] } },
{ "type": "Feature", "properties": { }, "geometry": { "type": "Polygon", "coordinates": [ [ [ -72.604889, 46.348089 ], [ -72.604753, 46.348169 ], [ -72.604672, 46.348103 ], [ -72.604759, 46.348052 ], [ -72.604723, 46.348023 ], [ -72.604772, 46.347995 ], [ -72.604889, 46.348089 ] ] ] } },
{ "type": "Feature", "properties": { }, "geometry": { "type": "Polygon", "coordinates": [ [ [ -72.614576, 46.345239 ], [ -72.614622, 46.345236 ], [ -72.614626, 46.345265 ], [ -72.61458, 46.345269 ], [ -72.614576, 46.345239 ] ] ] } },
{ "type": "Feature", "properties": { }, "geometry": { "type": "Polygon", "coordinates": [ [ [ -72.600466, 46.34351 ], [ -72.600617, 46.343605 ], [ -72.600533, 46.343668 ], [ -72.600382, 46.343573 ], [ -72.600466, 46.34351 ] ] ] } },
{ "type": "Feature", "properties": { }, "geometry": { "type": "Polygon", "coordinates": [ [ [ -72.606407, 46.343975 ], [ -72.606291, 46.344002 ], [ -72.60623, 46.343873 ], [ -72.606346, 46.343847 ], [ -72.606407, 46.343975 ] ] ] } },
{ "type": "Feature", "properties": { }, "geometry": { "type": "Polygon", "coordinates": [ [ [ -72.605832, 46.345424 ], [ -72.605832, 46.345511 ], [ -72.605625, 46.345511 ], [ -72.605625, 46.345424 ], [ -72.605832, 46.345424 ] ] ] } },
{ "type": "Feature", "properties": { }, "geometry": { "type": "Polygon", "coordinates": [ [ [ -72.595595, 46.338911 ], [ -72.595509, 46.338769 ], [ -72.595621, 46.338736 ], [ -72.595707, 46.338878 ], [ -72.595595, 46.338911 ] ] ] } },
{ "type": "Feature", "properties": { }, "geometry": { "type": "Polygon", "coordinates": [ [ [ -72.607889, 46.350188 ], [ -72.60774, 46.350085 ], [ -72.607825, 46.350027 ], [ -72.607973, 46.35013 ], [ -72.607889, 46.350188 ] ] ] } },
{ "type": "Feature", "properties": { }, "geometry": { "type": "Polygon", "coordinates": [ [ [ -72.613304, 46.343863 ], [ -72.613304, 46.343752 ], [ -72.61342, 46.343752 ], [ -72.61342, 46.343863 ], [ -72.613304, 46.343863 ] ] ] } },
{ "type": "Feature", "properties": { }, "geometry": { "type": "Polygon", "coordinates": [ [ [ -72.615893, 46.345333 ], [ -72.615899, 46.34543 ], [ -72.615678, 46.345436 ], [ -72.615673, 46.345339 ], [ -72.615893, 46.345333 ] ] ] } },
{ "type": "Feature", "properties": { }, "geometry": { "type": "Polygon", "coordinates": [ [ [ -72.610148, 46.34627 ], [ -72.610218, 46.346327 ], [ -72.610062, 46.346416 ], [ -72.609993, 46.346359 ], [ -72.610148, 46.34627 ] ] ] } },
{ "type": "Feature", "properties": { }, "geometry": { "type": "Polygon", "coordinates": [ [ [ -72.604335, 46.3444 ], [ -72.604425, 46.344338 ], [ -72.604591, 46.344453 ], [ -72.604501, 46.344515 ], [ -72.604335, 46.3444 ] ] ] } },
{ "type": "Feature", "properties": { }, "geometry": { "type": "Polygon", "coordinates": [ [ [ -72.599827, 46.345395 ], [ -72.599908, 46.345451 ], [ -72.599786, 46.345535 ], [ -72.599705, 46.34548 ], [ -72.599827, 46.345395 ] ] ] } },
{ "type": "Feature", "properties": { }, "geometry": { "type": "Polygon", "coordinates": [ [ [ -72.596507, 46.340157 ], [ -72.596429, 46.340211 ], [ -72.596282, 46.340109 ], [ -72.596359, 46.340055 ], [ -72.596507, 46.340157 ] ] ] } },
{ "type": "Feature", "properties": { }, "geometry": { "type": "Polygon", "coordinates": [ [ [ -72.594856, 46.332981 ], [ -72.594749, 46.332942 ], [ -72.594822, 46.332844 ], [ -72.59493, 46.332883 ], [ -72.594856, 46.332981 ] ] ] } },
{ "type": "Feature", "properties": { }, "geometry": { "type": "Polygon", "coordinates": [ [ [ -72.590359, 46.339107 ], [ -72.590291, 46.33906 ], [ -72.590401, 46.338984 ], [ -72.590469, 46.339031 ], [ -72.590359, 46.339107 ] ] ] } },
{ "type": "Feature", "properties": { }, "geometry": { "type": "Polygon", "coordinates": [ [ [ -72.611714, 46.347764 ], [ -72.611713, 46.347747 ], [ -72.611809, 46.347745 ], [ -72.611813, 46.347834 ], [ -72.611575, 46.347839 ], [ -72.611572, 46.347767 ], [ -72.611714, 46.347764 ] ] ] } },
{ "type": "Feature", "properties": { }, "geometry": { "type": "Polygon", "coordinates": [ [ [ -72.610885, 46.348855 ], [ -72.610792, 46.348919 ], [ -72.610685, 46.348845 ], [ -72.610778, 46.348781 ], [ -72.610885, 46.348855 ] ] ] } },
{ "type": "Feature", "properties": { }, "geometry": { "type": "Polygon", "coordinates": [ [ [ -72.615809, 46.344821 ], [ -72.615809, 46.344706 ], [ -72.615941, 46.344706 ], [ -72.615941, 46.344821 ], [ -72.615809, 46.344821 ] ] ] } },
{ "type": "Feature", "properties": { }, "geometry": { "type": "Polygon", "coordinates": [ [ [ -72.610814, 46.346805 ], [ -72.610892, 46.346862 ], [ -72.610778, 46.346936 ], [ -72.6107, 46.346879 ], [ -72.610814, 46.346805 ] ] ] } },
{ "type": "Feature", "properties": { }, "geometry": { "type": "Polygon", "coordinates": [ [ [ -72.602506, 46.345791 ], [ -72.60241, 46.345857 ], [ -72.60228, 46.345767 ], [ -72.602376, 46.345701 ], [ -72.602506, 46.345791 ] ] ] } },
{ "type": "Feature", "properties": { }, "geometry": { "type": "Polygon", "coordinates": [ [ [ -72.60181, 46.334145 ], [ -72.601737, 46.334198 ], [ -72.601585, 46.334098 ], [ -72.601657, 46.334046 ], [ -72.60181, 46.334145 ] ] ] } },
{ "type": "Feature", "properties": { }, "geometry": { "type": "Polygon", "coordinates": [ [ [ -72.610263, 46.34717 ], [ -72.610352, 46.347214 ], [ -72.610253, 46.34731 ], [ -72.610164, 46.347265 ], [ -72.610263, 46.34717 ] ] ] } },
{ "type": "Feature", "properties": { }, "geometry": { "type": "Polygon", "coordinates": [ [ [ -72.617722, 46.348614 ], [ -72.617643, 46.34856 ], [ -72.617769, 46.348473 ], [ -72.617848, 46.348527 ], [ -72.617722, 46.348614 ] ] ] } },
{ "type": "Feature", "properties": { }, "geometry": { "type": "Polygon", "coordinates": [ [ [ -72.611349, 46.350673 ], [ -72.611431, 46.35073 ], [ -72.611326, 46.350802 ], [ -72.611244, 46.350745 ], [ -72.611349, 46.350673 ] ] ] } },
{ "type": "Feature", "properties": { }, "geometry": { "type": "Polygon", "coordinates": [ [ [ -72.608924, 46.342765 ], [ -72.608821, 46.342844 ], [ -72.608779, 46.342818 ], [ -72.60876, 46.342833 ], [ -72.608716, 46.342805 ], [ -72.608838, 46.342711 ], [ -72.608924, 46.342765 ] ] ] } },
{ "type": "Feature", "properties": { }, "geometry": { "type": "Polygon", "coordinates": [ [ [ -72.608145, 46.339426 ], [ -72.608035, 46.339494 ], [ -72.607921, 46.339406 ], [ -72.60803, 46.339338 ], [ -72.608145, 46.339426 ] ] ] } },
{ "type": "Feature", "properties": { }, "geometry": { "type": "Polygon", "coordinates": [ [ [ -72.592274, 46.335675 ], [ -72.592358, 46.335733 ], [ -72.592203, 46.335842 ], [ -72.592118, 46.335784 ], [ -72.592274, 46.335675 ] ] ] } },
{ "type": "Feature", "properties": { }, "geometry": { "type": "Polygon", "coordinates": [ [ [ -72.594446, 46.33786 ], [ -72.594446, 46.337995 ], [ -72.594328, 46.337995 ], [ -72.594328, 46.33786 ], [ -72.594446, 46.33786 ] ] ] } },
{ "type": "Feature", "properties": { }, "geometry": { "type": "Polygon", "coordinates": [ [ [ -72.614113, 46.349195 ], [ -72.614206, 46.349254 ], [ -72.614088, 46.349344 ], [ -72.613994, 46.349286 ], [ -72.614113, 46.349195 ] ] ] } },
{ "type": "Feature", "properties": { }, "geometry": { "type": "Polygon", "coordinates": [ [ [ -72.603844, 46.348605 ], [ -72.603934, 46.348665 ], [ -72.603854, 46.348723 ], [ -72.603764, 46.348663 ], [ -72.603844, 46.348605 ] ] ] } },
{ "type": "Feature", "properties": { }, "geometry": { "type": "Polygon", "coordinates": [ [ [ -72.614845, 46.342473 ], [ -72.614951, 46.34255 ], [ -72.61484, 46.342622 ], [ -72.614734, 46.342545 ], [ -72.614845, 46.342473 ] ] ] } },
{ "type": "Feature", "properties": { }, "geometry": { "type": "Polygon", "coordinates": [ [ [ -72.600903, 46.3462 ], [ -72.600797, 46.346278 ], [ -72.600713, 46.346224 ], [ -72.600819, 46.346146 ], [ -72.600903, 46.3462 ] ] ] } },
{ "type": "Feature", "properties": { }, "geometry": { "type": "Polygon", "coordinates": [ [ [ -72.607286, 46.33697 ], [ -72.607439, 46.337021 ], [ -72.60737, 46.33712 ], [ -72.607217, 46.33707 ], [ -72.607286, 46.33697 ] ] ] } },
{ "type": "Feature", "properties": { }, "geometry": { "type": "Polygon", "coordinates": [ [ [ -72.594097, 46.339451 ], [ -72.593932, 46.339565 ], [ -72.593815, 46.339484 ], [ -72.59398, 46.33937 ], [ -72.594097, 46.339451 ] ] ] } },
{ "type": "Feature", "properties": { }, "geometry": { "type": "Polygon", "coordinates": [ [ [ -72.594172, 46.34089 ], [ -72.594048, 46.340973 ], [ -72.593972, 46.340919 ], [ -72.594096, 46.340836 ], [ -72.594172, 46.34089 ] ] ] } },
{ "type": "Feature", "properties": { }, "geometry": { "type": "Polygon", "coordinates": [ [ [ -72.616195, 46.34795 ], [ -72.616145, 46.348031 ], [ -72.615954, 46.347975 ], [ -72.616005, 46.347894 ], [ -72.616195, 46.34795 ] ] ] } },
{ "type": "Feature", "properties": { }, "geometry": { "type": "Polygon", "coordinates": [ [ [ -72.619299, 46.345039 ], [ -72.619299, 46.345119 ], [ -72.619184, 46.345119 ], [ -72.619184, 46.345039 ], [ -72.619299, 46.345039 ] ] ] } },
{ "type": "Feature", "properties": { }, "geometry": { "type": "Polygon", "coordinates": [ [ [ -72.604874, 46.338893 ], [ -72.604963, 46.338954 ], [ -72.604804, 46.339064 ], [ -72.604716, 46.339003 ], [ -72.604874, 46.338893 ] ] ] } },
{ "type": "Feature", "properties": { }, "geometry": { "type": "Polygon", "coordinates": [ [ [ -72.596354, 46.341852 ], [ -72.596376, 46.34176 ], [ -72.596627, 46.341789 ], [ -72.596605, 46.341881 ], [ -72.596354, 46.341852 ] ] ] } },
{ "type": "Feature", "properties": { }, "geometry": { "type": "Polygon", "coordinates": [ [ [ -72.611248, 46.350377 ], [ -72.611168, 46.350316 ], [ -72.61132, 46.350221 ], [ -72.6114, 46.350282 ], [ -72.611248, 46.350377 ] ] ] } },
{ "type": "Feature", "properties": { }, "geometry": { "type": "Polygon", "coordinates": [ [ [ -72.610794, 46.350593 ], [ -72.610876, 46.35065 ], [ -72.61074, 46.350743 ], [ -72.610658, 46.350687 ], [ -72.610794, 46.350593 ] ] ] } },
{ "type": "Feature", "properties": { }, "geometry": { "type": "Polygon", "coordinates": [ [ [ -72.614506, 46.34537 ], [ -72.614369, 46.34537 ], [ -72.614369, 46.345256 ], [ -72.614506, 46.345256 ], [ -72.614506, 46.34537 ] ] ] } },
{ "type": "Feature", "properties": { }, "geometry": { "type": "Polygon", "coordinates": [ [ [ -72.606607, 46.340952 ], [ -72.606534, 46.341013 ], [ -72.606423, 46.34095 ], [ -72.606496, 46.340889 ], [ -72.606607, 46.340952 ] ] ] } },
{ "type": "Feature", "properties": { }, "geometry": { "type": "Polygon", "coordinates": [ [ [ -72.593389, 46.343567 ], [ -72.593483, 46.343637 ], [ -72.59337, 46.343709 ], [ -72.593277, 46.343639 ], [ -72.593389, 46.343567 ] ] ] } },
{ "type": "Feature", "properties": { }, "geometry": { "type": "Polygon", "coordinates": [ [ [ -72.617708, 46.347061 ], [ -72.617856, 46.347061 ], [ -72.617856, 46.347165 ], [ -72.617708, 46.347165 ], [ -72.617708, 46.347061 ] ] ] } },
{ "type": "Feature", "properties": { }, "geometry": { "type": "Polygon", "coordinates": [ [ [ -72.604223, 46.350141 ], [ -72.604343, 46.35006 ], [ -72.604568, 46.350219 ], [ -72.604448, 46.3503 ], [ -72.604223, 46.350141 ] ] ] } },
{ "type": "Feature", "properties": { }, "geometry": { "type": "Polygon", "coordinates": [ [ [ -72.612274, 46.341348 ], [ -72.612461, 46.34145 ], [ -72.612382, 46.341519 ], [ -72.612195, 46.341418 ], [ -72.612274, 46.341348 ] ] ] } },
{ "type": "Feature", "properties": { }, "geometry": { "type": "Polygon", "coordinates": [ [ [ -72.611665, 46.346729 ], [ -72.611665, 46.346811 ], [ -72.611518, 46.346811 ], [ -72.611518, 46.346729 ], [ -72.611665, 46.346729 ] ] ] } },
{ "type": "Feature", "properties": { }, "geometry": { "type": "Polygon", "coordinates": [ [ [ -72.598492, 46.342213 ], [ -72.598384, 46.342129 ], [ -72.598468, 46.342076 ], [ -72.598577, 46.34216 ], [ -72.598492, 46.342213 ] ] ] } },
{ "type": "Feature", "properties": { }, "geometry": { "type": "Polygon", "coordinates": [ [ [ -72.601402, 46.346029 ], [ -72.601623, 46.346023 ], [ -72.601627, 46.346107 ], [ -72.601407, 46.346113 ], [ -72.601402, 46.346029 ] ] ] } },
{ "type": "Feature", "properties": { }, "geometry": { "type": "Polygon", "coordinates": [ [ [ -72.589344, 46.338925 ], [ -72.589243, 46.338861 ], [ -72.589392, 46.338748 ], [ -72.589494, 46.338811 ], [ -72.589344, 46.338925 ] ] ] } },
{ "type": "Feature", "properties": { }, "geometry": { "type": "Polygon", "coordinates": [ [ [ -72.594853, 46.331697 ], [ -72.594659, 46.331613 ], [ -72.594709, 46.331557 ], [ -72.594903, 46.331641 ], [ -72.594853, 46.331697 ] ] ] } },
{ "type": "Feature", "properties": { }, "geometry": { "type": "Polygon", "coordinates": [ [ [ -72.613381, 46.347863 ], [ -72.613483, 46.347901 ], [ -72.613403, 46.348003 ], [ -72.613301, 46.347965 ], [ -72.613381, 46.347863 ] ] ] } },
{ "type": "Feature", "properties": { }, "geometry": { "type": "Polygon", "coordinates": [ [ [ -72.613826, 46.35063 ], [ -72.613743, 46.350601 ], [ -72.61376, 46.350578 ], [ -72.613703, 46.350558 ], [ -72.613747, 46.350497 ], [ -72.613888, 46.350547 ], [ -72.613826, 46.35063 ] ] ] } },
{ "type": "Feature", "properties": { }, "geometry": { "type": "Polygon", "coordinates": [ [ [ -72.613089, 46.353069 ], [ -72.613017, 46.353191 ], [ -72.612808, 46.353132 ], [ -72.61288, 46.35301 ], [ -72.613089, 46.353069 ] ] ] } },
{ "type": "Feature", "properties": { }, "geometry": { "type": "Polygon", "coordinates": [ [ [ -72.608335, 46.347601 ], [ -72.608151, 46.347474 ], [ -72.608228, 46.347421 ], [ -72.608411, 46.347549 ], [ -72.608335, 46.347601 ] ] ] } },
{ "type": "Feature", "properties": { }, "geometry": { "type": "Polygon", "coordinates": [ [ [ -72.608273, 46.348473 ], [ -72.608181, 46.348527 ], [ -72.608047, 46.348417 ], [ -72.608139, 46.348364 ], [ -72.608273, 46.348473 ] ] ] } },
{ "type": "Feature", "properties": { }, "geometry": { "type": "Polygon", "coordinates": [ [ [ -72.609549, 46.345743 ], [ -72.609559, 46.345927 ], [ -72.609436, 46.34593 ], [ -72.609425, 46.345746 ], [ -72.609549, 46.345743 ] ] ] } },
{ "type": "Feature", "properties": { }, "geometry": { "type": "Polygon", "coordinates": [ [ [ -72.612045, 46.347967 ], [ -72.61213, 46.347955 ], [ -72.612151, 46.34802 ], [ -72.612066, 46.348033 ], [ -72.612045, 46.347967 ] ] ] } },
{ "type": "Feature", "properties": { }, "geometry": { "type": "Polygon", "coordinates": [ [ [ -72.613946, 46.349808 ], [ -72.614096, 46.349852 ], [ -72.61405, 46.349927 ], [ -72.6139, 46.349883 ], [ -72.613946, 46.349808 ] ] ] } },
{ "type": "Feature", "properties": { }, "geometry": { "type": "Polygon", "coordinates": [ [ [ -72.601918, 46.345394 ], [ -72.601833, 46.345454 ], [ -72.60172, 46.345378 ], [ -72.601805, 46.345318 ], [ -72.601918, 46.345394 ] ] ] } },
{ "type": "Feature", "properties": { }, "geometry": { "type": "Polygon", "coordinates": [ [ [ -72.603926, 46.346793 ], [ -72.603936, 46.346936 ], [ -72.603822, 46.346939 ], [ -72.603812, 46.346797 ], [ -72.603926, 46.346793 ] ] ] } },
{ "type": "Feature", "properties": { }, "geometry": { "type": "Polygon", "coordinates": [ [ [ -72.607116, 46.338625 ], [ -72.607197, 46.338688 ], [ -72.607063, 46.338771 ], [ -72.606981, 46.338708 ], [ -72.607116, 46.338625 ] ] ] } },
{ "type": "Feature", "properties": { }, "geometry": { "type": "Polygon", "coordinates": [ [ [ -72.595787, 46.342251 ], [ -72.595609, 46.342331 ], [ -72.595549, 46.342267 ], [ -72.595727, 46.342187 ], [ -72.595787, 46.342251 ] ] ] } },
{ "type": "Feature", "properties": { }, "geometry": { "type": "Polygon", "coordinates": [ [ [ -72.592541, 46.336289 ], [ -72.59241, 46.336377 ], [ -72.592307, 46.336304 ], [ -72.592438, 46.336216 ], [ -72.592541, 46.336289 ] ] ] } },
{ "type": "Feature", "properties": { }, "geometry": { "type": "Polygon", "coordinates": [ [ [ -72.615081, 46.348678 ], [ -72.615196, 46.348704 ], [ -72.615143, 46.348818 ], [ -72.615028, 46.348792 ], [ -72.615081, 46.348678 ] ] ] } },
{ "type": "Feature", "properties": { }, "geometry": { "type": "Polygon", "coordinates": [ [ [ -72.610651, 46.350773 ], [ -72.610556, 46.350866 ], [ -72.61046, 46.35082 ], [ -72.610555, 46.350726 ], [ -72.610651, 46.350773 ] ] ] } },
{ "type": "Feature", "properties": { }, "geometry": { "type": "Polygon", "coordinates": [ [ [ -72.619921, 46.344734 ], [ -72.619922, 46.344932 ], [ -72.619772, 46.344932 ], [ -72.619771, 46.344773 ], [ -72.619821, 46.344773 ], [ -72.61982, 46.344734 ], [ -72.619921, 46.344734 ] ] ] } },
{ "type": "Feature", "properties": { }, "geometry": { "type": "Polygon", "coordinates": [ [ [ -72.597912, 46.341684 ], [ -72.597841, 46.341738 ], [ -72.597725, 46.341665 ], [ -72.597795, 46.341611 ], [ -72.597912, 46.341684 ] ] ] } },
{ "type": "Feature", "properties": { }, "geometry": { "type": "Polygon", "coordinates": [ [ [ -72.600088, 46.342792 ], [ -72.59996, 46.342704 ], [ -72.600031, 46.342655 ], [ -72.600159, 46.342743 ], [ -72.600088, 46.342792 ] ] ] } },
{ "type": "Feature", "properties": { }, "geometry": { "type": "Polygon", "coordinates": [ [ [ -72.596135, 46.342443 ], [ -72.596059, 46.34239 ], [ -72.596213, 46.342284 ], [ -72.59629, 46.342337 ], [ -72.596135, 46.342443 ] ] ] } },
{ "type": "Feature", "properties": { }, "geometry": { "type": "Polygon", "coordinates": [ [ [ -72.594933, 46.335207 ], [ -72.594832, 46.335136 ], [ -72.594899, 46.33509 ], [ -72.595, 46.335161 ], [ -72.594933, 46.335207 ] ] ] } },
{ "type": "Feature", "properties": { }, "geometry": { "type": "Polygon", "coordinates": [ [ [ -72.613585, 46.350062 ], [ -72.613714, 46.350113 ], [ -72.613652, 46.350189 ], [ -72.613523, 46.350138 ], [ -72.613585, 46.350062 ] ] ] } },
{ "type": "Feature", "properties": { }, "geometry": { "type": "Polygon", "coordinates": [ [ [ -72.617039, 46.350829 ], [ -72.616963, 46.350923 ], [ -72.61684, 46.350876 ], [ -72.616917, 46.350781 ], [ -72.617039, 46.350829 ] ] ] } },
{ "type": "Feature", "properties": { }, "geometry": { "type": "Polygon", "coordinates": [ [ [ -72.609989, 46.353929 ], [ -72.609887, 46.354026 ], [ -72.60971, 46.353937 ], [ -72.609812, 46.35384 ], [ -72.609989, 46.353929 ] ] ] } },
{ "type": "Feature", "properties": { }, "geometry": { "type": "Polygon", "coordinates": [ [ [ -72.607456, 46.344821 ], [ -72.607575, 46.344827 ], [ -72.607559, 46.344972 ], [ -72.60744, 46.344966 ], [ -72.607456, 46.344821 ] ] ] } },
{ "type": "Feature", "properties": { }, "geometry": { "type": "Polygon", "coordinates": [ [ [ -72.601115, 46.337509 ], [ -72.601179, 46.337547 ], [ -72.601103, 46.337607 ], [ -72.60104, 46.337569 ], [ -72.601115, 46.337509 ] ] ] } },
{ "type": "Feature", "properties": { }, "geometry": { "type": "Polygon", "coordinates": [ [ [ -72.5992, 46.338057 ], [ -72.599341, 46.338154 ], [ -72.599254, 46.338215 ], [ -72.599113, 46.338117 ], [ -72.5992, 46.338057 ] ] ] } },
{ "type": "Feature", "properties": { }, "geometry": { "type": "Polygon", "coordinates": [ [ [ -72.59698, 46.341473 ], [ -72.597094, 46.341583 ], [ -72.597013, 46.341622 ], [ -72.596958, 46.341568 ], [ -72.596934, 46.34158 ], [ -72.596877, 46.341523 ], [ -72.59698, 46.341473 ] ] ] } },
{ "type": "Feature", "properties": { }, "geometry": { "type": "Polygon", "coordinates": [ [ [ -72.59753, 46.341962 ], [ -72.597397, 46.341896 ], [ -72.59746, 46.341837 ], [ -72.597592, 46.341903 ], [ -72.59753, 46.341962 ] ] ] } },
{ "type": "Feature", "properties": { }, "geometry": { "type": "Polygon", "coordinates": [ [ [ -72.594068, 46.333679 ], [ -72.593948, 46.333595 ], [ -72.594036, 46.333535 ], [ -72.594156, 46.333619 ], [ -72.594068, 46.333679 ] ] ] } },
{ "type": "Feature", "properties": { }, "geometry": { "type": "Polygon", "coordinates": [ [ [ -72.593441, 46.336792 ], [ -72.593288, 46.336692 ], [ -72.593374, 46.33663 ], [ -72.593527, 46.33673 ], [ -72.593441, 46.336792 ] ] ] } },
{ "type": "Feature", "properties": { }, "geometry": { "type": "Polygon", "coordinates": [ [ [ -72.59035, 46.337877 ], [ -72.590474, 46.337962 ], [ -72.590389, 46.338022 ], [ -72.590264, 46.337938 ], [ -72.59035, 46.337877 ] ] ] } },
{ "type": "Feature", "properties": { }, "geometry": { "type": "Polygon", "coordinates": [ [ [ -72.611386, 46.345694 ], [ -72.611386, 46.345769 ], [ -72.611209, 46.345769 ], [ -72.611209, 46.345694 ], [ -72.611386, 46.345694 ] ] ] } },
{ "type": "Feature", "properties": { }, "geometry": { "type": "Polygon", "coordinates": [ [ [ -72.598198, 46.339858 ], [ -72.598116, 46.339802 ], [ -72.598288, 46.339683 ], [ -72.59837, 46.33974 ], [ -72.598198, 46.339858 ] ] ] } },
{ "type": "Feature", "properties": { }, "geometry": { "type": "Polygon", "coordinates": [ [ [ -72.597632, 46.344721 ], [ -72.59772, 46.344682 ], [ -72.597799, 46.344765 ], [ -72.597711, 46.344805 ], [ -72.597632, 46.344721 ] ] ] } },
{ "type": "Feature", "properties": { }, "geometry": { "type": "Polygon", "coordinates": [ [ [ -72.60778, 46.349564 ], [ -72.607674, 46.349599 ], [ -72.607579, 46.349463 ], [ -72.607684, 46.349428 ], [ -72.60778, 46.349564 ] ] ] } },
{ "type": "Feature", "properties": { }, "geometry": { "type": "Polygon", "coordinates": [ [ [ -72.612392, 46.344171 ], [ -72.612392, 46.344056 ], [ -72.612518, 46.344056 ], [ -72.612518, 46.344171 ], [ -72.612392, 46.344171 ] ] ] } },
{ "type": "Feature", "properties": { }, "geometry": { "type": "Polygon", "coordinates": [ [ [ -72.614474, 46.346524 ], [ -72.614353, 46.346524 ], [ -72.614353, 46.346415 ], [ -72.614474, 46.346415 ], [ -72.614474, 46.346524 ] ] ] } },
{ "type": "Feature", "properties": { }, "geometry": { "type": "Polygon", "coordinates": [ [ [ -72.607774, 46.342498 ], [ -72.607806, 46.342296 ], [ -72.607961, 46.342307 ], [ -72.607942, 46.34243 ], [ -72.608101, 46.342442 ], [ -72.608089, 46.342522 ], [ -72.607774, 46.342498 ] ] ] } },
{ "type": "Feature", "properties": { }, "geometry": { "type": "Polygon", "coordinates": [ [ [ -72.604244, 46.345806 ], [ -72.604244, 46.345911 ], [ -72.604126, 46.345911 ], [ -72.604126, 46.345806 ], [ -72.604244, 46.345806 ] ] ] } },
{ "type": "Feature", "properties": { }, "geometry": { "type": "Polygon", "coordinates": [ [ [ -72.60001, 46.346804 ], [ -72.599963, 46.346876 ], [ -72.599816, 46.34683 ], [ -72.599862, 46.346758 ], [ -72.60001, 46.346804 ] ] ] } },
{ "type": "Feature", "properties": { }, "geometry": { "type": "Polygon", "coordinates": [ [ [ -72.601551, 46.332261 ], [ -72.601614, 46.332272 ], [ -72.601603, 46.332302 ], [ -72.601753, 46.332329 ], [ -72.601726, 46.332401 ], [ -72.601513, 46.332363 ], [ -72.601551, 46.332261 ] ] ] } },
{ "type": "Feature", "properties": { }, "geometry": { "type": "Polygon", "coordinates": [ [ [ -72.599901, 46.333916 ], [ -72.599703, 46.333984 ], [ -72.599654, 46.333916 ], [ -72.599852, 46.333848 ], [ -72.599901, 46.333916 ] ] ] } },
{ "type": "Feature", "properties": { }, "geometry": { "type": "Polygon", "coordinates": [ [ [ -72.590718, 46.338357 ], [ -72.590625, 46.338292 ], [ -72.590786, 46.338182 ], [ -72.590858, 46.338232 ], [ -72.590777, 46.338288 ], [ -72.590797, 46.338302 ], [ -72.590718, 46.338357 ] ] ] } },
{ "type": "Feature", "properties": { }, "geometry": { "type": "Polygon", "coordinates": [ [ [ -72.615073, 46.348147 ], [ -72.61498, 46.348246 ], [ -72.614881, 46.348203 ], [ -72.614974, 46.348103 ], [ -72.615073, 46.348147 ] ] ] } },
{ "type": "Feature", "properties": { }, "geometry": { "type": "Polygon", "coordinates": [ [ [ -72.618266, 46.349178 ], [ -72.61821, 46.349126 ], [ -72.618338, 46.34906 ], [ -72.618406, 46.349122 ], [ -72.618335, 46.349159 ], [ -72.618324, 46.349148 ], [ -72.618266, 46.349178 ] ] ] } },
{ "type": "Feature", "properties": { }, "geometry": { "type": "Polygon", "coordinates": [ [ [ -72.597992, 46.339884 ], [ -72.598111, 46.339921 ], [ -72.598038, 46.340034 ], [ -72.597919, 46.339996 ], [ -72.597992, 46.339884 ] ] ] } },
{ "type": "Feature", "properties": { }, "geometry": { "type": "Polygon", "coordinates": [ [ [ -72.605577, 46.343581 ], [ -72.605507, 46.343467 ], [ -72.605617, 46.343435 ], [ -72.605686, 46.343549 ], [ -72.605577, 46.343581 ] ] ] } },
{ "type": "Feature", "properties": { }, "geometry": { "type": "Polygon", "coordinates": [ [ [ -72.61668, 46.348107 ], [ -72.616858, 46.348169 ], [ -72.616795, 46.348255 ], [ -72.616617, 46.348193 ], [ -72.61668, 46.348107 ] ] ] } },
{ "type": "Feature", "properties": { }, "geometry": { "type": "Polygon", "coordinates": [ [ [ -72.616134, 46.350913 ], [ -72.616063, 46.351028 ], [ -72.615933, 46.35099 ], [ -72.616004, 46.350875 ], [ -72.616134, 46.350913 ] ] ] } },
{ "type": "Feature", "properties": { }, "geometry": { "type": "Polygon", "coordinates": [ [ [ -72.60644, 46.339509 ], [ -72.606387, 46.339461 ], [ -72.606503, 46.339399 ], [ -72.606589, 46.339478 ], [ -72.606513, 46.339518 ], [ -72.60648, 46.339488 ], [ -72.60644, 46.339509 ] ] ] } },
{ "type": "Feature", "properties": { }, "geometry": { "type": "Polygon", "coordinates": [ [ [ -72.618262, 46.348713 ], [ -72.618187, 46.348662 ], [ -72.618303, 46.348582 ], [ -72.618378, 46.348634 ], [ -72.618262, 46.348713 ] ] ] } },
{ "type": "Feature", "properties": { }, "geometry": { "type": "Polygon", "coordinates": [ [ [ -72.603927, 46.348229 ], [ -72.604063, 46.348319 ], [ -72.603988, 46.348373 ], [ -72.603852, 46.348283 ], [ -72.603927, 46.348229 ] ] ] } },
{ "type": "Feature", "properties": { }, "geometry": { "type": "Polygon", "coordinates": [ [ [ -72.613381, 46.340092 ], [ -72.613292, 46.340031 ], [ -72.61344, 46.339929 ], [ -72.613528, 46.339991 ], [ -72.613381, 46.340092 ] ] ] } },
{ "type": "Feature", "properties": { }, "geometry": { "type": "Polygon", "coordinates": [ [ [ -72.61469, 46.342362 ], [ -72.614609, 46.342206 ], [ -72.614747, 46.342172 ], [ -72.614851, 46.342372 ], [ -72.614756, 46.342396 ], [ -72.614733, 46.342351 ], [ -72.61469, 46.342362 ] ] ] } },
{ "type": "Feature", "properties": { }, "geometry": { "type": "Polygon", "coordinates": [ [ [ -72.606529, 46.34528 ], [ -72.606531, 46.345438 ], [ -72.606416, 46.345439 ], [ -72.606413, 46.345281 ], [ -72.606529, 46.34528 ] ] ] } },
{ "type": "Feature", "properties": { }, "geometry": { "type": "Polygon", "coordinates": [ [ [ -72.595738, 46.343775 ], [ -72.595644, 46.343837 ], [ -72.595527, 46.343752 ], [ -72.595621, 46.34369 ], [ -72.595738, 46.343775 ] ] ] } },
{ "type": "Feature", "properties": { }, "geometry": { "type": "Polygon", "coordinates": [ [ [ -72.596675, 46.333579 ], [ -72.596511, 46.333691 ], [ -72.596416, 46.333626 ], [ -72.596579, 46.333513 ], [ -72.596675, 46.333579 ] ] ] } },
{ "type": "Feature", "properties": { }, "geometry": { "type": "Polygon", "coordinates": [ [ [ -72.616764, 46.343408 ], [ -72.616665, 46.343476 ], [ -72.616582, 46.343419 ], [ -72.616681, 46.34335 ], [ -72.616764, 46.343408 ] ] ] } },
{ "type": "Feature", "properties": { }, "geometry": { "type": "Polygon", "coordinates": [ [ [ -72.602605, 46.333086 ], [ -72.602729, 46.333162 ], [ -72.602647, 46.333226 ], [ -72.602523, 46.33315 ], [ -72.602605, 46.333086 ] ] ] } },
{ "type": "Feature", "properties": { }, "geometry": { "type": "Polygon", "coordinates": [ [ [ -72.598156, 46.33462 ], [ -72.598278, 46.334699 ], [ -72.598193, 46.33476 ], [ -72.598072, 46.334681 ], [ -72.598156, 46.33462 ] ] ] } },
{ "type": "Feature", "properties": { }, "geometry": { "type": "Polygon", "coordinates": [ [ [ -72.604361, 46.338168 ], [ -72.604528, 46.338274 ], [ -72.604444, 46.338337 ], [ -72.604277, 46.338231 ], [ -72.604361, 46.338168 ] ] ] } },
{ "type": "Feature", "properties": { }, "geometry": { "type": "Polygon", "coordinates": [ [ [ -72.599224, 46.339049 ], [ -72.599078, 46.339092 ], [ -72.599018, 46.338994 ], [ -72.599165, 46.338952 ], [ -72.599224, 46.339049 ] ] ] } },
{ "type": "Feature", "properties": { }, "geometry": { "type": "Polygon", "coordinates": [ [ [ -72.595021, 46.342355 ], [ -72.594867, 46.342235 ], [ -72.59495, 46.342185 ], [ -72.595103, 46.342304 ], [ -72.595021, 46.342355 ] ] ] } },
{ "type": "Feature", "properties": { }, "geometry": { "type": "Polygon", "coordinates": [ [ [ -72.618442, 46.347549 ], [ -72.61834, 46.347478 ], [ -72.618443, 46.347407 ], [ -72.618545, 46.347478 ], [ -72.618442, 46.347549 ] ] ] } },
{ "type": "Feature", "properties": { }, "geometry": { "type": "Polygon", "coordinates": [ [ [ -72.609447, 46.350996 ], [ -72.609359, 46.35089 ], [ -72.609462, 46.35085 ], [ -72.60955, 46.350955 ], [ -72.609447, 46.350996 ] ] ] } },
{ "type": "Feature", "properties": { }, "geometry": { "type": "Polygon", "coordinates": [ [ [ -72.61092, 46.343403 ], [ -72.611, 46.343493 ], [ -72.61095, 46.343515 ], [ -72.610931, 46.343494 ], [ -72.610795, 46.343552 ], [ -72.610733, 46.343483 ], [ -72.61092, 46.343403 ] ] ] } },
{ "type": "Feature", "properties": { }, "geometry": { "type": "Polygon", "coordinates": [ [ [ -72.614589, 46.34602 ], [ -72.614771, 46.34602 ], [ -72.614771, 46.346111 ], [ -72.614589, 46.346111 ], [ -72.614589, 46.34602 ] ] ] } },
{ "type": "Feature", "properties": { }, "geometry": { "type": "Polygon", "coordinates": [ [ [ -72.599846, 46.343201 ], [ -72.600009, 46.343216 ], [ -72.599991, 46.343309 ], [ -72.599828, 46.343294 ], [ -72.599846, 46.343201 ] ] ] } },
{ "type": "Feature", "properties": { }, "geometry": { "type": "Polygon", "coordinates": [ [ [ -72.608069, 46.345352 ], [ -72.608069, 46.345498 ], [ -72.607959, 46.345498 ], [ -72.607959, 46.345352 ], [ -72.608069, 46.345352 ] ] ] } },
{ "type": "Feature", "properties": { }, "geometry": { "type": "Polygon", "coordinates": [ [ [ -72.597937, 46.33307 ], [ -72.597864, 46.33302 ], [ -72.598017, 46.332915 ], [ -72.598089, 46.332965 ], [ -72.597937, 46.33307 ] ] ] } },
{ "type": "Feature", "properties": { }, "geometry": { "type": "Polygon", "coordinates": [ [ [ -72.598578, 46.336397 ], [ -72.598475, 46.336364 ], [ -72.598541, 46.336263 ], [ -72.598645, 46.336295 ], [ -72.598578, 46.336397 ] ] ] } },
{ "type": "Feature", "properties": { }, "geometry": { "type": "Polygon", "coordinates": [ [ [ -72.610721, 46.349205 ], [ -72.610637, 46.349263 ], [ -72.61052, 46.349183 ], [ -72.610605, 46.349124 ], [ -72.610721, 46.349205 ] ] ] } },
{ "type": "Feature", "properties": { }, "geometry": { "type": "Polygon", "coordinates": [ [ [ -72.606552, 46.347638 ], [ -72.606471, 46.347693 ], [ -72.606312, 46.347583 ], [ -72.606392, 46.347527 ], [ -72.606552, 46.347638 ] ] ] } },
{ "type": "Feature", "properties": { }, "geometry": { "type": "Polygon", "coordinates": [ [ [ -72.603599, 46.342594 ], [ -72.603514, 46.342536 ], [ -72.603646, 46.342445 ], [ -72.60373, 46.342503 ], [ -72.603599, 46.342594 ] ] ] } },
{ "type": "Feature", "properties": { }, "geometry": { "type": "Polygon", "coordinates": [ [ [ -72.594064, 46.331743 ], [ -72.594161, 46.331648 ], [ -72.594597, 46.331861 ], [ -72.594399, 46.332053 ], [ -72.594459, 46.332082 ], [ -72.594384, 46.332155 ], [ -72.594184, 46.332057 ], [ -72.594359, 46.331887 ], [ -72.594064, 46.331743 ] ] ] } },
{ "type": "Feature", "properties": { }, "geometry": { "type": "Polygon", "coordinates": [ [ [ -72.597313, 46.337398 ], [ -72.597259, 46.337464 ], [ -72.5971, 46.337402 ], [ -72.597154, 46.337336 ], [ -72.597313, 46.337398 ] ] ] } },
{ "type": "Feature", "properties": { }, "geometry": { "type": "Polygon", "coordinates": [ [ [ -72.619918, 46.346804 ], [ -72.619929, 46.346934 ], [ -72.619723, 46.346942 ], [ -72.619717, 46.346868 ], [ -72.619778, 46.346865 ], [ -72.619774, 46.34681 ], [ -72.619918, 46.346804 ] ] ] } },
{ "type": "Feature", "properties": { }, "geometry": { "type": "Polygon", "coordinates": [ [ [ -72.607934, 46.34722 ], [ -72.607863, 46.347269 ], [ -72.607712, 46.347165 ], [ -72.607783, 46.347116 ], [ -72.607934, 46.34722 ] ] ] } },
{ "type": "Feature", "properties": { }, "geometry": { "type": "Polygon", "coordinates": [ [ [ -72.611138, 46.339654 ], [ -72.611224, 46.339594 ], [ -72.611334, 46.33967 ], [ -72.611248, 46.339729 ], [ -72.611138, 46.339654 ] ] ] } },
{ "type": "Feature", "properties": { }, "geometry": { "type": "Polygon", "coordinates": [ [ [ -72.61655, 46.34387 ], [ -72.616484, 46.343955 ], [ -72.616286, 46.343883 ], [ -72.616352, 46.343798 ], [ -72.61655, 46.34387 ] ] ] } },
{ "type": "Feature", "properties": { }, "geometry": { "type": "Polygon", "coordinates": [ [ [ -72.598906, 46.334526 ], [ -72.598834, 46.334474 ], [ -72.598993, 46.334368 ], [ -72.599066, 46.334419 ], [ -72.598906, 46.334526 ] ] ] } },
{ "type": "Feature", "properties": { }, "geometry": { "type": "Polygon", "coordinates": [ [ [ -72.610462, 46.348469 ], [ -72.610548, 46.348528 ], [ -72.610429, 46.348611 ], [ -72.610343, 46.348551 ], [ -72.610462, 46.348469 ] ] ] } },
{ "type": "Feature", "properties": { }, "geometry": { "type": "Polygon", "coordinates": [ [ [ -72.620278, 46.34496 ], [ -72.62041, 46.344976 ], [ -72.62037, 46.345132 ], [ -72.620237, 46.345116 ], [ -72.620278, 46.34496 ] ] ] } },
{ "type": "Feature", "properties": { }, "geometry": { "type": "Polygon", "coordinates": [ [ [ -72.612557, 46.339966 ], [ -72.612513, 46.340047 ], [ -72.612377, 46.340012 ], [ -72.612421, 46.339931 ], [ -72.612557, 46.339966 ] ] ] } },
{ "type": "Feature", "properties": { }, "geometry": { "type": "Polygon", "coordinates": [ [ [ -72.6143, 46.341595 ], [ -72.614169, 46.341672 ], [ -72.614066, 46.341588 ], [ -72.614197, 46.341511 ], [ -72.6143, 46.341595 ] ] ] } },
{ "type": "Feature", "properties": { }, "geometry": { "type": "Polygon", "coordinates": [ [ [ -72.617923, 46.343684 ], [ -72.618006, 46.343741 ], [ -72.6179, 46.343814 ], [ -72.617817, 46.343757 ], [ -72.617923, 46.343684 ] ] ] } },
{ "type": "Feature", "properties": { }, "geometry": { "type": "Polygon", "coordinates": [ [ [ -72.603494, 46.345353 ], [ -72.603415, 46.345298 ], [ -72.603575, 46.345188 ], [ -72.603654, 46.345243 ], [ -72.603494, 46.345353 ] ] ] } },
{ "type": "Feature", "properties": { }, "geometry": { "type": "Polygon", "coordinates": [ [ [ -72.595484, 46.341477 ], [ -72.595407, 46.341424 ], [ -72.595524, 46.341343 ], [ -72.5956, 46.341396 ], [ -72.595484, 46.341477 ] ] ] } },
{ "type": "Feature", "properties": { }, "geometry": { "type": "Polygon", "coordinates": [ [ [ -72.588806, 46.337967 ], [ -72.588895, 46.338028 ], [ -72.588769, 46.338115 ], [ -72.58868, 46.338054 ], [ -72.588806, 46.337967 ] ] ] } },
{ "type": "Feature", "properties": { }, "geometry": { "type": "Polygon", "coordinates": [ [ [ -72.594906, 46.33923 ], [ -72.595, 46.339297 ], [ -72.594922, 46.339349 ], [ -72.594828, 46.339282 ], [ -72.594906, 46.33923 ] ] ] } },
{ "type": "Feature", "properties": { }, "geometry": { "type": "Polygon", "coordinates": [ [ [ -72.614349, 46.349118 ], [ -72.614268, 46.349201 ], [ -72.614145, 46.349144 ], [ -72.614226, 46.349061 ], [ -72.614349, 46.349118 ] ] ] } },
{ "type": "Feature", "properties": { }, "geometry": { "type": "Polygon", "coordinates": [ [ [ -72.616703, 46.350118 ], [ -72.616584, 46.35007 ], [ -72.616658, 46.349983 ], [ -72.616777, 46.350031 ], [ -72.616703, 46.350118 ] ] ] } },
{ "type": "Feature", "properties": { }, "geometry": { "type": "Polygon", "coordinates": [ [ [ -72.612493, 46.352862 ], [ -72.61242, 46.352987 ], [ -72.61221, 46.352928 ], [ -72.612284, 46.352803 ], [ -72.612493, 46.352862 ] ] ] } },
{ "type": "Feature", "properties": { }, "geometry": { "type": "Polygon", "coordinates": [ [ [ -72.614911, 46.341821 ], [ -72.614837, 46.341698 ], [ -72.614962, 46.341663 ], [ -72.615036, 46.341786 ], [ -72.614911, 46.341821 ] ] ] } },
{ "type": "Feature", "properties": { }, "geometry": { "type": "Polygon", "coordinates": [ [ [ -72.619527, 46.345799 ], [ -72.619394, 46.345799 ], [ -72.619394, 46.345688 ], [ -72.619606, 46.345688 ], [ -72.619606, 46.345794 ], [ -72.619527, 46.345794 ], [ -72.619527, 46.345799 ] ] ] } },
{ "type": "Feature", "properties": { }, "geometry": { "type": "Polygon", "coordinates": [ [ [ -72.60894, 46.345743 ], [ -72.609053, 46.345743 ], [ -72.609053, 46.345906 ], [ -72.60894, 46.345906 ], [ -72.60894, 46.345743 ] ] ] } },
{ "type": "Feature", "properties": { }, "geometry": { "type": "Polygon", "coordinates": [ [ [ -72.6064, 46.34143 ], [ -72.606286, 46.341347 ], [ -72.606373, 46.34129 ], [ -72.606487, 46.341372 ], [ -72.6064, 46.34143 ] ] ] } },
{ "type": "Feature", "properties": { }, "geometry": { "type": "Polygon", "coordinates": [ [ [ -72.595193, 46.340713 ], [ -72.595071, 46.340797 ], [ -72.594989, 46.34074 ], [ -72.595111, 46.340656 ], [ -72.595193, 46.340713 ] ] ] } },
{ "type": "Feature", "properties": { }, "geometry": { "type": "Polygon", "coordinates": [ [ [ -72.595894, 46.344929 ], [ -72.595996, 46.345009 ], [ -72.595835, 46.345107 ], [ -72.595879, 46.345142 ], [ -72.595706, 46.345248 ], [ -72.595602, 46.345166 ], [ -72.595775, 46.345061 ], [ -72.595733, 46.345027 ], [ -72.595894, 46.344929 ] ] ] } },
{ "type": "Feature", "properties": { }, "geometry": { "type": "Polygon", "coordinates": [ [ [ -72.592611, 46.336738 ], [ -72.592516, 46.336672 ], [ -72.592661, 46.336572 ], [ -72.592756, 46.336638 ], [ -72.592611, 46.336738 ] ] ] } },
{ "type": "Feature", "properties": { }, "geometry": { "type": "Polygon", "coordinates": [ [ [ -72.594346, 46.338227 ], [ -72.594346, 46.338149 ], [ -72.594588, 46.338149 ], [ -72.594588, 46.338227 ], [ -72.594346, 46.338227 ] ] ] } },
{ "type": "Feature", "properties": { }, "geometry": { "type": "Polygon", "coordinates": [ [ [ -72.618199, 46.347148 ], [ -72.618199, 46.347048 ], [ -72.618366, 46.347048 ], [ -72.618366, 46.347148 ], [ -72.618199, 46.347148 ] ] ] } },
{ "type": "Feature", "properties": { }, "geometry": { "type": "Polygon", "coordinates": [ [ [ -72.610799, 46.348235 ], [ -72.610888, 46.348296 ], [ -72.610776, 46.348373 ], [ -72.610688, 46.348312 ], [ -72.610799, 46.348235 ] ] ] } },
{ "type": "Feature", "properties": { }, "geometry": { "type": "Polygon", "coordinates": [ [ [ -72.618466, 46.348554 ], [ -72.618394, 46.348497 ], [ -72.618522, 46.348421 ], [ -72.618593, 46.348478 ], [ -72.618466, 46.348554 ] ] ] } },
{ "type": "Feature", "properties": { }, "geometry": { "type": "Polygon", "coordinates": [ [ [ -72.616134, 46.351795 ], [ -72.616035, 46.351726 ], [ -72.616162, 46.351639 ], [ -72.616243, 46.351694 ], [ -72.616212, 46.351715 ], [ -72.616231, 46.351728 ], [ -72.616134, 46.351795 ] ] ] } },
{ "type": "Feature", "properties": { }, "geometry": { "type": "Polygon", "coordinates": [ [ [ -72.611798, 46.351766 ], [ -72.611779, 46.351791 ], [ -72.611834, 46.351811 ], [ -72.611792, 46.351866 ], [ -72.611658, 46.351817 ], [ -72.611719, 46.351737 ], [ -72.611798, 46.351766 ] ] ] } },
{ "type": "Feature", "properties": { }, "geometry": { "type": "Polygon", "coordinates": [ [ [ -72.603977, 46.347992 ], [ -72.603918, 46.348067 ], [ -72.603819, 46.34803 ], [ -72.603879, 46.347955 ], [ -72.603977, 46.347992 ] ] ] } },
{ "type": "Feature", "properties": { }, "geometry": { "type": "Polygon", "coordinates": [ [ [ -72.607929, 46.343802 ], [ -72.607963, 46.343913 ], [ -72.60783, 46.343933 ], [ -72.607796, 46.343821 ], [ -72.607929, 46.343802 ] ] ] } },
{ "type": "Feature", "properties": { }, "geometry": { "type": "Polygon", "coordinates": [ [ [ -72.598914, 46.344702 ], [ -72.598985, 46.344753 ], [ -72.598889, 46.344817 ], [ -72.598818, 46.344767 ], [ -72.598914, 46.344702 ] ] ] } },
{ "type": "Feature", "properties": { }, "geometry": { "type": "Polygon", "coordinates": [ [ [ -72.59962, 46.345187 ], [ -72.599529, 46.345127 ], [ -72.599643, 46.345044 ], [ -72.599735, 46.345104 ], [ -72.59962, 46.345187 ] ] ] } },
{ "type": "Feature", "properties": { }, "geometry": { "type": "Polygon", "coordinates": [ [ [ -72.589033, 46.338226 ], [ -72.589101, 46.338278 ], [ -72.589014, 46.338332 ], [ -72.588946, 46.33828 ], [ -72.589033, 46.338226 ] ] ] } },
{ "type": "Feature", "properties": { }, "geometry": { "type": "Polygon", "coordinates": [ [ [ -72.615812, 46.344867 ], [ -72.615936, 46.344863 ], [ -72.615944, 46.345015 ], [ -72.615821, 46.345018 ], [ -72.615812, 46.344867 ] ] ] } },
{ "type": "Feature", "properties": { }, "geometry": { "type": "Polygon", "coordinates": [ [ [ -72.608105, 46.341877 ], [ -72.608263, 46.341987 ], [ -72.608175, 46.342048 ], [ -72.608016, 46.341939 ], [ -72.608105, 46.341877 ] ] ] } },
{ "type": "Feature", "properties": { }, "geometry": { "type": "Polygon", "coordinates": [ [ [ -72.602555, 46.346602 ], [ -72.602582, 46.346691 ], [ -72.602428, 46.346713 ], [ -72.602401, 46.346624 ], [ -72.602555, 46.346602 ] ] ] } },
{ "type": "Feature", "properties": { }, "geometry": { "type": "Polygon", "coordinates": [ [ [ -72.609224, 46.338475 ], [ -72.609061, 46.338571 ], [ -72.608954, 46.338484 ], [ -72.609066, 46.338418 ], [ -72.609133, 46.338473 ], [ -72.609184, 46.338442 ], [ -72.609224, 46.338475 ] ] ] } },
{ "type": "Feature", "properties": { }, "geometry": { "type": "Polygon", "coordinates": [ [ [ -72.600123, 46.334342 ], [ -72.599992, 46.334432 ], [ -72.59992, 46.334382 ], [ -72.599958, 46.334356 ], [ -72.599912, 46.334325 ], [ -72.600005, 46.334261 ], [ -72.600123, 46.334342 ] ] ] } },
{ "type": "Feature", "properties": { }, "geometry": { "type": "Polygon", "coordinates": [ [ [ -72.600102, 46.334723 ], [ -72.600177, 46.334791 ], [ -72.60001, 46.334879 ], [ -72.599935, 46.334812 ], [ -72.600102, 46.334723 ] ] ] } },
{ "type": "Feature", "properties": { }, "geometry": { "type": "Polygon", "coordinates": [ [ [ -72.593026, 46.341821 ], [ -72.593137, 46.341894 ], [ -72.59306, 46.34195 ], [ -72.592949, 46.341878 ], [ -72.593026, 46.341821 ] ] ] } },
{ "type": "Feature", "properties": { }, "geometry": { "type": "Polygon", "coordinates": [ [ [ -72.605566, 46.347224 ], [ -72.605457, 46.347258 ], [ -72.605362, 46.347114 ], [ -72.605472, 46.34708 ], [ -72.605566, 46.347224 ] ] ] } },
{ "type": "Feature", "properties": { }, "geometry": { "type": "Polygon", "coordinates": [ [ [ -72.610191, 46.343459 ], [ -72.610121, 46.343382 ], [ -72.610267, 46.343319 ], [ -72.610337, 46.343396 ], [ -72.610191, 46.343459 ] ] ] } },
{ "type": "Feature", "properties": { }, "geometry": { "type": "Polygon", "coordinates": [ [ [ -72.613886, 46.344936 ], [ -72.61389, 46.345085 ], [ -72.61377, 46.345087 ], [ -72.613765, 46.344938 ], [ -72.613886, 46.344936 ] ] ] } },
{ "type": "Feature", "properties": { }, "geometry": { "type": "Polygon", "coordinates": [ [ [ -72.605545, 46.340738 ], [ -72.605699, 46.340844 ], [ -72.605605, 46.340909 ], [ -72.605451, 46.340802 ], [ -72.605545, 46.340738 ] ] ] } },
{ "type": "Feature", "properties": { }, "geometry": { "type": "Polygon", "coordinates": [ [ [ -72.603, 46.333818 ], [ -72.602912, 46.333887 ], [ -72.602785, 46.333808 ], [ -72.602873, 46.33374 ], [ -72.603, 46.333818 ] ] ] } },
{ "type": "Feature", "properties": { }, "geometry": { "type": "Polygon", "coordinates": [ [ [ -72.596892, 46.33885 ], [ -72.596819, 46.338914 ], [ -72.596681, 46.338837 ], [ -72.596754, 46.338774 ], [ -72.596892, 46.33885 ] ] ] } },
{ "type": "Feature", "properties": { }, "geometry": { "type": "Polygon", "coordinates": [ [ [ -72.607394, 46.347625 ], [ -72.607477, 46.347663 ], [ -72.607381, 46.347762 ], [ -72.607298, 46.347724 ], [ -72.607394, 46.347625 ] ] ] } },
{ "type": "Feature", "properties": { }, "geometry": { "type": "Polygon", "coordinates": [ [ [ -72.603039, 46.333468 ], [ -72.602902, 46.333397 ], [ -72.602971, 46.333334 ], [ -72.603107, 46.333406 ], [ -72.603039, 46.333468 ] ] ] } },
{ "type": "Feature", "properties": { }, "geometry": { "type": "Polygon", "coordinates": [ [ [ -72.601495, 46.334781 ], [ -72.601582, 46.334839 ], [ -72.601421, 46.334953 ], [ -72.601334, 46.334895 ], [ -72.601495, 46.334781 ] ] ] } },
{ "type": "Feature", "properties": { }, "geometry": { "type": "Polygon", "coordinates": [ [ [ -72.5974, 46.335118 ], [ -72.597314, 46.335178 ], [ -72.597198, 46.335097 ], [ -72.597283, 46.335038 ], [ -72.5974, 46.335118 ] ] ] } },
{ "type": "Feature", "properties": { }, "geometry": { "type": "Polygon", "coordinates": [ [ [ -72.609463, 46.347355 ], [ -72.609378, 46.347296 ], [ -72.609533, 46.347189 ], [ -72.609619, 46.347248 ], [ -72.609463, 46.347355 ] ] ] } },
{ "type": "Feature", "properties": { }, "geometry": { "type": "Polygon", "coordinates": [ [ [ -72.609632, 46.347727 ], [ -72.609504, 46.347814 ], [ -72.60942, 46.347754 ], [ -72.609547, 46.347668 ], [ -72.609632, 46.347727 ] ] ] } },
{ "type": "Feature", "properties": { }, "geometry": { "type": "Polygon", "coordinates": [ [ [ -72.614331, 46.350415 ], [ -72.614166, 46.350365 ], [ -72.614218, 46.350282 ], [ -72.614319, 46.350312 ], [ -72.614299, 46.350342 ], [ -72.614364, 46.350362 ], [ -72.614331, 46.350415 ] ] ] } },
{ "type": "Feature", "properties": { }, "geometry": { "type": "Polygon", "coordinates": [ [ [ -72.613791, 46.35287 ], [ -72.613903, 46.352944 ], [ -72.613804, 46.353015 ], [ -72.613692, 46.352941 ], [ -72.613791, 46.35287 ] ] ] } },
{ "type": "Feature", "properties": { }, "geometry": { "type": "Polygon", "coordinates": [ [ [ -72.613078, 46.341833 ], [ -72.613152, 46.341909 ], [ -72.613012, 46.341974 ], [ -72.612937, 46.341898 ], [ -72.613078, 46.341833 ] ] ] } },
{ "type": "Feature", "properties": { }, "geometry": { "type": "Polygon", "coordinates": [ [ [ -72.61522, 46.342378 ], [ -72.615194, 46.34229 ], [ -72.615485, 46.342249 ], [ -72.615511, 46.342337 ], [ -72.61522, 46.342378 ] ] ] } },
{ "type": "Feature", "properties": { }, "geometry": { "type": "Polygon", "coordinates": [ [ [ -72.617476, 46.342286 ], [ -72.617496, 46.34226 ], [ -72.617539, 46.342276 ], [ -72.617451, 46.342391 ], [ -72.61725, 46.342318 ], [ -72.617319, 46.342229 ], [ -72.617476, 46.342286 ] ] ] } },
{ "type": "Feature", "properties": { }, "geometry": { "type": "Polygon", "coordinates": [ [ [ -72.61511, 46.342619 ], [ -72.615135, 46.342714 ], [ -72.615013, 46.342729 ], [ -72.614988, 46.342634 ], [ -72.61511, 46.342619 ] ] ] } },
{ "type": "Feature", "properties": { }, "geometry": { "type": "Polygon", "coordinates": [ [ [ -72.604671, 46.343139 ], [ -72.60479, 46.343081 ], [ -72.604914, 46.343202 ], [ -72.604794, 46.34326 ], [ -72.604671, 46.343139 ] ] ] } },
{ "type": "Feature", "properties": { }, "geometry": { "type": "Polygon", "coordinates": [ [ [ -72.597883, 46.345405 ], [ -72.597769, 46.345326 ], [ -72.597853, 46.345268 ], [ -72.597967, 46.345346 ], [ -72.597883, 46.345405 ] ] ] } },
{ "type": "Feature", "properties": { }, "geometry": { "type": "Polygon", "coordinates": [ [ [ -72.602809, 46.346598 ], [ -72.602809, 46.346689 ], [ -72.602648, 46.346689 ], [ -72.602648, 46.346598 ], [ -72.602809, 46.346598 ] ] ] } },
{ "type": "Feature", "properties": { }, "geometry": { "type": "Polygon", "coordinates": [ [ [ -72.603156, 46.339415 ], [ -72.603024, 46.339302 ], [ -72.60311, 46.339254 ], [ -72.603242, 46.339367 ], [ -72.603156, 46.339415 ] ] ] } },
{ "type": "Feature", "properties": { }, "geometry": { "type": "Polygon", "coordinates": [ [ [ -72.59681, 46.340499 ], [ -72.596692, 46.340377 ], [ -72.596789, 46.340333 ], [ -72.596906, 46.340456 ], [ -72.59681, 46.340499 ] ] ] } },
{ "type": "Feature", "properties": { }, "geometry": { "type": "Polygon", "coordinates": [ [ [ -72.591563, 46.340767 ], [ -72.59147, 46.340826 ], [ -72.591356, 46.340741 ], [ -72.59145, 46.340682 ], [ -72.591563, 46.340767 ] ] ] } },
{ "type": "Feature", "properties": { }, "geometry": { "type": "Polygon", "coordinates": [ [ [ -72.596806, 46.334235 ], [ -72.596901, 46.3343 ], [ -72.59678, 46.334385 ], [ -72.596685, 46.33432 ], [ -72.596806, 46.334235 ] ] ] } },
{ "type": "Feature", "properties": { }, "geometry": { "type": "Polygon", "coordinates": [ [ [ -72.592363, 46.335296 ], [ -72.592246, 46.335216 ], [ -72.592382, 46.335122 ], [ -72.592498, 46.335203 ], [ -72.592363, 46.335296 ] ] ] } },
{ "type": "Feature", "properties": { }, "geometry": { "type": "Polygon", "coordinates": [ [ [ -72.616312, 46.349119 ], [ -72.616251, 46.349203 ], [ -72.616135, 46.349162 ], [ -72.616197, 46.349078 ], [ -72.616312, 46.349119 ] ] ] } },
{ "type": "Feature", "properties": { }, "geometry": { "type": "Polygon", "coordinates": [ [ [ -72.612036, 46.350781 ], [ -72.611949, 46.350718 ], [ -72.612069, 46.35064 ], [ -72.612156, 46.350703 ], [ -72.612036, 46.350781 ] ] ] } },
{ "type": "Feature", "properties": { }, "geometry": { "type": "Polygon", "coordinates": [ [ [ -72.611199, 46.352046 ], [ -72.611243, 46.351966 ], [ -72.611358, 46.351996 ], [ -72.611314, 46.352076 ], [ -72.611199, 46.352046 ] ] ] } },
{ "type": "Feature", "properties": { }, "geometry": { "type": "Polygon", "coordinates": [ [ [ -72.610444, 46.34257 ], [ -72.610302, 46.342522 ], [ -72.610372, 46.342424 ], [ -72.610513, 46.342471 ], [ -72.610444, 46.34257 ] ] ] } },
{ "type": "Feature", "properties": { }, "geometry": { "type": "Polygon", "coordinates": [ [ [ -72.6153, 46.343399 ], [ -72.6153, 46.343304 ], [ -72.61545, 46.343304 ], [ -72.61545, 46.343399 ], [ -72.6153, 46.343399 ] ] ] } },
{ "type": "Feature", "properties": { }, "geometry": { "type": "Polygon", "coordinates": [ [ [ -72.604911, 46.34465 ], [ -72.605062, 46.344649 ], [ -72.605064, 46.344828 ], [ -72.604913, 46.344829 ], [ -72.604911, 46.34465 ] ] ] } },
{ "type": "Feature", "properties": { }, "geometry": { "type": "Polygon", "coordinates": [ [ [ -72.60074, 46.337732 ], [ -72.600911, 46.33785 ], [ -72.600824, 46.33791 ], [ -72.600653, 46.337792 ], [ -72.60074, 46.337732 ] ] ] } },
{ "type": "Feature", "properties": { }, "geometry": { "type": "Polygon", "coordinates": [ [ [ -72.603377, 46.338005 ], [ -72.603521, 46.338077 ], [ -72.603445, 46.338148 ], [ -72.603301, 46.338076 ], [ -72.603377, 46.338005 ] ] ] } },
{ "type": "Feature", "properties": { }, "geometry": { "type": "Polygon", "coordinates": [ [ [ -72.613172, 46.348157 ], [ -72.613273, 46.348195 ], [ -72.61317, 46.348325 ], [ -72.61307, 46.348287 ], [ -72.613172, 46.348157 ] ] ] } },
{ "type": "Feature", "properties": { }, "geometry": { "type": "Polygon", "coordinates": [ [ [ -72.6191, 46.344481 ], [ -72.619149, 46.344465 ], [ -72.619197, 46.344539 ], [ -72.619074, 46.344577 ], [ -72.619011, 46.344479 ], [ -72.619084, 46.344456 ], [ -72.6191, 46.344481 ] ] ] } },
{ "type": "Feature", "properties": { }, "geometry": { "type": "Polygon", "coordinates": [ [ [ -72.619353, 46.345008 ], [ -72.61921, 46.345008 ], [ -72.61921, 46.344909 ], [ -72.619353, 46.344909 ], [ -72.619353, 46.345008 ] ] ] } },
{ "type": "Feature", "properties": { }, "geometry": { "type": "Polygon", "coordinates": [ [ [ -72.61145, 46.345064 ], [ -72.611694, 46.345063 ], [ -72.611695, 46.34515 ], [ -72.611451, 46.345151 ], [ -72.61145, 46.345064 ] ] ] } },
{ "type": "Feature", "properties": { }, "geometry": { "type": "Polygon", "coordinates": [ [ [ -72.599345, 46.343955 ], [ -72.599425, 46.34401 ], [ -72.599274, 46.344115 ], [ -72.599193, 46.34406 ], [ -72.599345, 46.343955 ] ] ] } },
{ "type": "Feature", "properties": { }, "geometry": { "type": "Polygon", "coordinates": [ [ [ -72.610109, 46.338454 ], [ -72.609921, 46.338393 ], [ -72.609997, 46.338281 ], [ -72.610185, 46.338343 ], [ -72.610109, 46.338454 ] ] ] } },
{ "type": "Feature", "properties": { }, "geometry": { "type": "Polygon", "coordinates": [ [ [ -72.603784, 46.33384 ], [ -72.603904, 46.333909 ], [ -72.603812, 46.333985 ], [ -72.603769, 46.33396 ], [ -72.603795, 46.333938 ], [ -72.603719, 46.333894 ], [ -72.603784, 46.33384 ] ] ] } },
{ "type": "Feature", "properties": { }, "geometry": { "type": "Polygon", "coordinates": [ [ [ -72.599748, 46.338921 ], [ -72.599668, 46.338977 ], [ -72.599545, 46.338892 ], [ -72.599625, 46.338836 ], [ -72.599748, 46.338921 ] ] ] } },
{ "type": "Feature", "properties": { }, "geometry": { "type": "Polygon", "coordinates": [ [ [ -72.592124, 46.340642 ], [ -72.592034, 46.340704 ], [ -72.59192, 46.340626 ], [ -72.59201, 46.340564 ], [ -72.592124, 46.340642 ] ] ] } },
{ "type": "Feature", "properties": { }, "geometry": { "type": "Polygon", "coordinates": [ [ [ -72.614621, 46.34925 ], [ -72.614739, 46.349286 ], [ -72.614669, 46.349397 ], [ -72.614551, 46.349361 ], [ -72.614621, 46.34925 ] ] ] } },
{ "type": "Feature", "properties": { }, "geometry": { "type": "Polygon", "coordinates": [ [ [ -72.600546, 46.345492 ], [ -72.600475, 46.34543 ], [ -72.600603, 46.345359 ], [ -72.600675, 46.345421 ], [ -72.600546, 46.345492 ] ] ] } },
{ "type": "Feature", "properties": { }, "geometry": { "type": "Polygon", "coordinates": [ [ [ -72.58986, 46.337886 ], [ -72.589792, 46.337947 ], [ -72.589689, 46.337892 ], [ -72.589757, 46.337832 ], [ -72.58986, 46.337886 ] ] ] } },
{ "type": "Feature", "properties": { }, "geometry": { "type": "Polygon", "coordinates": [ [ [ -72.605397, 46.344413 ], [ -72.605626, 46.344393 ], [ -72.605641, 46.344472 ], [ -72.605411, 46.344493 ], [ -72.605397, 46.344413 ] ] ] } },
{ "type": "Feature", "properties": { }, "geometry": { "type": "Polygon", "coordinates": [ [ [ -72.606421, 46.345681 ], [ -72.606539, 46.345679 ], [ -72.606544, 46.345833 ], [ -72.606426, 46.345835 ], [ -72.606421, 46.345681 ] ] ] } },
{ "type": "Feature", "properties": { }, "geometry": { "type": "Polygon", "coordinates": [ [ [ -72.595889, 46.335849 ], [ -72.595812, 46.335902 ], [ -72.595701, 46.335825 ], [ -72.595777, 46.335772 ], [ -72.595889, 46.335849 ] ] ] } },
{ "type": "Feature", "properties": { }, "geometry": { "type": "Polygon", "coordinates": [ [ [ -72.588591, 46.339454 ], [ -72.588528, 46.339524 ], [ -72.588657, 46.33958 ], [ -72.588528, 46.339722 ], [ -72.588377, 46.339657 ], [ -72.588488, 46.339535 ], [ -72.587857, 46.339261 ], [ -72.588171, 46.338916 ], [ -72.588435, 46.33903 ], [ -72.58849, 46.33897 ], [ -72.58858, 46.339009 ], [ -72.588444, 46.339159 ], [ -72.588502, 46.339184 ], [ -72.588351, 46.33935 ], [ -72.588591, 46.339454 ] ] ] } },
{ "type": "Feature", "properties": { }, "geometry": { "type": "Polygon", "coordinates": [ [ [ -72.611883, 46.347522 ], [ -72.611641, 46.347522 ], [ -72.611641, 46.347435 ], [ -72.611883, 46.347435 ], [ -72.611883, 46.347522 ] ] ] } },
{ "type": "Feature", "properties": { }, "geometry": { "type": "Polygon", "coordinates": [ [ [ -72.610438, 46.349734 ], [ -72.610564, 46.349661 ], [ -72.610638, 46.349722 ], [ -72.610512, 46.349795 ], [ -72.610438, 46.349734 ] ] ] } },
{ "type": "Feature", "properties": { }, "geometry": { "type": "Polygon", "coordinates": [ [ [ -72.605505, 46.347879 ], [ -72.605399, 46.347801 ], [ -72.605496, 46.347739 ], [ -72.605602, 46.347816 ], [ -72.605505, 46.347879 ] ] ] } },
{ "type": "Feature", "properties": { }, "geometry": { "type": "Polygon", "coordinates": [ [ [ -72.607709, 46.348424 ], [ -72.607804, 46.348488 ], [ -72.607682, 46.348573 ], [ -72.607588, 46.348509 ], [ -72.607709, 46.348424 ] ] ] } },
{ "type": "Feature", "properties": { }, "geometry": { "type": "Polygon", "coordinates": [ [ [ -72.607559, 46.344626 ], [ -72.607559, 46.344791 ], [ -72.607438, 46.344791 ], [ -72.607438, 46.344626 ], [ -72.607559, 46.344626 ] ] ] } },
{ "type": "Feature", "properties": { }, "geometry": { "type": "Polygon", "coordinates": [ [ [ -72.600568, 46.345902 ], [ -72.600628, 46.345973 ], [ -72.600467, 46.346037 ], [ -72.600408, 46.345966 ], [ -72.600568, 46.345902 ] ] ] } },
{ "type": "Feature", "properties": { }, "geometry": { "type": "Polygon", "coordinates": [ [ [ -72.594502, 46.338584 ], [ -72.594502, 46.338484 ], [ -72.594738, 46.338484 ], [ -72.594738, 46.338584 ], [ -72.594502, 46.338584 ] ] ] } },
{ "type": "Feature", "properties": { }, "geometry": { "type": "Polygon", "coordinates": [ [ [ -72.605568, 46.334609 ], [ -72.605428, 46.334508 ], [ -72.605515, 46.334451 ], [ -72.605655, 46.334552 ], [ -72.605568, 46.334609 ] ] ] } },
{ "type": "Feature", "properties": { }, "geometry": { "type": "Polygon", "coordinates": [ [ [ -72.596444, 46.338169 ], [ -72.596573, 46.338169 ], [ -72.596573, 46.338303 ], [ -72.596444, 46.338303 ], [ -72.596444, 46.338169 ] ] ] } },
{ "type": "Feature", "properties": { }, "geometry": { "type": "Polygon", "coordinates": [ [ [ -72.61281, 46.352978 ], [ -72.612732, 46.353098 ], [ -72.612529, 46.353035 ], [ -72.612607, 46.352915 ], [ -72.61281, 46.352978 ] ] ] } },
{ "type": "Feature", "properties": { }, "geometry": { "type": "Polygon", "coordinates": [ [ [ -72.614278, 46.342326 ], [ -72.614343, 46.342451 ], [ -72.614217, 46.342482 ], [ -72.614152, 46.342357 ], [ -72.614278, 46.342326 ] ] ] } },
{ "type": "Feature", "properties": { }, "geometry": { "type": "Polygon", "coordinates": [ [ [ -72.609179, 46.344006 ], [ -72.609387, 46.34398 ], [ -72.609406, 46.34405 ], [ -72.609198, 46.344077 ], [ -72.609179, 46.344006 ] ] ] } },
{ "type": "Feature", "properties": { }, "geometry": { "type": "Polygon", "coordinates": [ [ [ -72.60032, 46.345054 ], [ -72.600408, 46.345114 ], [ -72.6003, 46.34519 ], [ -72.600211, 46.345131 ], [ -72.60032, 46.345054 ] ] ] } },
{ "type": "Feature", "properties": { }, "geometry": { "type": "Polygon", "coordinates": [ [ [ -72.596453, 46.343182 ], [ -72.596377, 46.34313 ], [ -72.596488, 46.343052 ], [ -72.596565, 46.343103 ], [ -72.596453, 46.343182 ] ] ] } },
{ "type": "Feature", "properties": { }, "geometry": { "type": "Polygon", "coordinates": [ [ [ -72.590927, 46.339071 ], [ -72.590999, 46.339121 ], [ -72.590889, 46.339197 ], [ -72.590817, 46.339147 ], [ -72.590927, 46.339071 ] ] ] } },
{ "type": "Feature", "properties": { }, "geometry": { "type": "Polygon", "coordinates": [ [ [ -72.619429, 46.348189 ], [ -72.619543, 46.348111 ], [ -72.619641, 46.348178 ], [ -72.619527, 46.348257 ], [ -72.619429, 46.348189 ] ] ] } },
{ "type": "Feature", "properties": { }, "geometry": { "type": "Polygon", "coordinates": [ [ [ -72.61545, 46.342925 ], [ -72.615543, 46.342972 ], [ -72.615465, 46.343046 ], [ -72.615372, 46.342999 ], [ -72.61545, 46.342925 ] ] ] } },
{ "type": "Feature", "properties": { }, "geometry": { "type": "Polygon", "coordinates": [ [ [ -72.604666, 46.342328 ], [ -72.604513, 46.342351 ], [ -72.604492, 46.342283 ], [ -72.604644, 46.34226 ], [ -72.604666, 46.342328 ] ] ] } },
{ "type": "Feature", "properties": { }, "geometry": { "type": "Polygon", "coordinates": [ [ [ -72.603904, 46.338326 ], [ -72.604055, 46.338429 ], [ -72.603965, 46.338492 ], [ -72.603815, 46.338388 ], [ -72.603904, 46.338326 ] ] ] } },
{ "type": "Feature", "properties": { }, "geometry": { "type": "Polygon", "coordinates": [ [ [ -72.594931, 46.343917 ], [ -72.594847, 46.343859 ], [ -72.594961, 46.34378 ], [ -72.595045, 46.343838 ], [ -72.594931, 46.343917 ] ] ] } },
{ "type": "Feature", "properties": { }, "geometry": { "type": "Polygon", "coordinates": [ [ [ -72.61905, 46.347582 ], [ -72.618946, 46.34755 ], [ -72.619013, 46.347445 ], [ -72.61917, 46.347493 ], [ -72.619133, 46.347551 ], [ -72.61908, 46.347535 ], [ -72.61905, 46.347582 ] ] ] } },
{ "type": "Feature", "properties": { }, "geometry": { "type": "Polygon", "coordinates": [ [ [ -72.608948, 46.344395 ], [ -72.608948, 46.34448 ], [ -72.608774, 46.34448 ], [ -72.608774, 46.344395 ], [ -72.608948, 46.344395 ] ] ] } },
{ "type": "Feature", "properties": { }, "geometry": { "type": "Polygon", "coordinates": [ [ [ -72.604351, 46.340461 ], [ -72.604422, 46.34052 ], [ -72.604239, 46.340625 ], [ -72.604168, 46.340565 ], [ -72.604351, 46.340461 ] ] ] } },
{ "type": "Feature", "properties": { }, "geometry": { "type": "Polygon", "coordinates": [ [ [ -72.604881, 46.340902 ], [ -72.604739, 46.340803 ], [ -72.604816, 46.34075 ], [ -72.604959, 46.340848 ], [ -72.604881, 46.340902 ] ] ] } },
{ "type": "Feature", "properties": { }, "geometry": { "type": "Polygon", "coordinates": [ [ [ -72.59834, 46.345613 ], [ -72.59846, 46.345695 ], [ -72.598375, 46.345754 ], [ -72.598256, 46.345671 ], [ -72.59834, 46.345613 ] ] ] } },
{ "type": "Feature", "properties": { }, "geometry": { "type": "Polygon", "coordinates": [ [ [ -72.589511, 46.339761 ], [ -72.589475, 46.339836 ], [ -72.589323, 46.3398 ], [ -72.58936, 46.339725 ], [ -72.589511, 46.339761 ] ] ] } },
{ "type": "Feature", "properties": { }, "geometry": { "type": "Polygon", "coordinates": [ [ [ -72.594244, 46.34373 ], [ -72.594169, 46.343782 ], [ -72.594058, 46.343705 ], [ -72.594133, 46.343653 ], [ -72.594244, 46.34373 ] ] ] } },
{ "type": "Feature", "properties": { }, "geometry": { "type": "Polygon", "coordinates": [ [ [ -72.593907, 46.33833 ], [ -72.593907, 46.338299 ], [ -72.593842, 46.338299 ], [ -72.593842, 46.338221 ], [ -72.594, 46.338221 ], [ -72.594, 46.33833 ], [ -72.593907, 46.33833 ] ] ] } },
{ "type": "Feature", "properties": { }, "geometry": { "type": "Polygon", "coordinates": [ [ [ -72.609703, 46.340205 ], [ -72.609611, 46.340141 ], [ -72.609748, 46.340047 ], [ -72.60984, 46.340111 ], [ -72.609703, 46.340205 ] ] ] } },
{ "type": "Feature", "properties": { }, "geometry": { "type": "Polygon", "coordinates": [ [ [ -72.602786, 46.344031 ], [ -72.602679, 46.344078 ], [ -72.602557, 46.343945 ], [ -72.602664, 46.343898 ], [ -72.602786, 46.344031 ] ] ] } },
{ "type": "Feature", "properties": { }, "geometry": { "type": "Polygon", "coordinates": [ [ [ -72.601102, 46.345137 ], [ -72.600963, 46.345244 ], [ -72.600863, 46.345182 ], [ -72.601003, 46.345075 ], [ -72.601102, 46.345137 ] ] ] } },
{ "type": "Feature", "properties": { }, "geometry": { "type": "Polygon", "coordinates": [ [ [ -72.604885, 46.335348 ], [ -72.604857, 46.335436 ], [ -72.604696, 46.335411 ], [ -72.604724, 46.335324 ], [ -72.604885, 46.335348 ] ] ] } },
{ "type": "Feature", "properties": { }, "geometry": { "type": "Polygon", "coordinates": [ [ [ -72.589116, 46.339088 ], [ -72.588951, 46.339202 ], [ -72.588867, 46.339143 ], [ -72.589032, 46.339029 ], [ -72.589116, 46.339088 ] ] ] } },
{ "type": "Feature", "properties": { }, "geometry": { "type": "Polygon", "coordinates": [ [ [ -72.611067, 46.338972 ], [ -72.611193, 46.338954 ], [ -72.611233, 46.339085 ], [ -72.611107, 46.339103 ], [ -72.611067, 46.338972 ] ] ] } },
{ "type": "Feature", "properties": { }, "geometry": { "type": "Polygon", "coordinates": [ [ [ -72.611026, 46.350537 ], [ -72.610902, 46.350622 ], [ -72.610825, 46.350568 ], [ -72.610948, 46.350483 ], [ -72.611026, 46.350537 ] ] ] } },
{ "type": "Feature", "properties": { }, "geometry": { "type": "Polygon", "coordinates": [ [ [ -72.612774, 46.351699 ], [ -72.612922, 46.351755 ], [ -72.612859, 46.351835 ], [ -72.612711, 46.351779 ], [ -72.612774, 46.351699 ] ] ] } },
{ "type": "Feature", "properties": { }, "geometry": { "type": "Polygon", "coordinates": [ [ [ -72.611132, 46.340659 ], [ -72.611276, 46.340752 ], [ -72.611189, 46.340816 ], [ -72.611045, 46.340723 ], [ -72.611132, 46.340659 ] ] ] } },
{ "type": "Feature", "properties": { }, "geometry": { "type": "Polygon", "coordinates": [ [ [ -72.612782, 46.345438 ], [ -72.612703, 46.345436 ], [ -72.612706, 46.345365 ], [ -72.612947, 46.345369 ], [ -72.612943, 46.345465 ], [ -72.612781, 46.345462 ], [ -72.612782, 46.345438 ] ] ] } },
{ "type": "Feature", "properties": { }, "geometry": { "type": "Polygon", "coordinates": [ [ [ -72.616951, 46.346822 ], [ -72.616951, 46.346733 ], [ -72.617131, 46.346734 ], [ -72.61713, 46.346823 ], [ -72.616951, 46.346822 ] ] ] } },
{ "type": "Feature", "properties": { }, "geometry": { "type": "Polygon", "coordinates": [ [ [ -72.598327, 46.340762 ], [ -72.598347, 46.340673 ], [ -72.598568, 46.340696 ], [ -72.598549, 46.340785 ], [ -72.598327, 46.340762 ] ] ] } },
{ "type": "Feature", "properties": { }, "geometry": { "type": "Polygon", "coordinates": [ [ [ -72.616606, 46.351221 ], [ -72.616708, 46.351257 ], [ -72.616611, 46.351389 ], [ -72.616509, 46.351354 ], [ -72.616606, 46.351221 ] ] ] } },
{ "type": "Feature", "properties": { }, "geometry": { "type": "Polygon", "coordinates": [ [ [ -72.614344, 46.351956 ], [ -72.614173, 46.3519 ], [ -72.614219, 46.351832 ], [ -72.614391, 46.351888 ], [ -72.614344, 46.351956 ] ] ] } },
{ "type": "Feature", "properties": { }, "geometry": { "type": "Polygon", "coordinates": [ [ [ -72.617376, 46.342664 ], [ -72.617517, 46.342689 ], [ -72.617461, 46.34284 ], [ -72.61732, 46.342816 ], [ -72.617376, 46.342664 ] ] ] } },
{ "type": "Feature", "properties": { }, "geometry": { "type": "Polygon", "coordinates": [ [ [ -72.610019, 46.345622 ], [ -72.609892, 46.345622 ], [ -72.609892, 46.345467 ], [ -72.610019, 46.345467 ], [ -72.610019, 46.345622 ] ] ] } },
{ "type": "Feature", "properties": { }, "geometry": { "type": "Polygon", "coordinates": [ [ [ -72.600304, 46.340777 ], [ -72.600304, 46.340699 ], [ -72.600515, 46.340699 ], [ -72.600515, 46.340777 ], [ -72.600304, 46.340777 ] ] ] } },
{ "type": "Feature", "properties": { }, "geometry": { "type": "Polygon", "coordinates": [ [ [ -72.608409, 46.340999 ], [ -72.608329, 46.340943 ], [ -72.608437, 46.340868 ], [ -72.608518, 46.340924 ], [ -72.608409, 46.340999 ] ] ] } },
{ "type": "Feature", "properties": { }, "geometry": { "type": "Polygon", "coordinates": [ [ [ -72.599232, 46.332505 ], [ -72.599161, 46.332555 ], [ -72.599047, 46.332477 ], [ -72.599118, 46.332427 ], [ -72.599232, 46.332505 ] ] ] } },
{ "type": "Feature", "properties": { }, "geometry": { "type": "Polygon", "coordinates": [ [ [ -72.603352, 46.335959 ], [ -72.603441, 46.336021 ], [ -72.603279, 46.336133 ], [ -72.60319, 46.336071 ], [ -72.603352, 46.335959 ] ] ] } },
{ "type": "Feature", "properties": { }, "geometry": { "type": "Polygon", "coordinates": [ [ [ -72.596232, 46.335984 ], [ -72.596385, 46.335984 ], [ -72.596385, 46.33606 ], [ -72.596232, 46.33606 ], [ -72.596232, 46.335984 ] ] ] } },
{ "type": "Feature", "properties": { }, "geometry": { "type": "Polygon", "coordinates": [ [ [ -72.614435, 46.348286 ], [ -72.61433, 46.348243 ], [ -72.614408, 46.348153 ], [ -72.614513, 46.348197 ], [ -72.614435, 46.348286 ] ] ] } },
{ "type": "Feature", "properties": { }, "geometry": { "type": "Polygon", "coordinates": [ [ [ -72.604168, 46.348478 ], [ -72.604074, 46.348396 ], [ -72.604167, 46.348345 ], [ -72.604261, 46.348428 ], [ -72.604168, 46.348478 ] ] ] } },
{ "type": "Feature", "properties": { }, "geometry": { "type": "Polygon", "coordinates": [ [ [ -72.599928, 46.34545 ], [ -72.599845, 46.345393 ], [ -72.599979, 46.3453 ], [ -72.600062, 46.345358 ], [ -72.599928, 46.34545 ] ] ] } },
{ "type": "Feature", "properties": { }, "geometry": { "type": "Polygon", "coordinates": [ [ [ -72.610921, 46.338286 ], [ -72.610829, 46.338416 ], [ -72.610671, 46.338363 ], [ -72.610763, 46.338233 ], [ -72.610921, 46.338286 ] ] ] } },
{ "type": "Feature", "properties": { }, "geometry": { "type": "Polygon", "coordinates": [ [ [ -72.597631, 46.336595 ], [ -72.597673, 46.336561 ], [ -72.597623, 46.336532 ], [ -72.59769, 46.336477 ], [ -72.597856, 46.336573 ], [ -72.597785, 46.336632 ], [ -72.597727, 46.336598 ], [ -72.59769, 46.336629 ], [ -72.597631, 46.336595 ] ] ] } },
{ "type": "Feature", "properties": { }, "geometry": { "type": "Polygon", "coordinates": [ [ [ -72.592325, 46.341313 ], [ -72.592442, 46.341393 ], [ -72.592364, 46.341447 ], [ -72.592248, 46.341366 ], [ -72.592325, 46.341313 ] ] ] } },
{ "type": "Feature", "properties": { }, "geometry": { "type": "Polygon", "coordinates": [ [ [ -72.592351, 46.342336 ], [ -72.592266, 46.342394 ], [ -72.592101, 46.34228 ], [ -72.592186, 46.342222 ], [ -72.592351, 46.342336 ] ] ] } },
{ "type": "Feature", "properties": { }, "geometry": { "type": "Polygon", "coordinates": [ [ [ -72.597619, 46.335256 ], [ -72.597536, 46.335314 ], [ -72.59738, 46.335206 ], [ -72.597463, 46.335149 ], [ -72.597619, 46.335256 ] ] ] } },
{ "type": "Feature", "properties": { }, "geometry": { "type": "Polygon", "coordinates": [ [ [ -72.614361, 46.34421 ], [ -72.61449, 46.34421 ], [ -72.61449, 46.344345 ], [ -72.614361, 46.344345 ], [ -72.614361, 46.34421 ] ] ] } },
{ "type": "Feature", "properties": { }, "geometry": { "type": "Polygon", "coordinates": [ [ [ -72.618155, 46.346814 ], [ -72.618022, 46.34681 ], [ -72.618028, 46.346704 ], [ -72.618162, 46.346707 ], [ -72.618155, 46.346814 ] ] ] } },
{ "type": "Feature", "properties": { }, "geometry": { "type": "Polygon", "coordinates": [ [ [ -72.605769, 46.34091 ], [ -72.605908, 46.341002 ], [ -72.605831, 46.341058 ], [ -72.605691, 46.340966 ], [ -72.605769, 46.34091 ] ] ] } },
{ "type": "Feature", "properties": { }, "geometry": { "type": "Polygon", "coordinates": [ [ [ -72.605228, 46.342961 ], [ -72.60521, 46.34305 ], [ -72.605076, 46.343037 ], [ -72.605094, 46.342948 ], [ -72.605228, 46.342961 ] ] ] } },
{ "type": "Feature", "properties": { }, "geometry": { "type": "Polygon", "coordinates": [ [ [ -72.600351, 46.335686 ], [ -72.600306, 46.335648 ], [ -72.600331, 46.335634 ], [ -72.600297, 46.335604 ], [ -72.600374, 46.335561 ], [ -72.600454, 46.335628 ], [ -72.600351, 46.335686 ] ] ] } },
{ "type": "Feature", "properties": { }, "geometry": { "type": "Polygon", "coordinates": [ [ [ -72.598586, 46.339092 ], [ -72.598454, 46.339178 ], [ -72.59847, 46.33919 ], [ -72.598411, 46.339229 ], [ -72.598311, 46.339156 ], [ -72.598502, 46.339031 ], [ -72.598586, 46.339092 ] ] ] } },
{ "type": "Feature", "properties": { }, "geometry": { "type": "Polygon", "coordinates": [ [ [ -72.593319, 46.339893 ], [ -72.593445, 46.339982 ], [ -72.593375, 46.340029 ], [ -72.593249, 46.33994 ], [ -72.593319, 46.339893 ] ] ] } },
{ "type": "Feature", "properties": { }, "geometry": { "type": "Polygon", "coordinates": [ [ [ -72.595771, 46.337738 ], [ -72.595771, 46.337664 ], [ -72.595867, 46.337664 ], [ -72.595867, 46.337738 ], [ -72.595771, 46.337738 ] ] ] } },
{ "type": "Feature", "properties": { }, "geometry": { "type": "Polygon", "coordinates": [ [ [ -72.612138, 46.351203 ], [ -72.612051, 46.35114 ], [ -72.612227, 46.351024 ], [ -72.612315, 46.351087 ], [ -72.612138, 46.351203 ] ] ] } },
{ "type": "Feature", "properties": { }, "geometry": { "type": "Polygon", "coordinates": [ [ [ -72.614219, 46.340788 ], [ -72.614329, 46.340858 ], [ -72.614156, 46.340989 ], [ -72.614046, 46.340919 ], [ -72.614219, 46.340788 ] ] ] } },
{ "type": "Feature", "properties": { }, "geometry": { "type": "Polygon", "coordinates": [ [ [ -72.616378, 46.342495 ], [ -72.616448, 46.342495 ], [ -72.616448, 46.342471 ], [ -72.61653, 46.342471 ], [ -72.61653, 46.342617 ], [ -72.616461, 46.342617 ], [ -72.616461, 46.342588 ], [ -72.616378, 46.342588 ], [ -72.616378, 46.342495 ] ] ] } },
{ "type": "Feature", "properties": { }, "geometry": { "type": "Polygon", "coordinates": [ [ [ -72.600152, 46.346906 ], [ -72.600039, 46.34698 ], [ -72.599957, 46.34692 ], [ -72.600071, 46.346846 ], [ -72.600152, 46.346906 ] ] ] } },
{ "type": "Feature", "properties": { }, "geometry": { "type": "Polygon", "coordinates": [ [ [ -72.599278, 46.334268 ], [ -72.599121, 46.334377 ], [ -72.599046, 46.334325 ], [ -72.599203, 46.334216 ], [ -72.599278, 46.334268 ] ] ] } },
{ "type": "Feature", "properties": { }, "geometry": { "type": "Polygon", "coordinates": [ [ [ -72.592033, 46.337391 ], [ -72.592104, 46.33744 ], [ -72.591987, 46.33752 ], [ -72.591916, 46.337471 ], [ -72.592033, 46.337391 ] ] ] } },
{ "type": "Feature", "properties": { }, "geometry": { "type": "Polygon", "coordinates": [ [ [ -72.593909, 46.338051 ], [ -72.593998, 46.338051 ], [ -72.593998, 46.33816 ], [ -72.593842, 46.33816 ], [ -72.593842, 46.338088 ], [ -72.593909, 46.338088 ], [ -72.593909, 46.338051 ] ] ] } },
{ "type": "Feature", "properties": { }, "geometry": { "type": "Polygon", "coordinates": [ [ [ -72.591743, 46.339124 ], [ -72.591576, 46.339228 ], [ -72.591503, 46.339172 ], [ -72.59167, 46.339068 ], [ -72.591743, 46.339124 ] ] ] } },
{ "type": "Feature", "properties": { }, "geometry": { "type": "Polygon", "coordinates": [ [ [ -72.608024, 46.341263 ], [ -72.607928, 46.341196 ], [ -72.608058, 46.341106 ], [ -72.608154, 46.341173 ], [ -72.608024, 46.341263 ] ] ] } },
{ "type": "Feature", "properties": { }, "geometry": { "type": "Polygon", "coordinates": [ [ [ -72.608361, 46.342158 ], [ -72.608219, 46.34206 ], [ -72.608309, 46.341998 ], [ -72.608451, 46.342096 ], [ -72.608361, 46.342158 ] ] ] } },
{ "type": "Feature", "properties": { }, "geometry": { "type": "Polygon", "coordinates": [ [ [ -72.606431, 46.338581 ], [ -72.606335, 46.338515 ], [ -72.606461, 46.338428 ], [ -72.606557, 46.338494 ], [ -72.606431, 46.338581 ] ] ] } },
{ "type": "Feature", "properties": { }, "geometry": { "type": "Polygon", "coordinates": [ [ [ -72.592144, 46.337309 ], [ -72.592031, 46.337307 ], [ -72.592034, 46.337191 ], [ -72.59215, 46.337192 ], [ -72.592148, 46.337227 ], [ -72.592207, 46.337228 ], [ -72.592206, 46.337284 ], [ -72.592145, 46.337283 ], [ -72.592144, 46.337309 ] ] ] } },
{ "type": "Feature", "properties": { }, "geometry": { "type": "Polygon", "coordinates": [ [ [ -72.61621, 46.3502 ], [ -72.616343, 46.350244 ], [ -72.616283, 46.350331 ], [ -72.61615, 46.350287 ], [ -72.61621, 46.3502 ] ] ] } },
{ "type": "Feature", "properties": { }, "geometry": { "type": "Polygon", "coordinates": [ [ [ -72.609284, 46.342619 ], [ -72.609422, 46.342713 ], [ -72.609336, 46.342774 ], [ -72.609197, 46.34268 ], [ -72.609284, 46.342619 ] ] ] } },
{ "type": "Feature", "properties": { }, "geometry": { "type": "Polygon", "coordinates": [ [ [ -72.600174, 46.343396 ], [ -72.600047, 46.343309 ], [ -72.600133, 46.343249 ], [ -72.600199, 46.343295 ], [ -72.600231, 46.343273 ], [ -72.600292, 46.343314 ], [ -72.600174, 46.343396 ] ] ] } },
{ "type": "Feature", "properties": { }, "geometry": { "type": "Polygon", "coordinates": [ [ [ -72.59869, 46.343577 ], [ -72.598578, 46.343655 ], [ -72.598502, 46.343603 ], [ -72.598615, 46.343525 ], [ -72.59869, 46.343577 ] ] ] } },
{ "type": "Feature", "properties": { }, "geometry": { "type": "Polygon", "coordinates": [ [ [ -72.600302, 46.344292 ], [ -72.600211, 46.344354 ], [ -72.600062, 46.344249 ], [ -72.600153, 46.344187 ], [ -72.600302, 46.344292 ] ] ] } },
{ "type": "Feature", "properties": { }, "geometry": { "type": "Polygon", "coordinates": [ [ [ -72.591591, 46.338728 ], [ -72.591509, 46.338673 ], [ -72.591673, 46.338554 ], [ -72.591756, 46.338608 ], [ -72.591591, 46.338728 ] ] ] } },
{ "type": "Feature", "properties": { }, "geometry": { "type": "Polygon", "coordinates": [ [ [ -72.611171, 46.350768 ], [ -72.611264, 46.350806 ], [ -72.611176, 46.350911 ], [ -72.611083, 46.350874 ], [ -72.611171, 46.350768 ] ] ] } },
{ "type": "Feature", "properties": { }, "geometry": { "type": "Polygon", "coordinates": [ [ [ -72.609702, 46.34442 ], [ -72.609533, 46.344457 ], [ -72.609501, 46.344386 ], [ -72.609669, 46.34435 ], [ -72.609702, 46.34442 ] ] ] } },
{ "type": "Feature", "properties": { }, "geometry": { "type": "Polygon", "coordinates": [ [ [ -72.613312, 46.345122 ], [ -72.613433, 46.345122 ], [ -72.613433, 46.345252 ], [ -72.613312, 46.345252 ], [ -72.613312, 46.345122 ] ] ] } },
{ "type": "Feature", "properties": { }, "geometry": { "type": "Polygon", "coordinates": [ [ [ -72.599459, 46.340106 ], [ -72.599314, 46.340104 ], [ -72.599316, 46.340034 ], [ -72.599281, 46.340034 ], [ -72.599283, 46.339967 ], [ -72.599462, 46.339969 ], [ -72.599459, 46.340106 ] ] ] } },
{ "type": "Feature", "properties": { }, "geometry": { "type": "Polygon", "coordinates": [ [ [ -72.606647, 46.348253 ], [ -72.606572, 46.348201 ], [ -72.606686, 46.348123 ], [ -72.606761, 46.348175 ], [ -72.606647, 46.348253 ] ] ] } },
{ "type": "Feature", "properties": { }, "geometry": { "type": "Polygon", "coordinates": [ [ [ -72.613422, 46.345046 ], [ -72.61331, 46.345046 ], [ -72.61331, 46.344937 ], [ -72.613422, 46.344937 ], [ -72.613422, 46.345046 ] ] ] } },
{ "type": "Feature", "properties": { }, "geometry": { "type": "Polygon", "coordinates": [ [ [ -72.600316, 46.343381 ], [ -72.600424, 46.343458 ], [ -72.600333, 46.343519 ], [ -72.600224, 46.343442 ], [ -72.600316, 46.343381 ] ] ] } },
{ "type": "Feature", "properties": { }, "geometry": { "type": "Polygon", "coordinates": [ [ [ -72.601108, 46.332556 ], [ -72.601085, 46.332621 ], [ -72.600933, 46.332596 ], [ -72.600956, 46.33253 ], [ -72.601108, 46.332556 ] ] ] } },
{ "type": "Feature", "properties": { }, "geometry": { "type": "Polygon", "coordinates": [ [ [ -72.590217, 46.339554 ], [ -72.590324, 46.339628 ], [ -72.590279, 46.339659 ], [ -72.590253, 46.339641 ], [ -72.590153, 46.339711 ], [ -72.590071, 46.339654 ], [ -72.590217, 46.339554 ] ] ] } },
{ "type": "Feature", "properties": { }, "geometry": { "type": "Polygon", "coordinates": [ [ [ -72.596933, 46.342037 ], [ -72.596884, 46.342002 ], [ -72.596962, 46.341949 ], [ -72.597084, 46.342033 ], [ -72.59697, 46.342112 ], [ -72.596897, 46.342062 ], [ -72.596933, 46.342037 ] ] ] } },
{ "type": "Feature", "properties": { }, "geometry": { "type": "Polygon", "coordinates": [ [ [ -72.591364, 46.334325 ], [ -72.591364, 46.334499 ], [ -72.591283, 46.334499 ], [ -72.591283, 46.334348084622157 ], [ -72.591305761537356, 46.334325 ], [ -72.591364, 46.334325 ] ] ] } },
{ "type": "Feature", "properties": { }, "geometry": { "type": "Polygon", "coordinates": [ [ [ -72.590997, 46.33487 ], [ -72.591359, 46.335031 ], [ -72.591044, 46.335367 ], [ -72.590683, 46.335206 ], [ -72.590997, 46.33487 ] ] ] } },
{ "type": "Feature", "properties": { }, "geometry": { "type": "Polygon", "coordinates": [ [ [ -72.610888, 46.349434 ], [ -72.610969, 46.349491 ], [ -72.610851, 46.349572 ], [ -72.61077, 46.349516 ], [ -72.610888, 46.349434 ] ] ] } },
{ "type": "Feature", "properties": { }, "geometry": { "type": "Polygon", "coordinates": [ [ [ -72.609482, 46.349771 ], [ -72.609387, 46.349837 ], [ -72.609262, 46.349751 ], [ -72.609357, 46.349685 ], [ -72.609482, 46.349771 ] ] ] } },
{ "type": "Feature", "properties": { }, "geometry": { "type": "Polygon", "coordinates": [ [ [ -72.609318, 46.352739 ], [ -72.609109, 46.352886 ], [ -72.609009, 46.352819 ], [ -72.609219, 46.352672 ], [ -72.609318, 46.352739 ] ] ] } },
{ "type": "Feature", "properties": { }, "geometry": { "type": "Polygon", "coordinates": [ [ [ -72.602976, 46.349144 ], [ -72.602881, 46.349237 ], [ -72.602685, 46.349142 ], [ -72.60278, 46.349049 ], [ -72.602976, 46.349144 ] ] ] } },
{ "type": "Feature", "properties": { }, "geometry": { "type": "Polygon", "coordinates": [ [ [ -72.607315, 46.339391 ], [ -72.607389, 46.339461 ], [ -72.607254, 46.33953 ], [ -72.60718, 46.33946 ], [ -72.607315, 46.339391 ] ] ] } },
{ "type": "Feature", "properties": { }, "geometry": { "type": "Polygon", "coordinates": [ [ [ -72.604333, 46.342569 ], [ -72.60425, 46.342513 ], [ -72.604408, 46.342401 ], [ -72.604491, 46.342457 ], [ -72.604333, 46.342569 ] ] ] } },
{ "type": "Feature", "properties": { }, "geometry": { "type": "Polygon", "coordinates": [ [ [ -72.60197, 46.344063 ], [ -72.602125, 46.344169 ], [ -72.602041, 46.344227 ], [ -72.601887, 46.344121 ], [ -72.60197, 46.344063 ] ] ] } },
{ "type": "Feature", "properties": { }, "geometry": { "type": "Polygon", "coordinates": [ [ [ -72.595502, 46.340827 ], [ -72.595587, 46.340885 ], [ -72.595466, 46.340968 ], [ -72.595382, 46.34091 ], [ -72.595502, 46.340827 ] ] ] } },
{ "type": "Feature", "properties": { }, "geometry": { "type": "Polygon", "coordinates": [ [ [ -72.617606, 46.348215 ], [ -72.617508, 46.348319 ], [ -72.617407, 46.348273 ], [ -72.617505, 46.34817 ], [ -72.617606, 46.348215 ] ] ] } },
{ "type": "Feature", "properties": { }, "geometry": { "type": "Polygon", "coordinates": [ [ [ -72.616958, 46.349333 ], [ -72.616901, 46.349416 ], [ -72.616781, 46.349377 ], [ -72.616838, 46.349293 ], [ -72.616958, 46.349333 ] ] ] } },
{ "type": "Feature", "properties": { }, "geometry": { "type": "Polygon", "coordinates": [ [ [ -72.60921, 46.350043 ], [ -72.609308, 46.35011 ], [ -72.609229, 46.350165 ], [ -72.609131, 46.350097 ], [ -72.60921, 46.350043 ] ] ] } },
{ "type": "Feature", "properties": { }, "geometry": { "type": "Polygon", "coordinates": [ [ [ -72.60971, 46.343963 ], [ -72.609704, 46.344036 ], [ -72.609472, 46.344027 ], [ -72.609478, 46.343954 ], [ -72.60971, 46.343963 ] ] ] } },
{ "type": "Feature", "properties": { }, "geometry": { "type": "Polygon", "coordinates": [ [ [ -72.608852, 46.344132 ], [ -72.608667, 46.344132 ], [ -72.608667, 46.344063 ], [ -72.608852, 46.344063 ], [ -72.608852, 46.344132 ] ] ] } },
{ "type": "Feature", "properties": { }, "geometry": { "type": "Polygon", "coordinates": [ [ [ -72.599174, 46.343136 ], [ -72.599249, 46.343187 ], [ -72.599137, 46.343266 ], [ -72.599062, 46.343215 ], [ -72.599174, 46.343136 ] ] ] } },
{ "type": "Feature", "properties": { }, "geometry": { "type": "Polygon", "coordinates": [ [ [ -72.61235, 46.338946 ], [ -72.61247, 46.339028 ], [ -72.612383, 46.339089 ], [ -72.612262, 46.339006 ], [ -72.61235, 46.338946 ] ] ] } },
{ "type": "Feature", "properties": { }, "geometry": { "type": "Polygon", "coordinates": [ [ [ -72.59815, 46.332935 ], [ -72.598078, 46.332884 ], [ -72.598261, 46.332761 ], [ -72.598333, 46.332812 ], [ -72.59815, 46.332935 ] ] ] } },
{ "type": "Feature", "properties": { }, "geometry": { "type": "Polygon", "coordinates": [ [ [ -72.60098, 46.334164 ], [ -72.601087, 46.33409 ], [ -72.601237, 46.334193 ], [ -72.60113, 46.334267 ], [ -72.60098, 46.334164 ] ] ] } },
{ "type": "Feature", "properties": { }, "geometry": { "type": "Polygon", "coordinates": [ [ [ -72.598725, 46.336062 ], [ -72.598848, 46.336096 ], [ -72.598765, 46.336244 ], [ -72.598641, 46.33621 ], [ -72.598725, 46.336062 ] ] ] } },
{ "type": "Feature", "properties": { }, "geometry": { "type": "Polygon", "coordinates": [ [ [ -72.604132, 46.338025 ], [ -72.60404, 46.338091 ], [ -72.603874, 46.337981 ], [ -72.603984, 46.337902 ], [ -72.604043, 46.337941 ], [ -72.604025, 46.337954 ], [ -72.604132, 46.338025 ] ] ] } },
{ "type": "Feature", "properties": { }, "geometry": { "type": "Polygon", "coordinates": [ [ [ -72.591716, 46.337309 ], [ -72.591667, 46.337343 ], [ -72.591627, 46.337316 ], [ -72.591549, 46.337369 ], [ -72.591468, 46.337314 ], [ -72.591596, 46.337226 ], [ -72.591716, 46.337309 ] ] ] } },
{ "type": "Feature", "properties": { }, "geometry": { "type": "Polygon", "coordinates": [ [ [ -72.609933, 46.34927 ], [ -72.609804, 46.349172 ], [ -72.609895, 46.349115 ], [ -72.610024, 46.349213 ], [ -72.609933, 46.34927 ] ] ] } },
{ "type": "Feature", "properties": { }, "geometry": { "type": "Polygon", "coordinates": [ [ [ -72.616821, 46.343116 ], [ -72.616901, 46.343041 ], [ -72.617061, 46.343122 ], [ -72.616982, 46.343197 ], [ -72.616821, 46.343116 ] ] ] } },
{ "type": "Feature", "properties": { }, "geometry": { "type": "Polygon", "coordinates": [ [ [ -72.600304, 46.341508 ], [ -72.600481, 46.341508 ], [ -72.600481, 46.341591 ], [ -72.600304, 46.341591 ], [ -72.600304, 46.341508 ] ] ] } },
{ "type": "Feature", "properties": { }, "geometry": { "type": "Polygon", "coordinates": [ [ [ -72.599772, 46.346754 ], [ -72.599652, 46.346663 ], [ -72.59975, 46.346601 ], [ -72.599871, 46.346692 ], [ -72.599772, 46.346754 ] ] ] } },
{ "type": "Feature", "properties": { }, "geometry": { "type": "Polygon", "coordinates": [ [ [ -72.6048, 46.338048 ], [ -72.604885, 46.338007 ], [ -72.604996, 46.338116 ], [ -72.604912, 46.338157 ], [ -72.6048, 46.338048 ] ] ] } },
{ "type": "Feature", "properties": { }, "geometry": { "type": "Polygon", "coordinates": [ [ [ -72.593395, 46.34146 ], [ -72.593355, 46.341487 ], [ -72.593238, 46.341402 ], [ -72.593354, 46.341326 ], [ -72.593435, 46.341384 ], [ -72.593359, 46.341433 ], [ -72.593395, 46.34146 ] ] ] } },
{ "type": "Feature", "properties": { }, "geometry": { "type": "Polygon", "coordinates": [ [ [ -72.592141, 46.335481 ], [ -72.592204, 46.335436 ], [ -72.592237, 46.335458 ], [ -72.59237, 46.335364 ], [ -72.592482, 46.335439 ], [ -72.592286, 46.335578 ], [ -72.592141, 46.335481 ] ] ] } },
{ "type": "Feature", "properties": { }, "geometry": { "type": "Polygon", "coordinates": [ [ [ -72.612188, 46.34854 ], [ -72.612272, 46.348598 ], [ -72.61216, 46.348674 ], [ -72.612077, 46.348617 ], [ -72.612188, 46.34854 ] ] ] } },
{ "type": "Feature", "properties": { }, "geometry": { "type": "Polygon", "coordinates": [ [ [ -72.613406, 46.352024 ], [ -72.613249, 46.351974 ], [ -72.613304, 46.351892 ], [ -72.613461, 46.351942 ], [ -72.613406, 46.352024 ] ] ] } },
{ "type": "Feature", "properties": { }, "geometry": { "type": "Polygon", "coordinates": [ [ [ -72.615192, 46.345694 ], [ -72.615114, 46.345781 ], [ -72.614934, 46.345703 ], [ -72.615013, 46.345617 ], [ -72.615192, 46.345694 ] ] ] } },
{ "type": "Feature", "properties": { }, "geometry": { "type": "Polygon", "coordinates": [ [ [ -72.603547, 46.342804 ], [ -72.603456, 46.342836 ], [ -72.603323, 46.342655 ], [ -72.603482, 46.342599 ], [ -72.603527, 46.34266 ], [ -72.603459, 46.342684 ], [ -72.603547, 46.342804 ] ] ] } },
{ "type": "Feature", "properties": { }, "geometry": { "type": "Polygon", "coordinates": [ [ [ -72.60669, 46.346666 ], [ -72.606776, 46.346769 ], [ -72.606686, 46.346805 ], [ -72.6066, 46.346702 ], [ -72.60669, 46.346666 ] ] ] } },
{ "type": "Feature", "properties": { }, "geometry": { "type": "Polygon", "coordinates": [ [ [ -72.604867, 46.337487 ], [ -72.605024, 46.337595 ], [ -72.604934, 46.337657 ], [ -72.604778, 46.337549 ], [ -72.604867, 46.337487 ] ] ] } },
{ "type": "Feature", "properties": { }, "geometry": { "type": "Polygon", "coordinates": [ [ [ -72.603988, 46.338552 ], [ -72.604109, 46.338461 ], [ -72.604238, 46.338543 ], [ -72.604156, 46.338605 ], [ -72.604079, 46.338556 ], [ -72.60404, 46.338585 ], [ -72.603988, 46.338552 ] ] ] } },
{ "type": "Feature", "properties": { }, "geometry": { "type": "Polygon", "coordinates": [ [ [ -72.612651, 46.347536 ], [ -72.612591, 46.347612 ], [ -72.612421, 46.347548 ], [ -72.612481, 46.347472 ], [ -72.612651, 46.347536 ] ] ] } },
{ "type": "Feature", "properties": { }, "geometry": { "type": "Polygon", "coordinates": [ [ [ -72.613114, 46.350749 ], [ -72.612867, 46.35075 ], [ -72.612867, 46.350656 ], [ -72.613113, 46.350655 ], [ -72.613114, 46.350749 ] ] ] } },
{ "type": "Feature", "properties": { }, "geometry": { "type": "Polygon", "coordinates": [ [ [ -72.61917, 46.34522 ], [ -72.619299, 46.345228 ], [ -72.619289, 46.345309 ], [ -72.61916, 46.345301 ], [ -72.61917, 46.34522 ] ] ] } },
{ "type": "Feature", "properties": { }, "geometry": { "type": "Polygon", "coordinates": [ [ [ -72.598923, 46.339895 ], [ -72.598821, 46.339878 ], [ -72.598879, 46.339708 ], [ -72.59902, 46.339731 ], [ -72.598992, 46.339814 ], [ -72.598954, 46.339807 ], [ -72.598923, 46.339895 ] ] ] } },
{ "type": "Feature", "properties": { }, "geometry": { "type": "Polygon", "coordinates": [ [ [ -72.60823, 46.341105 ], [ -72.608153, 46.341089 ], [ -72.608204, 46.340969 ], [ -72.60835, 46.340998 ], [ -72.608322, 46.341064 ], [ -72.608253, 46.34105 ], [ -72.60823, 46.341105 ] ] ] } },
{ "type": "Feature", "properties": { }, "geometry": { "type": "Polygon", "coordinates": [ [ [ -72.602142, 46.345233 ], [ -72.602023, 46.34515 ], [ -72.602109, 46.345091 ], [ -72.602228, 46.345173 ], [ -72.602142, 46.345233 ] ] ] } },
{ "type": "Feature", "properties": { }, "geometry": { "type": "Polygon", "coordinates": [ [ [ -72.601528, 46.33875 ], [ -72.601445, 46.338807 ], [ -72.601326, 46.338725 ], [ -72.601409, 46.338667 ], [ -72.601528, 46.33875 ] ] ] } },
{ "type": "Feature", "properties": { }, "geometry": { "type": "Polygon", "coordinates": [ [ [ -72.611221, 46.349369 ], [ -72.611108, 46.349274 ], [ -72.611219, 46.349211 ], [ -72.611296, 46.349275 ], [ -72.61123, 46.349312 ], [ -72.611267, 46.349343 ], [ -72.611221, 46.349369 ] ] ] } },
{ "type": "Feature", "properties": { }, "geometry": { "type": "Polygon", "coordinates": [ [ [ -72.61007, 46.351201 ], [ -72.610047, 46.351185 ], [ -72.610004, 46.351215 ], [ -72.609933, 46.351166 ], [ -72.61004, 46.351091 ], [ -72.610134, 46.351156 ], [ -72.61007, 46.351201 ] ] ] } },
{ "type": "Feature", "properties": { }, "geometry": { "type": "Polygon", "coordinates": [ [ [ -72.612487, 46.353463 ], [ -72.612701, 46.353528 ], [ -72.612634, 46.353632 ], [ -72.61242, 46.353566 ], [ -72.612487, 46.353463 ] ] ] } },
{ "type": "Feature", "properties": { }, "geometry": { "type": "Polygon", "coordinates": [ [ [ -72.600588, 46.347883 ], [ -72.600469, 46.347965 ], [ -72.600326, 46.347867 ], [ -72.600446, 46.347785 ], [ -72.600588, 46.347883 ] ] ] } },
{ "type": "Feature", "properties": { }, "geometry": { "type": "Polygon", "coordinates": [ [ [ -72.611368, 46.341774 ], [ -72.611592, 46.341926 ], [ -72.611499, 46.341991 ], [ -72.611276, 46.341839 ], [ -72.611368, 46.341774 ] ] ] } },
{ "type": "Feature", "properties": { }, "geometry": { "type": "Polygon", "coordinates": [ [ [ -72.606446, 46.341902 ], [ -72.606282, 46.341789 ], [ -72.606367, 46.341731 ], [ -72.60653, 46.341844 ], [ -72.606446, 46.341902 ] ] ] } },
{ "type": "Feature", "properties": { }, "geometry": { "type": "Polygon", "coordinates": [ [ [ -72.60764, 46.342205 ], [ -72.60746, 46.342092 ], [ -72.607549, 46.342024 ], [ -72.60773, 46.342137 ], [ -72.60764, 46.342205 ] ] ] } },
{ "type": "Feature", "properties": { }, "geometry": { "type": "Polygon", "coordinates": [ [ [ -72.60651, 46.335713 ], [ -72.606427, 46.335645 ], [ -72.60659, 46.33555 ], [ -72.606673, 46.335618 ], [ -72.60651, 46.335713 ] ] ] } },
{ "type": "Feature", "properties": { }, "geometry": { "type": "Polygon", "coordinates": [ [ [ -72.595443, 46.342459 ], [ -72.595369, 46.342407 ], [ -72.595523, 46.342304 ], [ -72.595596, 46.342357 ], [ -72.595443, 46.342459 ] ] ] } },
{ "type": "Feature", "properties": { }, "geometry": { "type": "Polygon", "coordinates": [ [ [ -72.596786, 46.342331 ], [ -72.596903, 46.342414 ], [ -72.596818, 46.34247 ], [ -72.596702, 46.342386 ], [ -72.596786, 46.342331 ] ] ] } },
{ "type": "Feature", "properties": { }, "geometry": { "type": "Polygon", "coordinates": [ [ [ -72.597524, 46.345035 ], [ -72.59762, 46.345104 ], [ -72.597527, 46.345165 ], [ -72.597432, 46.345095 ], [ -72.597524, 46.345035 ] ] ] } },
{ "type": "Feature", "properties": { }, "geometry": { "type": "Polygon", "coordinates": [ [ [ -72.594041, 46.33419 ], [ -72.593944, 46.334126 ], [ -72.594054, 46.334047 ], [ -72.594151, 46.33411 ], [ -72.594041, 46.33419 ] ] ] } },
{ "type": "Feature", "properties": { }, "geometry": { "type": "Polygon", "coordinates": [ [ [ -72.590016, 46.338394 ], [ -72.58986, 46.338502 ], [ -72.589771, 46.33844 ], [ -72.589926, 46.338332 ], [ -72.590016, 46.338394 ] ] ] } },
{ "type": "Feature", "properties": { }, "geometry": { "type": "Polygon", "coordinates": [ [ [ -72.613332, 46.347351 ], [ -72.613222, 46.347348 ], [ -72.613228, 46.347234 ], [ -72.613338, 46.347237 ], [ -72.613332, 46.347351 ] ] ] } },
{ "type": "Feature", "properties": { }, "geometry": { "type": "Polygon", "coordinates": [ [ [ -72.613333, 46.352666 ], [ -72.613276, 46.352748 ], [ -72.613119, 46.352696 ], [ -72.613176, 46.352615 ], [ -72.613333, 46.352666 ] ] ] } },
{ "type": "Feature", "properties": { }, "geometry": { "type": "Polygon", "coordinates": [ [ [ -72.610994, 46.35435 ], [ -72.610906, 46.354469 ], [ -72.610703, 46.354398 ], [ -72.61079, 46.354279 ], [ -72.610994, 46.35435 ] ] ] } },
{ "type": "Feature", "properties": { }, "geometry": { "type": "Polygon", "coordinates": [ [ [ -72.607057, 46.351223 ], [ -72.606929, 46.351312 ], [ -72.606781, 46.35121 ], [ -72.60691, 46.351121 ], [ -72.607057, 46.351223 ] ] ] } },
{ "type": "Feature", "properties": { }, "geometry": { "type": "Polygon", "coordinates": [ [ [ -72.603756, 46.338359 ], [ -72.603638, 46.338281 ], [ -72.603717, 46.338224 ], [ -72.603835, 46.338302 ], [ -72.603756, 46.338359 ] ] ] } },
{ "type": "Feature", "properties": { }, "geometry": { "type": "Polygon", "coordinates": [ [ [ -72.596637, 46.337725 ], [ -72.596428, 46.337725 ], [ -72.596428, 46.337638 ], [ -72.596637, 46.337638 ], [ -72.596637, 46.337725 ] ] ] } },
{ "type": "Feature", "properties": { }, "geometry": { "type": "Polygon", "coordinates": [ [ [ -72.612828, 46.352494 ], [ -72.61278, 46.352568 ], [ -72.612624, 46.352521 ], [ -72.612672, 46.352446 ], [ -72.612828, 46.352494 ] ] ] } },
{ "type": "Feature", "properties": { }, "geometry": { "type": "Polygon", "coordinates": [ [ [ -72.605973, 46.347075 ], [ -72.60605, 46.347182 ], [ -72.605937, 46.347221 ], [ -72.60586, 46.347114 ], [ -72.605973, 46.347075 ] ] ] } },
{ "type": "Feature", "properties": { }, "geometry": { "type": "Polygon", "coordinates": [ [ [ -72.610786, 46.343102 ], [ -72.610844, 46.343172 ], [ -72.610646, 46.34325 ], [ -72.610589, 46.34318 ], [ -72.610786, 46.343102 ] ] ] } },
{ "type": "Feature", "properties": { }, "geometry": { "type": "Polygon", "coordinates": [ [ [ -72.616441, 46.344692 ], [ -72.616438, 46.344801 ], [ -72.616291, 46.344799 ], [ -72.616294, 46.34469 ], [ -72.616441, 46.344692 ] ] ] } },
{ "type": "Feature", "properties": { }, "geometry": { "type": "Polygon", "coordinates": [ [ [ -72.598832, 46.344407 ], [ -72.598713, 46.344489 ], [ -72.598626, 46.344429 ], [ -72.598745, 46.344347 ], [ -72.598832, 46.344407 ] ] ] } },
{ "type": "Feature", "properties": { }, "geometry": { "type": "Polygon", "coordinates": [ [ [ -72.597873, 46.335439 ], [ -72.598026, 46.335503 ], [ -72.597963, 46.335573 ], [ -72.597811, 46.335509 ], [ -72.597873, 46.335439 ] ] ] } },
{ "type": "Feature", "properties": { }, "geometry": { "type": "Polygon", "coordinates": [ [ [ -72.597735, 46.337711 ], [ -72.597611, 46.337642 ], [ -72.597683, 46.33758 ], [ -72.597807, 46.337649 ], [ -72.597735, 46.337711 ] ] ] } },
{ "type": "Feature", "properties": { }, "geometry": { "type": "Polygon", "coordinates": [ [ [ -72.595709, 46.341215 ], [ -72.595786, 46.34127 ], [ -72.595664, 46.341352 ], [ -72.595586, 46.341296 ], [ -72.595709, 46.341215 ] ] ] } },
{ "type": "Feature", "properties": { }, "geometry": { "type": "Polygon", "coordinates": [ [ [ -72.597729, 46.342532 ], [ -72.597655, 46.342583 ], [ -72.597544, 46.342506 ], [ -72.597617, 46.342455 ], [ -72.597729, 46.342532 ] ] ] } },
{ "type": "Feature", "properties": { }, "geometry": { "type": "Polygon", "coordinates": [ [ [ -72.595732, 46.331774 ], [ -72.595831, 46.331837 ], [ -72.595749, 46.331899 ], [ -72.595666, 46.331846 ], [ -72.595577, 46.331913 ], [ -72.595477, 46.331849 ], [ -72.595548, 46.331795 ], [ -72.595149, 46.331543 ], [ -72.595569, 46.331227 ], [ -72.595601, 46.331247 ], [ -72.595621, 46.331232 ], [ -72.595575, 46.331202 ], [ -72.595685, 46.331119 ], [ -72.595758, 46.331165 ], [ -72.595828, 46.331113 ], [ -72.596253, 46.331382 ], [ -72.595732, 46.331774 ] ] ] } },
{ "type": "Feature", "properties": { }, "geometry": { "type": "Polygon", "coordinates": [ [ [ -72.607784, 46.350962 ], [ -72.607689, 46.351028 ], [ -72.60757, 46.350945 ], [ -72.607665, 46.350879 ], [ -72.607784, 46.350962 ] ] ] } },
{ "type": "Feature", "properties": { }, "geometry": { "type": "Polygon", "coordinates": [ [ [ -72.61154, 46.343663 ], [ -72.611478, 46.343591 ], [ -72.61167, 46.343513 ], [ -72.611731, 46.343586 ], [ -72.61154, 46.343663 ] ] ] } },
{ "type": "Feature", "properties": { }, "geometry": { "type": "Polygon", "coordinates": [ [ [ -72.598614, 46.338217 ], [ -72.598545, 46.338166 ], [ -72.598515, 46.338186 ], [ -72.59843, 46.338123 ], [ -72.598539, 46.338053 ], [ -72.598693, 46.338167 ], [ -72.598614, 46.338217 ] ] ] } },
{ "type": "Feature", "properties": { }, "geometry": { "type": "Polygon", "coordinates": [ [ [ -72.604693, 46.34032 ], [ -72.604603, 46.340258 ], [ -72.604739, 46.340165 ], [ -72.604828, 46.340227 ], [ -72.604693, 46.34032 ] ] ] } },
{ "type": "Feature", "properties": { }, "geometry": { "type": "Polygon", "coordinates": [ [ [ -72.607603, 46.341681 ], [ -72.607422, 46.341577 ], [ -72.607493, 46.341518 ], [ -72.607674, 46.341621 ], [ -72.607603, 46.341681 ] ] ] } },
{ "type": "Feature", "properties": { }, "geometry": { "type": "Polygon", "coordinates": [ [ [ -72.602431, 46.344417 ], [ -72.602274, 46.344361 ], [ -72.602331, 46.344285 ], [ -72.602488, 46.344341 ], [ -72.602431, 46.344417 ] ] ] } },
{ "type": "Feature", "properties": { }, "geometry": { "type": "Polygon", "coordinates": [ [ [ -72.611251, 46.338625 ], [ -72.611405, 46.338614 ], [ -72.611418, 46.338702 ], [ -72.611264, 46.338713 ], [ -72.611251, 46.338625 ] ] ] } },
{ "type": "Feature", "properties": { }, "geometry": { "type": "Polygon", "coordinates": [ [ [ -72.608312, 46.348141 ], [ -72.608225, 46.348085 ], [ -72.608339, 46.348001 ], [ -72.608427, 46.348057 ], [ -72.608312, 46.348141 ] ] ] } },
{ "type": "Feature", "properties": { }, "geometry": { "type": "Polygon", "coordinates": [ [ [ -72.605494, 46.341467 ], [ -72.605584, 46.341529 ], [ -72.605398, 46.341657 ], [ -72.605309, 46.341595 ], [ -72.605494, 46.341467 ] ] ] } },
{ "type": "Feature", "properties": { }, "geometry": { "type": "Polygon", "coordinates": [ [ [ -72.59995, 46.346405 ], [ -72.599878, 46.346353 ], [ -72.599968, 46.346293 ], [ -72.60004, 46.346345 ], [ -72.59995, 46.346405 ] ] ] } },
{ "type": "Feature", "properties": { }, "geometry": { "type": "Polygon", "coordinates": [ [ [ -72.591287, 46.339328 ], [ -72.591452, 46.339214 ], [ -72.591527, 46.339266 ], [ -72.591362, 46.339379 ], [ -72.591287, 46.339328 ] ] ] } },
{ "type": "Feature", "properties": { }, "geometry": { "type": "Polygon", "coordinates": [ [ [ -72.61563, 46.350397 ], [ -72.615748, 46.35043 ], [ -72.615696, 46.350519 ], [ -72.615578, 46.350486 ], [ -72.61563, 46.350397 ] ] ] } },
{ "type": "Feature", "properties": { }, "geometry": { "type": "Polygon", "coordinates": [ [ [ -72.600931, 46.348114 ], [ -72.601092, 46.348225 ], [ -72.600973, 46.348308 ], [ -72.600812, 46.348197 ], [ -72.600931, 46.348114 ] ] ] } },
{ "type": "Feature", "properties": { }, "geometry": { "type": "Polygon", "coordinates": [ [ [ -72.606027, 46.35068 ], [ -72.605883, 46.350573 ], [ -72.60601, 46.350492 ], [ -72.606154, 46.350598 ], [ -72.606027, 46.35068 ] ] ] } },
{ "type": "Feature", "properties": { }, "geometry": { "type": "Polygon", "coordinates": [ [ [ -72.597917, 46.34263 ], [ -72.597845, 46.342704 ], [ -72.597658, 46.342616 ], [ -72.59773, 46.342543 ], [ -72.597917, 46.34263 ] ] ] } },
{ "type": "Feature", "properties": { }, "geometry": { "type": "Polygon", "coordinates": [ [ [ -72.603194, 46.338912 ], [ -72.60327, 46.33885 ], [ -72.60343, 46.338944 ], [ -72.603354, 46.339006 ], [ -72.603194, 46.338912 ] ] ] } },
{ "type": "Feature", "properties": { }, "geometry": { "type": "Polygon", "coordinates": [ [ [ -72.595963, 46.341958 ], [ -72.596072, 46.342036 ], [ -72.595999, 46.342084 ], [ -72.595891, 46.342005 ], [ -72.595963, 46.341958 ] ] ] } },
{ "type": "Feature", "properties": { }, "geometry": { "type": "Polygon", "coordinates": [ [ [ -72.594434, 46.342948 ], [ -72.594299, 46.342855 ], [ -72.594373, 46.342804 ], [ -72.594507, 46.342897 ], [ -72.594434, 46.342948 ] ] ] } },
{ "type": "Feature", "properties": { }, "geometry": { "type": "Polygon", "coordinates": [ [ [ -72.612875, 46.347081 ], [ -72.612875, 46.347183 ], [ -72.612757, 46.347183 ], [ -72.612757, 46.347081 ], [ -72.612875, 46.347081 ] ] ] } },
{ "type": "Feature", "properties": { }, "geometry": { "type": "Polygon", "coordinates": [ [ [ -72.611368, 46.347953 ], [ -72.61129, 46.3479 ], [ -72.611433, 46.347801 ], [ -72.611511, 46.347854 ], [ -72.611368, 46.347953 ] ] ] } },
{ "type": "Feature", "properties": { }, "geometry": { "type": "Polygon", "coordinates": [ [ [ -72.605033, 46.347875 ], [ -72.605134, 46.347953 ], [ -72.605035, 46.348014 ], [ -72.604934, 46.347936 ], [ -72.605033, 46.347875 ] ] ] } },
{ "type": "Feature", "properties": { }, "geometry": { "type": "Polygon", "coordinates": [ [ [ -72.607371, 46.341547 ], [ -72.607218, 46.341441 ], [ -72.607303, 46.341383 ], [ -72.607456, 46.341489 ], [ -72.607371, 46.341547 ] ] ] } },
{ "type": "Feature", "properties": { }, "geometry": { "type": "Polygon", "coordinates": [ [ [ -72.60109, 46.342119 ], [ -72.600972, 46.342121 ], [ -72.600967, 46.341997 ], [ -72.601085, 46.341995 ], [ -72.60109, 46.342119 ] ] ] } },
{ "type": "Feature", "properties": { }, "geometry": { "type": "Polygon", "coordinates": [ [ [ -72.605643, 46.346349 ], [ -72.60567, 46.346468 ], [ -72.605554, 46.346481 ], [ -72.605532, 46.346387 ], [ -72.605597, 46.34638 ], [ -72.605591, 46.346355 ], [ -72.605643, 46.346349 ] ] ] } },
{ "type": "Feature", "properties": { }, "geometry": { "type": "Polygon", "coordinates": [ [ [ -72.598376, 46.336993 ], [ -72.598244, 46.336942 ], [ -72.598295, 46.336879 ], [ -72.598427, 46.336931 ], [ -72.598376, 46.336993 ] ] ] } },
{ "type": "Feature", "properties": { }, "geometry": { "type": "Polygon", "coordinates": [ [ [ -72.59704, 46.340636 ], [ -72.596923, 46.34057 ], [ -72.597, 46.340505 ], [ -72.597117, 46.340571 ], [ -72.59704, 46.340636 ] ] ] } },
{ "type": "Feature", "properties": { }, "geometry": { "type": "Polygon", "coordinates": [ [ [ -72.594816, 46.341301 ], [ -72.594895, 46.341355 ], [ -72.594746, 46.341458 ], [ -72.594667, 46.341403 ], [ -72.594816, 46.341301 ] ] ] } },
{ "type": "Feature", "properties": { }, "geometry": { "type": "Polygon", "coordinates": [ [ [ -72.593288, 46.342003 ], [ -72.593208, 46.342059 ], [ -72.593092, 46.341979 ], [ -72.593173, 46.341924 ], [ -72.593288, 46.342003 ] ] ] } },
{ "type": "Feature", "properties": { }, "geometry": { "type": "Polygon", "coordinates": [ [ [ -72.61314, 46.349895 ], [ -72.613253, 46.349941 ], [ -72.613183, 46.350025 ], [ -72.613069, 46.349979 ], [ -72.61314, 46.349895 ] ] ] } },
{ "type": "Feature", "properties": { }, "geometry": { "type": "Polygon", "coordinates": [ [ [ -72.616578, 46.35141 ], [ -72.616504, 46.351494 ], [ -72.616389, 46.351446 ], [ -72.616464, 46.351362 ], [ -72.616578, 46.35141 ] ] ] } },
{ "type": "Feature", "properties": { }, "geometry": { "type": "Polygon", "coordinates": [ [ [ -72.611813, 46.340065 ], [ -72.611574, 46.339969 ], [ -72.611632, 46.3399 ], [ -72.611871, 46.339995 ], [ -72.611813, 46.340065 ] ] ] } },
{ "type": "Feature", "properties": { }, "geometry": { "type": "Polygon", "coordinates": [ [ [ -72.614842, 46.34724 ], [ -72.61496, 46.347238 ], [ -72.614965, 46.347357 ], [ -72.614847, 46.34736 ], [ -72.614842, 46.34724 ] ] ] } },
{ "type": "Feature", "properties": { }, "geometry": { "type": "Polygon", "coordinates": [ [ [ -72.616568, 46.350702 ], [ -72.616503, 46.350786 ], [ -72.616366, 46.350735 ], [ -72.616432, 46.350651 ], [ -72.616568, 46.350702 ] ] ] } },
{ "type": "Feature", "properties": { }, "geometry": { "type": "Polygon", "coordinates": [ [ [ -72.615254, 46.351787 ], [ -72.615345, 46.351844 ], [ -72.615191, 46.35196 ], [ -72.6151, 46.351902 ], [ -72.615254, 46.351787 ] ] ] } },
{ "type": "Feature", "properties": { }, "geometry": { "type": "Polygon", "coordinates": [ [ [ -72.606933, 46.348056 ], [ -72.606819, 46.348133 ], [ -72.60674, 46.348077 ], [ -72.606855, 46.348 ], [ -72.606933, 46.348056 ] ] ] } },
{ "type": "Feature", "properties": { }, "geometry": { "type": "Polygon", "coordinates": [ [ [ -72.605889, 46.349284 ], [ -72.605778, 46.349198 ], [ -72.60586, 46.349147 ], [ -72.605971, 46.349234 ], [ -72.605889, 46.349284 ] ] ] } },
{ "type": "Feature", "properties": { }, "geometry": { "type": "Polygon", "coordinates": [ [ [ -72.612116, 46.340141 ], [ -72.612043, 46.340212 ], [ -72.611878, 46.34013 ], [ -72.611951, 46.340059 ], [ -72.612116, 46.340141 ] ] ] } },
{ "type": "Feature", "properties": { }, "geometry": { "type": "Polygon", "coordinates": [ [ [ -72.606424, 46.345169 ], [ -72.606424, 46.345093 ], [ -72.606642, 46.345093 ], [ -72.606642, 46.345169 ], [ -72.606424, 46.345169 ] ] ] } },
{ "type": "Feature", "properties": { }, "geometry": { "type": "Polygon", "coordinates": [ [ [ -72.59891, 46.333948 ], [ -72.599007, 46.334009 ], [ -72.59886, 46.33412 ], [ -72.598763, 46.33406 ], [ -72.59891, 46.333948 ] ] ] } },
{ "type": "Feature", "properties": { }, "geometry": { "type": "Polygon", "coordinates": [ [ [ -72.603128, 46.338758 ], [ -72.603243, 46.338838 ], [ -72.603159, 46.338896 ], [ -72.603043, 46.338817 ], [ -72.603128, 46.338758 ] ] ] } },
{ "type": "Feature", "properties": { }, "geometry": { "type": "Polygon", "coordinates": [ [ [ -72.594517, 46.334809 ], [ -72.594387, 46.334899 ], [ -72.594273, 46.33482 ], [ -72.594403, 46.33473 ], [ -72.594517, 46.334809 ] ] ] } },
{ "type": "Feature", "properties": { }, "geometry": { "type": "Polygon", "coordinates": [ [ [ -72.613212, 46.347582 ], [ -72.613195, 46.347613 ], [ -72.613127, 46.347595 ], [ -72.613059, 46.347717 ], [ -72.612949, 46.347688 ], [ -72.613034, 46.347535 ], [ -72.613212, 46.347582 ] ] ] } },
{ "type": "Feature", "properties": { }, "geometry": { "type": "Polygon", "coordinates": [ [ [ -72.606747, 46.347461 ], [ -72.606633, 46.34737 ], [ -72.606701, 46.347329 ], [ -72.606815, 46.34742 ], [ -72.606747, 46.347461 ] ] ] } },
{ "type": "Feature", "properties": { }, "geometry": { "type": "Polygon", "coordinates": [ [ [ -72.617453, 46.342893 ], [ -72.617425, 46.343084 ], [ -72.617284, 46.343074 ], [ -72.617313, 46.342883 ], [ -72.617453, 46.342893 ] ] ] } },
{ "type": "Feature", "properties": { }, "geometry": { "type": "Polygon", "coordinates": [ [ [ -72.613897, 46.344467 ], [ -72.613897, 46.344591 ], [ -72.613776, 46.344591 ], [ -72.613776, 46.344467 ], [ -72.613897, 46.344467 ] ] ] } },
{ "type": "Feature", "properties": { }, "geometry": { "type": "Polygon", "coordinates": [ [ [ -72.610032, 46.344935 ], [ -72.610032, 46.345058 ], [ -72.609892, 46.345058 ], [ -72.609892, 46.344896 ], [ -72.609978, 46.344896 ], [ -72.609978, 46.344935 ], [ -72.610032, 46.344935 ] ] ] } },
{ "type": "Feature", "properties": { }, "geometry": { "type": "Polygon", "coordinates": [ [ [ -72.614825, 46.345465 ], [ -72.614967, 46.345465 ], [ -72.614967, 46.345578 ], [ -72.614825, 46.345578 ], [ -72.614825, 46.345465 ] ] ] } },
{ "type": "Feature", "properties": { }, "geometry": { "type": "Polygon", "coordinates": [ [ [ -72.603572, 46.344654 ], [ -72.603483, 46.344693 ], [ -72.603398, 46.344598 ], [ -72.603562, 46.344527 ], [ -72.603624, 46.344595 ], [ -72.603548, 46.344628 ], [ -72.603572, 46.344654 ] ] ] } },
{ "type": "Feature", "properties": { }, "geometry": { "type": "Polygon", "coordinates": [ [ [ -72.611771, 46.338448 ], [ -72.611819, 46.338466 ], [ -72.611801, 46.33849 ], [ -72.611753, 46.338472 ], [ -72.611771, 46.338448 ] ] ] } },
{ "type": "Feature", "properties": { }, "geometry": { "type": "Polygon", "coordinates": [ [ [ -72.598735, 46.335155 ], [ -72.5988, 46.335171 ], [ -72.59881, 46.335151 ], [ -72.598902, 46.335174 ], [ -72.59884, 46.335296 ], [ -72.598683, 46.335257 ], [ -72.598735, 46.335155 ] ] ] } },
{ "type": "Feature", "properties": { }, "geometry": { "type": "Polygon", "coordinates": [ [ [ -72.601807, 46.337979 ], [ -72.602, 46.338075 ], [ -72.601929, 46.338143 ], [ -72.601736, 46.338047 ], [ -72.601807, 46.337979 ] ] ] } },
{ "type": "Feature", "properties": { }, "geometry": { "type": "Polygon", "coordinates": [ [ [ -72.594923, 46.340588 ], [ -72.594977, 46.340626 ], [ -72.594901, 46.340678 ], [ -72.594788, 46.340599 ], [ -72.594908, 46.340518 ], [ -72.594967, 46.340559 ], [ -72.594923, 46.340588 ] ] ] } },
{ "type": "Feature", "properties": { }, "geometry": { "type": "Polygon", "coordinates": [ [ [ -72.595262, 46.342076 ], [ -72.595186, 46.342023 ], [ -72.595304, 46.341941 ], [ -72.59538, 46.341994 ], [ -72.595262, 46.342076 ] ] ] } },
{ "type": "Feature", "properties": { }, "geometry": { "type": "Polygon", "coordinates": [ [ [ -72.591844, 46.341985 ], [ -72.591967, 46.342062 ], [ -72.591885, 46.342124 ], [ -72.591762, 46.342047 ], [ -72.591844, 46.341985 ] ] ] } },
{ "type": "Feature", "properties": { }, "geometry": { "type": "Polygon", "coordinates": [ [ [ -72.591883, 46.334897 ], [ -72.591828, 46.334861 ], [ -72.591896, 46.334812 ], [ -72.591786, 46.33474 ], [ -72.591862, 46.334684 ], [ -72.592026, 46.33479 ], [ -72.591883, 46.334897 ] ] ] } },
{ "type": "Feature", "properties": { }, "geometry": { "type": "Polygon", "coordinates": [ [ [ -72.600463, 46.34715 ], [ -72.600359, 46.347214 ], [ -72.600264, 46.347142 ], [ -72.600368, 46.347077 ], [ -72.600463, 46.34715 ] ] ] } },
{ "type": "Feature", "properties": { }, "geometry": { "type": "Polygon", "coordinates": [ [ [ -72.599888, 46.341484 ], [ -72.599888, 46.341589 ], [ -72.59966, 46.341589 ], [ -72.59966, 46.34151 ], [ -72.599703, 46.34151 ], [ -72.599703, 46.341484 ], [ -72.599888, 46.341484 ] ] ] } },
{ "type": "Feature", "properties": { }, "geometry": { "type": "Polygon", "coordinates": [ [ [ -72.603292, 46.346111 ], [ -72.603179, 46.346111 ], [ -72.603179, 46.346015 ], [ -72.603292, 46.346015 ], [ -72.603292, 46.346111 ] ] ] } },
{ "type": "Feature", "properties": { }, "geometry": { "type": "Polygon", "coordinates": [ [ [ -72.60041, 46.346573 ], [ -72.600328, 46.34663 ], [ -72.600224, 46.346558 ], [ -72.600306, 46.346502 ], [ -72.60041, 46.346573 ] ] ] } },
{ "type": "Feature", "properties": { }, "geometry": { "type": "Polygon", "coordinates": [ [ [ -72.599633, 46.333602 ], [ -72.599615, 46.333512 ], [ -72.599863, 46.333487 ], [ -72.599882, 46.333577 ], [ -72.599633, 46.333602 ] ] ] } },
{ "type": "Feature", "properties": { }, "geometry": { "type": "Polygon", "coordinates": [ [ [ -72.593449, 46.343155 ], [ -72.593601, 46.34326 ], [ -72.593524, 46.343312 ], [ -72.593373, 46.343208 ], [ -72.593449, 46.343155 ] ] ] } },
{ "type": "Feature", "properties": { }, "geometry": { "type": "Polygon", "coordinates": [ [ [ -72.618645, 46.347159 ], [ -72.618645, 46.34705 ], [ -72.618795, 46.34705 ], [ -72.618795, 46.347159 ], [ -72.618645, 46.347159 ] ] ] } },
{ "type": "Feature", "properties": { }, "geometry": { "type": "Polygon", "coordinates": [ [ [ -72.611811, 46.350914 ], [ -72.611779, 46.350994 ], [ -72.611653, 46.35097 ], [ -72.611685, 46.35089 ], [ -72.611811, 46.350914 ] ] ] } },
{ "type": "Feature", "properties": { }, "geometry": { "type": "Polygon", "coordinates": [ [ [ -72.616069, 46.343831 ], [ -72.616118, 46.343732 ], [ -72.61628, 46.34377 ], [ -72.616231, 46.343869 ], [ -72.616069, 46.343831 ] ] ] } },
{ "type": "Feature", "properties": { }, "geometry": { "type": "Polygon", "coordinates": [ [ [ -72.614938, 46.344208 ], [ -72.614804, 46.344208 ], [ -72.614804, 46.34411 ], [ -72.614938, 46.34411 ], [ -72.614938, 46.344208 ] ] ] } },
{ "type": "Feature", "properties": { }, "geometry": { "type": "Polygon", "coordinates": [ [ [ -72.60575, 46.339609 ], [ -72.605652, 46.339541 ], [ -72.605769, 46.339461 ], [ -72.605866, 46.339529 ], [ -72.60575, 46.339609 ] ] ] } },
{ "type": "Feature", "properties": { }, "geometry": { "type": "Polygon", "coordinates": [ [ [ -72.604681, 46.341791 ], [ -72.604603, 46.341698 ], [ -72.604698, 46.34166 ], [ -72.604775, 46.341753 ], [ -72.604681, 46.341791 ] ] ] } },
{ "type": "Feature", "properties": { }, "geometry": { "type": "Polygon", "coordinates": [ [ [ -72.591187, 46.341065 ], [ -72.59131, 46.341182 ], [ -72.591225, 46.341225 ], [ -72.591101, 46.341109 ], [ -72.591187, 46.341065 ] ] ] } },
{ "type": "Feature", "properties": { }, "geometry": { "type": "Polygon", "coordinates": [ [ [ -72.616133, 46.348679 ], [ -72.616075, 46.348757 ], [ -72.615922, 46.348703 ], [ -72.615979, 46.348625 ], [ -72.616133, 46.348679 ] ] ] } },
{ "type": "Feature", "properties": { }, "geometry": { "type": "Polygon", "coordinates": [ [ [ -72.607367, 46.349137 ], [ -72.607456, 46.349198 ], [ -72.607327, 46.349287 ], [ -72.607238, 46.349226 ], [ -72.607367, 46.349137 ] ] ] } },
{ "type": "Feature", "properties": { }, "geometry": { "type": "Polygon", "coordinates": [ [ [ -72.608626, 46.340348 ], [ -72.608693, 46.340308 ], [ -72.608776, 46.340374 ], [ -72.608664, 46.340442 ], [ -72.608575, 46.340371 ], [ -72.60862, 46.340344 ], [ -72.608626, 46.340348 ] ] ] } },
{ "type": "Feature", "properties": { }, "geometry": { "type": "Polygon", "coordinates": [ [ [ -72.616513, 46.343305 ], [ -72.616477, 46.343376 ], [ -72.616367, 46.34335 ], [ -72.616403, 46.343279 ], [ -72.616513, 46.343305 ] ] ] } },
{ "type": "Feature", "properties": { }, "geometry": { "type": "Polygon", "coordinates": [ [ [ -72.598708, 46.346725 ], [ -72.598631, 46.346764 ], [ -72.598544, 46.346722 ], [ -72.598472, 46.346653 ], [ -72.598521, 46.346604 ], [ -72.59851, 46.346594 ], [ -72.59845, 46.346565 ], [ -72.598372, 46.346492 ], [ -72.59837, 46.346491 ], [ -72.59831, 46.346521 ], [ -72.598232, 46.346484 ], [ -72.598147, 46.346404 ], [ -72.598285, 46.346334 ], [ -72.598354, 46.346367 ], [ -72.598435, 46.346443 ], [ -72.59851, 46.346405 ], [ -72.598571, 46.346434 ], [ -72.598657, 46.346515 ], [ -72.598606, 46.346566 ], [ -72.598685, 46.346604 ], [ -72.598759, 46.346674 ], [ -72.598708, 46.346725 ] ] ] } },
{ "type": "Feature", "properties": { }, "geometry": { "type": "Polygon", "coordinates": [ [ [ -72.599355, 46.333189 ], [ -72.599392, 46.333262 ], [ -72.599209, 46.333307 ], [ -72.599171, 46.333233 ], [ -72.599355, 46.333189 ] ] ] } },
{ "type": "Feature", "properties": { }, "geometry": { "type": "Polygon", "coordinates": [ [ [ -72.593218, 46.340014 ], [ -72.593307, 46.34007 ], [ -72.593208, 46.340145 ], [ -72.593119, 46.34009 ], [ -72.593218, 46.340014 ] ] ] } },
{ "type": "Feature", "properties": { }, "geometry": { "type": "Polygon", "coordinates": [ [ [ -72.595287, 46.340411 ], [ -72.595221, 46.34036 ], [ -72.595198, 46.340374 ], [ -72.59516, 46.340344 ], [ -72.595262, 46.340281 ], [ -72.595366, 46.340363 ], [ -72.595287, 46.340411 ] ] ] } },
{ "type": "Feature", "properties": { }, "geometry": { "type": "Polygon", "coordinates": [ [ [ -72.59764, 46.335984 ], [ -72.59759, 46.336054 ], [ -72.597392, 46.335986 ], [ -72.597455, 46.335898 ], [ -72.597576, 46.33594 ], [ -72.597563, 46.335957 ], [ -72.59764, 46.335984 ] ] ] } },
{ "type": "Feature", "properties": { }, "geometry": { "type": "Polygon", "coordinates": [ [ [ -72.596109, 46.336971 ], [ -72.596272, 46.336971 ], [ -72.596272, 46.337053 ], [ -72.596109, 46.337053 ], [ -72.596109, 46.336971 ] ] ] } },
{ "type": "Feature", "properties": { }, "geometry": { "type": "Polygon", "coordinates": [ [ [ -72.617269, 46.346388 ], [ -72.617467, 46.346386 ], [ -72.617469, 46.346495 ], [ -72.617271, 46.346497 ], [ -72.617269, 46.346388 ] ] ] } },
{ "type": "Feature", "properties": { }, "geometry": { "type": "Polygon", "coordinates": [ [ [ -72.608353, 46.341604 ], [ -72.608505, 46.341703 ], [ -72.608417, 46.341767 ], [ -72.608265, 46.341668 ], [ -72.608353, 46.341604 ] ] ] } },
{ "type": "Feature", "properties": { }, "geometry": { "type": "Polygon", "coordinates": [ [ [ -72.600666, 46.346868 ], [ -72.600511, 46.346762 ], [ -72.600592, 46.346706 ], [ -72.600746, 46.346813 ], [ -72.600666, 46.346868 ] ] ] } },
{ "type": "Feature", "properties": { }, "geometry": { "type": "Polygon", "coordinates": [ [ [ -72.590823, 46.341222 ], [ -72.590766, 46.341295 ], [ -72.590574, 46.341224 ], [ -72.590631, 46.34115 ], [ -72.590823, 46.341222 ] ] ] } },
{ "type": "Feature", "properties": { }, "geometry": { "type": "Polygon", "coordinates": [ [ [ -72.592077, 46.338299 ], [ -72.592142, 46.338345 ], [ -72.591997, 46.338443 ], [ -72.591932, 46.338398 ], [ -72.592077, 46.338299 ] ] ] } },
{ "type": "Feature", "properties": { }, "geometry": { "type": "Polygon", "coordinates": [ [ [ -72.609082, 46.3471 ], [ -72.608998, 46.347041 ], [ -72.609159, 46.34693 ], [ -72.609243, 46.346989 ], [ -72.609082, 46.3471 ] ] ] } },
{ "type": "Feature", "properties": { }, "geometry": { "type": "Polygon", "coordinates": [ [ [ -72.607249, 46.352282 ], [ -72.607038, 46.352428 ], [ -72.606667, 46.352172 ], [ -72.606728, 46.35213 ], [ -72.606429, 46.351923 ], [ -72.606579, 46.351819 ], [ -72.607249, 46.352282 ] ] ] } },
{ "type": "Feature", "properties": { }, "geometry": { "type": "Polygon", "coordinates": [ [ [ -72.60781, 46.340463 ], [ -72.607725, 46.340507 ], [ -72.60765, 46.340437 ], [ -72.607734, 46.340393 ], [ -72.60781, 46.340463 ] ] ] } },
{ "type": "Feature", "properties": { }, "geometry": { "type": "Polygon", "coordinates": [ [ [ -72.60705, 46.344824 ], [ -72.60694, 46.344822 ], [ -72.606944, 46.344697 ], [ -72.607054, 46.344699 ], [ -72.60705, 46.344824 ] ] ] } },
{ "type": "Feature", "properties": { }, "geometry": { "type": "Polygon", "coordinates": [ [ [ -72.599445, 46.332634 ], [ -72.599361, 46.332692 ], [ -72.599241, 46.33261 ], [ -72.599326, 46.332552 ], [ -72.599445, 46.332634 ] ] ] } },
{ "type": "Feature", "properties": { }, "geometry": { "type": "Polygon", "coordinates": [ [ [ -72.620378, 46.344499 ], [ -72.620388, 46.344658 ], [ -72.620253, 46.344662 ], [ -72.620243, 46.344503 ], [ -72.620378, 46.344499 ] ] ] } },
{ "type": "Feature", "properties": { }, "geometry": { "type": "Polygon", "coordinates": [ [ [ -72.610787, 46.343603 ], [ -72.610738, 46.343624 ], [ -72.610715, 46.343597 ], [ -72.610554, 46.343662 ], [ -72.610493, 46.34359 ], [ -72.610703, 46.343504 ], [ -72.610787, 46.343603 ] ] ] } },
{ "type": "Feature", "properties": { }, "geometry": { "type": "Polygon", "coordinates": [ [ [ -72.592029, 46.335078 ], [ -72.592199, 46.334956 ], [ -72.592329, 46.335043 ], [ -72.592159, 46.335165 ], [ -72.592029, 46.335078 ] ] ] } },
{ "type": "Feature", "properties": { }, "geometry": { "type": "Polygon", "coordinates": [ [ [ -72.596847, 46.335385 ], [ -72.596868, 46.335463 ], [ -72.596657, 46.335489 ], [ -72.596637, 46.335411 ], [ -72.596847, 46.335385 ] ] ] } },
{ "type": "Feature", "properties": { }, "geometry": { "type": "Polygon", "coordinates": [ [ [ -72.616831, 46.348925 ], [ -72.616972, 46.348976 ], [ -72.616916, 46.34905 ], [ -72.616775, 46.348999 ], [ -72.616831, 46.348925 ] ] ] } },
{ "type": "Feature", "properties": { }, "geometry": { "type": "Polygon", "coordinates": [ [ [ -72.615898, 46.34935 ], [ -72.615838, 46.349432 ], [ -72.615714, 46.349389 ], [ -72.615775, 46.349306 ], [ -72.615898, 46.34935 ] ] ] } },
{ "type": "Feature", "properties": { }, "geometry": { "type": "Polygon", "coordinates": [ [ [ -72.61376, 46.352143 ], [ -72.613807, 46.352072 ], [ -72.614051, 46.35215 ], [ -72.614004, 46.352221 ], [ -72.61376, 46.352143 ] ] ] } },
{ "type": "Feature", "properties": { }, "geometry": { "type": "Polygon", "coordinates": [ [ [ -72.607255, 46.350614 ], [ -72.607168, 46.350672 ], [ -72.607074, 46.350605 ], [ -72.607161, 46.350547 ], [ -72.607255, 46.350614 ] ] ] } },
{ "type": "Feature", "properties": { }, "geometry": { "type": "Polygon", "coordinates": [ [ [ -72.61467, 46.340364 ], [ -72.614782, 46.340441 ], [ -72.614698, 46.3405 ], [ -72.614585, 46.340422 ], [ -72.61467, 46.340364 ] ] ] } },
{ "type": "Feature", "properties": { }, "geometry": { "type": "Polygon", "coordinates": [ [ [ -72.612037, 46.34534 ], [ -72.612044, 46.345447 ], [ -72.611845, 46.345453 ], [ -72.61184, 46.345379 ], [ -72.611941, 46.345376 ], [ -72.611939, 46.345343 ], [ -72.612037, 46.34534 ] ] ] } },
{ "type": "Feature", "properties": { }, "geometry": { "type": "Polygon", "coordinates": [ [ [ -72.590807, 46.339942 ], [ -72.59071, 46.339917 ], [ -72.590767, 46.339811 ], [ -72.590864, 46.339836 ], [ -72.590807, 46.339942 ] ] ] } },
{ "type": "Feature", "properties": { }, "geometry": { "type": "Polygon", "coordinates": [ [ [ -72.617985, 46.347057 ], [ -72.618127, 46.347057 ], [ -72.618127, 46.34715 ], [ -72.617985, 46.34715 ], [ -72.617985, 46.347057 ] ] ] } },
{ "type": "Feature", "properties": { }, "geometry": { "type": "Polygon", "coordinates": [ [ [ -72.607037, 46.348384 ], [ -72.607121, 46.348436 ], [ -72.607002, 46.348527 ], [ -72.606918, 46.348475 ], [ -72.607037, 46.348384 ] ] ] } },
{ "type": "Feature", "properties": { }, "geometry": { "type": "Polygon", "coordinates": [ [ [ -72.608616, 46.342518 ], [ -72.608441, 46.342648 ], [ -72.608333, 46.342578 ], [ -72.608508, 46.342449 ], [ -72.608616, 46.342518 ] ] ] } },
{ "type": "Feature", "properties": { }, "geometry": { "type": "Polygon", "coordinates": [ [ [ -72.59453, 46.33582 ], [ -72.594567, 46.335855 ], [ -72.594422, 46.335927 ], [ -72.594322, 46.33583 ], [ -72.594581, 46.335702 ], [ -72.594644, 46.335764 ], [ -72.59453, 46.33582 ] ] ] } },
{ "type": "Feature", "properties": { }, "geometry": { "type": "Polygon", "coordinates": [ [ [ -72.614946, 46.352482 ], [ -72.615024, 46.352428 ], [ -72.615124, 46.352498 ], [ -72.614998, 46.352585 ], [ -72.614926, 46.352535 ], [ -72.614974, 46.352501 ], [ -72.614946, 46.352482 ] ] ] } },
{ "type": "Feature", "properties": { }, "geometry": { "type": "Polygon", "coordinates": [ [ [ -72.608367, 46.347126 ], [ -72.608281, 46.347059 ], [ -72.608454, 46.346953 ], [ -72.60854, 46.347021 ], [ -72.608367, 46.347126 ] ] ] } },
{ "type": "Feature", "properties": { }, "geometry": { "type": "Polygon", "coordinates": [ [ [ -72.60987, 46.342976 ], [ -72.609798, 46.343042 ], [ -72.609619, 46.342947 ], [ -72.609692, 46.342882 ], [ -72.60987, 46.342976 ] ] ] } },
{ "type": "Feature", "properties": { }, "geometry": { "type": "Polygon", "coordinates": [ [ [ -72.599822, 46.339789 ], [ -72.599797, 46.339671 ], [ -72.599915, 46.339659 ], [ -72.59994, 46.339777 ], [ -72.599822, 46.339789 ] ] ] } },
{ "type": "Feature", "properties": { }, "geometry": { "type": "Polygon", "coordinates": [ [ [ -72.602545, 46.340427 ], [ -72.602542, 46.340554 ], [ -72.602427, 46.340553 ], [ -72.60243, 46.340398 ], [ -72.602586, 46.3404 ], [ -72.602585, 46.340428 ], [ -72.602545, 46.340427 ] ] ] } },
{ "type": "Feature", "properties": { }, "geometry": { "type": "Polygon", "coordinates": [ [ [ -72.598216, 46.341442 ], [ -72.598226, 46.341285 ], [ -72.598344, 46.341289 ], [ -72.598334, 46.341446 ], [ -72.598216, 46.341442 ] ] ] } },
{ "type": "Feature", "properties": { }, "geometry": { "type": "Polygon", "coordinates": [ [ [ -72.601641, 46.337867 ], [ -72.601768, 46.337954 ], [ -72.601686, 46.338011 ], [ -72.601559, 46.337923 ], [ -72.601641, 46.337867 ] ] ] } },
{ "type": "Feature", "properties": { }, "geometry": { "type": "Polygon", "coordinates": [ [ [ -72.614805, 46.347543 ], [ -72.614912, 46.347569 ], [ -72.614844, 46.3477 ], [ -72.614738, 46.347674 ], [ -72.614805, 46.347543 ] ] ] } },
{ "type": "Feature", "properties": { }, "geometry": { "type": "Polygon", "coordinates": [ [ [ -72.614608, 46.348068 ], [ -72.61454, 46.348136 ], [ -72.614414, 46.348075 ], [ -72.614482, 46.348008 ], [ -72.614608, 46.348068 ] ] ] } },
{ "type": "Feature", "properties": { }, "geometry": { "type": "Polygon", "coordinates": [ [ [ -72.617318, 46.34834 ], [ -72.61738, 46.34835 ], [ -72.617359, 46.348415 ], [ -72.617139, 46.348382 ], [ -72.617173, 46.348274 ], [ -72.617332, 46.348298 ], [ -72.617318, 46.34834 ] ] ] } },
{ "type": "Feature", "properties": { }, "geometry": { "type": "Polygon", "coordinates": [ [ [ -72.611104, 46.351933 ], [ -72.611058, 46.352026 ], [ -72.61094, 46.351998 ], [ -72.610986, 46.351905 ], [ -72.611104, 46.351933 ] ] ] } },
{ "type": "Feature", "properties": { }, "geometry": { "type": "Polygon", "coordinates": [ [ [ -72.60533, 46.347073 ], [ -72.605237, 46.346939 ], [ -72.605346, 46.346903 ], [ -72.605439, 46.347037 ], [ -72.60533, 46.347073 ] ] ] } },
{ "type": "Feature", "properties": { }, "geometry": { "type": "Polygon", "coordinates": [ [ [ -72.605335, 46.348174 ], [ -72.605409, 46.348233 ], [ -72.605284, 46.348308 ], [ -72.605209, 46.348249 ], [ -72.605335, 46.348174 ] ] ] } },
{ "type": "Feature", "properties": { }, "geometry": { "type": "Polygon", "coordinates": [ [ [ -72.603383, 46.348442 ], [ -72.603446, 46.348399 ], [ -72.603473, 46.348417 ], [ -72.603501, 46.348398 ], [ -72.603612, 46.348475 ], [ -72.603521, 46.348537 ], [ -72.603383, 46.348442 ] ] ] } },
{ "type": "Feature", "properties": { }, "geometry": { "type": "Polygon", "coordinates": [ [ [ -72.608133, 46.35173 ], [ -72.608264, 46.351816 ], [ -72.607961, 46.352038 ], [ -72.60783, 46.351952 ], [ -72.608133, 46.35173 ] ] ] } },
{ "type": "Feature", "properties": { }, "geometry": { "type": "Polygon", "coordinates": [ [ [ -72.611753, 46.343946 ], [ -72.611701, 46.343866 ], [ -72.611918, 46.343798 ], [ -72.61197, 46.343878 ], [ -72.611753, 46.343946 ] ] ] } },
{ "type": "Feature", "properties": { }, "geometry": { "type": "Polygon", "coordinates": [ [ [ -72.598847, 46.339399 ], [ -72.598759, 46.339338 ], [ -72.598848, 46.339276 ], [ -72.598937, 46.339337 ], [ -72.598847, 46.339399 ] ] ] } },
{ "type": "Feature", "properties": { }, "geometry": { "type": "Polygon", "coordinates": [ [ [ -72.611918, 46.351416 ], [ -72.612063, 46.351457 ], [ -72.612016, 46.351538 ], [ -72.61187, 46.351497 ], [ -72.611918, 46.351416 ] ] ] } },
{ "type": "Feature", "properties": { }, "geometry": { "type": "Polygon", "coordinates": [ [ [ -72.598996, 46.34472 ], [ -72.598923, 46.344656 ], [ -72.599053, 46.344585 ], [ -72.599126, 46.344649 ], [ -72.598996, 46.34472 ] ] ] } },
{ "type": "Feature", "properties": { }, "geometry": { "type": "Polygon", "coordinates": [ [ [ -72.592784, 46.33761 ], [ -72.592616, 46.337734 ], [ -72.592541, 46.337686 ], [ -72.592601, 46.337641 ], [ -72.592574, 46.337624 ], [ -72.592682, 46.337544 ], [ -72.592784, 46.33761 ] ] ] } },
{ "type": "Feature", "properties": { }, "geometry": { "type": "Polygon", "coordinates": [ [ [ -72.609891, 46.34801 ], [ -72.609805, 46.347948 ], [ -72.609934, 46.347863 ], [ -72.61002, 46.347925 ], [ -72.609891, 46.34801 ] ] ] } },
{ "type": "Feature", "properties": { }, "geometry": { "type": "Polygon", "coordinates": [ [ [ -72.60907, 46.348006 ], [ -72.609154, 46.348063 ], [ -72.60904, 46.348142 ], [ -72.608956, 46.348085 ], [ -72.60907, 46.348006 ] ] ] } },
{ "type": "Feature", "properties": { }, "geometry": { "type": "Polygon", "coordinates": [ [ [ -72.612277, 46.340697 ], [ -72.612277, 46.340825 ], [ -72.612129, 46.340825 ], [ -72.612129, 46.340697 ], [ -72.612277, 46.340697 ] ] ] } },
{ "type": "Feature", "properties": { }, "geometry": { "type": "Polygon", "coordinates": [ [ [ -72.611412, 46.343293 ], [ -72.611273, 46.343359 ], [ -72.611201, 46.343286 ], [ -72.611339, 46.34322 ], [ -72.611412, 46.343293 ] ] ] } },
{ "type": "Feature", "properties": { }, "geometry": { "type": "Polygon", "coordinates": [ [ [ -72.615458, 46.346107 ], [ -72.615458, 46.34602 ], [ -72.615638, 46.34602 ], [ -72.615638, 46.346107 ], [ -72.615458, 46.346107 ] ] ] } },
{ "type": "Feature", "properties": { }, "geometry": { "type": "Polygon", "coordinates": [ [ [ -72.598129, 46.341088 ], [ -72.598391, 46.341094 ], [ -72.598387, 46.341185 ], [ -72.598125, 46.34118 ], [ -72.598129, 46.341088 ] ] ] } },
{ "type": "Feature", "properties": { }, "geometry": { "type": "Polygon", "coordinates": [ [ [ -72.602932, 46.341193 ], [ -72.602932, 46.341106 ], [ -72.603101, 46.341106 ], [ -72.603101, 46.341193 ], [ -72.602932, 46.341193 ] ] ] } },
{ "type": "Feature", "properties": { }, "geometry": { "type": "Polygon", "coordinates": [ [ [ -72.599923, 46.332525 ], [ -72.599871, 46.332453 ], [ -72.600023, 46.3324 ], [ -72.600076, 46.332473 ], [ -72.599923, 46.332525 ] ] ] } },
{ "type": "Feature", "properties": { }, "geometry": { "type": "Polygon", "coordinates": [ [ [ -72.594341, 46.340134 ], [ -72.594226, 46.340214 ], [ -72.594153, 46.340164 ], [ -72.594269, 46.340084 ], [ -72.594341, 46.340134 ] ] ] } },
{ "type": "Feature", "properties": { }, "geometry": { "type": "Polygon", "coordinates": [ [ [ -72.608982, 46.348178 ], [ -72.608867, 46.348262 ], [ -72.608776, 46.348203 ], [ -72.608891, 46.348119 ], [ -72.608982, 46.348178 ] ] ] } },
{ "type": "Feature", "properties": { }, "geometry": { "type": "Polygon", "coordinates": [ [ [ -72.602646, 46.348374 ], [ -72.602735, 46.348434 ], [ -72.602614, 46.348519 ], [ -72.602525, 46.348459 ], [ -72.602646, 46.348374 ] ] ] } },
{ "type": "Feature", "properties": { }, "geometry": { "type": "Polygon", "coordinates": [ [ [ -72.608263, 46.350465 ], [ -72.608349, 46.350403 ], [ -72.608469, 46.350482 ], [ -72.608383, 46.350544 ], [ -72.608263, 46.350465 ] ] ] } },
{ "type": "Feature", "properties": { }, "geometry": { "type": "Polygon", "coordinates": [ [ [ -72.603811, 46.333427 ], [ -72.603735, 46.333479 ], [ -72.60363, 46.333405 ], [ -72.603706, 46.333353 ], [ -72.603811, 46.333427 ] ] ] } },
{ "type": "Feature", "properties": { }, "geometry": { "type": "Polygon", "coordinates": [ [ [ -72.615669, 46.348904 ], [ -72.615597, 46.348974 ], [ -72.615463, 46.348908 ], [ -72.615535, 46.348838 ], [ -72.615669, 46.348904 ] ] ] } },
{ "type": "Feature", "properties": { }, "geometry": { "type": "Polygon", "coordinates": [ [ [ -72.609288, 46.341274 ], [ -72.609201, 46.341335 ], [ -72.609033, 46.34122 ], [ -72.60912, 46.341159 ], [ -72.609288, 46.341274 ] ] ] } },
{ "type": "Feature", "properties": { }, "geometry": { "type": "Polygon", "coordinates": [ [ [ -72.609318, 46.343621 ], [ -72.609439, 46.343621 ], [ -72.609439, 46.343724 ], [ -72.609318, 46.343724 ], [ -72.609318, 46.343621 ] ] ] } },
{ "type": "Feature", "properties": { }, "geometry": { "type": "Polygon", "coordinates": [ [ [ -72.590668, 46.338366 ], [ -72.590524, 46.338472 ], [ -72.590447, 46.338422 ], [ -72.590592, 46.338316 ], [ -72.590668, 46.338366 ] ] ] } },
{ "type": "Feature", "properties": { }, "geometry": { "type": "Polygon", "coordinates": [ [ [ -72.610602, 46.348039 ], [ -72.610513, 46.347978 ], [ -72.610627, 46.3479 ], [ -72.610716, 46.347961 ], [ -72.610602, 46.348039 ] ] ] } },
{ "type": "Feature", "properties": { }, "geometry": { "type": "Polygon", "coordinates": [ [ [ -72.618763, 46.343247 ], [ -72.618947, 46.343304 ], [ -72.618892, 46.343387 ], [ -72.618709, 46.34333 ], [ -72.618763, 46.343247 ] ] ] } },
{ "type": "Feature", "properties": { }, "geometry": { "type": "Polygon", "coordinates": [ [ [ -72.598028, 46.334648 ], [ -72.597884, 46.334549 ], [ -72.597967, 46.334492 ], [ -72.598111, 46.334591 ], [ -72.598028, 46.334648 ] ] ] } },
{ "type": "Feature", "properties": { }, "geometry": { "type": "Polygon", "coordinates": [ [ [ -72.599968, 46.334911 ], [ -72.599684, 46.335093 ], [ -72.599713, 46.335114 ], [ -72.599634, 46.335164 ], [ -72.599531, 46.335087 ], [ -72.599894, 46.334855 ], [ -72.599968, 46.334911 ] ] ] } },
{ "type": "Feature", "properties": { }, "geometry": { "type": "Polygon", "coordinates": [ [ [ -72.604744, 46.339121 ], [ -72.604774, 46.339143 ], [ -72.60472, 46.339179 ], [ -72.604689, 46.339157 ], [ -72.604651, 46.339181 ], [ -72.604564, 46.339117 ], [ -72.604705, 46.339026 ], [ -72.604792, 46.33909 ], [ -72.604744, 46.339121 ] ] ] } },
{ "type": "Feature", "properties": { }, "geometry": { "type": "Polygon", "coordinates": [ [ [ -72.59194, 46.339906 ], [ -72.591761, 46.34003 ], [ -72.591684, 46.339978 ], [ -72.591864, 46.339853 ], [ -72.59194, 46.339906 ] ] ] } },
{ "type": "Feature", "properties": { }, "geometry": { "type": "Polygon", "coordinates": [ [ [ -72.593679, 46.340175 ], [ -72.593796, 46.340244 ], [ -72.593725, 46.340302 ], [ -72.593607, 46.340232 ], [ -72.593679, 46.340175 ] ] ] } },
{ "type": "Feature", "properties": { }, "geometry": { "type": "Polygon", "coordinates": [ [ [ -72.596903, 46.338055 ], [ -72.597137, 46.338153 ], [ -72.597074, 46.338225 ], [ -72.59684, 46.338127 ], [ -72.596903, 46.338055 ] ] ] } },
{ "type": "Feature", "properties": { }, "geometry": { "type": "Polygon", "coordinates": [ [ [ -72.618355, 46.348115 ], [ -72.618248, 46.348204 ], [ -72.618159, 46.348153 ], [ -72.618267, 46.348064 ], [ -72.618355, 46.348115 ] ] ] } },
{ "type": "Feature", "properties": { }, "geometry": { "type": "Polygon", "coordinates": [ [ [ -72.598851, 46.341938 ], [ -72.598661, 46.34181 ], [ -72.598746, 46.341749 ], [ -72.598936, 46.341877 ], [ -72.598851, 46.341938 ] ] ] } },
{ "type": "Feature", "properties": { }, "geometry": { "type": "Polygon", "coordinates": [ [ [ -72.601863, 46.344462 ], [ -72.601787, 46.344515 ], [ -72.601697, 46.344453 ], [ -72.601773, 46.3444 ], [ -72.601863, 46.344462 ] ] ] } },
{ "type": "Feature", "properties": { }, "geometry": { "type": "Polygon", "coordinates": [ [ [ -72.608415, 46.345375 ], [ -72.608545, 46.345372 ], [ -72.608553, 46.345557 ], [ -72.608423, 46.34556 ], [ -72.608415, 46.345375 ] ] ] } },
{ "type": "Feature", "properties": { }, "geometry": { "type": "Polygon", "coordinates": [ [ [ -72.609707, 46.341536 ], [ -72.60961, 46.341594 ], [ -72.609495, 46.341502 ], [ -72.609591, 46.341444 ], [ -72.609707, 46.341536 ] ] ] } },
{ "type": "Feature", "properties": { }, "geometry": { "type": "Polygon", "coordinates": [ [ [ -72.602414, 46.339465 ], [ -72.602539, 46.339378 ], [ -72.602632, 46.339442 ], [ -72.602507, 46.339529 ], [ -72.602414, 46.339465 ] ] ] } },
{ "type": "Feature", "properties": { }, "geometry": { "type": "Polygon", "coordinates": [ [ [ -72.608018, 46.344238 ], [ -72.607806, 46.344237 ], [ -72.607807, 46.344164 ], [ -72.608019, 46.344166 ], [ -72.608018, 46.344238 ] ] ] } },
{ "type": "Feature", "properties": { }, "geometry": { "type": "Polygon", "coordinates": [ [ [ -72.603027, 46.344665 ], [ -72.60312, 46.344808 ], [ -72.60302, 46.344838 ], [ -72.602928, 46.344695 ], [ -72.603027, 46.344665 ] ] ] } },
{ "type": "Feature", "properties": { }, "geometry": { "type": "Polygon", "coordinates": [ [ [ -72.610752, 46.339241 ], [ -72.610876, 46.339372 ], [ -72.610784, 46.339413 ], [ -72.610659, 46.339282 ], [ -72.610752, 46.339241 ] ] ] } },
{ "type": "Feature", "properties": { }, "geometry": { "type": "Polygon", "coordinates": [ [ [ -72.590622, 46.341703 ], [ -72.590715, 46.341639 ], [ -72.59086, 46.341739 ], [ -72.590767, 46.341803 ], [ -72.590622, 46.341703 ] ] ] } },
{ "type": "Feature", "properties": { }, "geometry": { "type": "Polygon", "coordinates": [ [ [ -72.61126, 46.348725 ], [ -72.611343, 46.348787 ], [ -72.611226, 46.348861 ], [ -72.611144, 46.348799 ], [ -72.61126, 46.348725 ] ] ] } },
{ "type": "Feature", "properties": { }, "geometry": { "type": "Polygon", "coordinates": [ [ [ -72.61094, 46.348894 ], [ -72.611059, 46.348975 ], [ -72.610971, 46.349036 ], [ -72.610852, 46.348955 ], [ -72.61094, 46.348894 ] ] ] } },
{ "type": "Feature", "properties": { }, "geometry": { "type": "Polygon", "coordinates": [ [ [ -72.612495, 46.350482 ], [ -72.612408, 46.350531 ], [ -72.612387, 46.350513 ], [ -72.612337, 46.350541 ], [ -72.612279, 46.350492 ], [ -72.612416, 46.350415 ], [ -72.612495, 46.350482 ] ] ] } },
{ "type": "Feature", "properties": { }, "geometry": { "type": "Polygon", "coordinates": [ [ [ -72.616301, 46.342128 ], [ -72.616357, 46.34222 ], [ -72.616226, 46.342258 ], [ -72.61617, 46.342166 ], [ -72.616301, 46.342128 ] ] ] } },
{ "type": "Feature", "properties": { }, "geometry": { "type": "Polygon", "coordinates": [ [ [ -72.612875, 46.346387 ], [ -72.612875, 46.346474 ], [ -72.61265, 46.346474 ], [ -72.61265, 46.346387 ], [ -72.612875, 46.346387 ] ] ] } },
{ "type": "Feature", "properties": { }, "geometry": { "type": "Polygon", "coordinates": [ [ [ -72.597908, 46.344926 ], [ -72.597794, 46.344847 ], [ -72.597871, 46.344794 ], [ -72.597985, 46.344873 ], [ -72.597908, 46.344926 ] ] ] } },
{ "type": "Feature", "properties": { }, "geometry": { "type": "Polygon", "coordinates": [ [ [ -72.595669, 46.332364 ], [ -72.595592, 46.332311 ], [ -72.595706, 46.332232 ], [ -72.595783, 46.332285 ], [ -72.595669, 46.332364 ] ] ] } },
{ "type": "Feature", "properties": { }, "geometry": { "type": "Polygon", "coordinates": [ [ [ -72.611246, 46.347131 ], [ -72.611138, 46.347174 ], [ -72.611084, 46.347108 ], [ -72.611192, 46.347065 ], [ -72.611246, 46.347131 ] ] ] } },
{ "type": "Feature", "properties": { }, "geometry": { "type": "Polygon", "coordinates": [ [ [ -72.613438, 46.344845 ], [ -72.613315, 46.344845 ], [ -72.613315, 46.344709 ], [ -72.613438, 46.344709 ], [ -72.613438, 46.344845 ] ] ] } },
{ "type": "Feature", "properties": { }, "geometry": { "type": "Polygon", "coordinates": [ [ [ -72.604155, 46.3456 ], [ -72.60426, 46.3456 ], [ -72.60426, 46.345711 ], [ -72.604155, 46.345711 ], [ -72.604155, 46.3456 ] ] ] } },
{ "type": "Feature", "properties": { }, "geometry": { "type": "Polygon", "coordinates": [ [ [ -72.598238, 46.335638 ], [ -72.598187, 46.335726 ], [ -72.597986, 46.33567 ], [ -72.598036, 46.335582 ], [ -72.598238, 46.335638 ] ] ] } },
{ "type": "Feature", "properties": { }, "geometry": { "type": "Polygon", "coordinates": [ [ [ -72.619815, 46.347982 ], [ -72.619732, 46.347925 ], [ -72.619882, 46.347821 ], [ -72.619966, 46.347878 ], [ -72.619815, 46.347982 ] ] ] } },
{ "type": "Feature", "properties": { }, "geometry": { "type": "Polygon", "coordinates": [ [ [ -72.610261, 46.348273 ], [ -72.610171, 46.348211 ], [ -72.610289, 46.348129 ], [ -72.610379, 46.348191 ], [ -72.610261, 46.348273 ] ] ] } },
{ "type": "Feature", "properties": { }, "geometry": { "type": "Polygon", "coordinates": [ [ [ -72.612042, 46.344102 ], [ -72.611923, 46.344103 ], [ -72.611921, 46.343953 ], [ -72.61204, 46.343952 ], [ -72.612042, 46.344102 ] ] ] } },
{ "type": "Feature", "properties": { }, "geometry": { "type": "Polygon", "coordinates": [ [ [ -72.607197, 46.343613 ], [ -72.607125, 46.343472 ], [ -72.607236, 46.343445 ], [ -72.607308, 46.343586 ], [ -72.607197, 46.343613 ] ] ] } },
{ "type": "Feature", "properties": { }, "geometry": { "type": "Polygon", "coordinates": [ [ [ -72.60883, 46.338216 ], [ -72.608688, 46.338276 ], [ -72.608655, 46.338239 ], [ -72.608631, 46.338249 ], [ -72.608548, 46.338155 ], [ -72.608714, 46.338084 ], [ -72.60883, 46.338216 ] ] ] } },
{ "type": "Feature", "properties": { }, "geometry": { "type": "Polygon", "coordinates": [ [ [ -72.591365, 46.335627 ], [ -72.591513, 46.33572 ], [ -72.591432, 46.335781 ], [ -72.591285, 46.335688 ], [ -72.591365, 46.335627 ] ] ] } },
{ "type": "Feature", "properties": { }, "geometry": { "type": "Polygon", "coordinates": [ [ [ -72.589394, 46.339336 ], [ -72.589324, 46.339271 ], [ -72.589458, 46.339203 ], [ -72.589554, 46.339293 ], [ -72.589481, 46.33933 ], [ -72.589454, 46.339305 ], [ -72.589394, 46.339336 ] ] ] } },
{ "type": "Feature", "properties": { }, "geometry": { "type": "Polygon", "coordinates": [ [ [ -72.612303, 46.349039 ], [ -72.61222, 46.34898 ], [ -72.612334, 46.348904 ], [ -72.612417, 46.348964 ], [ -72.612303, 46.349039 ] ] ] } },
{ "type": "Feature", "properties": { }, "geometry": { "type": "Polygon", "coordinates": [ [ [ -72.612845, 46.343143 ], [ -72.612753, 46.343194 ], [ -72.612669, 46.343121 ], [ -72.612762, 46.343071 ], [ -72.612845, 46.343143 ] ] ] } },
{ "type": "Feature", "properties": { }, "geometry": { "type": "Polygon", "coordinates": [ [ [ -72.612939, 46.344545 ], [ -72.612939, 46.3447 ], [ -72.612805, 46.3447 ], [ -72.612805, 46.344545 ], [ -72.612939, 46.344545 ] ] ] } },
{ "type": "Feature", "properties": { }, "geometry": { "type": "Polygon", "coordinates": [ [ [ -72.610029, 46.345254 ], [ -72.609901, 46.345254 ], [ -72.609901, 46.345093 ], [ -72.610029, 46.345093 ], [ -72.610029, 46.345254 ] ] ] } },
{ "type": "Feature", "properties": { }, "geometry": { "type": "Polygon", "coordinates": [ [ [ -72.609734, 46.346544 ], [ -72.609824, 46.346601 ], [ -72.609697, 46.346696 ], [ -72.609607, 46.346639 ], [ -72.609734, 46.346544 ] ] ] } },
{ "type": "Feature", "properties": { }, "geometry": { "type": "Polygon", "coordinates": [ [ [ -72.603192, 46.341548 ], [ -72.603165, 46.341465 ], [ -72.603338, 46.341437 ], [ -72.603366, 46.34152 ], [ -72.603192, 46.341548 ] ] ] } },
{ "type": "Feature", "properties": { }, "geometry": { "type": "Polygon", "coordinates": [ [ [ -72.598525, 46.343087 ], [ -72.598638, 46.343165 ], [ -72.598563, 46.343217 ], [ -72.59845, 46.343139 ], [ -72.598525, 46.343087 ] ] ] } },
{ "type": "Feature", "properties": { }, "geometry": { "type": "Polygon", "coordinates": [ [ [ -72.60706, 46.345483 ], [ -72.60706, 46.345635 ], [ -72.606934, 46.345635 ], [ -72.606934, 46.345483 ], [ -72.60706, 46.345483 ] ] ] } },
{ "type": "Feature", "properties": { }, "geometry": { "type": "Polygon", "coordinates": [ [ [ -72.611456, 46.338929 ], [ -72.611623, 46.338929 ], [ -72.611623, 46.339012 ], [ -72.611456, 46.339012 ], [ -72.611456, 46.338929 ] ] ] } },
{ "type": "Feature", "properties": { }, "geometry": { "type": "Polygon", "coordinates": [ [ [ -72.595538, 46.339454 ], [ -72.59569, 46.339573 ], [ -72.595598, 46.339629 ], [ -72.595446, 46.33951 ], [ -72.595538, 46.339454 ] ] ] } },
{ "type": "Feature", "properties": { }, "geometry": { "type": "Polygon", "coordinates": [ [ [ -72.596164, 46.333492 ], [ -72.596051, 46.33342 ], [ -72.596141, 46.333353 ], [ -72.596254, 46.333425 ], [ -72.596164, 46.333492 ] ] ] } },
{ "type": "Feature", "properties": { }, "geometry": { "type": "Polygon", "coordinates": [ [ [ -72.611556, 46.348978 ], [ -72.611637, 46.349041 ], [ -72.611519, 46.349114 ], [ -72.611438, 46.349051 ], [ -72.611556, 46.348978 ] ] ] } },
{ "type": "Feature", "properties": { }, "geometry": { "type": "Polygon", "coordinates": [ [ [ -72.617759, 46.348982 ], [ -72.617853, 46.349044 ], [ -72.617755, 46.349115 ], [ -72.617662, 46.349053 ], [ -72.617759, 46.348982 ] ] ] } },
{ "type": "Feature", "properties": { }, "geometry": { "type": "Polygon", "coordinates": [ [ [ -72.614146, 46.351407 ], [ -72.614084, 46.351495 ], [ -72.61387, 46.351424 ], [ -72.613852, 46.35145 ], [ -72.613793, 46.35143 ], [ -72.613873, 46.351316 ], [ -72.614146, 46.351407 ] ] ] } },
{ "type": "Feature", "properties": { }, "geometry": { "type": "Polygon", "coordinates": [ [ [ -72.61975, 46.345025 ], [ -72.619883, 46.34504 ], [ -72.619845, 46.345203 ], [ -72.619712, 46.345188 ], [ -72.61975, 46.345025 ] ] ] } },
{ "type": "Feature", "properties": { }, "geometry": { "type": "Polygon", "coordinates": [ [ [ -72.591754, 46.335872 ], [ -72.591836, 46.335929 ], [ -72.591656, 46.336053 ], [ -72.591574, 46.335996 ], [ -72.591754, 46.335872 ] ] ] } },
{ "type": "Feature", "properties": { }, "geometry": { "type": "Polygon", "coordinates": [ [ [ -72.61844, 46.348962 ], [ -72.61855, 46.348952 ], [ -72.618569, 46.349044 ], [ -72.618397, 46.34906 ], [ -72.618385, 46.348998 ], [ -72.618446, 46.348993 ], [ -72.61844, 46.348962 ] ] ] } },
{ "type": "Feature", "properties": { }, "geometry": { "type": "Polygon", "coordinates": [ [ [ -72.600335, 46.332508 ], [ -72.600177, 46.332478 ], [ -72.600211, 46.332393 ], [ -72.600369, 46.332423 ], [ -72.600335, 46.332508 ] ] ] } },
{ "type": "Feature", "properties": { }, "geometry": { "type": "Polygon", "coordinates": [ [ [ -72.592573, 46.34109 ], [ -72.592455, 46.341013 ], [ -72.592403, 46.34105 ], [ -72.592359, 46.341021 ], [ -72.59249, 46.340926 ], [ -72.592653, 46.341033 ], [ -72.592573, 46.34109 ] ] ] } },
{ "type": "Feature", "properties": { }, "geometry": { "type": "Polygon", "coordinates": [ [ [ -72.594151, 46.342391 ], [ -72.594069, 46.342335 ], [ -72.594155, 46.342276 ], [ -72.594133, 46.342261 ], [ -72.594212, 46.342206 ], [ -72.594316, 46.342277 ], [ -72.594151, 46.342391 ] ] ] } },
{ "type": "Feature", "properties": { }, "geometry": { "type": "Polygon", "coordinates": [ [ [ -72.610329, 46.35041 ], [ -72.610276, 46.350371 ], [ -72.610214, 46.350412 ], [ -72.61014, 46.350358 ], [ -72.610285, 46.350263 ], [ -72.610412, 46.350355 ], [ -72.610329, 46.35041 ] ] ] } },
{ "type": "Feature", "properties": { }, "geometry": { "type": "Polygon", "coordinates": [ [ [ -72.613862, 46.34662 ], [ -72.613862, 46.346729 ], [ -72.613733, 46.346729 ], [ -72.613733, 46.34662 ], [ -72.613862, 46.34662 ] ] ] } },
{ "type": "Feature", "properties": { }, "geometry": { "type": "Polygon", "coordinates": [ [ [ -72.604082, 46.33996 ], [ -72.604126, 46.339917 ], [ -72.604191, 46.339949 ], [ -72.604266, 46.339876 ], [ -72.604351, 46.339918 ], [ -72.604205, 46.340059 ], [ -72.604125, 46.34002 ], [ -72.604152, 46.339994 ], [ -72.604082, 46.33996 ] ] ] } },
{ "type": "Feature", "properties": { }, "geometry": { "type": "Polygon", "coordinates": [ [ [ -72.606563, 46.343476 ], [ -72.606512, 46.343312 ], [ -72.606612, 46.343297 ], [ -72.606663, 46.343462 ], [ -72.606563, 46.343476 ] ] ] } },
{ "type": "Feature", "properties": { }, "geometry": { "type": "Polygon", "coordinates": [ [ [ -72.60422, 46.344313 ], [ -72.60422, 46.344195 ], [ -72.604335, 46.344195 ], [ -72.604335, 46.344313 ], [ -72.60422, 46.344313 ] ] ] } },
{ "type": "Feature", "properties": { }, "geometry": { "type": "Polygon", "coordinates": [ [ [ -72.606935, 46.34464 ], [ -72.606928, 46.344488 ], [ -72.607044, 46.344486 ], [ -72.60705, 46.344638 ], [ -72.606935, 46.34464 ] ] ] } },
{ "type": "Feature", "properties": { }, "geometry": { "type": "Polygon", "coordinates": [ [ [ -72.602152, 46.337132 ], [ -72.602152, 46.337219 ], [ -72.601991, 46.337219 ], [ -72.601991, 46.337132 ], [ -72.602152, 46.337132 ] ] ] } },
{ "type": "Feature", "properties": { }, "geometry": { "type": "Polygon", "coordinates": [ [ [ -72.593314, 46.343511 ], [ -72.593204, 46.343587 ], [ -72.593105, 46.343519 ], [ -72.593215, 46.343443 ], [ -72.593314, 46.343511 ] ] ] } },
{ "type": "Feature", "properties": { }, "geometry": { "type": "Polygon", "coordinates": [ [ [ -72.619281, 46.347904 ], [ -72.61919, 46.347834 ], [ -72.619303, 46.347763 ], [ -72.619394, 46.347833 ], [ -72.619281, 46.347904 ] ] ] } },
{ "type": "Feature", "properties": { }, "geometry": { "type": "Polygon", "coordinates": [ [ [ -72.614573, 46.352402 ], [ -72.614484, 46.352463 ], [ -72.614387, 46.352396 ], [ -72.614475, 46.352335 ], [ -72.614573, 46.352402 ] ] ] } },
{ "type": "Feature", "properties": { }, "geometry": { "type": "Polygon", "coordinates": [ [ [ -72.60339, 46.348753 ], [ -72.603286, 46.348846 ], [ -72.603123, 46.348759 ], [ -72.603227, 46.348666 ], [ -72.60339, 46.348753 ] ] ] } },
{ "type": "Feature", "properties": { }, "geometry": { "type": "Polygon", "coordinates": [ [ [ -72.610904, 46.346113 ], [ -72.610748, 46.346113 ], [ -72.610748, 46.346031 ], [ -72.610904, 46.346031 ], [ -72.610904, 46.346113 ] ] ] } },
{ "type": "Feature", "properties": { }, "geometry": { "type": "Polygon", "coordinates": [ [ [ -72.603995, 46.339961 ], [ -72.603836, 46.339858 ], [ -72.603922, 46.339795 ], [ -72.604081, 46.339897 ], [ -72.603995, 46.339961 ] ] ] } },
{ "type": "Feature", "properties": { }, "geometry": { "type": "Polygon", "coordinates": [ [ [ -72.60025, 46.34243 ], [ -72.600085, 46.342316 ], [ -72.600167, 46.34226 ], [ -72.600332, 46.342374 ], [ -72.60025, 46.34243 ] ] ] } },
{ "type": "Feature", "properties": { }, "geometry": { "type": "Polygon", "coordinates": [ [ [ -72.60969, 46.350848 ], [ -72.609607, 46.350905 ], [ -72.609481, 46.350818 ], [ -72.609564, 46.350761 ], [ -72.60969, 46.350848 ] ] ] } },
{ "type": "Feature", "properties": { }, "geometry": { "type": "Polygon", "coordinates": [ [ [ -72.606718, 46.347656 ], [ -72.606801, 46.347714 ], [ -72.606646, 46.347821 ], [ -72.606563, 46.347764 ], [ -72.606718, 46.347656 ] ] ] } },
{ "type": "Feature", "properties": { }, "geometry": { "type": "Polygon", "coordinates": [ [ [ -72.602139, 46.33281 ], [ -72.602066, 46.332878 ], [ -72.601931, 46.332809 ], [ -72.602004, 46.332741 ], [ -72.602139, 46.33281 ] ] ] } },
{ "type": "Feature", "properties": { }, "geometry": { "type": "Polygon", "coordinates": [ [ [ -72.59878, 46.336611 ], [ -72.598773, 46.336689 ], [ -72.598554, 46.336679 ], [ -72.598561, 46.336602 ], [ -72.59878, 46.336611 ] ] ] } },
{ "type": "Feature", "properties": { }, "geometry": { "type": "Polygon", "coordinates": [ [ [ -72.605882, 46.336923 ], [ -72.605915, 46.336995 ], [ -72.605813, 46.337017 ], [ -72.60578, 46.336946 ], [ -72.605882, 46.336923 ] ] ] } },
{ "type": "Feature", "properties": { }, "geometry": { "type": "Polygon", "coordinates": [ [ [ -72.593366, 46.343195 ], [ -72.593256, 46.343123 ], [ -72.593327, 46.343071 ], [ -72.593438, 46.343143 ], [ -72.593366, 46.343195 ] ] ] } },
{ "type": "Feature", "properties": { }, "geometry": { "type": "Polygon", "coordinates": [ [ [ -72.617365, 46.350125 ], [ -72.617354, 46.350032 ], [ -72.617496, 46.350024 ], [ -72.617507, 46.350117 ], [ -72.617365, 46.350125 ] ] ] } },
{ "type": "Feature", "properties": { }, "geometry": { "type": "Polygon", "coordinates": [ [ [ -72.611488, 46.350684 ], [ -72.611397, 46.350621 ], [ -72.611503, 46.350548 ], [ -72.611594, 46.350611 ], [ -72.611488, 46.350684 ] ] ] } },
{ "type": "Feature", "properties": { }, "geometry": { "type": "Polygon", "coordinates": [ [ [ -72.613193, 46.351067 ], [ -72.613137, 46.351153 ], [ -72.61292, 46.351086 ], [ -72.612977, 46.351 ], [ -72.613193, 46.351067 ] ] ] } },
{ "type": "Feature", "properties": { }, "geometry": { "type": "Polygon", "coordinates": [ [ [ -72.614857, 46.352555 ], [ -72.614956, 46.352618 ], [ -72.61487, 46.352683 ], [ -72.614844, 46.352667 ], [ -72.614805, 46.352696 ], [ -72.614732, 46.35265 ], [ -72.614857, 46.352555 ] ] ] } },
{ "type": "Feature", "properties": { }, "geometry": { "type": "Polygon", "coordinates": [ [ [ -72.601999, 46.341869 ], [ -72.601891, 46.341869 ], [ -72.601891, 46.341804 ], [ -72.601999, 46.341804 ], [ -72.601999, 46.341869 ] ] ] } },
{ "type": "Feature", "properties": { }, "geometry": { "type": "Polygon", "coordinates": [ [ [ -72.603325, 46.346304 ], [ -72.603199, 46.346307 ], [ -72.603192, 46.346194 ], [ -72.603112, 46.346196 ], [ -72.603109, 46.346145 ], [ -72.603315, 46.346139 ], [ -72.603325, 46.346304 ] ] ] } },
{ "type": "Feature", "properties": { }, "geometry": { "type": "Polygon", "coordinates": [ [ [ -72.607525, 46.33911 ], [ -72.607625, 46.339004 ], [ -72.607719, 46.339046 ], [ -72.60769, 46.339077 ], [ -72.607726, 46.339092 ], [ -72.607654, 46.339168 ], [ -72.607525, 46.33911 ] ] ] } },
{ "type": "Feature", "properties": { }, "geometry": { "type": "Polygon", "coordinates": [ [ [ -72.593042, 46.341326 ], [ -72.593172, 46.341405 ], [ -72.5931, 46.341461 ], [ -72.59297, 46.341383 ], [ -72.593042, 46.341326 ] ] ] } },
{ "type": "Feature", "properties": { }, "geometry": { "type": "Polygon", "coordinates": [ [ [ -72.596641, 46.335558 ], [ -72.596528, 46.335631 ], [ -72.596453, 46.335576 ], [ -72.596566, 46.335503 ], [ -72.596641, 46.335558 ] ] ] } },
{ "type": "Feature", "properties": { }, "geometry": { "type": "Polygon", "coordinates": [ [ [ -72.594325, 46.337617 ], [ -72.594325, 46.337473 ], [ -72.594443, 46.337473 ], [ -72.594443, 46.337617 ], [ -72.594325, 46.337617 ] ] ] } },
{ "type": "Feature", "properties": { }, "geometry": { "type": "Polygon", "coordinates": [ [ [ -72.609097, 46.352254 ], [ -72.609195, 46.352315 ], [ -72.608995, 46.352469 ], [ -72.608897, 46.352409 ], [ -72.609097, 46.352254 ] ] ] } },
{ "type": "Feature", "properties": { }, "geometry": { "type": "Polygon", "coordinates": [ [ [ -72.602269, 46.347325 ], [ -72.602379, 46.347337 ], [ -72.602358, 46.347424 ], [ -72.602187, 46.347405 ], [ -72.6022, 46.347351 ], [ -72.602261, 46.347358 ], [ -72.602269, 46.347325 ] ] ] } },
{ "type": "Feature", "properties": { }, "geometry": { "type": "Polygon", "coordinates": [ [ [ -72.615675, 46.346729 ], [ -72.615855, 46.346729 ], [ -72.615855, 46.34682 ], [ -72.615675, 46.34682 ], [ -72.615675, 46.346729 ] ] ] } },
{ "type": "Feature", "properties": { }, "geometry": { "type": "Polygon", "coordinates": [ [ [ -72.607645, 46.340136 ], [ -72.607524, 46.340219 ], [ -72.607444, 46.340164 ], [ -72.607564, 46.34008 ], [ -72.607645, 46.340136 ] ] ] } },
{ "type": "Feature", "properties": { }, "geometry": { "type": "Polygon", "coordinates": [ [ [ -72.602544, 46.342952 ], [ -72.602649, 46.342895 ], [ -72.602782, 46.343012 ], [ -72.602695, 46.343059 ], [ -72.602663, 46.343032 ], [ -72.602619, 46.343056 ], [ -72.602577, 46.34302 ], [ -72.602604, 46.343005 ], [ -72.602544, 46.342952 ] ] ] } },
{ "type": "Feature", "properties": { }, "geometry": { "type": "Polygon", "coordinates": [ [ [ -72.602546, 46.33263 ], [ -72.602672, 46.332717 ], [ -72.602583, 46.332778 ], [ -72.602457, 46.332691 ], [ -72.602546, 46.33263 ] ] ] } },
{ "type": "Feature", "properties": { }, "geometry": { "type": "Polygon", "coordinates": [ [ [ -72.604572, 46.336296 ], [ -72.604498, 46.336358 ], [ -72.604332, 46.336264 ], [ -72.604406, 46.336201 ], [ -72.604572, 46.336296 ] ] ] } },
{ "type": "Feature", "properties": { }, "geometry": { "type": "Polygon", "coordinates": [ [ [ -72.604414, 46.338644 ], [ -72.60434, 46.338712 ], [ -72.604212, 46.338647 ], [ -72.604286, 46.338578 ], [ -72.604414, 46.338644 ] ] ] } },
{ "type": "Feature", "properties": { }, "geometry": { "type": "Polygon", "coordinates": [ [ [ -72.597092, 46.334191 ], [ -72.597004, 46.33413 ], [ -72.59716, 46.334023 ], [ -72.597247, 46.334083 ], [ -72.597092, 46.334191 ] ] ] } },
{ "type": "Feature", "properties": { }, "geometry": { "type": "Polygon", "coordinates": [ [ [ -72.591409, 46.338847 ], [ -72.591332, 46.338793 ], [ -72.59145, 46.338712 ], [ -72.591527, 46.338766 ], [ -72.591409, 46.338847 ] ] ] } },
{ "type": "Feature", "properties": { }, "geometry": { "type": "Polygon", "coordinates": [ [ [ -72.613884, 46.34465 ], [ -72.613884, 46.344735 ], [ -72.613739, 46.344735 ], [ -72.613739, 46.34465 ], [ -72.613884, 46.34465 ] ] ] } },
{ "type": "Feature", "properties": { }, "geometry": { "type": "Polygon", "coordinates": [ [ [ -72.601937, 46.339295 ], [ -72.602031, 46.339328 ], [ -72.601932, 46.339466 ], [ -72.601837, 46.339433 ], [ -72.601937, 46.339295 ] ] ] } },
{ "type": "Feature", "properties": { }, "geometry": { "type": "Polygon", "coordinates": [ [ [ -72.600592, 46.34304 ], [ -72.600482, 46.34312 ], [ -72.600356, 46.343038 ], [ -72.600438, 46.342978 ], [ -72.600491, 46.343012 ], [ -72.600518, 46.342992 ], [ -72.600592, 46.34304 ] ] ] } },
{ "type": "Feature", "properties": { }, "geometry": { "type": "Polygon", "coordinates": [ [ [ -72.6013, 46.344547 ], [ -72.601221, 46.344602 ], [ -72.601128, 46.344538 ], [ -72.601207, 46.344484 ], [ -72.6013, 46.344547 ] ] ] } },
{ "type": "Feature", "properties": { }, "geometry": { "type": "Polygon", "coordinates": [ [ [ -72.604029, 46.333564 ], [ -72.604077, 46.333597 ], [ -72.604118, 46.333569 ], [ -72.604165, 46.333602 ], [ -72.604134, 46.333623 ], [ -72.604197, 46.333666 ], [ -72.604118, 46.333721 ], [ -72.603959, 46.333612 ], [ -72.604029, 46.333564 ] ] ] } },
{ "type": "Feature", "properties": { }, "geometry": { "type": "Polygon", "coordinates": [ [ [ -72.603879, 46.334462 ], [ -72.603773, 46.334389 ], [ -72.603851, 46.334335 ], [ -72.603957, 46.334408 ], [ -72.603879, 46.334462 ] ] ] } },
{ "type": "Feature", "properties": { }, "geometry": { "type": "Polygon", "coordinates": [ [ [ -72.597279, 46.33405 ], [ -72.597193, 46.333989 ], [ -72.597371, 46.333871 ], [ -72.597456, 46.333932 ], [ -72.597279, 46.33405 ] ] ] } },
{ "type": "Feature", "properties": { }, "geometry": { "type": "Polygon", "coordinates": [ [ [ -72.609785, 46.34248 ], [ -72.609928, 46.342575 ], [ -72.609836, 46.342641 ], [ -72.609693, 46.342545 ], [ -72.609785, 46.34248 ] ] ] } },
{ "type": "Feature", "properties": { }, "geometry": { "type": "Polygon", "coordinates": [ [ [ -72.609921, 46.343059 ], [ -72.610051, 46.343055 ], [ -72.610048, 46.343013 ], [ -72.610132, 46.343011 ], [ -72.61014, 46.343127 ], [ -72.609926, 46.343134 ], [ -72.609921, 46.343059 ] ] ] } },
{ "type": "Feature", "properties": { }, "geometry": { "type": "Polygon", "coordinates": [ [ [ -72.60905, 46.344726 ], [ -72.60905, 46.344874 ], [ -72.608932, 46.344874 ], [ -72.608932, 46.344726 ], [ -72.60905, 46.344726 ] ] ] } },
{ "type": "Feature", "properties": { }, "geometry": { "type": "Polygon", "coordinates": [ [ [ -72.600461, 46.339894 ], [ -72.600329, 46.339897 ], [ -72.600322, 46.339758 ], [ -72.600453, 46.339754 ], [ -72.600461, 46.339894 ] ] ] } },
{ "type": "Feature", "properties": { }, "geometry": { "type": "Polygon", "coordinates": [ [ [ -72.607109, 46.343222 ], [ -72.607007, 46.343249 ], [ -72.606911, 46.343075 ], [ -72.607013, 46.343048 ], [ -72.607109, 46.343222 ] ] ] } },
{ "type": "Feature", "properties": { }, "geometry": { "type": "Polygon", "coordinates": [ [ [ -72.604325, 46.334175 ], [ -72.604247, 46.334231 ], [ -72.604092, 46.334128 ], [ -72.60417, 46.334072 ], [ -72.604325, 46.334175 ] ] ] } },
{ "type": "Feature", "properties": { }, "geometry": { "type": "Polygon", "coordinates": [ [ [ -72.611675, 46.351696 ], [ -72.61162, 46.351799 ], [ -72.611481, 46.351763 ], [ -72.611536, 46.351661 ], [ -72.611675, 46.351696 ] ] ] } },
{ "type": "Feature", "properties": { }, "geometry": { "type": "Polygon", "coordinates": [ [ [ -72.614889, 46.343384 ], [ -72.614889, 46.343463 ], [ -72.614739, 46.343463 ], [ -72.614739, 46.343384 ], [ -72.614889, 46.343384 ] ] ] } },
{ "type": "Feature", "properties": { }, "geometry": { "type": "Polygon", "coordinates": [ [ [ -72.604777, 46.346645 ], [ -72.604855, 46.346744 ], [ -72.60477, 46.346776 ], [ -72.604692, 46.346677 ], [ -72.604777, 46.346645 ] ] ] } },
{ "type": "Feature", "properties": { }, "geometry": { "type": "Polygon", "coordinates": [ [ [ -72.605847, 46.336546 ], [ -72.60579, 46.336621 ], [ -72.605654, 46.336571 ], [ -72.605712, 46.336496 ], [ -72.605847, 46.336546 ] ] ] } },
{ "type": "Feature", "properties": { }, "geometry": { "type": "Polygon", "coordinates": [ [ [ -72.591782, 46.339437 ], [ -72.591857, 46.33949 ], [ -72.591741, 46.33957 ], [ -72.591665, 46.339518 ], [ -72.591782, 46.339437 ] ] ] } },
{ "type": "Feature", "properties": { }, "geometry": { "type": "Polygon", "coordinates": [ [ [ -72.592339, 46.339659 ], [ -72.592269, 46.339707 ], [ -72.592158, 46.33963 ], [ -72.592278, 46.339547 ], [ -72.592363, 46.339605 ], [ -72.592312, 46.339641 ], [ -72.592339, 46.339659 ] ] ] } },
{ "type": "Feature", "properties": { }, "geometry": { "type": "Polygon", "coordinates": [ [ [ -72.591517, 46.341305 ], [ -72.591434, 46.341361 ], [ -72.59132, 46.341279 ], [ -72.591403, 46.341223 ], [ -72.591517, 46.341305 ] ] ] } },
{ "type": "Feature", "properties": { }, "geometry": { "type": "Polygon", "coordinates": [ [ [ -72.590828, 46.336747 ], [ -72.590751, 46.336801 ], [ -72.590629, 46.336717 ], [ -72.590705, 46.336664 ], [ -72.590828, 46.336747 ] ] ] } },
{ "type": "Feature", "properties": { }, "geometry": { "type": "Polygon", "coordinates": [ [ [ -72.591879, 46.33843 ], [ -72.591953, 46.338481 ], [ -72.591839, 46.33856 ], [ -72.591765, 46.338509 ], [ -72.591879, 46.33843 ] ] ] } },
{ "type": "Feature", "properties": { }, "geometry": { "type": "Polygon", "coordinates": [ [ [ -72.610693, 46.347465 ], [ -72.610547, 46.347566 ], [ -72.610462, 46.347508 ], [ -72.610609, 46.347407 ], [ -72.610693, 46.347465 ] ] ] } },
{ "type": "Feature", "properties": { }, "geometry": { "type": "Polygon", "coordinates": [ [ [ -72.610395, 46.33968 ], [ -72.610338, 46.339568 ], [ -72.610457, 46.339539 ], [ -72.610514, 46.339651 ], [ -72.610395, 46.33968 ] ] ] } },
{ "type": "Feature", "properties": { }, "geometry": { "type": "Polygon", "coordinates": [ [ [ -72.612433, 46.343798 ], [ -72.612331, 46.343823 ], [ -72.612271, 46.343703 ], [ -72.612372, 46.343679 ], [ -72.612433, 46.343798 ] ] ] } },
{ "type": "Feature", "properties": { }, "geometry": { "type": "Polygon", "coordinates": [ [ [ -72.599072, 46.339598 ], [ -72.599181, 46.339531 ], [ -72.599308, 46.33963 ], [ -72.599198, 46.339697 ], [ -72.599126, 46.339641 ], [ -72.599072, 46.339598 ] ] ] } },
{ "type": "Feature", "properties": { }, "geometry": { "type": "Polygon", "coordinates": [ [ [ -72.599037, 46.341566 ], [ -72.598828, 46.341433 ], [ -72.598909, 46.341373 ], [ -72.599118, 46.341506 ], [ -72.599037, 46.341566 ] ] ] } },
{ "type": "Feature", "properties": { }, "geometry": { "type": "Polygon", "coordinates": [ [ [ -72.604036, 46.33445 ], [ -72.604152, 46.334531 ], [ -72.604073, 46.334584 ], [ -72.603958, 46.334503 ], [ -72.604036, 46.33445 ] ] ] } },
{ "type": "Feature", "properties": { }, "geometry": { "type": "Polygon", "coordinates": [ [ [ -72.594298, 46.343893 ], [ -72.594179, 46.343816 ], [ -72.594264, 46.343753 ], [ -72.594384, 46.34383 ], [ -72.594298, 46.343893 ] ] ] } },
{ "type": "Feature", "properties": { }, "geometry": { "type": "Polygon", "coordinates": [ [ [ -72.615933, 46.347057 ], [ -72.616094, 46.347057 ], [ -72.616094, 46.347141 ], [ -72.615933, 46.347141 ], [ -72.615933, 46.347057 ] ] ] } },
{ "type": "Feature", "properties": { }, "geometry": { "type": "Polygon", "coordinates": [ [ [ -72.610989, 46.351037 ], [ -72.610922, 46.350995 ], [ -72.610961, 46.350966 ], [ -72.610924, 46.350943 ], [ -72.610992, 46.350891 ], [ -72.611096, 46.350955 ], [ -72.610989, 46.351037 ] ] ] } },
{ "type": "Feature", "properties": { }, "geometry": { "type": "Polygon", "coordinates": [ [ [ -72.60107, 46.348711 ], [ -72.600952, 46.348797 ], [ -72.600727, 46.348649 ], [ -72.600844, 46.348564 ], [ -72.60107, 46.348711 ] ] ] } },
{ "type": "Feature", "properties": { }, "geometry": { "type": "Polygon", "coordinates": [ [ [ -72.607995, 46.350644 ], [ -72.608119, 46.350726 ], [ -72.608036, 46.350786 ], [ -72.607912, 46.350705 ], [ -72.607995, 46.350644 ] ] ] } },
{ "type": "Feature", "properties": { }, "geometry": { "type": "Polygon", "coordinates": [ [ [ -72.620077, 46.346011 ], [ -72.62008, 46.346098 ], [ -72.619864, 46.346101 ], [ -72.619861, 46.346014 ], [ -72.620077, 46.346011 ] ] ] } },
{ "type": "Feature", "properties": { }, "geometry": { "type": "Polygon", "coordinates": [ [ [ -72.606656, 46.33901 ], [ -72.606575, 46.338941 ], [ -72.606716, 46.338862 ], [ -72.606798, 46.338932 ], [ -72.606656, 46.33901 ] ] ] } },
{ "type": "Feature", "properties": { }, "geometry": { "type": "Polygon", "coordinates": [ [ [ -72.616346, 46.348382 ], [ -72.616279, 46.348444 ], [ -72.616135, 46.34837 ], [ -72.616202, 46.348308 ], [ -72.616346, 46.348382 ] ] ] } },
{ "type": "Feature", "properties": { }, "geometry": { "type": "Polygon", "coordinates": [ [ [ -72.607981, 46.351125 ], [ -72.608097, 46.351178 ], [ -72.608034, 46.351246 ], [ -72.607917, 46.351193 ], [ -72.607981, 46.351125 ] ] ] } },
{ "type": "Feature", "properties": { }, "geometry": { "type": "Polygon", "coordinates": [ [ [ -72.617824, 46.345008 ], [ -72.617942, 46.345008 ], [ -72.617942, 46.345085 ], [ -72.617824, 46.345085 ], [ -72.617824, 46.345008 ] ] ] } },
{ "type": "Feature", "properties": { }, "geometry": { "type": "Polygon", "coordinates": [ [ [ -72.603489, 46.341096 ], [ -72.603342, 46.341146 ], [ -72.603283, 46.341064 ], [ -72.603431, 46.341014 ], [ -72.603489, 46.341096 ] ] ] } },
{ "type": "Feature", "properties": { }, "geometry": { "type": "Polygon", "coordinates": [ [ [ -72.598165, 46.342937 ], [ -72.598048, 46.342856 ], [ -72.598126, 46.342802 ], [ -72.598242, 46.342883 ], [ -72.598165, 46.342937 ] ] ] } },
{ "type": "Feature", "properties": { }, "geometry": { "type": "Polygon", "coordinates": [ [ [ -72.601816, 46.345783 ], [ -72.601732, 46.345838 ], [ -72.601589, 46.345733 ], [ -72.601673, 46.345679 ], [ -72.601816, 46.345783 ] ] ] } },
{ "type": "Feature", "properties": { }, "geometry": { "type": "Polygon", "coordinates": [ [ [ -72.602047, 46.337499 ], [ -72.602047, 46.337584 ], [ -72.601873, 46.337584 ], [ -72.601873, 46.337499 ], [ -72.602047, 46.337499 ] ] ] } },
{ "type": "Feature", "properties": { }, "geometry": { "type": "Polygon", "coordinates": [ [ [ -72.596295, 46.341885 ], [ -72.59618, 46.341964 ], [ -72.596093, 46.341904 ], [ -72.596208, 46.341825 ], [ -72.596295, 46.341885 ] ] ] } },
{ "type": "Feature", "properties": { }, "geometry": { "type": "Polygon", "coordinates": [ [ [ -72.601838, 46.347004 ], [ -72.601838, 46.347087 ], [ -72.601637, 46.347087 ], [ -72.601637, 46.347004 ], [ -72.601838, 46.347004 ] ] ] } },
{ "type": "Feature", "properties": { }, "geometry": { "type": "Polygon", "coordinates": [ [ [ -72.611525, 46.344733 ], [ -72.611526, 46.344698 ], [ -72.611583, 46.344699 ], [ -72.611583, 46.344732 ], [ -72.611701, 46.344733 ], [ -72.611699, 46.344827 ], [ -72.611468, 46.344825 ], [ -72.61147, 46.344733 ], [ -72.611525, 46.344733 ] ] ] } },
{ "type": "Feature", "properties": { }, "geometry": { "type": "Polygon", "coordinates": [ [ [ -72.598777, 46.345346 ], [ -72.5987, 46.345293 ], [ -72.598831, 46.345202 ], [ -72.598909, 46.345256 ], [ -72.598777, 46.345346 ] ] ] } },
{ "type": "Feature", "properties": { }, "geometry": { "type": "Polygon", "coordinates": [ [ [ -72.599439, 46.333162 ], [ -72.599653, 46.33315 ], [ -72.599661, 46.333218 ], [ -72.599447, 46.33323 ], [ -72.599439, 46.333162 ] ] ] } },
{ "type": "Feature", "properties": { }, "geometry": { "type": "Polygon", "coordinates": [ [ [ -72.596504, 46.340845 ], [ -72.596434, 46.340832 ], [ -72.596454, 46.340781 ], [ -72.596691, 46.340826 ], [ -72.59666, 46.340905 ], [ -72.596493, 46.340873 ], [ -72.596504, 46.340845 ] ] ] } },
{ "type": "Feature", "properties": { }, "geometry": { "type": "Polygon", "coordinates": [ [ [ -72.597573, 46.342982 ], [ -72.597463, 46.342904 ], [ -72.59754, 46.342852 ], [ -72.59765, 46.34293 ], [ -72.597573, 46.342982 ] ] ] } },
{ "type": "Feature", "properties": { }, "geometry": { "type": "Polygon", "coordinates": [ [ [ -72.596608, 46.337369 ], [ -72.596414, 46.337369 ], [ -72.596414, 46.337293 ], [ -72.596608, 46.337293 ], [ -72.596608, 46.337369 ] ] ] } },
{ "type": "Feature", "properties": { }, "geometry": { "type": "Polygon", "coordinates": [ [ [ -72.58915, 46.33906 ], [ -72.589066, 46.339004 ], [ -72.589218, 46.338897 ], [ -72.589302, 46.338953 ], [ -72.58915, 46.33906 ] ] ] } },
{ "type": "Feature", "properties": { }, "geometry": { "type": "Polygon", "coordinates": [ [ [ -72.620001, 46.347645 ], [ -72.620089, 46.347521 ], [ -72.620233, 46.34757 ], [ -72.620159, 46.347675 ], [ -72.620092, 46.347652 ], [ -72.620078, 46.347671 ], [ -72.620001, 46.347645 ] ] ] } },
{ "type": "Feature", "properties": { }, "geometry": { "type": "Polygon", "coordinates": [ [ [ -72.60749, 46.350912 ], [ -72.607393, 46.350849 ], [ -72.6075, 46.350771 ], [ -72.607597, 46.350834 ], [ -72.60749, 46.350912 ] ] ] } },
{ "type": "Feature", "properties": { }, "geometry": { "type": "Polygon", "coordinates": [ [ [ -72.590861, 46.340274 ], [ -72.590799, 46.340335 ], [ -72.590589, 46.340234 ], [ -72.590651, 46.340173 ], [ -72.590861, 46.340274 ] ] ] } },
{ "type": "Feature", "properties": { }, "geometry": { "type": "Polygon", "coordinates": [ [ [ -72.5914, 46.336036 ], [ -72.591368, 46.336094 ], [ -72.591286, 46.336072 ], [ -72.591318, 46.336014 ], [ -72.5914, 46.336036 ] ] ] } },
{ "type": "Feature", "properties": { }, "geometry": { "type": "Polygon", "coordinates": [ [ [ -72.611234, 46.349794 ], [ -72.611141, 46.34973 ], [ -72.611256, 46.34965 ], [ -72.611349, 46.349714 ], [ -72.611234, 46.349794 ] ] ] } },
{ "type": "Feature", "properties": { }, "geometry": { "type": "Polygon", "coordinates": [ [ [ -72.614284, 46.352994 ], [ -72.614335, 46.3529 ], [ -72.614464, 46.352933 ], [ -72.614413, 46.353028 ], [ -72.614284, 46.352994 ] ] ] } },
{ "type": "Feature", "properties": { }, "geometry": { "type": "Polygon", "coordinates": [ [ [ -72.598031, 46.344389 ], [ -72.598118, 46.344445 ], [ -72.598005, 46.344529 ], [ -72.597918, 46.344473 ], [ -72.598031, 46.344389 ] ] ] } },
{ "type": "Feature", "properties": { }, "geometry": { "type": "Polygon", "coordinates": [ [ [ -72.599837, 46.332185 ], [ -72.599805, 46.332115 ], [ -72.599961, 46.33208 ], [ -72.599993, 46.33215 ], [ -72.599837, 46.332185 ] ] ] } },
{ "type": "Feature", "properties": { }, "geometry": { "type": "Polygon", "coordinates": [ [ [ -72.600636, 46.332548 ], [ -72.600429, 46.332509 ], [ -72.600455, 46.332444 ], [ -72.600662, 46.332483 ], [ -72.600636, 46.332548 ] ] ] } },
{ "type": "Feature", "properties": { }, "geometry": { "type": "Polygon", "coordinates": [ [ [ -72.600659, 46.334846 ], [ -72.60074, 46.334903 ], [ -72.600579, 46.335014 ], [ -72.600497, 46.334956 ], [ -72.600659, 46.334846 ] ] ] } },
{ "type": "Feature", "properties": { }, "geometry": { "type": "Polygon", "coordinates": [ [ [ -72.606395, 46.336238 ], [ -72.606352, 46.33631 ], [ -72.606132, 46.336247 ], [ -72.606175, 46.336175 ], [ -72.606395, 46.336238 ] ] ] } },
{ "type": "Feature", "properties": { }, "geometry": { "type": "Polygon", "coordinates": [ [ [ -72.592776, 46.336049 ], [ -72.592632, 46.335954 ], [ -72.592727, 46.335886 ], [ -72.592871, 46.33598 ], [ -72.592776, 46.336049 ] ] ] } },
{ "type": "Feature", "properties": { }, "geometry": { "type": "Polygon", "coordinates": [ [ [ -72.617976, 46.347929 ], [ -72.617877, 46.347863 ], [ -72.61801, 46.347768 ], [ -72.618109, 46.347833 ], [ -72.617976, 46.347929 ] ] ] } },
{ "type": "Feature", "properties": { }, "geometry": { "type": "Polygon", "coordinates": [ [ [ -72.604284, 46.348286 ], [ -72.604355, 46.348226 ], [ -72.604488, 46.348301 ], [ -72.604417, 46.348361 ], [ -72.604284, 46.348286 ] ] ] } },
{ "type": "Feature", "properties": { }, "geometry": { "type": "Polygon", "coordinates": [ [ [ -72.611649, 46.343931 ], [ -72.611702, 46.344005 ], [ -72.611531, 46.344064 ], [ -72.611477, 46.34399 ], [ -72.611649, 46.343931 ] ] ] } },
{ "type": "Feature", "properties": { }, "geometry": { "type": "Polygon", "coordinates": [ [ [ -72.615018, 46.345988 ], [ -72.615013, 46.34611 ], [ -72.61486, 46.346107 ], [ -72.614865, 46.345985 ], [ -72.615018, 46.345988 ] ] ] } },
{ "type": "Feature", "properties": { }, "geometry": { "type": "Polygon", "coordinates": [ [ [ -72.610065, 46.346938 ], [ -72.609985, 46.346882 ], [ -72.610126, 46.346785 ], [ -72.610206, 46.346841 ], [ -72.610065, 46.346938 ] ] ] } },
{ "type": "Feature", "properties": { }, "geometry": { "type": "Polygon", "coordinates": [ [ [ -72.599477, 46.340797 ], [ -72.599249, 46.340797 ], [ -72.599249, 46.340708 ], [ -72.599477, 46.340708 ], [ -72.599477, 46.340797 ] ] ] } },
{ "type": "Feature", "properties": { }, "geometry": { "type": "Polygon", "coordinates": [ [ [ -72.60605, 46.346807 ], [ -72.606041, 46.346776 ], [ -72.606091, 46.346769 ], [ -72.6061, 46.3468 ], [ -72.60605, 46.346807 ] ] ] } },
{ "type": "Feature", "properties": { }, "geometry": { "type": "Polygon", "coordinates": [ [ [ -72.604933, 46.336095 ], [ -72.604863, 46.336149 ], [ -72.604746, 46.336076 ], [ -72.604816, 46.336022 ], [ -72.604933, 46.336095 ] ] ] } },
{ "type": "Feature", "properties": { }, "geometry": { "type": "Polygon", "coordinates": [ [ [ -72.603056, 46.338268 ], [ -72.603085, 46.338246 ], [ -72.603125, 46.338271 ], [ -72.603095, 46.338294 ], [ -72.603166, 46.338338 ], [ -72.603083, 46.338401 ], [ -72.602939, 46.338312 ], [ -72.603023, 46.338247 ], [ -72.603056, 46.338268 ] ] ] } },
{ "type": "Feature", "properties": { }, "geometry": { "type": "Polygon", "coordinates": [ [ [ -72.594259, 46.341704 ], [ -72.594319, 46.341763 ], [ -72.594194, 46.341824 ], [ -72.594133, 46.341765 ], [ -72.594259, 46.341704 ] ] ] } },
{ "type": "Feature", "properties": { }, "geometry": { "type": "Polygon", "coordinates": [ [ [ -72.596069, 46.342901 ], [ -72.596184, 46.342823 ], [ -72.596258, 46.342875 ], [ -72.596142, 46.342953 ], [ -72.596069, 46.342901 ] ] ] } },
{ "type": "Feature", "properties": { }, "geometry": { "type": "Polygon", "coordinates": [ [ [ -72.593912, 46.344097 ], [ -72.593755, 46.343988 ], [ -72.593865, 46.343912 ], [ -72.594022, 46.344021 ], [ -72.593912, 46.344097 ] ] ] } },
{ "type": "Feature", "properties": { }, "geometry": { "type": "Polygon", "coordinates": [ [ [ -72.596068, 46.337686 ], [ -72.596072, 46.337842 ], [ -72.595959, 46.337843 ], [ -72.595955, 46.337688 ], [ -72.596068, 46.337686 ] ] ] } },
{ "type": "Feature", "properties": { }, "geometry": { "type": "Polygon", "coordinates": [ [ [ -72.613155, 46.349434 ], [ -72.613048, 46.349358 ], [ -72.613141, 46.349296 ], [ -72.613248, 46.349372 ], [ -72.613155, 46.349434 ] ] ] } },
{ "type": "Feature", "properties": { }, "geometry": { "type": "Polygon", "coordinates": [ [ [ -72.610165, 46.351104 ], [ -72.6101, 46.351059 ], [ -72.610238, 46.350964 ], [ -72.610346, 46.351038 ], [ -72.610249, 46.351104 ], [ -72.610206, 46.351075 ], [ -72.610165, 46.351104 ] ] ] } },
{ "type": "Feature", "properties": { }, "geometry": { "type": "Polygon", "coordinates": [ [ [ -72.615013, 46.351713 ], [ -72.614947, 46.351786 ], [ -72.614739, 46.351697 ], [ -72.614806, 46.351624 ], [ -72.615013, 46.351713 ] ] ] } },
{ "type": "Feature", "properties": { }, "geometry": { "type": "Polygon", "coordinates": [ [ [ -72.611842, 46.352152 ], [ -72.611978, 46.352212 ], [ -72.611917, 46.352279 ], [ -72.61178, 46.352219 ], [ -72.611842, 46.352152 ] ] ] } },
{ "type": "Feature", "properties": { }, "geometry": { "type": "Polygon", "coordinates": [ [ [ -72.614522, 46.343889 ], [ -72.614522, 46.343997 ], [ -72.614366, 46.343997 ], [ -72.614366, 46.343889 ], [ -72.614522, 46.343889 ] ] ] } },
{ "type": "Feature", "properties": { }, "geometry": { "type": "Polygon", "coordinates": [ [ [ -72.605207, 46.345428 ], [ -72.605207, 46.345513 ], [ -72.605048, 46.345513 ], [ -72.605048, 46.345428 ], [ -72.605207, 46.345428 ] ] ] } },
{ "type": "Feature", "properties": { }, "geometry": { "type": "Polygon", "coordinates": [ [ [ -72.601504, 46.345577 ], [ -72.601635, 46.345659 ], [ -72.601557, 46.345717 ], [ -72.601427, 46.345635 ], [ -72.601504, 46.345577 ] ] ] } },
{ "type": "Feature", "properties": { }, "geometry": { "type": "Polygon", "coordinates": [ [ [ -72.597812, 46.336651 ], [ -72.597888, 46.336598 ], [ -72.598045, 46.336706 ], [ -72.597969, 46.336759 ], [ -72.597812, 46.336651 ] ] ] } },
{ "type": "Feature", "properties": { }, "geometry": { "type": "Polygon", "coordinates": [ [ [ -72.607992, 46.338793 ], [ -72.607829, 46.338665 ], [ -72.607885, 46.338631 ], [ -72.607629, 46.338429 ], [ -72.607894, 46.338269 ], [ -72.60804, 46.338385 ], [ -72.607923, 46.338456 ], [ -72.608072, 46.338573 ], [ -72.608239, 46.338472 ], [ -72.608362, 46.33857 ], [ -72.607992, 46.338793 ] ] ] } },
{ "type": "Feature", "properties": { }, "geometry": { "type": "Polygon", "coordinates": [ [ [ -72.591246, 46.339782 ], [ -72.591311, 46.339835 ], [ -72.591201, 46.3399 ], [ -72.591136, 46.339847 ], [ -72.591246, 46.339782 ] ] ] } },
{ "type": "Feature", "properties": { }, "geometry": { "type": "Polygon", "coordinates": [ [ [ -72.601496, 46.347826 ], [ -72.601587, 46.347882 ], [ -72.60148, 46.347966 ], [ -72.601389, 46.34791 ], [ -72.601496, 46.347826 ] ] ] } },
{ "type": "Feature", "properties": { }, "geometry": { "type": "Polygon", "coordinates": [ [ [ -72.606925, 46.348973 ], [ -72.607014, 46.349035 ], [ -72.606887, 46.349123 ], [ -72.606797, 46.34906 ], [ -72.606925, 46.348973 ] ] ] } },
{ "type": "Feature", "properties": { }, "geometry": { "type": "Polygon", "coordinates": [ [ [ -72.61435, 46.343756 ], [ -72.61453, 46.343756 ], [ -72.61453, 46.343834 ], [ -72.61435, 46.343834 ], [ -72.61435, 46.343756 ] ] ] } },
{ "type": "Feature", "properties": { }, "geometry": { "type": "Polygon", "coordinates": [ [ [ -72.61777, 46.346104 ], [ -72.617628, 46.346104 ], [ -72.617628, 46.346013 ], [ -72.61777, 46.346013 ], [ -72.61777, 46.346104 ] ] ] } },
{ "type": "Feature", "properties": { }, "geometry": { "type": "Polygon", "coordinates": [ [ [ -72.589553, 46.339858 ], [ -72.589581, 46.339777 ], [ -72.589738, 46.339804 ], [ -72.58971, 46.339884 ], [ -72.589553, 46.339858 ] ] ] } },
{ "type": "Feature", "properties": { }, "geometry": { "type": "Polygon", "coordinates": [ [ [ -72.597502, 46.3339 ], [ -72.597414, 46.333839 ], [ -72.597569, 46.333731 ], [ -72.597658, 46.333792 ], [ -72.597502, 46.3339 ] ] ] } },
{ "type": "Feature", "properties": { }, "geometry": { "type": "Polygon", "coordinates": [ [ [ -72.615285, 46.347595 ], [ -72.615399, 46.347622 ], [ -72.615346, 46.34773 ], [ -72.615232, 46.347704 ], [ -72.615285, 46.347595 ] ] ] } },
{ "type": "Feature", "properties": { }, "geometry": { "type": "Polygon", "coordinates": [ [ [ -72.617548, 46.34344 ], [ -72.617621, 46.343496 ], [ -72.617522, 46.343557 ], [ -72.617449, 46.343501 ], [ -72.617548, 46.34344 ] ] ] } },
{ "type": "Feature", "properties": { }, "geometry": { "type": "Polygon", "coordinates": [ [ [ -72.605937, 46.33498 ], [ -72.605828, 46.334984 ], [ -72.605819, 46.33487 ], [ -72.605982, 46.334864 ], [ -72.605986, 46.334915 ], [ -72.605932, 46.334917 ], [ -72.605937, 46.33498 ] ] ] } },
{ "type": "Feature", "properties": { }, "geometry": { "type": "Polygon", "coordinates": [ [ [ -72.594324, 46.333752 ], [ -72.594253, 46.333801 ], [ -72.594145, 46.333727 ], [ -72.594216, 46.333678 ], [ -72.594324, 46.333752 ] ] ] } },
{ "type": "Feature", "properties": { }, "geometry": { "type": "Polygon", "coordinates": [ [ [ -72.591955, 46.335689 ], [ -72.591808, 46.335587 ], [ -72.591891, 46.33553 ], [ -72.592038, 46.335631 ], [ -72.591955, 46.335689 ] ] ] } },
{ "type": "Feature", "properties": { }, "geometry": { "type": "Polygon", "coordinates": [ [ [ -72.619873, 46.347135 ], [ -72.619732, 46.347124 ], [ -72.619749, 46.347021 ], [ -72.61989, 46.347032 ], [ -72.619873, 46.347135 ] ] ] } },
{ "type": "Feature", "properties": { }, "geometry": { "type": "Polygon", "coordinates": [ [ [ -72.608024, 46.347267 ], [ -72.60815, 46.347354 ], [ -72.608066, 46.347413 ], [ -72.60794, 46.347326 ], [ -72.608024, 46.347267 ] ] ] } },
{ "type": "Feature", "properties": { }, "geometry": { "type": "Polygon", "coordinates": [ [ [ -72.614522, 46.346009 ], [ -72.614522, 46.346113 ], [ -72.614374, 46.346113 ], [ -72.614374, 46.346033 ], [ -72.614433, 46.346033 ], [ -72.614433, 46.346009 ], [ -72.614522, 46.346009 ] ] ] } },
{ "type": "Feature", "properties": { }, "geometry": { "type": "Polygon", "coordinates": [ [ [ -72.598618, 46.342166 ], [ -72.598783, 46.342278 ], [ -72.598682, 46.342349 ], [ -72.598517, 46.342237 ], [ -72.598618, 46.342166 ] ] ] } },
{ "type": "Feature", "properties": { }, "geometry": { "type": "Polygon", "coordinates": [ [ [ -72.605319, 46.342362 ], [ -72.605107, 46.342508 ], [ -72.60502, 46.342448 ], [ -72.605232, 46.342301 ], [ -72.605319, 46.342362 ] ] ] } },
{ "type": "Feature", "properties": { }, "geometry": { "type": "Polygon", "coordinates": [ [ [ -72.600266, 46.344755 ], [ -72.600142, 46.344834 ], [ -72.600061, 46.344774 ], [ -72.600184, 46.344694 ], [ -72.600266, 46.344755 ] ] ] } },
{ "type": "Feature", "properties": { }, "geometry": { "type": "Polygon", "coordinates": [ [ [ -72.601861, 46.333602 ], [ -72.601975, 46.33368 ], [ -72.601898, 46.333733 ], [ -72.601784, 46.333654 ], [ -72.601861, 46.333602 ] ] ] } },
{ "type": "Feature", "properties": { }, "geometry": { "type": "Polygon", "coordinates": [ [ [ -72.592009, 46.34119 ], [ -72.591857, 46.341086 ], [ -72.591938, 46.34103 ], [ -72.592089, 46.341135 ], [ -72.592009, 46.34119 ] ] ] } },
{ "type": "Feature", "properties": { }, "geometry": { "type": "Polygon", "coordinates": [ [ [ -72.595452, 46.338278 ], [ -72.595572, 46.338276 ], [ -72.595578, 46.338454 ], [ -72.595458, 46.338456 ], [ -72.595452, 46.338278 ] ] ] } },
{ "type": "Feature", "properties": { }, "geometry": { "type": "Polygon", "coordinates": [ [ [ -72.615452, 46.349186 ], [ -72.615379, 46.349279 ], [ -72.615232, 46.349224 ], [ -72.615305, 46.349131 ], [ -72.615452, 46.349186 ] ] ] } },
{ "type": "Feature", "properties": { }, "geometry": { "type": "Polygon", "coordinates": [ [ [ -72.60941, 46.351706 ], [ -72.609284, 46.351619 ], [ -72.609369, 46.35156 ], [ -72.609496, 46.351647 ], [ -72.60941, 46.351706 ] ] ] } },
{ "type": "Feature", "properties": { }, "geometry": { "type": "Polygon", "coordinates": [ [ [ -72.609899, 46.343567 ], [ -72.609843, 46.343503 ], [ -72.610062, 46.34341 ], [ -72.610119, 46.343473 ], [ -72.609899, 46.343567 ] ] ] } },
{ "type": "Feature", "properties": { }, "geometry": { "type": "Polygon", "coordinates": [ [ [ -72.618692, 46.345154 ], [ -72.618719, 46.345058 ], [ -72.618843, 46.345075 ], [ -72.618815, 46.345171 ], [ -72.618692, 46.345154 ] ] ] } },
{ "type": "Feature", "properties": { }, "geometry": { "type": "Polygon", "coordinates": [ [ [ -72.613535, 46.345376 ], [ -72.613535, 46.345459 ], [ -72.61332, 46.345459 ], [ -72.61332, 46.345376 ], [ -72.613535, 46.345376 ] ] ] } },
{ "type": "Feature", "properties": { }, "geometry": { "type": "Polygon", "coordinates": [ [ [ -72.599054, 46.344256 ], [ -72.598908, 46.344363 ], [ -72.59882, 46.344306 ], [ -72.598967, 46.344199 ], [ -72.599054, 46.344256 ] ] ] } },
{ "type": "Feature", "properties": { }, "geometry": { "type": "Polygon", "coordinates": [ [ [ -72.597649, 46.339271 ], [ -72.597495, 46.339388 ], [ -72.597398, 46.339327 ], [ -72.597551, 46.33921 ], [ -72.597649, 46.339271 ] ] ] } },
{ "type": "Feature", "properties": { }, "geometry": { "type": "Polygon", "coordinates": [ [ [ -72.612334, 46.349539 ], [ -72.612386, 46.349505 ], [ -72.612486, 46.349577 ], [ -72.61237, 46.349653 ], [ -72.612293, 46.349597 ], [ -72.612357, 46.349556 ], [ -72.612334, 46.349539 ] ] ] } },
{ "type": "Feature", "properties": { }, "geometry": { "type": "Polygon", "coordinates": [ [ [ -72.613521, 46.352744 ], [ -72.613457, 46.352821 ], [ -72.613332, 46.352771 ], [ -72.613396, 46.352694 ], [ -72.613521, 46.352744 ] ] ] } },
{ "type": "Feature", "properties": { }, "geometry": { "type": "Polygon", "coordinates": [ [ [ -72.612316, 46.339946 ], [ -72.612186, 46.339856 ], [ -72.612284, 46.339789 ], [ -72.612414, 46.339878 ], [ -72.612316, 46.339946 ] ] ] } },
{ "type": "Feature", "properties": { }, "geometry": { "type": "Polygon", "coordinates": [ [ [ -72.610265, 46.340332 ], [ -72.610175, 46.34027 ], [ -72.61035, 46.34015 ], [ -72.61044, 46.340212 ], [ -72.610265, 46.340332 ] ] ] } },
{ "type": "Feature", "properties": { }, "geometry": { "type": "Polygon", "coordinates": [ [ [ -72.609524, 46.340189 ], [ -72.609612, 46.34025 ], [ -72.609487, 46.340336 ], [ -72.609399, 46.340275 ], [ -72.609524, 46.340189 ] ] ] } },
{ "type": "Feature", "properties": { }, "geometry": { "type": "Polygon", "coordinates": [ [ [ -72.606657, 46.340232 ], [ -72.606738, 46.340287 ], [ -72.606609, 46.340378 ], [ -72.606528, 46.340324 ], [ -72.606657, 46.340232 ] ] ] } },
{ "type": "Feature", "properties": { }, "geometry": { "type": "Polygon", "coordinates": [ [ [ -72.589925, 46.339298 ], [ -72.590043, 46.339216 ], [ -72.590125, 46.339273 ], [ -72.590007, 46.339354 ], [ -72.589925, 46.339298 ] ] ] } },
{ "type": "Feature", "properties": { }, "geometry": { "type": "Polygon", "coordinates": [ [ [ -72.60614, 46.347933 ], [ -72.605971, 46.347816 ], [ -72.606064, 46.347752 ], [ -72.606233, 46.347869 ], [ -72.60614, 46.347933 ] ] ] } },
{ "type": "Feature", "properties": { }, "geometry": { "type": "Polygon", "coordinates": [ [ [ -72.606147, 46.341592 ], [ -72.606301, 46.341699 ], [ -72.606221, 46.341754 ], [ -72.606066, 46.341648 ], [ -72.606147, 46.341592 ] ] ] } },
{ "type": "Feature", "properties": { }, "geometry": { "type": "Polygon", "coordinates": [ [ [ -72.602853, 46.342518 ], [ -72.60294, 46.342578 ], [ -72.60282, 46.342662 ], [ -72.602732, 46.342601 ], [ -72.602853, 46.342518 ] ] ] } },
{ "type": "Feature", "properties": { }, "geometry": { "type": "Polygon", "coordinates": [ [ [ -72.603014, 46.344158 ], [ -72.602936, 46.344217 ], [ -72.602756, 46.344105 ], [ -72.602834, 46.344045 ], [ -72.603014, 46.344158 ] ] ] } },
{ "type": "Feature", "properties": { }, "geometry": { "type": "Polygon", "coordinates": [ [ [ -72.606937, 46.34528 ], [ -72.607047, 46.34528 ], [ -72.607047, 46.345433 ], [ -72.606937, 46.345433 ], [ -72.606937, 46.34528 ] ] ] } },
{ "type": "Feature", "properties": { }, "geometry": { "type": "Polygon", "coordinates": [ [ [ -72.602373, 46.333445 ], [ -72.602289, 46.333491 ], [ -72.602187, 46.333403 ], [ -72.602271, 46.333357 ], [ -72.602373, 46.333445 ] ] ] } },
{ "type": "Feature", "properties": { }, "geometry": { "type": "Polygon", "coordinates": [ [ [ -72.594757, 46.344035 ], [ -72.594683, 46.343983 ], [ -72.594804, 46.343901 ], [ -72.594878, 46.343953 ], [ -72.594757, 46.344035 ] ] ] } },
{ "type": "Feature", "properties": { }, "geometry": { "type": "Polygon", "coordinates": [ [ [ -72.612811, 46.340595 ], [ -72.61293, 46.340673 ], [ -72.612856, 46.340727 ], [ -72.612737, 46.340648 ], [ -72.612811, 46.340595 ] ] ] } },
{ "type": "Feature", "properties": { }, "geometry": { "type": "Polygon", "coordinates": [ [ [ -72.615431, 46.344574 ], [ -72.615431, 46.344691 ], [ -72.615303, 46.344691 ], [ -72.615303, 46.344574 ], [ -72.615431, 46.344574 ] ] ] } },
{ "type": "Feature", "properties": { }, "geometry": { "type": "Polygon", "coordinates": [ [ [ -72.598507, 46.333181 ], [ -72.598437, 46.333119 ], [ -72.598646, 46.333005 ], [ -72.598717, 46.333067 ], [ -72.598507, 46.333181 ] ] ] } },
{ "type": "Feature", "properties": { }, "geometry": { "type": "Polygon", "coordinates": [ [ [ -72.615477, 46.341927 ], [ -72.615461, 46.341857 ], [ -72.615613, 46.34184 ], [ -72.615639, 46.341954 ], [ -72.615456, 46.341974 ], [ -72.615446, 46.34193 ], [ -72.615477, 46.341927 ] ] ] } },
{ "type": "Feature", "properties": { }, "geometry": { "type": "Polygon", "coordinates": [ [ [ -72.617811, 46.343631 ], [ -72.617723, 46.343691 ], [ -72.617643, 46.343635 ], [ -72.617675, 46.343613 ], [ -72.617619, 46.343574 ], [ -72.617674, 46.343536 ], [ -72.617811, 46.343631 ] ] ] } },
{ "type": "Feature", "properties": { }, "geometry": { "type": "Polygon", "coordinates": [ [ [ -72.612803, 46.34578 ], [ -72.612583, 46.34578 ], [ -72.612583, 46.345698 ], [ -72.612803, 46.345698 ], [ -72.612803, 46.34578 ] ] ] } },
{ "type": "Feature", "properties": { }, "geometry": { "type": "Polygon", "coordinates": [ [ [ -72.602151, 46.342572 ], [ -72.602045, 46.342605 ], [ -72.601947, 46.342457 ], [ -72.602054, 46.342424 ], [ -72.602151, 46.342572 ] ] ] } },
{ "type": "Feature", "properties": { }, "geometry": { "type": "Polygon", "coordinates": [ [ [ -72.610621, 46.351915 ], [ -72.61045, 46.351885 ], [ -72.610484, 46.351792 ], [ -72.610655, 46.351822 ], [ -72.610621, 46.351915 ] ] ] } },
{ "type": "Feature", "properties": { }, "geometry": { "type": "Polygon", "coordinates": [ [ [ -72.609406, 46.339434 ], [ -72.609561, 46.339499 ], [ -72.609499, 46.33957 ], [ -72.609344, 46.339504 ], [ -72.609406, 46.339434 ] ] ] } },
{ "type": "Feature", "properties": { }, "geometry": { "type": "Polygon", "coordinates": [ [ [ -72.60639, 46.343068 ], [ -72.606302, 46.343105 ], [ -72.606198, 46.342985 ], [ -72.606286, 46.342948 ], [ -72.60639, 46.343068 ] ] ] } },
{ "type": "Feature", "properties": { }, "geometry": { "type": "Polygon", "coordinates": [ [ [ -72.602781, 46.345081 ], [ -72.602699, 46.345137 ], [ -72.602595, 46.345065 ], [ -72.602677, 46.345009 ], [ -72.602781, 46.345081 ] ] ] } },
{ "type": "Feature", "properties": { }, "geometry": { "type": "Polygon", "coordinates": [ [ [ -72.609578, 46.337367 ], [ -72.60979, 46.337372 ], [ -72.609784, 46.337494 ], [ -72.609572, 46.337489 ], [ -72.609578, 46.337367 ] ] ] } },
{ "type": "Feature", "properties": { }, "geometry": { "type": "Polygon", "coordinates": [ [ [ -72.59296, 46.341767 ], [ -72.592878, 46.341824 ], [ -72.592772, 46.341751 ], [ -72.592854, 46.341694 ], [ -72.59296, 46.341767 ] ] ] } },
{ "type": "Feature", "properties": { }, "geometry": { "type": "Polygon", "coordinates": [ [ [ -72.618795, 46.348305 ], [ -72.618711, 46.348253 ], [ -72.618842, 46.348153 ], [ -72.618926, 46.348206 ], [ -72.618795, 46.348305 ] ] ] } },
{ "type": "Feature", "properties": { }, "geometry": { "type": "Polygon", "coordinates": [ [ [ -72.61155, 46.35018 ], [ -72.611433, 46.350261 ], [ -72.611344, 46.3502 ], [ -72.61146, 46.350119 ], [ -72.61155, 46.35018 ] ] ] } },
{ "type": "Feature", "properties": { }, "geometry": { "type": "Polygon", "coordinates": [ [ [ -72.613683, 46.351644 ], [ -72.613868, 46.351691 ], [ -72.613823, 46.351774 ], [ -72.613638, 46.351727 ], [ -72.613683, 46.351644 ] ] ] } },
{ "type": "Feature", "properties": { }, "geometry": { "type": "Polygon", "coordinates": [ [ [ -72.607334, 46.348138 ], [ -72.607432, 46.348206 ], [ -72.607326, 46.348279 ], [ -72.607228, 46.348212 ], [ -72.607334, 46.348138 ] ] ] } },
{ "type": "Feature", "properties": { }, "geometry": { "type": "Polygon", "coordinates": [ [ [ -72.6056, 46.343624 ], [ -72.605715, 46.343594 ], [ -72.605797, 46.343743 ], [ -72.605682, 46.343773 ], [ -72.6056, 46.343624 ] ] ] } },
{ "type": "Feature", "properties": { }, "geometry": { "type": "Polygon", "coordinates": [ [ [ -72.607567, 46.345593 ], [ -72.607567, 46.345706 ], [ -72.607452, 46.345706 ], [ -72.607452, 46.345593 ], [ -72.607567, 46.345593 ] ] ] } },
{ "type": "Feature", "properties": { }, "geometry": { "type": "Polygon", "coordinates": [ [ [ -72.607674, 46.346571 ], [ -72.607551, 46.346436 ], [ -72.607645, 46.346395 ], [ -72.607768, 46.34653 ], [ -72.607674, 46.346571 ] ] ] } },
{ "type": "Feature", "properties": { }, "geometry": { "type": "Polygon", "coordinates": [ [ [ -72.610705, 46.338758 ], [ -72.610696, 46.338652 ], [ -72.61086, 46.338646 ], [ -72.610868, 46.338752 ], [ -72.610705, 46.338758 ] ] ] } },
{ "type": "Feature", "properties": { }, "geometry": { "type": "Polygon", "coordinates": [ [ [ -72.609542, 46.338963 ], [ -72.609455, 46.338907 ], [ -72.609561, 46.338829 ], [ -72.609647, 46.338884 ], [ -72.609542, 46.338963 ] ] ] } },
{ "type": "Feature", "properties": { }, "geometry": { "type": "Polygon", "coordinates": [ [ [ -72.593346, 46.333583 ], [ -72.593505, 46.333679 ], [ -72.593388, 46.333771 ], [ -72.593315, 46.333726 ], [ -72.593358, 46.333692 ], [ -72.593273, 46.33364 ], [ -72.593346, 46.333583 ] ] ] } },
{ "type": "Feature", "properties": { }, "geometry": { "type": "Polygon", "coordinates": [ [ [ -72.594367, 46.336649 ], [ -72.594333, 46.336608 ], [ -72.594381, 46.336589 ], [ -72.594415, 46.33663 ], [ -72.594367, 46.336649 ] ] ] } },
{ "type": "Feature", "properties": { }, "geometry": { "type": "Polygon", "coordinates": [ [ [ -72.61547, 46.349581 ], [ -72.61541, 46.349671 ], [ -72.615282, 46.349631 ], [ -72.615342, 46.34954 ], [ -72.61547, 46.349581 ] ] ] } },
{ "type": "Feature", "properties": { }, "geometry": { "type": "Polygon", "coordinates": [ [ [ -72.619984, 46.34402 ], [ -72.619881, 46.344084 ], [ -72.619714, 46.343958 ], [ -72.619817, 46.343893 ], [ -72.619984, 46.34402 ] ] ] } },
{ "type": "Feature", "properties": { }, "geometry": { "type": "Polygon", "coordinates": [ [ [ -72.618733, 46.346111 ], [ -72.618733, 46.346015 ], [ -72.618873, 46.346015 ], [ -72.618873, 46.346111 ], [ -72.618733, 46.346111 ] ] ] } },
{ "type": "Feature", "properties": { }, "geometry": { "type": "Polygon", "coordinates": [ [ [ -72.600492, 46.341244 ], [ -72.600416, 46.341243 ], [ -72.600418, 46.341141 ], [ -72.600642, 46.341144 ], [ -72.60064, 46.341218 ], [ -72.600493, 46.341216 ], [ -72.600492, 46.341244 ] ] ] } },
{ "type": "Feature", "properties": { }, "geometry": { "type": "Polygon", "coordinates": [ [ [ -72.604299, 46.341999 ], [ -72.604412, 46.34205 ], [ -72.604276, 46.342195 ], [ -72.604163, 46.342144 ], [ -72.604299, 46.341999 ] ] ] } },
{ "type": "Feature", "properties": { }, "geometry": { "type": "Polygon", "coordinates": [ [ [ -72.59523, 46.342094 ], [ -72.59508, 46.342198 ], [ -72.595005, 46.342146 ], [ -72.595155, 46.342042 ], [ -72.59523, 46.342094 ] ] ] } },
{ "type": "Feature", "properties": { }, "geometry": { "type": "Polygon", "coordinates": [ [ [ -72.595816, 46.342213 ], [ -72.595739, 46.34216 ], [ -72.595898, 46.342051 ], [ -72.595975, 46.342104 ], [ -72.595816, 46.342213 ] ] ] } },
{ "type": "Feature", "properties": { }, "geometry": { "type": "Polygon", "coordinates": [ [ [ -72.612559, 46.350299 ], [ -72.612651, 46.350363 ], [ -72.612548, 46.350434 ], [ -72.612455, 46.35037 ], [ -72.612559, 46.350299 ] ] ] } },
{ "type": "Feature", "properties": { }, "geometry": { "type": "Polygon", "coordinates": [ [ [ -72.599707, 46.339537 ], [ -72.599597, 46.339461 ], [ -72.599688, 46.339398 ], [ -72.599798, 46.339474 ], [ -72.599707, 46.339537 ] ] ] } },
{ "type": "Feature", "properties": { }, "geometry": { "type": "Polygon", "coordinates": [ [ [ -72.60027, 46.341208 ], [ -72.600255, 46.341274 ], [ -72.600153, 46.341263 ], [ -72.60018, 46.341139 ], [ -72.600225, 46.341144 ], [ -72.600229, 46.341122 ], [ -72.600383, 46.341138 ], [ -72.600366, 46.341218 ], [ -72.60027, 46.341208 ] ] ] } },
{ "type": "Feature", "properties": { }, "geometry": { "type": "Polygon", "coordinates": [ [ [ -72.603688, 46.348506 ], [ -72.603812, 46.348581 ], [ -72.603733, 46.348644 ], [ -72.603608, 46.34857 ], [ -72.603688, 46.348506 ] ] ] } },
{ "type": "Feature", "properties": { }, "geometry": { "type": "Polygon", "coordinates": [ [ [ -72.595199, 46.341569 ], [ -72.595272, 46.341619 ], [ -72.595122, 46.341723 ], [ -72.595049, 46.341673 ], [ -72.595199, 46.341569 ] ] ] } },
{ "type": "Feature", "properties": { }, "geometry": { "type": "Polygon", "coordinates": [ [ [ -72.596816, 46.342917 ], [ -72.596757, 46.342839 ], [ -72.596971, 46.342762 ], [ -72.59703, 46.34284 ], [ -72.596816, 46.342917 ] ] ] } },
{ "type": "Feature", "properties": { }, "geometry": { "type": "Polygon", "coordinates": [ [ [ -72.594276, 46.336784 ], [ -72.594359, 46.336892 ], [ -72.594242, 46.336935 ], [ -72.594158, 46.336827 ], [ -72.594276, 46.336784 ] ] ] } },
{ "type": "Feature", "properties": { }, "geometry": { "type": "Polygon", "coordinates": [ [ [ -72.615311, 46.34436 ], [ -72.615434, 46.34436 ], [ -72.615434, 46.344519 ], [ -72.615311, 46.344519 ], [ -72.615311, 46.34436 ] ] ] } },
{ "type": "Feature", "properties": { }, "geometry": { "type": "Polygon", "coordinates": [ [ [ -72.618712, 46.345759 ], [ -72.618712, 46.345682 ], [ -72.618897, 46.345682 ], [ -72.618897, 46.345759 ], [ -72.618712, 46.345759 ] ] ] } },
{ "type": "Feature", "properties": { }, "geometry": { "type": "Polygon", "coordinates": [ [ [ -72.593984, 46.341017 ], [ -72.593869, 46.341097 ], [ -72.593795, 46.341046 ], [ -72.593911, 46.340966 ], [ -72.593984, 46.341017 ] ] ] } },
{ "type": "Feature", "properties": { }, "geometry": { "type": "Polygon", "coordinates": [ [ [ -72.613777, 46.348269 ], [ -72.613883, 46.348306 ], [ -72.613789, 46.348434 ], [ -72.613683, 46.348397 ], [ -72.613777, 46.348269 ] ] ] } },
{ "type": "Feature", "properties": { }, "geometry": { "type": "Polygon", "coordinates": [ [ [ -72.61005, 46.350157 ], [ -72.609975, 46.350224 ], [ -72.609843, 46.350155 ], [ -72.609918, 46.350088 ], [ -72.61005, 46.350157 ] ] ] } },
{ "type": "Feature", "properties": { }, "geometry": { "type": "Polygon", "coordinates": [ [ [ -72.605088, 46.349845 ], [ -72.604939, 46.349947 ], [ -72.604817, 46.349862 ], [ -72.604966, 46.34976 ], [ -72.605088, 46.349845 ] ] ] } },
{ "type": "Feature", "properties": { }, "geometry": { "type": "Polygon", "coordinates": [ [ [ -72.609168, 46.346596 ], [ -72.609077, 46.346527 ], [ -72.609246, 46.34642 ], [ -72.609336, 46.346488 ], [ -72.609168, 46.346596 ] ] ] } },
{ "type": "Feature", "properties": { }, "geometry": { "type": "Polygon", "coordinates": [ [ [ -72.59103, 46.34095 ], [ -72.591141, 46.341027 ], [ -72.591058, 46.341084 ], [ -72.590947, 46.341007 ], [ -72.59103, 46.34095 ] ] ] } },
{ "type": "Feature", "properties": { }, "geometry": { "type": "Polygon", "coordinates": [ [ [ -72.6095, 46.348852 ], [ -72.609411, 46.348913 ], [ -72.609241, 46.348796 ], [ -72.609329, 46.348735 ], [ -72.6095, 46.348852 ] ] ] } },
{ "type": "Feature", "properties": { }, "geometry": { "type": "Polygon", "coordinates": [ [ [ -72.599337, 46.343135 ], [ -72.599267, 46.343084 ], [ -72.599374, 46.343013 ], [ -72.599445, 46.343064 ], [ -72.599337, 46.343135 ] ] ] } },
{ "type": "Feature", "properties": { }, "geometry": { "type": "Polygon", "coordinates": [ [ [ -72.592798, 46.335369 ], [ -72.59275, 46.335338 ], [ -72.592837, 46.335274 ], [ -72.59294, 46.335341 ], [ -72.592816, 46.335432 ], [ -72.592761, 46.335396 ], [ -72.592798, 46.335369 ] ] ] } },
{ "type": "Feature", "properties": { }, "geometry": { "type": "Polygon", "coordinates": [ [ [ -72.608138, 46.349298 ], [ -72.608052, 46.349357 ], [ -72.607905, 46.349255 ], [ -72.60799, 46.349196 ], [ -72.608138, 46.349298 ] ] ] } },
{ "type": "Feature", "properties": { }, "geometry": { "type": "Polygon", "coordinates": [ [ [ -72.618362, 46.34401 ], [ -72.618285, 46.344073 ], [ -72.618153, 46.343998 ], [ -72.618229, 46.343934 ], [ -72.618362, 46.34401 ] ] ] } },
{ "type": "Feature", "properties": { }, "geometry": { "type": "Polygon", "coordinates": [ [ [ -72.613471, 46.346387 ], [ -72.613631, 46.346387 ], [ -72.613631, 46.346472 ], [ -72.613471, 46.346472 ], [ -72.613471, 46.346387 ] ] ] } },
{ "type": "Feature", "properties": { }, "geometry": { "type": "Polygon", "coordinates": [ [ [ -72.599065, 46.335766 ], [ -72.599001, 46.335754 ], [ -72.598956, 46.335861 ], [ -72.598844, 46.335838 ], [ -72.598917, 46.335666 ], [ -72.599092, 46.335701 ], [ -72.599065, 46.335766 ] ] ] } },
{ "type": "Feature", "properties": { }, "geometry": { "type": "Polygon", "coordinates": [ [ [ -72.59102, 46.33753 ], [ -72.590931, 46.337467 ], [ -72.591048, 46.337388 ], [ -72.591137, 46.337451 ], [ -72.59102, 46.33753 ] ] ] } },
{ "type": "Feature", "properties": { }, "geometry": { "type": "Polygon", "coordinates": [ [ [ -72.614127, 46.349868 ], [ -72.61431, 46.349932 ], [ -72.614259, 46.350002 ], [ -72.614076, 46.349937 ], [ -72.614127, 46.349868 ] ] ] } },
{ "type": "Feature", "properties": { }, "geometry": { "type": "Polygon", "coordinates": [ [ [ -72.613147, 46.342569 ], [ -72.613077, 46.342503 ], [ -72.613225, 46.342427 ], [ -72.613296, 46.342492 ], [ -72.613147, 46.342569 ] ] ] } },
{ "type": "Feature", "properties": { }, "geometry": { "type": "Polygon", "coordinates": [ [ [ -72.598439, 46.338613 ], [ -72.598529, 46.33867 ], [ -72.598379, 46.338783 ], [ -72.59829, 46.338727 ], [ -72.598439, 46.338613 ] ] ] } },
{ "type": "Feature", "properties": { }, "geometry": { "type": "Polygon", "coordinates": [ [ [ -72.613862, 46.346948 ], [ -72.613862, 46.347063 ], [ -72.613741, 46.347063 ], [ -72.613741, 46.346948 ], [ -72.613862, 46.346948 ] ] ] } },
{ "type": "Feature", "properties": { }, "geometry": { "type": "Polygon", "coordinates": [ [ [ -72.609676, 46.348157 ], [ -72.609599, 46.348105 ], [ -72.609765, 46.347988 ], [ -72.609848, 46.348045 ], [ -72.609766, 46.348102 ], [ -72.609761, 46.348098 ], [ -72.609676, 46.348157 ] ] ] } },
{ "type": "Feature", "properties": { }, "geometry": { "type": "Polygon", "coordinates": [ [ [ -72.618723, 46.348837 ], [ -72.618643, 46.348937 ], [ -72.618545, 46.348899 ], [ -72.618624, 46.3488 ], [ -72.618723, 46.348837 ] ] ] } },
{ "type": "Feature", "properties": { }, "geometry": { "type": "Polygon", "coordinates": [ [ [ -72.604378, 46.347104 ], [ -72.604326, 46.346998 ], [ -72.604439, 46.346972 ], [ -72.60449, 46.347078 ], [ -72.604378, 46.347104 ] ] ] } },
{ "type": "Feature", "properties": { }, "geometry": { "type": "Polygon", "coordinates": [ [ [ -72.601301, 46.347477 ], [ -72.60139, 46.347535 ], [ -72.601279, 46.347616 ], [ -72.60119, 46.347558 ], [ -72.601301, 46.347477 ] ] ] } },
{ "type": "Feature", "properties": { }, "geometry": { "type": "Polygon", "coordinates": [ [ [ -72.60726, 46.34886 ], [ -72.607165, 46.348805 ], [ -72.607313, 46.348683 ], [ -72.607408, 46.348737 ], [ -72.60726, 46.34886 ] ] ] } },
{ "type": "Feature", "properties": { }, "geometry": { "type": "Polygon", "coordinates": [ [ [ -72.611631, 46.341072 ], [ -72.611714, 46.34101 ], [ -72.611854, 46.3411 ], [ -72.611772, 46.341162 ], [ -72.611631, 46.341072 ] ] ] } },
{ "type": "Feature", "properties": { }, "geometry": { "type": "Polygon", "coordinates": [ [ [ -72.600438, 46.344397 ], [ -72.600348, 46.344453 ], [ -72.600229, 46.344363 ], [ -72.600319, 46.344306 ], [ -72.600438, 46.344397 ] ] ] } },
{ "type": "Feature", "properties": { }, "geometry": { "type": "Polygon", "coordinates": [ [ [ -72.608197, 46.346358 ], [ -72.608292, 46.346462 ], [ -72.608198, 46.346503 ], [ -72.608103, 46.346398 ], [ -72.608197, 46.346358 ] ] ] } },
{ "type": "Feature", "properties": { }, "geometry": { "type": "Polygon", "coordinates": [ [ [ -72.600704, 46.334028 ], [ -72.600539, 46.333973 ], [ -72.6006, 46.333887 ], [ -72.600765, 46.333942 ], [ -72.600704, 46.334028 ] ] ] } },
{ "type": "Feature", "properties": { }, "geometry": { "type": "Polygon", "coordinates": [ [ [ -72.596544, 46.3325 ], [ -72.596632, 46.33256 ], [ -72.596519, 46.332638 ], [ -72.596432, 46.332578 ], [ -72.596544, 46.3325 ] ] ] } },
{ "type": "Feature", "properties": { }, "geometry": { "type": "Polygon", "coordinates": [ [ [ -72.611234, 46.343379 ], [ -72.611026, 46.343459 ], [ -72.610964, 46.343381 ], [ -72.611172, 46.343302 ], [ -72.611234, 46.343379 ] ] ] } },
{ "type": "Feature", "properties": { }, "geometry": { "type": "Polygon", "coordinates": [ [ [ -72.599501, 46.336344 ], [ -72.599584, 46.336501 ], [ -72.599474, 46.336528 ], [ -72.599391, 46.336372 ], [ -72.599501, 46.336344 ] ] ] } },
{ "type": "Feature", "properties": { }, "geometry": { "type": "Polygon", "coordinates": [ [ [ -72.604936, 46.338514 ], [ -72.605053, 46.338646 ], [ -72.604949, 46.33869 ], [ -72.604832, 46.338559 ], [ -72.604936, 46.338514 ] ] ] } },
{ "type": "Feature", "properties": { }, "geometry": { "type": "Polygon", "coordinates": [ [ [ -72.615625, 46.348142 ], [ -72.615527, 46.348243 ], [ -72.615428, 46.348198 ], [ -72.615526, 46.348097 ], [ -72.615625, 46.348142 ] ] ] } },
{ "type": "Feature", "properties": { }, "geometry": { "type": "Polygon", "coordinates": [ [ [ -72.614677, 46.351298 ], [ -72.614739, 46.351207 ], [ -72.614977, 46.351285 ], [ -72.614915, 46.351376 ], [ -72.614677, 46.351298 ] ] ] } },
{ "type": "Feature", "properties": { }, "geometry": { "type": "Polygon", "coordinates": [ [ [ -72.608773, 46.353325 ], [ -72.608909, 46.353252 ], [ -72.609051, 46.353379 ], [ -72.608915, 46.353451 ], [ -72.608773, 46.353325 ] ] ] } },
{ "type": "Feature", "properties": { }, "geometry": { "type": "Polygon", "coordinates": [ [ [ -72.601865, 46.347681 ], [ -72.602039, 46.347681 ], [ -72.602039, 46.347763 ], [ -72.601865, 46.347763 ], [ -72.601865, 46.347681 ] ] ] } },
{ "type": "Feature", "properties": { }, "geometry": { "type": "Polygon", "coordinates": [ [ [ -72.61494, 46.344019 ], [ -72.614825, 46.344019 ], [ -72.614825, 46.343934 ], [ -72.61494, 46.343934 ], [ -72.61494, 46.344019 ] ] ] } },
{ "type": "Feature", "properties": { }, "geometry": { "type": "Polygon", "coordinates": [ [ [ -72.602409, 46.339654 ], [ -72.602533, 46.339654 ], [ -72.602533, 46.339769 ], [ -72.602409, 46.339769 ], [ -72.602409, 46.339654 ] ] ] } },
{ "type": "Feature", "properties": { }, "geometry": { "type": "Polygon", "coordinates": [ [ [ -72.60536, 46.345462 ], [ -72.60545, 46.345446 ], [ -72.60547, 46.3455 ], [ -72.605379, 46.345516 ], [ -72.60536, 46.345462 ] ] ] } },
{ "type": "Feature", "properties": { }, "geometry": { "type": "Polygon", "coordinates": [ [ [ -72.600372, 46.335172 ], [ -72.60021, 46.335284 ], [ -72.60012, 46.335222 ], [ -72.600282, 46.33511 ], [ -72.600372, 46.335172 ] ] ] } },
{ "type": "Feature", "properties": { }, "geometry": { "type": "Polygon", "coordinates": [ [ [ -72.591587, 46.341361 ], [ -72.591702, 46.341439 ], [ -72.591625, 46.341493 ], [ -72.591511, 46.341415 ], [ -72.591587, 46.341361 ] ] ] } },
{ "type": "Feature", "properties": { }, "geometry": { "type": "Polygon", "coordinates": [ [ [ -72.590819, 46.341843 ], [ -72.590914, 46.34178 ], [ -72.59121, 46.341994 ], [ -72.591115, 46.342057 ], [ -72.590819, 46.341843 ] ] ] } },
{ "type": "Feature", "properties": { }, "geometry": { "type": "Polygon", "coordinates": [ [ [ -72.597444, 46.342334 ], [ -72.59756, 46.342416 ], [ -72.597483, 46.342468 ], [ -72.597366, 46.342386 ], [ -72.597444, 46.342334 ] ] ] } },
{ "type": "Feature", "properties": { }, "geometry": { "type": "Polygon", "coordinates": [ [ [ -72.594851, 46.337993 ], [ -72.594851, 46.33786 ], [ -72.594971, 46.33786 ], [ -72.594971, 46.337993 ], [ -72.594851, 46.337993 ] ] ] } },
{ "type": "Feature", "properties": { }, "geometry": { "type": "Polygon", "coordinates": [ [ [ -72.603299, 46.349348 ], [ -72.60318, 46.349428 ], [ -72.602971, 46.349279 ], [ -72.603089, 46.3492 ], [ -72.603299, 46.349348 ] ] ] } },
{ "type": "Feature", "properties": { }, "geometry": { "type": "Polygon", "coordinates": [ [ [ -72.601231, 46.332314 ], [ -72.601071, 46.332285 ], [ -72.601097, 46.332217 ], [ -72.601257, 46.332246 ], [ -72.601231, 46.332314 ] ] ] } },
{ "type": "Feature", "properties": { }, "geometry": { "type": "Polygon", "coordinates": [ [ [ -72.601667, 46.334778 ], [ -72.601575, 46.334714 ], [ -72.601694, 46.334631 ], [ -72.601787, 46.334695 ], [ -72.601667, 46.334778 ] ] ] } },
{ "type": "Feature", "properties": { }, "geometry": { "type": "Polygon", "coordinates": [ [ [ -72.596881, 46.341933 ], [ -72.596807, 46.341995 ], [ -72.596688, 46.341927 ], [ -72.596762, 46.341865 ], [ -72.596881, 46.341933 ] ] ] } },
{ "type": "Feature", "properties": { }, "geometry": { "type": "Polygon", "coordinates": [ [ [ -72.597235, 46.335688 ], [ -72.597116, 46.335605 ], [ -72.59719, 46.335555 ], [ -72.597259, 46.335603 ], [ -72.597262, 46.335601 ], [ -72.597312, 46.335635 ], [ -72.597235, 46.335688 ] ] ] } },
{ "type": "Feature", "properties": { }, "geometry": { "type": "Polygon", "coordinates": [ [ [ -72.593857, 46.336355 ], [ -72.59372, 46.336271 ], [ -72.593903, 46.336129 ], [ -72.59404, 46.336213 ], [ -72.593857, 46.336355 ] ] ] } },
{ "type": "Feature", "properties": { }, "geometry": { "type": "Polygon", "coordinates": [ [ [ -72.595809, 46.337055 ], [ -72.595807, 46.336975 ], [ -72.595868, 46.336975 ], [ -72.595867, 46.336945 ], [ -72.595919, 46.336944 ], [ -72.59592, 46.336976 ], [ -72.595984, 46.336975 ], [ -72.595986, 46.337053 ], [ -72.595809, 46.337055 ] ] ] } },
{ "type": "Feature", "properties": { }, "geometry": { "type": "Polygon", "coordinates": [ [ [ -72.61054, 46.349074 ], [ -72.610456, 46.349133 ], [ -72.610328, 46.349045 ], [ -72.610413, 46.348986 ], [ -72.61054, 46.349074 ] ] ] } },
{ "type": "Feature", "properties": { }, "geometry": { "type": "Polygon", "coordinates": [ [ [ -72.602714, 46.348045 ], [ -72.602666, 46.348014 ], [ -72.602737, 46.347963 ], [ -72.602845, 46.348034 ], [ -72.602748, 46.348105 ], [ -72.602687, 46.348065 ], [ -72.602714, 46.348045 ] ] ] } },
{ "type": "Feature", "properties": { }, "geometry": { "type": "Polygon", "coordinates": [ [ [ -72.615807, 46.342641 ], [ -72.615807, 46.34256 ], [ -72.615925, 46.34256 ], [ -72.615925, 46.342582 ], [ -72.615981, 46.342582 ], [ -72.615981, 46.342641 ], [ -72.615807, 46.342641 ] ] ] } },
{ "type": "Feature", "properties": { }, "geometry": { "type": "Polygon", "coordinates": [ [ [ -72.617737, 46.346724 ], [ -72.617959, 46.346725 ], [ -72.617958, 46.346807 ], [ -72.617736, 46.346806 ], [ -72.617737, 46.346724 ] ] ] } },
{ "type": "Feature", "properties": { }, "geometry": { "type": "Polygon", "coordinates": [ [ [ -72.608997, 46.337884 ], [ -72.60885, 46.337985 ], [ -72.60873, 46.337902 ], [ -72.608876, 46.337801 ], [ -72.608997, 46.337884 ] ] ] } },
{ "type": "Feature", "properties": { }, "geometry": { "type": "Polygon", "coordinates": [ [ [ -72.601339, 46.332656 ], [ -72.601184, 46.332646 ], [ -72.601196, 46.332569 ], [ -72.601351, 46.332579 ], [ -72.601339, 46.332656 ] ] ] } },
{ "type": "Feature", "properties": { }, "geometry": { "type": "Polygon", "coordinates": [ [ [ -72.604727, 46.334672 ], [ -72.604678, 46.334647 ], [ -72.604725, 46.334603 ], [ -72.604775, 46.334628 ], [ -72.604727, 46.334672 ] ] ] } },
{ "type": "Feature", "properties": { }, "geometry": { "type": "Polygon", "coordinates": [ [ [ -72.609074, 46.350674 ], [ -72.609078, 46.350556 ], [ -72.609196, 46.350558 ], [ -72.609191, 46.350676 ], [ -72.609074, 46.350674 ] ] ] } },
{ "type": "Feature", "properties": { }, "geometry": { "type": "Polygon", "coordinates": [ [ [ -72.614325, 46.350687 ], [ -72.614271, 46.350759 ], [ -72.614159, 46.350719 ], [ -72.614212, 46.350647 ], [ -72.614325, 46.350687 ] ] ] } },
{ "type": "Feature", "properties": { }, "geometry": { "type": "Polygon", "coordinates": [ [ [ -72.610496, 46.351376 ], [ -72.61063, 46.351447 ], [ -72.610542, 46.351525 ], [ -72.610409, 46.351454 ], [ -72.610496, 46.351376 ] ] ] } },
{ "type": "Feature", "properties": { }, "geometry": { "type": "Polygon", "coordinates": [ [ [ -72.61421, 46.351426 ], [ -72.614447, 46.351492 ], [ -72.614402, 46.351569 ], [ -72.614165, 46.351503 ], [ -72.61421, 46.351426 ] ] ] } },
{ "type": "Feature", "properties": { }, "geometry": { "type": "Polygon", "coordinates": [ [ [ -72.598711, 46.333558 ], [ -72.598544, 46.333654 ], [ -72.598473, 46.333595 ], [ -72.598641, 46.333499 ], [ -72.598711, 46.333558 ] ] ] } },
{ "type": "Feature", "properties": { }, "geometry": { "type": "Polygon", "coordinates": [ [ [ -72.604659, 46.333945 ], [ -72.604783, 46.334022 ], [ -72.604714, 46.334075 ], [ -72.60459, 46.333997 ], [ -72.604659, 46.333945 ] ] ] } },
{ "type": "Feature", "properties": { }, "geometry": { "type": "Polygon", "coordinates": [ [ [ -72.591317, 46.337454 ], [ -72.591226, 46.337391 ], [ -72.591338, 46.337313 ], [ -72.59143, 46.337376 ], [ -72.591317, 46.337454 ] ] ] } },
{ "type": "Feature", "properties": { }, "geometry": { "type": "Polygon", "coordinates": [ [ [ -72.610776, 46.347923 ], [ -72.610685, 46.347867 ], [ -72.610787, 46.347787 ], [ -72.610879, 46.347843 ], [ -72.610776, 46.347923 ] ] ] } },
{ "type": "Feature", "properties": { }, "geometry": { "type": "Polygon", "coordinates": [ [ [ -72.6141, 46.350623 ], [ -72.614033, 46.350703 ], [ -72.613908, 46.350654 ], [ -72.613975, 46.350573 ], [ -72.6141, 46.350623 ] ] ] } },
{ "type": "Feature", "properties": { }, "geometry": { "type": "Polygon", "coordinates": [ [ [ -72.60499, 46.347822 ], [ -72.604914, 46.347871 ], [ -72.604803, 46.347791 ], [ -72.604878, 46.347741 ], [ -72.60499, 46.347822 ] ] ] } },
{ "type": "Feature", "properties": { }, "geometry": { "type": "Polygon", "coordinates": [ [ [ -72.616284, 46.344996 ], [ -72.616284, 46.344865 ], [ -72.616421, 46.344865 ], [ -72.616421, 46.344996 ], [ -72.616284, 46.344996 ] ] ] } },
{ "type": "Feature", "properties": { }, "geometry": { "type": "Polygon", "coordinates": [ [ [ -72.618822, 46.346667 ], [ -72.618663, 46.346667 ], [ -72.618663, 46.346554 ], [ -72.618822, 46.346554 ], [ -72.618822, 46.346667 ] ] ] } },
{ "type": "Feature", "properties": { }, "geometry": { "type": "Polygon", "coordinates": [ [ [ -72.609279, 46.346966 ], [ -72.609192, 46.346908 ], [ -72.609351, 46.346794 ], [ -72.609439, 46.346852 ], [ -72.609279, 46.346966 ] ] ] } },
{ "type": "Feature", "properties": { }, "geometry": { "type": "Polygon", "coordinates": [ [ [ -72.607243, 46.34135 ], [ -72.607165, 46.341409 ], [ -72.607001, 46.341304 ], [ -72.60708, 46.341245 ], [ -72.607243, 46.34135 ] ] ] } },
{ "type": "Feature", "properties": { }, "geometry": { "type": "Polygon", "coordinates": [ [ [ -72.598325, 46.343055 ], [ -72.598222, 46.342975 ], [ -72.598307, 46.342923 ], [ -72.59841, 46.343003 ], [ -72.598325, 46.343055 ] ] ] } },
{ "type": "Feature", "properties": { }, "geometry": { "type": "Polygon", "coordinates": [ [ [ -72.601927, 46.334597 ], [ -72.601816, 46.334665 ], [ -72.601738, 46.334604 ], [ -72.601849, 46.334536 ], [ -72.601927, 46.334597 ] ] ] } },
{ "type": "Feature", "properties": { }, "geometry": { "type": "Polygon", "coordinates": [ [ [ -72.592068, 46.339726 ], [ -72.592041, 46.339707 ], [ -72.592087, 46.339676 ], [ -72.592191, 46.339748 ], [ -72.592044, 46.33985 ], [ -72.591966, 46.339796 ], [ -72.592068, 46.339726 ] ] ] } },
{ "type": "Feature", "properties": { }, "geometry": { "type": "Polygon", "coordinates": [ [ [ -72.596734, 46.337277 ], [ -72.5969, 46.337277 ], [ -72.5969, 46.337358 ], [ -72.596734, 46.337358 ], [ -72.596734, 46.337277 ] ] ] } },
{ "type": "Feature", "properties": { }, "geometry": { "type": "Polygon", "coordinates": [ [ [ -72.59594, 46.337619 ], [ -72.59594, 46.33746 ], [ -72.596063, 46.33746 ], [ -72.596063, 46.337619 ], [ -72.59594, 46.337619 ] ] ] } },
{ "type": "Feature", "properties": { }, "geometry": { "type": "Polygon", "coordinates": [ [ [ -72.613472, 46.347721 ], [ -72.613581, 46.347757 ], [ -72.613509, 46.347863 ], [ -72.613399, 46.347827 ], [ -72.613472, 46.347721 ] ] ] } },
{ "type": "Feature", "properties": { }, "geometry": { "type": "Polygon", "coordinates": [ [ [ -72.618327, 46.344531 ], [ -72.618289, 46.344507 ], [ -72.618256, 46.344532 ], [ -72.61822, 46.344509 ], [ -72.618251, 46.344486 ], [ -72.618186, 46.344445 ], [ -72.618274, 46.344379 ], [ -72.618412, 46.344467 ], [ -72.618327, 46.344531 ] ] ] } },
{ "type": "Feature", "properties": { }, "geometry": { "type": "Polygon", "coordinates": [ [ [ -72.614519, 46.344737 ], [ -72.614519, 46.344861 ], [ -72.614374, 46.344861 ], [ -72.614374, 46.344737 ], [ -72.614519, 46.344737 ] ] ] } },
{ "type": "Feature", "properties": { }, "geometry": { "type": "Polygon", "coordinates": [ [ [ -72.605152, 46.341074 ], [ -72.60499, 46.340965 ], [ -72.605084, 46.340898 ], [ -72.605246, 46.341007 ], [ -72.605152, 46.341074 ] ] ] } },
{ "type": "Feature", "properties": { }, "geometry": { "type": "Polygon", "coordinates": [ [ [ -72.607958, 46.344516 ], [ -72.607938, 46.34433 ], [ -72.608053, 46.344324 ], [ -72.608073, 46.34451 ], [ -72.607958, 46.344516 ] ] ] } },
{ "type": "Feature", "properties": { }, "geometry": { "type": "Polygon", "coordinates": [ [ [ -72.609662, 46.337981 ], [ -72.609537, 46.337898 ], [ -72.60968, 46.337796 ], [ -72.609804, 46.337878 ], [ -72.609662, 46.337981 ] ] ] } },
{ "type": "Feature", "properties": { }, "geometry": { "type": "Polygon", "coordinates": [ [ [ -72.606452, 46.336686 ], [ -72.606407, 46.336803 ], [ -72.606288, 46.336781 ], [ -72.606333, 46.336664 ], [ -72.606452, 46.336686 ] ] ] } },
{ "type": "Feature", "properties": { }, "geometry": { "type": "Polygon", "coordinates": [ [ [ -72.601637, 46.338346 ], [ -72.601548, 46.33841 ], [ -72.601391, 46.338306 ], [ -72.60148, 46.338242 ], [ -72.601637, 46.338346 ] ] ] } },
{ "type": "Feature", "properties": { }, "geometry": { "type": "Polygon", "coordinates": [ [ [ -72.598461, 46.338504 ], [ -72.598552, 46.338449 ], [ -72.598629, 46.33851 ], [ -72.598673, 46.338483 ], [ -72.598734, 46.338532 ], [ -72.598567, 46.338633 ], [ -72.598511, 46.338589 ], [ -72.598543, 46.338569 ], [ -72.598461, 46.338504 ] ] ] } },
{ "type": "Feature", "properties": { }, "geometry": { "type": "Polygon", "coordinates": [ [ [ -72.606373, 46.339159 ], [ -72.6063, 46.33908 ], [ -72.606474, 46.339003 ], [ -72.606548, 46.339081 ], [ -72.606373, 46.339159 ] ] ] } },
{ "type": "Feature", "properties": { }, "geometry": { "type": "Polygon", "coordinates": [ [ [ -72.615882, 46.34298 ], [ -72.615882, 46.342882 ], [ -72.61604, 46.342882 ], [ -72.61604, 46.34298 ], [ -72.615882, 46.34298 ] ] ] } },
{ "type": "Feature", "properties": { }, "geometry": { "type": "Polygon", "coordinates": [ [ [ -72.6187, 46.343607 ], [ -72.618863, 46.343713 ], [ -72.618774, 46.343778 ], [ -72.618611, 46.343673 ], [ -72.6187, 46.343607 ] ] ] } },
{ "type": "Feature", "properties": { }, "geometry": { "type": "Polygon", "coordinates": [ [ [ -72.599094, 46.343774 ], [ -72.599012, 46.343718 ], [ -72.599168, 46.343611 ], [ -72.599249, 46.343667 ], [ -72.599094, 46.343774 ] ] ] } },
{ "type": "Feature", "properties": { }, "geometry": { "type": "Polygon", "coordinates": [ [ [ -72.605064, 46.334619 ], [ -72.60499, 46.334675 ], [ -72.604871, 46.3346 ], [ -72.604944, 46.334544 ], [ -72.605064, 46.334619 ] ] ] } },
{ "type": "Feature", "properties": { }, "geometry": { "type": "Polygon", "coordinates": [ [ [ -72.600049, 46.336219 ], [ -72.600041, 46.336322 ], [ -72.599918, 46.336317 ], [ -72.599926, 46.336215 ], [ -72.600049, 46.336219 ] ] ] } },
{ "type": "Feature", "properties": { }, "geometry": { "type": "Polygon", "coordinates": [ [ [ -72.598695, 46.337015 ], [ -72.598538, 46.336997 ], [ -72.598555, 46.336923 ], [ -72.598712, 46.336941 ], [ -72.598695, 46.337015 ] ] ] } },
{ "type": "Feature", "properties": { }, "geometry": { "type": "Polygon", "coordinates": [ [ [ -72.591934, 46.340528 ], [ -72.591859, 46.340579 ], [ -72.591743, 46.3405 ], [ -72.591818, 46.340448 ], [ -72.591934, 46.340528 ] ] ] } },
{ "type": "Feature", "properties": { }, "geometry": { "type": "Polygon", "coordinates": [ [ [ -72.594168, 46.334274 ], [ -72.594259, 46.334339 ], [ -72.594171, 46.334398 ], [ -72.59408, 46.334334 ], [ -72.594168, 46.334274 ] ] ] } },
{ "type": "Feature", "properties": { }, "geometry": { "type": "Polygon", "coordinates": [ [ [ -72.619381, 46.344077 ], [ -72.619523, 46.344175 ], [ -72.61944, 46.344233 ], [ -72.619298, 46.344135 ], [ -72.619381, 46.344077 ] ] ] } },
{ "type": "Feature", "properties": { }, "geometry": { "type": "Polygon", "coordinates": [ [ [ -72.600665, 46.345889 ], [ -72.600581, 46.345829 ], [ -72.600704, 46.345748 ], [ -72.600787, 46.345809 ], [ -72.600665, 46.345889 ] ] ] } },
{ "type": "Feature", "properties": { }, "geometry": { "type": "Polygon", "coordinates": [ [ [ -72.602259, 46.338231 ], [ -72.602427, 46.338337 ], [ -72.602343, 46.3384 ], [ -72.602175, 46.338294 ], [ -72.602259, 46.338231 ] ] ] } },
{ "type": "Feature", "properties": { }, "geometry": { "type": "Polygon", "coordinates": [ [ [ -72.613832, 46.352488 ], [ -72.613788, 46.352549 ], [ -72.613656, 46.352502 ], [ -72.613716, 46.35242 ], [ -72.613795, 46.352448 ], [ -72.613779, 46.35247 ], [ -72.613832, 46.352488 ] ] ] } },
{ "type": "Feature", "properties": { }, "geometry": { "type": "Polygon", "coordinates": [ [ [ -72.603724, 46.34752 ], [ -72.603611, 46.347535 ], [ -72.603582, 46.347432 ], [ -72.603695, 46.347417 ], [ -72.603724, 46.34752 ] ] ] } },
{ "type": "Feature", "properties": { }, "geometry": { "type": "Polygon", "coordinates": [ [ [ -72.619776, 46.345419 ], [ -72.619661, 46.345401 ], [ -72.619707, 46.345265 ], [ -72.619822, 46.345283 ], [ -72.619776, 46.345419 ] ] ] } },
{ "type": "Feature", "properties": { }, "geometry": { "type": "Polygon", "coordinates": [ [ [ -72.617499, 46.345006 ], [ -72.617684, 46.345006 ], [ -72.617684, 46.345095 ], [ -72.617499, 46.345095 ], [ -72.617499, 46.345006 ] ] ] } },
{ "type": "Feature", "properties": { }, "geometry": { "type": "Polygon", "coordinates": [ [ [ -72.606342, 46.344147 ], [ -72.606437, 46.344193 ], [ -72.606349, 46.344279 ], [ -72.606254, 46.344233 ], [ -72.606342, 46.344147 ] ] ] } },
{ "type": "Feature", "properties": { }, "geometry": { "type": "Polygon", "coordinates": [ [ [ -72.606532, 46.345633 ], [ -72.606422, 46.345633 ], [ -72.606422, 46.345483 ], [ -72.606532, 46.345483 ], [ -72.606532, 46.345633 ] ] ] } },
{ "type": "Feature", "properties": { }, "geometry": { "type": "Polygon", "coordinates": [ [ [ -72.611376, 46.33916 ], [ -72.611374, 46.339232 ], [ -72.61119, 46.33923 ], [ -72.611192, 46.339134 ], [ -72.611272, 46.339135 ], [ -72.611271, 46.339159 ], [ -72.611376, 46.33916 ] ] ] } },
{ "type": "Feature", "properties": { }, "geometry": { "type": "Polygon", "coordinates": [ [ [ -72.613012, 46.349206 ], [ -72.612898, 46.349306 ], [ -72.612792, 46.349249 ], [ -72.612905, 46.349149 ], [ -72.613012, 46.349206 ] ] ] } },
{ "type": "Feature", "properties": { }, "geometry": { "type": "Polygon", "coordinates": [ [ [ -72.61063, 46.342795 ], [ -72.610676, 46.342873 ], [ -72.610468, 46.342933 ], [ -72.610421, 46.342855 ], [ -72.61063, 46.342795 ] ] ] } },
{ "type": "Feature", "properties": { }, "geometry": { "type": "Polygon", "coordinates": [ [ [ -72.615153, 46.343052 ], [ -72.615136, 46.342975 ], [ -72.615262, 46.342962 ], [ -72.615279, 46.343038 ], [ -72.615153, 46.343052 ] ] ] } },
{ "type": "Feature", "properties": { }, "geometry": { "type": "Polygon", "coordinates": [ [ [ -72.615447, 46.345111 ], [ -72.615447, 46.345256 ], [ -72.615329, 46.345256 ], [ -72.615329, 46.345111 ], [ -72.615447, 46.345111 ] ] ] } },
{ "type": "Feature", "properties": { }, "geometry": { "type": "Polygon", "coordinates": [ [ [ -72.615319, 46.346542 ], [ -72.615463, 46.346542 ], [ -72.615463, 46.346637 ], [ -72.615319, 46.346637 ], [ -72.615319, 46.346542 ] ] ] } },
{ "type": "Feature", "properties": { }, "geometry": { "type": "Polygon", "coordinates": [ [ [ -72.606065, 46.346096 ], [ -72.605952, 46.346096 ], [ -72.605952, 46.34593 ], [ -72.606065, 46.34593 ], [ -72.606065, 46.346096 ] ] ] } },
{ "type": "Feature", "properties": { }, "geometry": { "type": "Polygon", "coordinates": [ [ [ -72.605512, 46.336406 ], [ -72.605672, 46.336496 ], [ -72.605599, 46.336558 ], [ -72.605439, 46.336469 ], [ -72.605512, 46.336406 ] ] ] } },
{ "type": "Feature", "properties": { }, "geometry": { "type": "Polygon", "coordinates": [ [ [ -72.600973, 46.337891 ], [ -72.601092, 46.337973 ], [ -72.601004, 46.338034 ], [ -72.600884, 46.337952 ], [ -72.600973, 46.337891 ] ] ] } },
{ "type": "Feature", "properties": { }, "geometry": { "type": "Polygon", "coordinates": [ [ [ -72.594749, 46.334378 ], [ -72.594888, 46.334418 ], [ -72.594832, 46.334511 ], [ -72.594693, 46.334472 ], [ -72.594749, 46.334378 ] ] ] } },
{ "type": "Feature", "properties": { }, "geometry": { "type": "Polygon", "coordinates": [ [ [ -72.612071, 46.353972 ], [ -72.612286, 46.354035 ], [ -72.612222, 46.35414 ], [ -72.612007, 46.354077 ], [ -72.612071, 46.353972 ] ] ] } },
{ "type": "Feature", "properties": { }, "geometry": { "type": "Polygon", "coordinates": [ [ [ -72.615065, 46.340635 ], [ -72.615162, 46.340702 ], [ -72.615062, 46.34077 ], [ -72.614966, 46.340703 ], [ -72.615065, 46.340635 ] ] ] } },
{ "type": "Feature", "properties": { }, "geometry": { "type": "Polygon", "coordinates": [ [ [ -72.610758, 46.343991 ], [ -72.610555, 46.344072 ], [ -72.610489, 46.343993 ], [ -72.610692, 46.343912 ], [ -72.610758, 46.343991 ] ] ] } },
{ "type": "Feature", "properties": { }, "geometry": { "type": "Polygon", "coordinates": [ [ [ -72.598785, 46.341313 ], [ -72.598773, 46.341114 ], [ -72.598898, 46.34111 ], [ -72.59891, 46.341309 ], [ -72.598785, 46.341313 ] ] ] } },
{ "type": "Feature", "properties": { }, "geometry": { "type": "Polygon", "coordinates": [ [ [ -72.604809, 46.344807 ], [ -72.60457, 46.344808 ], [ -72.604569, 46.344723 ], [ -72.604808, 46.344722 ], [ -72.604809, 46.344807 ] ] ] } },
{ "type": "Feature", "properties": { }, "geometry": { "type": "Polygon", "coordinates": [ [ [ -72.604336, 46.334657 ], [ -72.604248, 46.334718 ], [ -72.604135, 46.334641 ], [ -72.604224, 46.334579 ], [ -72.604336, 46.334657 ] ] ] } },
{ "type": "Feature", "properties": { }, "geometry": { "type": "Polygon", "coordinates": [ [ [ -72.604204, 46.336064 ], [ -72.604131, 46.336137 ], [ -72.604061, 46.336104 ], [ -72.604039, 46.336125 ], [ -72.603983, 46.336098 ], [ -72.604011, 46.33607 ], [ -72.603977, 46.336053 ], [ -72.604044, 46.335987 ], [ -72.604204, 46.336064 ] ] ] } },
{ "type": "Feature", "properties": { }, "geometry": { "type": "Polygon", "coordinates": [ [ [ -72.591608, 46.335095 ], [ -72.59148, 46.335015 ], [ -72.591557, 46.334957 ], [ -72.591685, 46.335037 ], [ -72.591608, 46.335095 ] ] ] } },
{ "type": "Feature", "properties": { }, "geometry": { "type": "Polygon", "coordinates": [ [ [ -72.588687, 46.338692 ], [ -72.588558, 46.338603 ], [ -72.588624, 46.338557 ], [ -72.588753, 46.338646 ], [ -72.588687, 46.338692 ] ] ] } },
{ "type": "Feature", "properties": { }, "geometry": { "type": "Polygon", "coordinates": [ [ [ -72.610781, 46.339811 ], [ -72.610858, 46.339876 ], [ -72.610778, 46.339922 ], [ -72.6107, 46.339857 ], [ -72.610781, 46.339811 ] ] ] } },
{ "type": "Feature", "properties": { }, "geometry": { "type": "Polygon", "coordinates": [ [ [ -72.612819, 46.3436 ], [ -72.612953, 46.3436 ], [ -72.612953, 46.343697 ], [ -72.612819, 46.343697 ], [ -72.612819, 46.3436 ] ] ] } },
{ "type": "Feature", "properties": { }, "geometry": { "type": "Polygon", "coordinates": [ [ [ -72.618502, 46.346033 ], [ -72.618661, 46.346033 ], [ -72.618661, 46.346109 ], [ -72.618502, 46.346109 ], [ -72.618502, 46.346033 ] ] ] } },
{ "type": "Feature", "properties": { }, "geometry": { "type": "Polygon", "coordinates": [ [ [ -72.606176, 46.3371 ], [ -72.605973, 46.337038 ], [ -72.606024, 46.336959 ], [ -72.606227, 46.337021 ], [ -72.606176, 46.3371 ] ] ] } },
{ "type": "Feature", "properties": { }, "geometry": { "type": "Polygon", "coordinates": [ [ [ -72.594064, 46.341485 ], [ -72.593989, 46.341432 ], [ -72.594139, 46.34133 ], [ -72.594215, 46.341382 ], [ -72.594064, 46.341485 ] ] ] } },
{ "type": "Feature", "properties": { }, "geometry": { "type": "Polygon", "coordinates": [ [ [ -72.593138, 46.335738 ], [ -72.593212, 46.335838 ], [ -72.593111, 46.335873 ], [ -72.593038, 46.335773 ], [ -72.593138, 46.335738 ] ] ] } },
{ "type": "Feature", "properties": { }, "geometry": { "type": "Polygon", "coordinates": [ [ [ -72.593993, 46.337773 ], [ -72.593875, 46.337773 ], [ -72.593873, 46.337614 ], [ -72.593991, 46.337613 ], [ -72.593993, 46.337773 ] ] ] } },
{ "type": "Feature", "properties": { }, "geometry": { "type": "Polygon", "coordinates": [ [ [ -72.613625, 46.347586 ], [ -72.613593, 46.347505 ], [ -72.613676, 46.347489 ], [ -72.613668, 46.34747 ], [ -72.613776, 46.34745 ], [ -72.613799, 46.34751 ], [ -72.613734, 46.347522 ], [ -72.61375, 46.347563 ], [ -72.613625, 46.347586 ] ] ] } },
{ "type": "Feature", "properties": { }, "geometry": { "type": "Polygon", "coordinates": [ [ [ -72.612974, 46.34984 ], [ -72.612974, 46.349923 ], [ -72.612768, 46.349923 ], [ -72.612768, 46.34984 ], [ -72.612974, 46.34984 ] ] ] } },
{ "type": "Feature", "properties": { }, "geometry": { "type": "Polygon", "coordinates": [ [ [ -72.61643, 46.349906 ], [ -72.616547, 46.349955 ], [ -72.616483, 46.350027 ], [ -72.616367, 46.349977 ], [ -72.61643, 46.349906 ] ] ] } },
{ "type": "Feature", "properties": { }, "geometry": { "type": "Polygon", "coordinates": [ [ [ -72.615457, 46.352237 ], [ -72.615317, 46.352333 ], [ -72.615239, 46.352279 ], [ -72.615379, 46.352183 ], [ -72.615457, 46.352237 ] ] ] } },
{ "type": "Feature", "properties": { }, "geometry": { "type": "Polygon", "coordinates": [ [ [ -72.611593, 46.340468 ], [ -72.61153, 46.340419 ], [ -72.611646, 46.340347 ], [ -72.611776, 46.340448 ], [ -72.611687, 46.340503 ], [ -72.61162, 46.340451 ], [ -72.611593, 46.340468 ] ] ] } },
{ "type": "Feature", "properties": { }, "geometry": { "type": "Polygon", "coordinates": [ [ [ -72.614931, 46.344693 ], [ -72.614929, 46.344755 ], [ -72.614843, 46.344754 ], [ -72.614845, 46.344694 ], [ -72.614827, 46.344694 ], [ -72.61483, 46.344597 ], [ -72.614959, 46.344599 ], [ -72.614955, 46.344694 ], [ -72.614931, 46.344693 ] ] ] } },
{ "type": "Feature", "properties": { }, "geometry": { "type": "Polygon", "coordinates": [ [ [ -72.610374, 46.345068 ], [ -72.610487, 46.345066 ], [ -72.610494, 46.34523 ], [ -72.61038, 46.345232 ], [ -72.610374, 46.345068 ] ] ] } },
{ "type": "Feature", "properties": { }, "geometry": { "type": "Polygon", "coordinates": [ [ [ -72.615319, 46.34682 ], [ -72.615319, 46.346711 ], [ -72.615442, 46.346711 ], [ -72.615442, 46.34682 ], [ -72.615319, 46.34682 ] ] ] } },
{ "type": "Feature", "properties": { }, "geometry": { "type": "Polygon", "coordinates": [ [ [ -72.604148, 46.346545 ], [ -72.604174, 46.346476 ], [ -72.60426, 46.346491 ], [ -72.604234, 46.346561 ], [ -72.604148, 46.346545 ] ] ] } },
{ "type": "Feature", "properties": { }, "geometry": { "type": "Polygon", "coordinates": [ [ [ -72.595043, 46.334399 ], [ -72.594962, 46.334359 ], [ -72.595084, 46.334242 ], [ -72.595165, 46.334282 ], [ -72.595043, 46.334399 ] ] ] } },
{ "type": "Feature", "properties": { }, "geometry": { "type": "Polygon", "coordinates": [ [ [ -72.59618, 46.334424 ], [ -72.596253, 46.334373 ], [ -72.596363, 46.334449 ], [ -72.59629, 46.3345 ], [ -72.59618, 46.334424 ] ] ] } },
{ "type": "Feature", "properties": { }, "geometry": { "type": "Polygon", "coordinates": [ [ [ -72.608818, 46.349756 ], [ -72.608726, 46.349823 ], [ -72.608608, 46.349746 ], [ -72.6087, 46.349679 ], [ -72.608818, 46.349756 ] ] ] } },
{ "type": "Feature", "properties": { }, "geometry": { "type": "Polygon", "coordinates": [ [ [ -72.612795, 46.339669 ], [ -72.612906, 46.339746 ], [ -72.612821, 46.339804 ], [ -72.61271, 46.339728 ], [ -72.612795, 46.339669 ] ] ] } },
{ "type": "Feature", "properties": { }, "geometry": { "type": "Polygon", "coordinates": [ [ [ -72.615421, 46.342723 ], [ -72.615276, 46.342723 ], [ -72.615276, 46.342636 ], [ -72.615421, 46.342636 ], [ -72.615421, 46.342723 ] ] ] } },
{ "type": "Feature", "properties": { }, "geometry": { "type": "Polygon", "coordinates": [ [ [ -72.600769, 46.333344 ], [ -72.600559, 46.333309 ], [ -72.600588, 46.333228 ], [ -72.600798, 46.333263 ], [ -72.600769, 46.333344 ] ] ] } },
{ "type": "Feature", "properties": { }, "geometry": { "type": "Polygon", "coordinates": [ [ [ -72.597593, 46.332721 ], [ -72.597448, 46.332611 ], [ -72.597561, 46.33254 ], [ -72.597706, 46.33265 ], [ -72.597593, 46.332721 ] ] ] } },
{ "type": "Feature", "properties": { }, "geometry": { "type": "Polygon", "coordinates": [ [ [ -72.595724, 46.333981 ], [ -72.595643, 46.334032 ], [ -72.595518, 46.333938 ], [ -72.5956, 46.333887 ], [ -72.595724, 46.333981 ] ] ] } },
{ "type": "Feature", "properties": { }, "geometry": { "type": "Polygon", "coordinates": [ [ [ -72.611515, 46.349571 ], [ -72.611405, 46.349647 ], [ -72.611316, 46.349586 ], [ -72.611426, 46.34951 ], [ -72.611515, 46.349571 ] ] ] } },
{ "type": "Feature", "properties": { }, "geometry": { "type": "Polygon", "coordinates": [ [ [ -72.619363, 46.344764 ], [ -72.619369, 46.344854 ], [ -72.619218, 46.344859 ], [ -72.619211, 46.344745 ], [ -72.619289, 46.344742 ], [ -72.619291, 46.344766 ], [ -72.619363, 46.344764 ] ] ] } },
{ "type": "Feature", "properties": { }, "geometry": { "type": "Polygon", "coordinates": [ [ [ -72.612253, 46.346829 ], [ -72.612068, 46.346829 ], [ -72.612068, 46.346741 ], [ -72.612253, 46.346741 ], [ -72.612253, 46.346829 ] ] ] } },
{ "type": "Feature", "properties": { }, "geometry": { "type": "Polygon", "coordinates": [ [ [ -72.602347, 46.346646 ], [ -72.602347, 46.346726 ], [ -72.602187, 46.346726 ], [ -72.602187, 46.346646 ], [ -72.602347, 46.346646 ] ] ] } },
{ "type": "Feature", "properties": { }, "geometry": { "type": "Polygon", "coordinates": [ [ [ -72.600576, 46.332861 ], [ -72.600795, 46.332905 ], [ -72.600764, 46.332979 ], [ -72.600545, 46.332936 ], [ -72.600576, 46.332861 ] ] ] } },
{ "type": "Feature", "properties": { }, "geometry": { "type": "Polygon", "coordinates": [ [ [ -72.601668, 46.338342 ], [ -72.601738, 46.338372 ], [ -72.601705, 46.338409 ], [ -72.601825, 46.338461 ], [ -72.601767, 46.338526 ], [ -72.601576, 46.338445 ], [ -72.601668, 46.338342 ] ] ] } },
{ "type": "Feature", "properties": { }, "geometry": { "type": "Polygon", "coordinates": [ [ [ -72.61725, 46.348785 ], [ -72.61725, 46.34869 ], [ -72.617443, 46.34869 ], [ -72.617443, 46.348785 ], [ -72.61725, 46.348785 ] ] ] } },
{ "type": "Feature", "properties": { }, "geometry": { "type": "Polygon", "coordinates": [ [ [ -72.603375, 46.349374 ], [ -72.603549, 46.349492 ], [ -72.603428, 46.349576 ], [ -72.603255, 46.349458 ], [ -72.603375, 46.349374 ] ] ] } },
{ "type": "Feature", "properties": { }, "geometry": { "type": "Polygon", "coordinates": [ [ [ -72.612167, 46.342977 ], [ -72.612096, 46.342904 ], [ -72.612274, 46.342821 ], [ -72.612345, 46.342893 ], [ -72.612167, 46.342977 ] ] ] } },
{ "type": "Feature", "properties": { }, "geometry": { "type": "Polygon", "coordinates": [ [ [ -72.615254, 46.345684 ], [ -72.615428, 46.345685 ], [ -72.615426, 46.345793 ], [ -72.615252, 46.345792 ], [ -72.615254, 46.345684 ] ] ] } },
{ "type": "Feature", "properties": { }, "geometry": { "type": "Polygon", "coordinates": [ [ [ -72.603403, 46.340605 ], [ -72.603309, 46.340549 ], [ -72.603442, 46.340442 ], [ -72.603536, 46.340498 ], [ -72.603403, 46.340605 ] ] ] } },
{ "type": "Feature", "properties": { }, "geometry": { "type": "Polygon", "coordinates": [ [ [ -72.599004, 46.337926 ], [ -72.599153, 46.338029 ], [ -72.59907, 46.338086 ], [ -72.598921, 46.337983 ], [ -72.599004, 46.337926 ] ] ] } },
{ "type": "Feature", "properties": { }, "geometry": { "type": "Polygon", "coordinates": [ [ [ -72.593424, 46.334448 ], [ -72.593238, 46.334594 ], [ -72.593165, 46.334549 ], [ -72.593247, 46.334485 ], [ -72.593178, 46.334442 ], [ -72.593282, 46.334361 ], [ -72.593424, 46.334448 ] ] ] } },
{ "type": "Feature", "properties": { }, "geometry": { "type": "Polygon", "coordinates": [ [ [ -72.596076, 46.337294 ], [ -72.596077, 46.337372 ], [ -72.595914, 46.337373 ], [ -72.595912, 46.337296 ], [ -72.596076, 46.337294 ] ] ] } },
{ "type": "Feature", "properties": { }, "geometry": { "type": "Polygon", "coordinates": [ [ [ -72.609568, 46.349379 ], [ -72.609681, 46.349457 ], [ -72.609591, 46.349519 ], [ -72.609478, 46.349441 ], [ -72.609568, 46.349379 ] ] ] } },
{ "type": "Feature", "properties": { }, "geometry": { "type": "Polygon", "coordinates": [ [ [ -72.609712, 46.349483 ], [ -72.609801, 46.349546 ], [ -72.609719, 46.349601 ], [ -72.60963, 46.349538 ], [ -72.609712, 46.349483 ] ] ] } },
{ "type": "Feature", "properties": { }, "geometry": { "type": "Polygon", "coordinates": [ [ [ -72.603207, 46.342387 ], [ -72.603089, 46.34246 ], [ -72.603014, 46.342403 ], [ -72.603132, 46.34233 ], [ -72.603207, 46.342387 ] ] ] } },
{ "type": "Feature", "properties": { }, "geometry": { "type": "Polygon", "coordinates": [ [ [ -72.604825, 46.346493 ], [ -72.604796, 46.346604 ], [ -72.604666, 46.346588 ], [ -72.604695, 46.346477 ], [ -72.604825, 46.346493 ] ] ] } },
{ "type": "Feature", "properties": { }, "geometry": { "type": "Polygon", "coordinates": [ [ [ -72.600483, 46.333868 ], [ -72.600457, 46.333938 ], [ -72.600303, 46.333911 ], [ -72.600329, 46.333842 ], [ -72.600483, 46.333868 ] ] ] } },
{ "type": "Feature", "properties": { }, "geometry": { "type": "Polygon", "coordinates": [ [ [ -72.599118, 46.333808 ], [ -72.5992, 46.333865 ], [ -72.59904, 46.333975 ], [ -72.598958, 46.333918 ], [ -72.599118, 46.333808 ] ] ] } },
{ "type": "Feature", "properties": { }, "geometry": { "type": "Polygon", "coordinates": [ [ [ -72.596811, 46.340899 ], [ -72.596921, 46.340972 ], [ -72.596846, 46.341026 ], [ -72.596736, 46.340952 ], [ -72.596811, 46.340899 ] ] ] } },
{ "type": "Feature", "properties": { }, "geometry": { "type": "Polygon", "coordinates": [ [ [ -72.614956, 46.344778 ], [ -72.614956, 46.344906 ], [ -72.614825, 46.344906 ], [ -72.614825, 46.344778 ], [ -72.614956, 46.344778 ] ] ] } },
{ "type": "Feature", "properties": { }, "geometry": { "type": "Polygon", "coordinates": [ [ [ -72.59862, 46.341751 ], [ -72.598539, 46.341808 ], [ -72.598452, 46.341749 ], [ -72.598523, 46.341699 ], [ -72.598492, 46.341678 ], [ -72.598575, 46.341619 ], [ -72.598735, 46.341726 ], [ -72.598661, 46.341778 ], [ -72.59862, 46.341751 ] ] ] } },
{ "type": "Feature", "properties": { }, "geometry": { "type": "Polygon", "coordinates": [ [ [ -72.607978, 46.345951 ], [ -72.608089, 46.345951 ], [ -72.608087, 46.346101 ], [ -72.607975, 46.346101 ], [ -72.607978, 46.345951 ] ] ] } },
{ "type": "Feature", "properties": { }, "geometry": { "type": "Polygon", "coordinates": [ [ [ -72.603855, 46.346748 ], [ -72.603745, 46.346748 ], [ -72.603745, 46.346635 ], [ -72.603855, 46.346635 ], [ -72.603855, 46.346748 ] ] ] } },
{ "type": "Feature", "properties": { }, "geometry": { "type": "Polygon", "coordinates": [ [ [ -72.597903, 46.346917 ], [ -72.597981, 46.346705 ], [ -72.598113, 46.346728 ], [ -72.598035, 46.34694 ], [ -72.597903, 46.346917 ] ] ] } },
{ "type": "Feature", "properties": { }, "geometry": { "type": "Polygon", "coordinates": [ [ [ -72.590469, 46.337365 ], [ -72.590578, 46.33744 ], [ -72.59043, 46.337542 ], [ -72.590322, 46.337467 ], [ -72.590469, 46.337365 ] ] ] } },
{ "type": "Feature", "properties": { }, "geometry": { "type": "Polygon", "coordinates": [ [ [ -72.611821, 46.348911 ], [ -72.611737, 46.348852 ], [ -72.611881, 46.348752 ], [ -72.611966, 46.348811 ], [ -72.611821, 46.348911 ] ] ] } },
{ "type": "Feature", "properties": { }, "geometry": { "type": "Polygon", "coordinates": [ [ [ -72.614245, 46.351149 ], [ -72.614017, 46.351076 ], [ -72.614077, 46.350987 ], [ -72.614304, 46.35106 ], [ -72.614245, 46.351149 ] ] ] } },
{ "type": "Feature", "properties": { }, "geometry": { "type": "Polygon", "coordinates": [ [ [ -72.607035, 46.347545 ], [ -72.606858, 46.347667 ], [ -72.606782, 46.347615 ], [ -72.606959, 46.347493 ], [ -72.607035, 46.347545 ] ] ] } },
{ "type": "Feature", "properties": { }, "geometry": { "type": "Polygon", "coordinates": [ [ [ -72.613902, 46.343795 ], [ -72.613902, 46.343917 ], [ -72.613771, 46.343917 ], [ -72.613771, 46.343795 ], [ -72.613902, 46.343795 ] ] ] } },
{ "type": "Feature", "properties": { }, "geometry": { "type": "Polygon", "coordinates": [ [ [ -72.613766, 46.34433 ], [ -72.613889, 46.34433 ], [ -72.613889, 46.344422 ], [ -72.613766, 46.344422 ], [ -72.613766, 46.34433 ] ] ] } },
{ "type": "Feature", "properties": { }, "geometry": { "type": "Polygon", "coordinates": [ [ [ -72.617757, 46.346467 ], [ -72.617609, 46.346467 ], [ -72.617609, 46.346387 ], [ -72.617757, 46.346387 ], [ -72.617757, 46.346467 ] ] ] } },
{ "type": "Feature", "properties": { }, "geometry": { "type": "Polygon", "coordinates": [ [ [ -72.613208, 46.346654 ], [ -72.613344, 46.346652 ], [ -72.613349, 46.346773 ], [ -72.613212, 46.346775 ], [ -72.613208, 46.346654 ] ] ] } },
{ "type": "Feature", "properties": { }, "geometry": { "type": "Polygon", "coordinates": [ [ [ -72.600935, 46.344299 ], [ -72.600852, 46.344357 ], [ -72.600743, 46.344282 ], [ -72.600827, 46.344224 ], [ -72.600935, 46.344299 ] ] ] } },
{ "type": "Feature", "properties": { }, "geometry": { "type": "Polygon", "coordinates": [ [ [ -72.59385, 46.340281 ], [ -72.593965, 46.340353 ], [ -72.593888, 46.340412 ], [ -72.593772, 46.340341 ], [ -72.59385, 46.340281 ] ] ] } },
{ "type": "Feature", "properties": { }, "geometry": { "type": "Polygon", "coordinates": [ [ [ -72.595299, 46.34256 ], [ -72.59515, 46.342457 ], [ -72.59523, 46.342401 ], [ -72.595379, 46.342504 ], [ -72.595299, 46.34256 ] ] ] } },
{ "type": "Feature", "properties": { }, "geometry": { "type": "Polygon", "coordinates": [ [ [ -72.59469, 46.332969 ], [ -72.594773, 46.333027 ], [ -72.59467, 46.333098 ], [ -72.594586, 46.333041 ], [ -72.59469, 46.332969 ] ] ] } },
{ "type": "Feature", "properties": { }, "geometry": { "type": "Polygon", "coordinates": [ [ [ -72.605299, 46.3497 ], [ -72.605153, 46.349801 ], [ -72.605024, 46.349712 ], [ -72.60517, 46.349611 ], [ -72.605299, 46.3497 ] ] ] } },
{ "type": "Feature", "properties": { }, "geometry": { "type": "Polygon", "coordinates": [ [ [ -72.598854, 46.343948 ], [ -72.598734, 46.34403 ], [ -72.598648, 46.343971 ], [ -72.598768, 46.343888 ], [ -72.598854, 46.343948 ] ] ] } },
{ "type": "Feature", "properties": { }, "geometry": { "type": "Polygon", "coordinates": [ [ [ -72.600178, 46.346511 ], [ -72.600018, 46.346436 ], [ -72.60008, 46.346373 ], [ -72.600241, 46.346447 ], [ -72.600178, 46.346511 ] ] ] } },
{ "type": "Feature", "properties": { }, "geometry": { "type": "Polygon", "coordinates": [ [ [ -72.59815, 46.338445 ], [ -72.598053, 46.338514 ], [ -72.597967, 46.338456 ], [ -72.598137, 46.338335 ], [ -72.598236, 46.3384 ], [ -72.598162, 46.338453 ], [ -72.59815, 46.338445 ] ] ] } },
{ "type": "Feature", "properties": { }, "geometry": { "type": "Polygon", "coordinates": [ [ [ -72.606866, 46.338895 ], [ -72.606782, 46.338824 ], [ -72.606893, 46.338761 ], [ -72.606977, 46.338833 ], [ -72.606866, 46.338895 ] ] ] } },
{ "type": "Feature", "properties": { }, "geometry": { "type": "Polygon", "coordinates": [ [ [ -72.616336, 46.349473 ], [ -72.616263, 46.349574 ], [ -72.616141, 46.349531 ], [ -72.616215, 46.349431 ], [ -72.616336, 46.349473 ] ] ] } },
{ "type": "Feature", "properties": { }, "geometry": { "type": "Polygon", "coordinates": [ [ [ -72.612592, 46.350901 ], [ -72.612488, 46.350832 ], [ -72.612659, 46.350709 ], [ -72.612763, 46.350778 ], [ -72.612592, 46.350901 ] ] ] } },
{ "type": "Feature", "properties": { }, "geometry": { "type": "Polygon", "coordinates": [ [ [ -72.604491, 46.343017 ], [ -72.604364, 46.342925 ], [ -72.604449, 46.342868 ], [ -72.604577, 46.34296 ], [ -72.604491, 46.343017 ] ] ] } },
{ "type": "Feature", "properties": { }, "geometry": { "type": "Polygon", "coordinates": [ [ [ -72.599971, 46.344952 ], [ -72.599882, 46.344891 ], [ -72.599999, 46.34481 ], [ -72.600088, 46.344871 ], [ -72.599971, 46.344952 ] ] ] } },
{ "type": "Feature", "properties": { }, "geometry": { "type": "Polygon", "coordinates": [ [ [ -72.598135, 46.331811 ], [ -72.598192, 46.331852 ], [ -72.598157, 46.331876 ], [ -72.598224, 46.331923 ], [ -72.598116, 46.331994 ], [ -72.597993, 46.331906 ], [ -72.598135, 46.331811 ] ] ] } },
{ "type": "Feature", "properties": { }, "geometry": { "type": "Polygon", "coordinates": [ [ [ -72.604433, 46.337737 ], [ -72.604346, 46.337797 ], [ -72.604195, 46.337693 ], [ -72.604283, 46.337633 ], [ -72.604433, 46.337737 ] ] ] } },
{ "type": "Feature", "properties": { }, "geometry": { "type": "Polygon", "coordinates": [ [ [ -72.615944, 46.34827 ], [ -72.616104, 46.348311 ], [ -72.616065, 46.348386 ], [ -72.615905, 46.348345 ], [ -72.615944, 46.34827 ] ] ] } },
{ "type": "Feature", "properties": { }, "geometry": { "type": "Polygon", "coordinates": [ [ [ -72.607314, 46.350655 ], [ -72.607421, 46.35073 ], [ -72.607338, 46.350787 ], [ -72.60723, 46.350713 ], [ -72.607314, 46.350655 ] ] ] } },
{ "type": "Feature", "properties": { }, "geometry": { "type": "Polygon", "coordinates": [ [ [ -72.613334, 46.344043 ], [ -72.613334, 46.343934 ], [ -72.613438, 46.343934 ], [ -72.613438, 46.344043 ], [ -72.613334, 46.344043 ] ] ] } },
{ "type": "Feature", "properties": { }, "geometry": { "type": "Polygon", "coordinates": [ [ [ -72.607159, 46.341908 ], [ -72.607246, 46.341848 ], [ -72.607401, 46.341954 ], [ -72.607314, 46.342014 ], [ -72.607159, 46.341908 ] ] ] } },
{ "type": "Feature", "properties": { }, "geometry": { "type": "Polygon", "coordinates": [ [ [ -72.593147, 46.334403 ], [ -72.593019, 46.334321 ], [ -72.593114, 46.33425 ], [ -72.593242, 46.334332 ], [ -72.593147, 46.334403 ] ] ] } },
{ "type": "Feature", "properties": { }, "geometry": { "type": "Polygon", "coordinates": [ [ [ -72.611919, 46.347435 ], [ -72.612144, 46.347432 ], [ -72.612146, 46.347512 ], [ -72.611921, 46.347514 ], [ -72.611919, 46.347435 ] ] ] } },
{ "type": "Feature", "properties": { }, "geometry": { "type": "Polygon", "coordinates": [ [ [ -72.613501, 46.341516 ], [ -72.6136, 46.341589 ], [ -72.613524, 46.341638 ], [ -72.613425, 46.341565 ], [ -72.613501, 46.341516 ] ] ] } },
{ "type": "Feature", "properties": { }, "geometry": { "type": "Polygon", "coordinates": [ [ [ -72.615949, 46.344334 ], [ -72.615949, 46.344452 ], [ -72.615828, 46.344452 ], [ -72.615828, 46.344334 ], [ -72.615949, 46.344334 ] ] ] } },
{ "type": "Feature", "properties": { }, "geometry": { "type": "Polygon", "coordinates": [ [ [ -72.612046, 46.344474 ], [ -72.611923, 46.344474 ], [ -72.611923, 46.344321 ], [ -72.612046, 46.344321 ], [ -72.612046, 46.344474 ] ] ] } },
{ "type": "Feature", "properties": { }, "geometry": { "type": "Polygon", "coordinates": [ [ [ -72.60403, 46.341146 ], [ -72.603959, 46.341211 ], [ -72.603792, 46.341124 ], [ -72.603863, 46.341059 ], [ -72.60403, 46.341146 ] ] ] } },
{ "type": "Feature", "properties": { }, "geometry": { "type": "Polygon", "coordinates": [ [ [ -72.606022, 46.343239 ], [ -72.606107, 46.343389 ], [ -72.605997, 46.343419 ], [ -72.605911, 46.343269 ], [ -72.606022, 46.343239 ] ] ] } },
{ "type": "Feature", "properties": { }, "geometry": { "type": "Polygon", "coordinates": [ [ [ -72.603115, 46.344216 ], [ -72.603124, 46.344287 ], [ -72.603026, 46.344293 ], [ -72.603016, 46.344222 ], [ -72.603115, 46.344216 ] ] ] } },
{ "type": "Feature", "properties": { }, "geometry": { "type": "Polygon", "coordinates": [ [ [ -72.599292, 46.333666 ], [ -72.599389, 46.333729 ], [ -72.599235, 46.333842 ], [ -72.599138, 46.333779 ], [ -72.599292, 46.333666 ] ] ] } },
{ "type": "Feature", "properties": { }, "geometry": { "type": "Polygon", "coordinates": [ [ [ -72.594493, 46.341629 ], [ -72.594377, 46.341709 ], [ -72.594306, 46.34166 ], [ -72.594422, 46.34158 ], [ -72.594493, 46.341629 ] ] ] } },
{ "type": "Feature", "properties": { }, "geometry": { "type": "Polygon", "coordinates": [ [ [ -72.596263, 46.332298 ], [ -72.596463, 46.332439 ], [ -72.596372, 46.3325 ], [ -72.596172, 46.33236 ], [ -72.596263, 46.332298 ] ] ] } },
{ "type": "Feature", "properties": { }, "geometry": { "type": "Polygon", "coordinates": [ [ [ -72.61257, 46.33952 ], [ -72.612486, 46.339579 ], [ -72.612373, 46.339503 ], [ -72.612457, 46.339444 ], [ -72.61257, 46.33952 ] ] ] } },
{ "type": "Feature", "properties": { }, "geometry": { "type": "Polygon", "coordinates": [ [ [ -72.61221, 46.338973 ], [ -72.612095, 46.338893 ], [ -72.612182, 46.338833 ], [ -72.612297, 46.338913 ], [ -72.61221, 46.338973 ] ] ] } },
{ "type": "Feature", "properties": { }, "geometry": { "type": "Polygon", "coordinates": [ [ [ -72.602273, 46.337826 ], [ -72.602446, 46.337908 ], [ -72.602383, 46.337973 ], [ -72.602209, 46.33789 ], [ -72.602273, 46.337826 ] ] ] } },
{ "type": "Feature", "properties": { }, "geometry": { "type": "Polygon", "coordinates": [ [ [ -72.593007, 46.341289 ], [ -72.592926, 46.341344 ], [ -72.592807, 46.341262 ], [ -72.592887, 46.341206 ], [ -72.593007, 46.341289 ] ] ] } },
{ "type": "Feature", "properties": { }, "geometry": { "type": "Polygon", "coordinates": [ [ [ -72.614534, 46.350777 ], [ -72.61446, 46.350874 ], [ -72.614285, 46.35081 ], [ -72.614359, 46.350713 ], [ -72.614534, 46.350777 ] ] ] } },
{ "type": "Feature", "properties": { }, "geometry": { "type": "Polygon", "coordinates": [ [ [ -72.60817, 46.347616 ], [ -72.608249, 46.347667 ], [ -72.608116, 46.347766 ], [ -72.608037, 46.347715 ], [ -72.60817, 46.347616 ] ] ] } },
{ "type": "Feature", "properties": { }, "geometry": { "type": "Polygon", "coordinates": [ [ [ -72.597996, 46.339487 ], [ -72.59792, 46.339435 ], [ -72.598079, 46.339326 ], [ -72.598154, 46.339378 ], [ -72.597996, 46.339487 ] ] ] } },
{ "type": "Feature", "properties": { }, "geometry": { "type": "Polygon", "coordinates": [ [ [ -72.607086, 46.339943 ], [ -72.607197, 46.339864 ], [ -72.607277, 46.339918 ], [ -72.607166, 46.339997 ], [ -72.607086, 46.339943 ] ] ] } },
{ "type": "Feature", "properties": { }, "geometry": { "type": "Polygon", "coordinates": [ [ [ -72.60798, 46.344954 ], [ -72.608087, 46.344954 ], [ -72.608087, 46.345106 ], [ -72.60798, 46.345106 ], [ -72.60798, 46.344954 ] ] ] } },
{ "type": "Feature", "properties": { }, "geometry": { "type": "Polygon", "coordinates": [ [ [ -72.603471, 46.345483 ], [ -72.603336, 46.345583 ], [ -72.603267, 46.345539 ], [ -72.603309, 46.345508 ], [ -72.603229, 46.345457 ], [ -72.603322, 46.345388 ], [ -72.603471, 46.345483 ] ] ] } },
{ "type": "Feature", "properties": { }, "geometry": { "type": "Polygon", "coordinates": [ [ [ -72.602838, 46.346663 ], [ -72.602838, 46.346572 ], [ -72.603034, 46.346572 ], [ -72.603034, 46.346663 ], [ -72.602838, 46.346663 ] ] ] } },
{ "type": "Feature", "properties": { }, "geometry": { "type": "Polygon", "coordinates": [ [ [ -72.602151, 46.338784 ], [ -72.602004, 46.33868 ], [ -72.602086, 46.338625 ], [ -72.602233, 46.338729 ], [ -72.602151, 46.338784 ] ] ] } },
{ "type": "Feature", "properties": { }, "geometry": { "type": "Polygon", "coordinates": [ [ [ -72.59734, 46.340156 ], [ -72.597479, 46.340253 ], [ -72.597399, 46.340308 ], [ -72.597259, 46.340212 ], [ -72.59734, 46.340156 ] ] ] } },
{ "type": "Feature", "properties": { }, "geometry": { "type": "Polygon", "coordinates": [ [ [ -72.594709, 46.343615 ], [ -72.594623, 46.343683 ], [ -72.59454, 46.343634 ], [ -72.594627, 46.343565 ], [ -72.594709, 46.343615 ] ] ] } },
{ "type": "Feature", "properties": { }, "geometry": { "type": "Polygon", "coordinates": [ [ [ -72.593797, 46.336907 ], [ -72.59371, 46.33697 ], [ -72.593547, 46.336862 ], [ -72.593634, 46.336799 ], [ -72.593797, 46.336907 ] ] ] } },
{ "type": "Feature", "properties": { }, "geometry": { "type": "Polygon", "coordinates": [ [ [ -72.618296, 46.347526 ], [ -72.618404, 46.347601 ], [ -72.618299, 46.347674 ], [ -72.61819, 46.347599 ], [ -72.618296, 46.347526 ] ] ] } },
{ "type": "Feature", "properties": { }, "geometry": { "type": "Polygon", "coordinates": [ [ [ -72.612734, 46.340068 ], [ -72.61262, 46.340147 ], [ -72.612528, 46.340083 ], [ -72.612642, 46.340004 ], [ -72.612734, 46.340068 ] ] ] } },
{ "type": "Feature", "properties": { }, "geometry": { "type": "Polygon", "coordinates": [ [ [ -72.60301, 46.341897 ], [ -72.60301, 46.341812 ], [ -72.603241, 46.341812 ], [ -72.603241, 46.341897 ], [ -72.60301, 46.341897 ] ] ] } },
{ "type": "Feature", "properties": { }, "geometry": { "type": "Polygon", "coordinates": [ [ [ -72.620341, 46.347318 ], [ -72.620227, 46.347299 ], [ -72.620277, 46.347153 ], [ -72.620442, 46.34718 ], [ -72.620407, 46.347281 ], [ -72.620357, 46.347273 ], [ -72.620341, 46.347318 ] ] ] } },
{ "type": "Feature", "properties": { }, "geometry": { "type": "Polygon", "coordinates": [ [ [ -72.615686, 46.349266 ], [ -72.615647, 46.349351 ], [ -72.615495, 46.349317 ], [ -72.615534, 46.349232 ], [ -72.615686, 46.349266 ] ] ] } },
{ "type": "Feature", "properties": { }, "geometry": { "type": "Polygon", "coordinates": [ [ [ -72.608436, 46.349165 ], [ -72.608303, 46.34907 ], [ -72.608389, 46.349013 ], [ -72.608522, 46.349108 ], [ -72.608436, 46.349165 ] ] ] } },
{ "type": "Feature", "properties": { }, "geometry": { "type": "Polygon", "coordinates": [ [ [ -72.605856, 46.349314 ], [ -72.605774, 46.349371 ], [ -72.605653, 46.349287 ], [ -72.605735, 46.349231 ], [ -72.605856, 46.349314 ] ] ] } },
{ "type": "Feature", "properties": { }, "geometry": { "type": "Polygon", "coordinates": [ [ [ -72.61826, 46.345294 ], [ -72.618456, 46.345296 ], [ -72.618453, 46.345415 ], [ -72.618344, 46.345414 ], [ -72.618343, 46.34544 ], [ -72.618257, 46.345439 ], [ -72.61826, 46.345294 ] ] ] } },
{ "type": "Feature", "properties": { }, "geometry": { "type": "Polygon", "coordinates": [ [ [ -72.604915, 46.345754 ], [ -72.605143, 46.345751 ], [ -72.605145, 46.345834 ], [ -72.604918, 46.345837 ], [ -72.604915, 46.345754 ] ] ] } },
{ "type": "Feature", "properties": { }, "geometry": { "type": "Polygon", "coordinates": [ [ [ -72.59282, 46.342254 ], [ -72.592745, 46.342306 ], [ -72.592631, 46.342227 ], [ -72.592706, 46.342176 ], [ -72.59282, 46.342254 ] ] ] } },
{ "type": "Feature", "properties": { }, "geometry": { "type": "Polygon", "coordinates": [ [ [ -72.588947, 46.337845 ], [ -72.589056, 46.33792 ], [ -72.588951, 46.337992 ], [ -72.588843, 46.337917 ], [ -72.588947, 46.337845 ] ] ] } },
{ "type": "Feature", "properties": { }, "geometry": { "type": "Polygon", "coordinates": [ [ [ -72.612226, 46.350629 ], [ -72.612185, 46.350657 ], [ -72.612119, 46.35061 ], [ -72.612255, 46.350519 ], [ -72.612349, 46.350586 ], [ -72.612255, 46.350649 ], [ -72.612226, 46.350629 ] ] ] } },
{ "type": "Feature", "properties": { }, "geometry": { "type": "Polygon", "coordinates": [ [ [ -72.600983, 46.342965 ], [ -72.600904, 46.342897 ], [ -72.601036, 46.342823 ], [ -72.60115, 46.342921 ], [ -72.601063, 46.34297 ], [ -72.601028, 46.34294 ], [ -72.600983, 46.342965 ] ] ] } },
{ "type": "Feature", "properties": { }, "geometry": { "type": "Polygon", "coordinates": [ [ [ -72.606908, 46.344442 ], [ -72.606894, 46.34429 ], [ -72.607014, 46.344285 ], [ -72.607028, 46.344436 ], [ -72.606908, 46.344442 ] ] ] } },
{ "type": "Feature", "properties": { }, "geometry": { "type": "Polygon", "coordinates": [ [ [ -72.601761, 46.345302 ], [ -72.601674, 46.345359 ], [ -72.601565, 46.345281 ], [ -72.601652, 46.345223 ], [ -72.601761, 46.345302 ] ] ] } },
{ "type": "Feature", "properties": { }, "geometry": { "type": "Polygon", "coordinates": [ [ [ -72.606347, 46.337595 ], [ -72.60643, 46.337652 ], [ -72.60627, 46.337763 ], [ -72.606187, 46.337705 ], [ -72.606347, 46.337595 ] ] ] } },
{ "type": "Feature", "properties": { }, "geometry": { "type": "Polygon", "coordinates": [ [ [ -72.610874, 46.340515 ], [ -72.61078, 46.34058 ], [ -72.610659, 46.340496 ], [ -72.610753, 46.340432 ], [ -72.610874, 46.340515 ] ] ] } },
{ "type": "Feature", "properties": { }, "geometry": { "type": "Polygon", "coordinates": [ [ [ -72.616915, 46.34505 ], [ -72.616915, 46.345085 ], [ -72.616826, 46.345085 ], [ -72.616826, 46.34505 ], [ -72.616915, 46.34505 ] ] ] } },
{ "type": "Feature", "properties": { }, "geometry": { "type": "Polygon", "coordinates": [ [ [ -72.605006, 46.335038 ], [ -72.605221, 46.335082 ], [ -72.605187, 46.335161 ], [ -72.604972, 46.335117 ], [ -72.605006, 46.335038 ] ] ] } },
{ "type": "Feature", "properties": { }, "geometry": { "type": "Polygon", "coordinates": [ [ [ -72.599911, 46.336049 ], [ -72.600056, 46.336051 ], [ -72.600055, 46.336085 ], [ -72.600101, 46.336086 ], [ -72.600099, 46.336134 ], [ -72.600008, 46.336132 ], [ -72.600007, 46.336162 ], [ -72.599908, 46.33616 ], [ -72.599911, 46.336049 ] ] ] } },
{ "type": "Feature", "properties": { }, "geometry": { "type": "Polygon", "coordinates": [ [ [ -72.606084, 46.33831 ], [ -72.606041, 46.33834 ], [ -72.605928, 46.338262 ], [ -72.606031, 46.338191 ], [ -72.606121, 46.338253 ], [ -72.606061, 46.338294 ], [ -72.606084, 46.33831 ] ] ] } },
{ "type": "Feature", "properties": { }, "geometry": { "type": "Polygon", "coordinates": [ [ [ -72.596873, 46.339694 ], [ -72.596922, 46.339767 ], [ -72.596709, 46.339834 ], [ -72.596661, 46.339761 ], [ -72.596873, 46.339694 ] ] ] } },
{ "type": "Feature", "properties": { }, "geometry": { "type": "Polygon", "coordinates": [ [ [ -72.61335, 46.347035 ], [ -72.61335, 46.347157 ], [ -72.613229, 46.347157 ], [ -72.613229, 46.347035 ], [ -72.61335, 46.347035 ] ] ] } },
{ "type": "Feature", "properties": { }, "geometry": { "type": "Polygon", "coordinates": [ [ [ -72.618871, 46.347714 ], [ -72.618795, 46.347664 ], [ -72.618924, 46.347569 ], [ -72.619001, 46.347619 ], [ -72.618871, 46.347714 ] ] ] } },
{ "type": "Feature", "properties": { }, "geometry": { "type": "Polygon", "coordinates": [ [ [ -72.612456, 46.352001 ], [ -72.612401, 46.352075 ], [ -72.612265, 46.352027 ], [ -72.612319, 46.351953 ], [ -72.612456, 46.352001 ] ] ] } },
{ "type": "Feature", "properties": { }, "geometry": { "type": "Polygon", "coordinates": [ [ [ -72.59985, 46.340108 ], [ -72.59985, 46.339973 ], [ -72.599982, 46.339973 ], [ -72.599982, 46.340108 ], [ -72.59985, 46.340108 ] ] ] } },
{ "type": "Feature", "properties": { }, "geometry": { "type": "Polygon", "coordinates": [ [ [ -72.597749, 46.345058 ], [ -72.59778, 46.34508 ], [ -72.597728, 46.345115 ], [ -72.597697, 46.345092 ], [ -72.597749, 46.345058 ] ] ] } },
{ "type": "Feature", "properties": { }, "geometry": { "type": "Polygon", "coordinates": [ [ [ -72.599691, 46.346602 ], [ -72.599587, 46.346631 ], [ -72.599543, 46.346557 ], [ -72.599646, 46.346527 ], [ -72.599691, 46.346602 ] ] ] } },
{ "type": "Feature", "properties": { }, "geometry": { "type": "Polygon", "coordinates": [ [ [ -72.596479, 46.339094 ], [ -72.596511, 46.339072 ], [ -72.596631, 46.339157 ], [ -72.596543, 46.339217 ], [ -72.596384, 46.339105 ], [ -72.59644, 46.339067 ], [ -72.596479, 46.339094 ] ] ] } },
{ "type": "Feature", "properties": { }, "geometry": { "type": "Polygon", "coordinates": [ [ [ -72.608934, 46.346749 ], [ -72.608867, 46.346795 ], [ -72.608903, 46.34682 ], [ -72.608841, 46.346863 ], [ -72.608715, 46.346776 ], [ -72.608844, 46.346687 ], [ -72.608934, 46.346749 ] ] ] } },
{ "type": "Feature", "properties": { }, "geometry": { "type": "Polygon", "coordinates": [ [ [ -72.601017, 46.333387 ], [ -72.600866, 46.333352 ], [ -72.6009, 46.333281 ], [ -72.601051, 46.333316 ], [ -72.601017, 46.333387 ] ] ] } },
{ "type": "Feature", "properties": { }, "geometry": { "type": "Polygon", "coordinates": [ [ [ -72.602397, 46.334262 ], [ -72.602281, 46.334338 ], [ -72.602206, 46.334284 ], [ -72.602322, 46.334208 ], [ -72.602397, 46.334262 ] ] ] } },
{ "type": "Feature", "properties": { }, "geometry": { "type": "Polygon", "coordinates": [ [ [ -72.615424, 46.348241 ], [ -72.615535, 46.348286 ], [ -72.615446, 46.34839 ], [ -72.615335, 46.348344 ], [ -72.615424, 46.348241 ] ] ] } },
{ "type": "Feature", "properties": { }, "geometry": { "type": "Polygon", "coordinates": [ [ [ -72.611919, 46.35293 ], [ -72.6119, 46.352815 ], [ -72.612128, 46.352798 ], [ -72.612146, 46.352913 ], [ -72.611919, 46.35293 ] ] ] } },
{ "type": "Feature", "properties": { }, "geometry": { "type": "Polygon", "coordinates": [ [ [ -72.603577, 46.347205 ], [ -72.603424, 46.347235 ], [ -72.603375, 46.347117 ], [ -72.603528, 46.347087 ], [ -72.603577, 46.347205 ] ] ] } },
{ "type": "Feature", "properties": { }, "geometry": { "type": "Polygon", "coordinates": [ [ [ -72.609649, 46.342521 ], [ -72.609486, 46.342411 ], [ -72.60957, 46.342353 ], [ -72.609732, 46.342463 ], [ -72.609649, 46.342521 ] ] ] } },
{ "type": "Feature", "properties": { }, "geometry": { "type": "Polygon", "coordinates": [ [ [ -72.600294, 46.339701 ], [ -72.60027, 46.339554 ], [ -72.600394, 46.339545 ], [ -72.600418, 46.339692 ], [ -72.600294, 46.339701 ] ] ] } },
{ "type": "Feature", "properties": { }, "geometry": { "type": "Polygon", "coordinates": [ [ [ -72.602841, 46.341212 ], [ -72.602633, 46.34121 ], [ -72.602635, 46.341122 ], [ -72.602842, 46.341124 ], [ -72.602841, 46.341212 ] ] ] } },
{ "type": "Feature", "properties": { }, "geometry": { "type": "Polygon", "coordinates": [ [ [ -72.59919, 46.34256 ], [ -72.599095, 46.342625 ], [ -72.598926, 46.342509 ], [ -72.599021, 46.342443 ], [ -72.59919, 46.34256 ] ] ] } },
{ "type": "Feature", "properties": { }, "geometry": { "type": "Polygon", "coordinates": [ [ [ -72.605686, 46.336914 ], [ -72.605659, 46.336987 ], [ -72.605521, 46.336963 ], [ -72.605548, 46.33689 ], [ -72.605686, 46.336914 ] ] ] } },
{ "type": "Feature", "properties": { }, "geometry": { "type": "Polygon", "coordinates": [ [ [ -72.597593, 46.341465 ], [ -72.597476, 46.341514 ], [ -72.597367, 46.34139 ], [ -72.597483, 46.341341 ], [ -72.597593, 46.341465 ] ] ] } },
{ "type": "Feature", "properties": { }, "geometry": { "type": "Polygon", "coordinates": [ [ [ -72.61239, 46.349957 ], [ -72.612474, 46.35002 ], [ -72.612346, 46.350102 ], [ -72.612261, 46.350039 ], [ -72.61239, 46.349957 ] ] ] } },
{ "type": "Feature", "properties": { }, "geometry": { "type": "Polygon", "coordinates": [ [ [ -72.608877, 46.351409 ], [ -72.608786, 46.351454 ], [ -72.608688, 46.351361 ], [ -72.608779, 46.351315 ], [ -72.608877, 46.351409 ] ] ] } },
{ "type": "Feature", "properties": { }, "geometry": { "type": "Polygon", "coordinates": [ [ [ -72.606888, 46.341634 ], [ -72.606805, 46.341692 ], [ -72.606689, 46.341612 ], [ -72.606773, 46.341554 ], [ -72.606888, 46.341634 ] ] ] } },
{ "type": "Feature", "properties": { }, "geometry": { "type": "Polygon", "coordinates": [ [ [ -72.60027, 46.341853 ], [ -72.600271, 46.341943 ], [ -72.600067, 46.341944 ], [ -72.600067, 46.341854 ], [ -72.60027, 46.341853 ] ] ] } },
{ "type": "Feature", "properties": { }, "geometry": { "type": "Polygon", "coordinates": [ [ [ -72.607059, 46.339641 ], [ -72.606976, 46.339583 ], [ -72.607112, 46.339489 ], [ -72.607196, 46.339546 ], [ -72.607059, 46.339641 ] ] ] } },
{ "type": "Feature", "properties": { }, "geometry": { "type": "Polygon", "coordinates": [ [ [ -72.600758, 46.3415 ], [ -72.60076, 46.341593 ], [ -72.600534, 46.341595 ], [ -72.600532, 46.341524 ], [ -72.60059, 46.341523 ], [ -72.600589, 46.341502 ], [ -72.600758, 46.3415 ] ] ] } },
{ "type": "Feature", "properties": { }, "geometry": { "type": "Polygon", "coordinates": [ [ [ -72.606769, 46.346977 ], [ -72.606697, 46.346848 ], [ -72.606806, 46.346819 ], [ -72.606879, 46.346947 ], [ -72.606769, 46.346977 ] ] ] } },
{ "type": "Feature", "properties": { }, "geometry": { "type": "Polygon", "coordinates": [ [ [ -72.609191, 46.338568 ], [ -72.609305, 46.338661 ], [ -72.609221, 46.33871 ], [ -72.609107, 46.338618 ], [ -72.609191, 46.338568 ] ] ] } },
{ "type": "Feature", "properties": { }, "geometry": { "type": "Polygon", "coordinates": [ [ [ -72.597402, 46.333361 ], [ -72.597476, 46.333412 ], [ -72.597326, 46.333517 ], [ -72.597251, 46.333466 ], [ -72.597402, 46.333361 ] ] ] } },
{ "type": "Feature", "properties": { }, "geometry": { "type": "Polygon", "coordinates": [ [ [ -72.590774, 46.335825 ], [ -72.590854, 46.33588 ], [ -72.59075, 46.335953 ], [ -72.590669, 46.335897 ], [ -72.590774, 46.335825 ] ] ] } },
{ "type": "Feature", "properties": { }, "geometry": { "type": "Polygon", "coordinates": [ [ [ -72.616764, 46.344611 ], [ -72.616764, 46.344489 ], [ -72.61688, 46.344489 ], [ -72.61688, 46.344611 ], [ -72.616764, 46.344611 ] ] ] } },
{ "type": "Feature", "properties": { }, "geometry": { "type": "Polygon", "coordinates": [ [ [ -72.604332, 46.340843 ], [ -72.604452, 46.34093 ], [ -72.604375, 46.340981 ], [ -72.604255, 46.340894 ], [ -72.604332, 46.340843 ] ] ] } },
{ "type": "Feature", "properties": { }, "geometry": { "type": "Polygon", "coordinates": [ [ [ -72.600577, 46.341842 ], [ -72.600584, 46.341999 ], [ -72.600442, 46.342002 ], [ -72.600435, 46.341845 ], [ -72.600577, 46.341842 ] ] ] } },
{ "type": "Feature", "properties": { }, "geometry": { "type": "Polygon", "coordinates": [ [ [ -72.601091, 46.332943 ], [ -72.601235, 46.332973 ], [ -72.601202, 46.333046 ], [ -72.601059, 46.333016 ], [ -72.601091, 46.332943 ] ] ] } },
{ "type": "Feature", "properties": { }, "geometry": { "type": "Polygon", "coordinates": [ [ [ -72.605058, 46.33625 ], [ -72.604891, 46.336175 ], [ -72.604953, 46.33611 ], [ -72.60512, 46.336185 ], [ -72.605058, 46.33625 ] ] ] } },
{ "type": "Feature", "properties": { }, "geometry": { "type": "Polygon", "coordinates": [ [ [ -72.612829, 46.352125 ], [ -72.612774, 46.352194 ], [ -72.612683, 46.352159 ], [ -72.612738, 46.35209 ], [ -72.612829, 46.352125 ] ] ] } },
{ "type": "Feature", "properties": { }, "geometry": { "type": "Polygon", "coordinates": [ [ [ -72.599025, 46.34678 ], [ -72.599511, 46.347149 ], [ -72.599414, 46.34721 ], [ -72.598928, 46.346841 ], [ -72.599025, 46.34678 ] ] ] } },
{ "type": "Feature", "properties": { }, "geometry": { "type": "Polygon", "coordinates": [ [ [ -72.598144, 46.347057 ], [ -72.598371, 46.347208 ], [ -72.598277, 46.347275 ], [ -72.59805, 46.347124 ], [ -72.598144, 46.347057 ] ] ] } },
{ "type": "Feature", "properties": { }, "geometry": { "type": "Polygon", "coordinates": [ [ [ -72.609037, 46.346086 ], [ -72.608919, 46.346088 ], [ -72.608915, 46.345938 ], [ -72.609033, 46.345936 ], [ -72.609037, 46.346086 ] ] ] } },
{ "type": "Feature", "properties": { }, "geometry": { "type": "Polygon", "coordinates": [ [ [ -72.617497, 46.346013 ], [ -72.617492, 46.3461 ], [ -72.617354, 46.346096 ], [ -72.617358, 46.346009 ], [ -72.617497, 46.346013 ] ] ] } },
{ "type": "Feature", "properties": { }, "geometry": { "type": "Polygon", "coordinates": [ [ [ -72.606007, 46.33987 ], [ -72.60586, 46.339972 ], [ -72.605769, 46.339909 ], [ -72.605916, 46.339807 ], [ -72.606007, 46.33987 ] ] ] } },
{ "type": "Feature", "properties": { }, "geometry": { "type": "Polygon", "coordinates": [ [ [ -72.60257, 46.340365 ], [ -72.602449, 46.340365 ], [ -72.602449, 46.340243 ], [ -72.60257, 46.340243 ], [ -72.60257, 46.340365 ] ] ] } },
{ "type": "Feature", "properties": { }, "geometry": { "type": "Polygon", "coordinates": [ [ [ -72.599395, 46.345883 ], [ -72.599315, 46.345942 ], [ -72.599172, 46.345849 ], [ -72.599252, 46.345791 ], [ -72.599395, 46.345883 ] ] ] } },
{ "type": "Feature", "properties": { }, "geometry": { "type": "Polygon", "coordinates": [ [ [ -72.60122, 46.338537 ], [ -72.601136, 46.338594 ], [ -72.600984, 46.338489 ], [ -72.601067, 46.338431 ], [ -72.60122, 46.338537 ] ] ] } },
{ "type": "Feature", "properties": { }, "geometry": { "type": "Polygon", "coordinates": [ [ [ -72.59047, 46.340065 ], [ -72.590451, 46.340092 ], [ -72.590581, 46.340135 ], [ -72.590533, 46.340203 ], [ -72.590345, 46.34014 ], [ -72.590412, 46.340045 ], [ -72.59047, 46.340065 ] ] ] } },
{ "type": "Feature", "properties": { }, "geometry": { "type": "Polygon", "coordinates": [ [ [ -72.597424, 46.341328 ], [ -72.597344, 46.341387 ], [ -72.597201, 46.341293 ], [ -72.597282, 46.341235 ], [ -72.597424, 46.341328 ] ] ] } },
{ "type": "Feature", "properties": { }, "geometry": { "type": "Polygon", "coordinates": [ [ [ -72.591379, 46.341654 ], [ -72.591288, 46.341712 ], [ -72.59118, 46.341631 ], [ -72.59127, 46.341574 ], [ -72.591379, 46.341654 ] ] ] } },
{ "type": "Feature", "properties": { }, "geometry": { "type": "Polygon", "coordinates": [ [ [ -72.596027, 46.342413 ], [ -72.596103, 46.342465 ], [ -72.595952, 46.34257 ], [ -72.595875, 46.342517 ], [ -72.596027, 46.342413 ] ] ] } },
{ "type": "Feature", "properties": { }, "geometry": { "type": "Polygon", "coordinates": [ [ [ -72.593495, 46.342844 ], [ -72.593401, 46.342762 ], [ -72.593475, 46.342721 ], [ -72.59357, 46.342803 ], [ -72.593495, 46.342844 ] ] ] } },
{ "type": "Feature", "properties": { }, "geometry": { "type": "Polygon", "coordinates": [ [ [ -72.612957, 46.342648 ], [ -72.612863, 46.342689 ], [ -72.612791, 46.342611 ], [ -72.612886, 46.34257 ], [ -72.612957, 46.342648 ] ] ] } },
{ "type": "Feature", "properties": { }, "geometry": { "type": "Polygon", "coordinates": [ [ [ -72.6124, 46.343835 ], [ -72.612529, 46.343836 ], [ -72.612525, 46.343992 ], [ -72.612397, 46.34399 ], [ -72.6124, 46.343835 ] ] ] } },
{ "type": "Feature", "properties": { }, "geometry": { "type": "Polygon", "coordinates": [ [ [ -72.606586, 46.341434 ], [ -72.606727, 46.341529 ], [ -72.606647, 46.341585 ], [ -72.606507, 46.341489 ], [ -72.606586, 46.341434 ] ] ] } },
{ "type": "Feature", "properties": { }, "geometry": { "type": "Polygon", "coordinates": [ [ [ -72.598959, 46.335168 ], [ -72.598868, 46.335109 ], [ -72.598938, 46.335058 ], [ -72.598896, 46.335031 ], [ -72.598941, 46.334998 ], [ -72.598983, 46.335025 ], [ -72.599023, 46.334996 ], [ -72.599112, 46.335053 ], [ -72.598959, 46.335168 ] ] ] } },
{ "type": "Feature", "properties": { }, "geometry": { "type": "Polygon", "coordinates": [ [ [ -72.591787, 46.34149 ], [ -72.591893, 46.341572 ], [ -72.591807, 46.341625 ], [ -72.5917, 46.341543 ], [ -72.591787, 46.34149 ] ] ] } },
{ "type": "Feature", "properties": { }, "geometry": { "type": "Polygon", "coordinates": [ [ [ -72.591709, 46.342354 ], [ -72.591905, 46.342498 ], [ -72.591736, 46.342608 ], [ -72.591539, 46.342464 ], [ -72.591709, 46.342354 ] ] ] } },
{ "type": "Feature", "properties": { }, "geometry": { "type": "Polygon", "coordinates": [ [ [ -72.592888, 46.343363 ], [ -72.592981, 46.34329 ], [ -72.593092, 46.343359 ], [ -72.592999, 46.343431 ], [ -72.592888, 46.343363 ] ] ] } },
{ "type": "Feature", "properties": { }, "geometry": { "type": "Polygon", "coordinates": [ [ [ -72.594293, 46.343317 ], [ -72.594407, 46.343396 ], [ -72.594334, 46.343446 ], [ -72.59422, 46.343367 ], [ -72.594293, 46.343317 ] ] ] } },
{ "type": "Feature", "properties": { }, "geometry": { "type": "Polygon", "coordinates": [ [ [ -72.613963, 46.352974 ], [ -72.614147, 46.353001 ], [ -72.614123, 46.353081 ], [ -72.613939, 46.353054 ], [ -72.613963, 46.352974 ] ] ] } },
{ "type": "Feature", "properties": { }, "geometry": { "type": "Polygon", "coordinates": [ [ [ -72.61524, 46.341511 ], [ -72.615158, 46.341421 ], [ -72.615269, 46.341373 ], [ -72.615351, 46.341463 ], [ -72.61524, 46.341511 ] ] ] } },
{ "type": "Feature", "properties": { }, "geometry": { "type": "Polygon", "coordinates": [ [ [ -72.612945, 46.344752 ], [ -72.612941, 46.344883 ], [ -72.612801, 46.344881 ], [ -72.612805, 46.34475 ], [ -72.612945, 46.344752 ] ] ] } },
{ "type": "Feature", "properties": { }, "geometry": { "type": "Polygon", "coordinates": [ [ [ -72.608087, 46.344758 ], [ -72.608087, 46.344913 ], [ -72.60798, 46.344913 ], [ -72.60798, 46.344758 ], [ -72.608087, 46.344758 ] ] ] } },
{ "type": "Feature", "properties": { }, "geometry": { "type": "Polygon", "coordinates": [ [ [ -72.598691, 46.345811 ], [ -72.598579, 46.345895 ], [ -72.598495, 46.345841 ], [ -72.598607, 46.345758 ], [ -72.598691, 46.345811 ] ] ] } },
{ "type": "Feature", "properties": { }, "geometry": { "type": "Polygon", "coordinates": [ [ [ -72.606553, 46.345884 ], [ -72.606553, 46.346043 ], [ -72.606422, 46.346043 ], [ -72.606422, 46.345884 ], [ -72.606553, 46.345884 ] ] ] } },
{ "type": "Feature", "properties": { }, "geometry": { "type": "Polygon", "coordinates": [ [ [ -72.59732, 46.342698 ], [ -72.597466, 46.34281 ], [ -72.597389, 46.342858 ], [ -72.597243, 46.342746 ], [ -72.59732, 46.342698 ] ] ] } },
{ "type": "Feature", "properties": { }, "geometry": { "type": "Polygon", "coordinates": [ [ [ -72.596886, 46.344246 ], [ -72.596925, 46.344219 ], [ -72.597004, 46.344274 ], [ -72.596885, 46.344357 ], [ -72.59681, 46.344305 ], [ -72.596858, 46.344272 ], [ -72.596822, 46.344247 ], [ -72.596854, 46.344224 ], [ -72.596886, 46.344246 ] ] ] } },
{ "type": "Feature", "properties": { }, "geometry": { "type": "Polygon", "coordinates": [ [ [ -72.616361, 46.350631 ], [ -72.616322, 46.350714 ], [ -72.616183, 46.350683 ], [ -72.616222, 46.3506 ], [ -72.616361, 46.350631 ] ] ] } },
{ "type": "Feature", "properties": { }, "geometry": { "type": "Polygon", "coordinates": [ [ [ -72.60603, 46.347724 ], [ -72.605947, 46.347781 ], [ -72.605824, 46.347696 ], [ -72.605907, 46.347639 ], [ -72.60603, 46.347724 ] ] ] } },
{ "type": "Feature", "properties": { }, "geometry": { "type": "Polygon", "coordinates": [ [ [ -72.619282, 46.343516 ], [ -72.619182, 46.343585 ], [ -72.619028, 46.343478 ], [ -72.619127, 46.34341 ], [ -72.619282, 46.343516 ] ] ] } },
{ "type": "Feature", "properties": { }, "geometry": { "type": "Polygon", "coordinates": [ [ [ -72.606371, 46.335769 ], [ -72.606273, 46.335761 ], [ -72.606278, 46.33573 ], [ -72.606191, 46.335724 ], [ -72.606204, 46.335641 ], [ -72.606389, 46.335655 ], [ -72.606371, 46.335769 ] ] ] } },
{ "type": "Feature", "properties": { }, "geometry": { "type": "Polygon", "coordinates": [ [ [ -72.595692, 46.332833 ], [ -72.595608, 46.332776 ], [ -72.595753, 46.332676 ], [ -72.595836, 46.332733 ], [ -72.595692, 46.332833 ] ] ] } },
{ "type": "Feature", "properties": { }, "geometry": { "type": "Polygon", "coordinates": [ [ [ -72.59443, 46.337386 ], [ -72.59432, 46.337386 ], [ -72.59432, 46.337221 ], [ -72.59443, 46.337221 ], [ -72.59443, 46.337386 ] ] ] } },
{ "type": "Feature", "properties": { }, "geometry": { "type": "Polygon", "coordinates": [ [ [ -72.61437, 46.347383 ], [ -72.614475, 46.347407 ], [ -72.614409, 46.347544 ], [ -72.614304, 46.34752 ], [ -72.61437, 46.347383 ] ] ] } },
{ "type": "Feature", "properties": { }, "geometry": { "type": "Polygon", "coordinates": [ [ [ -72.616234, 46.350104 ], [ -72.61626, 46.35012 ], [ -72.616229, 46.350144 ], [ -72.616203, 46.350128 ], [ -72.616234, 46.350104 ] ] ] } },
{ "type": "Feature", "properties": { }, "geometry": { "type": "Polygon", "coordinates": [ [ [ -72.611591, 46.35334 ], [ -72.611459, 46.353298 ], [ -72.611555, 46.353154 ], [ -72.611688, 46.353196 ], [ -72.611591, 46.35334 ] ] ] } },
{ "type": "Feature", "properties": { }, "geometry": { "type": "Polygon", "coordinates": [ [ [ -72.609322, 46.341295 ], [ -72.609493, 46.341406 ], [ -72.609412, 46.341466 ], [ -72.60924, 46.341355 ], [ -72.609322, 46.341295 ] ] ] } },
{ "type": "Feature", "properties": { }, "geometry": { "type": "Polygon", "coordinates": [ [ [ -72.604592, 46.341145 ], [ -72.604421, 46.341027 ], [ -72.604508, 46.340966 ], [ -72.60468, 46.341085 ], [ -72.604592, 46.341145 ] ] ] } },
{ "type": "Feature", "properties": { }, "geometry": { "type": "Polygon", "coordinates": [ [ [ -72.597786, 46.346098 ], [ -72.59761, 46.345988 ], [ -72.59773, 46.345896 ], [ -72.597907, 46.346007 ], [ -72.597786, 46.346098 ] ] ] } },
{ "type": "Feature", "properties": { }, "geometry": { "type": "Polygon", "coordinates": [ [ [ -72.610274, 46.337821 ], [ -72.610142, 46.337695 ], [ -72.61028, 46.337626 ], [ -72.610412, 46.337753 ], [ -72.610274, 46.337821 ] ] ] } },
{ "type": "Feature", "properties": { }, "geometry": { "type": "Polygon", "coordinates": [ [ [ -72.602451, 46.334866 ], [ -72.602241, 46.33501 ], [ -72.602151, 46.334947 ], [ -72.602361, 46.334804 ], [ -72.602451, 46.334866 ] ] ] } },
{ "type": "Feature", "properties": { }, "geometry": { "type": "Polygon", "coordinates": [ [ [ -72.594042, 46.33454 ], [ -72.593903, 46.334447 ], [ -72.593992, 46.334384 ], [ -72.594118, 46.334468 ], [ -72.594091, 46.334486 ], [ -72.594105, 46.334495 ], [ -72.594042, 46.33454 ] ] ] } },
{ "type": "Feature", "properties": { }, "geometry": { "type": "Polygon", "coordinates": [ [ [ -72.596958, 46.33501 ], [ -72.596894, 46.335045 ], [ -72.596861, 46.335016 ], [ -72.596925, 46.334981 ], [ -72.596958, 46.33501 ] ] ] } },
{ "type": "Feature", "properties": { }, "geometry": { "type": "Polygon", "coordinates": [ [ [ -72.597221, 46.337769 ], [ -72.597165, 46.337846 ], [ -72.596959, 46.337775 ], [ -72.597014, 46.337698 ], [ -72.597221, 46.337769 ] ] ] } },
{ "type": "Feature", "properties": { }, "geometry": { "type": "Polygon", "coordinates": [ [ [ -72.606444, 46.350791 ], [ -72.606319, 46.350876 ], [ -72.606169, 46.350771 ], [ -72.606294, 46.350686 ], [ -72.606444, 46.350791 ] ] ] } },
{ "type": "Feature", "properties": { }, "geometry": { "type": "Polygon", "coordinates": [ [ [ -72.614501, 46.344559 ], [ -72.614501, 46.344685 ], [ -72.614372, 46.344685 ], [ -72.614372, 46.344559 ], [ -72.614501, 46.344559 ] ] ] } },
{ "type": "Feature", "properties": { }, "geometry": { "type": "Polygon", "coordinates": [ [ [ -72.618653, 46.345319 ], [ -72.618789, 46.345319 ], [ -72.618789, 46.345437 ], [ -72.618602, 46.345437 ], [ -72.618602, 46.345345 ], [ -72.618653, 46.345345 ], [ -72.618653, 46.345319 ] ] ] } },
{ "type": "Feature", "properties": { }, "geometry": { "type": "Polygon", "coordinates": [ [ [ -72.606923, 46.345894 ], [ -72.607036, 46.345894 ], [ -72.607036, 46.346048 ], [ -72.606923, 46.346048 ], [ -72.606923, 46.345894 ] ] ] } },
{ "type": "Feature", "properties": { }, "geometry": { "type": "Polygon", "coordinates": [ [ [ -72.612559, 46.339199 ], [ -72.612437, 46.339115 ], [ -72.612524, 46.339054 ], [ -72.612646, 46.339139 ], [ -72.612559, 46.339199 ] ] ] } },
{ "type": "Feature", "properties": { }, "geometry": { "type": "Polygon", "coordinates": [ [ [ -72.599769, 46.338433 ], [ -72.59969, 46.33849 ], [ -72.599511, 46.33837 ], [ -72.599591, 46.338313 ], [ -72.599769, 46.338433 ] ] ] } },
{ "type": "Feature", "properties": { }, "geometry": { "type": "Polygon", "coordinates": [ [ [ -72.593012, 46.342939 ], [ -72.592841, 46.342815 ], [ -72.592929, 46.342757 ], [ -72.5931, 46.34288 ], [ -72.593012, 46.342939 ] ] ] } },
{ "type": "Feature", "properties": { }, "geometry": { "type": "Polygon", "coordinates": [ [ [ -72.610607, 46.348654 ], [ -72.610757, 46.348758 ], [ -72.610673, 46.348816 ], [ -72.610523, 46.348712 ], [ -72.610607, 46.348654 ] ] ] } },
{ "type": "Feature", "properties": { }, "geometry": { "type": "Polygon", "coordinates": [ [ [ -72.60609, 46.34739 ], [ -72.606003, 46.34728 ], [ -72.606102, 46.347243 ], [ -72.60619, 46.347353 ], [ -72.60609, 46.34739 ] ] ] } },
{ "type": "Feature", "properties": { }, "geometry": { "type": "Polygon", "coordinates": [ [ [ -72.601446, 46.343628 ], [ -72.601342, 46.3437 ], [ -72.601245, 46.343634 ], [ -72.60135, 46.343561 ], [ -72.601446, 46.343628 ] ] ] } },
{ "type": "Feature", "properties": { }, "geometry": { "type": "Polygon", "coordinates": [ [ [ -72.601872, 46.343911 ], [ -72.601794, 46.343969 ], [ -72.601635, 46.343866 ], [ -72.601713, 46.343808 ], [ -72.601872, 46.343911 ] ] ] } },
{ "type": "Feature", "properties": { }, "geometry": { "type": "Polygon", "coordinates": [ [ [ -72.604782, 46.349657 ], [ -72.604666, 46.349737 ], [ -72.604523, 46.349638 ], [ -72.604639, 46.349558 ], [ -72.604782, 46.349657 ] ] ] } },
{ "type": "Feature", "properties": { }, "geometry": { "type": "Polygon", "coordinates": [ [ [ -72.61322, 46.339492 ], [ -72.613338, 46.339574 ], [ -72.613257, 46.339629 ], [ -72.613139, 46.339548 ], [ -72.61322, 46.339492 ] ] ] } },
{ "type": "Feature", "properties": { }, "geometry": { "type": "Polygon", "coordinates": [ [ [ -72.613613, 46.340278 ], [ -72.613707, 46.340343 ], [ -72.613597, 46.340419 ], [ -72.613503, 46.340354 ], [ -72.613613, 46.340278 ] ] ] } },
{ "type": "Feature", "properties": { }, "geometry": { "type": "Polygon", "coordinates": [ [ [ -72.616803, 46.346002 ], [ -72.616888, 46.346 ], [ -72.616887, 46.345973 ], [ -72.616965, 46.345971 ], [ -72.616968, 46.346032 ], [ -72.617016, 46.34603 ], [ -72.617021, 46.34611 ], [ -72.616977, 46.346111 ], [ -72.616976, 46.346098 ], [ -72.616809, 46.346103 ], [ -72.616803, 46.346002 ] ] ] } },
{ "type": "Feature", "properties": { }, "geometry": { "type": "Polygon", "coordinates": [ [ [ -72.600572, 46.344042 ], [ -72.60049, 46.344101 ], [ -72.600377, 46.344026 ], [ -72.600459, 46.343967 ], [ -72.600572, 46.344042 ] ] ] } },
{ "type": "Feature", "properties": { }, "geometry": { "type": "Polygon", "coordinates": [ [ [ -72.592767, 46.343337 ], [ -72.592567, 46.343199 ], [ -72.592725, 46.343091 ], [ -72.592925, 46.343228 ], [ -72.592767, 46.343337 ] ] ] } },
{ "type": "Feature", "properties": { }, "geometry": { "type": "Polygon", "coordinates": [ [ [ -72.612523, 46.348263 ], [ -72.612631, 46.348303 ], [ -72.612556, 46.348398 ], [ -72.612448, 46.348357 ], [ -72.612523, 46.348263 ] ] ] } },
{ "type": "Feature", "properties": { }, "geometry": { "type": "Polygon", "coordinates": [ [ [ -72.610728, 46.348406 ], [ -72.610606, 46.34849 ], [ -72.610519, 46.34843 ], [ -72.610641, 46.348346 ], [ -72.610728, 46.348406 ] ] ] } },
{ "type": "Feature", "properties": { }, "geometry": { "type": "Polygon", "coordinates": [ [ [ -72.61321, 46.353109 ], [ -72.613405, 46.353184 ], [ -72.61331, 46.353302 ], [ -72.613115, 46.353227 ], [ -72.61321, 46.353109 ] ] ] } },
{ "type": "Feature", "properties": { }, "geometry": { "type": "Polygon", "coordinates": [ [ [ -72.613887, 46.342023 ], [ -72.613848, 46.341926 ], [ -72.613969, 46.341903 ], [ -72.614008, 46.342 ], [ -72.613887, 46.342023 ] ] ] } },
{ "type": "Feature", "properties": { }, "geometry": { "type": "Polygon", "coordinates": [ [ [ -72.599262, 46.33696 ], [ -72.599125, 46.336999 ], [ -72.599088, 46.336937 ], [ -72.599225, 46.336898 ], [ -72.599262, 46.33696 ] ] ] } },
{ "type": "Feature", "properties": { }, "geometry": { "type": "Polygon", "coordinates": [ [ [ -72.615666, 46.351294 ], [ -72.615617, 46.3512 ], [ -72.615764, 46.351164 ], [ -72.61582, 46.351271 ], [ -72.615761, 46.351285 ], [ -72.615754, 46.351272 ], [ -72.615666, 46.351294 ] ] ] } },
{ "type": "Feature", "properties": { }, "geometry": { "type": "Polygon", "coordinates": [ [ [ -72.607098, 46.349451 ], [ -72.606974, 46.349541 ], [ -72.60688, 46.349479 ], [ -72.607003, 46.34939 ], [ -72.607098, 46.349451 ] ] ] } },
{ "type": "Feature", "properties": { }, "geometry": { "type": "Polygon", "coordinates": [ [ [ -72.600077, 46.332079 ], [ -72.60024, 46.332082 ], [ -72.600237, 46.332151 ], [ -72.600074, 46.332147 ], [ -72.600077, 46.332079 ] ] ] } },
{ "type": "Feature", "properties": { }, "geometry": { "type": "Polygon", "coordinates": [ [ [ -72.598389, 46.332796 ], [ -72.5983, 46.332737 ], [ -72.598456, 46.332626 ], [ -72.598544, 46.332685 ], [ -72.598389, 46.332796 ] ] ] } },
{ "type": "Feature", "properties": { }, "geometry": { "type": "Polygon", "coordinates": [ [ [ -72.599134, 46.335516 ], [ -72.599062, 46.335626 ], [ -72.59895, 46.335591 ], [ -72.599021, 46.335481 ], [ -72.599134, 46.335516 ] ] ] } },
{ "type": "Feature", "properties": { }, "geometry": { "type": "Polygon", "coordinates": [ [ [ -72.602707, 46.339008 ], [ -72.602868, 46.339119 ], [ -72.602789, 46.339174 ], [ -72.602628, 46.339063 ], [ -72.602707, 46.339008 ] ] ] } },
{ "type": "Feature", "properties": { }, "geometry": { "type": "Polygon", "coordinates": [ [ [ -72.589926, 46.337827 ], [ -72.589843, 46.337769 ], [ -72.58999, 46.337667 ], [ -72.590074, 46.337725 ], [ -72.589926, 46.337827 ] ] ] } },
{ "type": "Feature", "properties": { }, "geometry": { "type": "Polygon", "coordinates": [ [ [ -72.616127, 46.349051 ], [ -72.616069, 46.349124 ], [ -72.615931, 46.349072 ], [ -72.615988, 46.348999 ], [ -72.616127, 46.349051 ] ] ] } },
{ "type": "Feature", "properties": { }, "geometry": { "type": "Polygon", "coordinates": [ [ [ -72.60068, 46.347286 ], [ -72.600574, 46.347359 ], [ -72.600438, 46.347265 ], [ -72.600544, 46.347191 ], [ -72.60068, 46.347286 ] ] ] } },
{ "type": "Feature", "properties": { }, "geometry": { "type": "Polygon", "coordinates": [ [ [ -72.606471, 46.350051 ], [ -72.606593, 46.350136 ], [ -72.606507, 46.350195 ], [ -72.606385, 46.35011 ], [ -72.606471, 46.350051 ] ] ] } },
{ "type": "Feature", "properties": { }, "geometry": { "type": "Polygon", "coordinates": [ [ [ -72.606191, 46.351527 ], [ -72.606038, 46.351421 ], [ -72.606166, 46.351333 ], [ -72.606318, 46.351439 ], [ -72.606191, 46.351527 ] ] ] } },
{ "type": "Feature", "properties": { }, "geometry": { "type": "Polygon", "coordinates": [ [ [ -72.614375, 46.340819 ], [ -72.614293, 46.340719 ], [ -72.614403, 46.340676 ], [ -72.614461, 46.340748 ], [ -72.614438, 46.340757 ], [ -72.614461, 46.340786 ], [ -72.614375, 46.340819 ] ] ] } },
{ "type": "Feature", "properties": { }, "geometry": { "type": "Polygon", "coordinates": [ [ [ -72.615072, 46.341354 ], [ -72.614985, 46.341261 ], [ -72.615089, 46.341215 ], [ -72.615176, 46.341308 ], [ -72.615072, 46.341354 ] ] ] } },
{ "type": "Feature", "properties": { }, "geometry": { "type": "Polygon", "coordinates": [ [ [ -72.612042, 46.343434 ], [ -72.611973, 46.343362 ], [ -72.612097, 46.343305 ], [ -72.612166, 46.343376 ], [ -72.612042, 46.343434 ] ] ] } },
{ "type": "Feature", "properties": { }, "geometry": { "type": "Polygon", "coordinates": [ [ [ -72.598632, 46.340258 ], [ -72.598671, 46.340335 ], [ -72.598461, 46.340386 ], [ -72.598422, 46.340308 ], [ -72.598632, 46.340258 ] ] ] } },
{ "type": "Feature", "properties": { }, "geometry": { "type": "Polygon", "coordinates": [ [ [ -72.601096, 46.343386 ], [ -72.601229, 46.343478 ], [ -72.601138, 46.343541 ], [ -72.601005, 46.343449 ], [ -72.601096, 46.343386 ] ] ] } },
{ "type": "Feature", "properties": { }, "geometry": { "type": "Polygon", "coordinates": [ [ [ -72.605571, 46.339074 ], [ -72.605433, 46.339138 ], [ -72.60536, 46.339064 ], [ -72.605497, 46.338999 ], [ -72.605571, 46.339074 ] ] ] } },
{ "type": "Feature", "properties": { }, "geometry": { "type": "Polygon", "coordinates": [ [ [ -72.595545, 46.337297 ], [ -72.595545, 46.337408 ], [ -72.595425, 46.337408 ], [ -72.595425, 46.337297 ], [ -72.595545, 46.337297 ] ] ] } },
{ "type": "Feature", "properties": { }, "geometry": { "type": "Polygon", "coordinates": [ [ [ -72.610713, 46.349568 ], [ -72.61079, 46.349621 ], [ -72.610674, 46.3497 ], [ -72.610598, 46.349647 ], [ -72.610713, 46.349568 ] ] ] } },
{ "type": "Feature", "properties": { }, "geometry": { "type": "Polygon", "coordinates": [ [ [ -72.608974, 46.34199 ], [ -72.608887, 46.342051 ], [ -72.608722, 46.341937 ], [ -72.608809, 46.341876 ], [ -72.608974, 46.34199 ] ] ] } },
{ "type": "Feature", "properties": { }, "geometry": { "type": "Polygon", "coordinates": [ [ [ -72.598966, 46.343727 ], [ -72.599061, 46.343773 ], [ -72.598929, 46.343901 ], [ -72.598835, 46.343855 ], [ -72.598966, 46.343727 ] ] ] } },
{ "type": "Feature", "properties": { }, "geometry": { "type": "Polygon", "coordinates": [ [ [ -72.599846, 46.333117 ], [ -72.599948, 46.333207 ], [ -72.599845, 46.333263 ], [ -72.599743, 46.333173 ], [ -72.599846, 46.333117 ] ] ] } },
{ "type": "Feature", "properties": { }, "geometry": { "type": "Polygon", "coordinates": [ [ [ -72.593861, 46.336974 ], [ -72.59396, 46.337131 ], [ -72.593854, 46.337163 ], [ -72.593755, 46.337005 ], [ -72.593861, 46.336974 ] ] ] } },
{ "type": "Feature", "properties": { }, "geometry": { "type": "Polygon", "coordinates": [ [ [ -72.614943, 46.347011 ], [ -72.61482, 46.347011 ], [ -72.61482, 46.34692 ], [ -72.614943, 46.34692 ], [ -72.614943, 46.347011 ] ] ] } },
{ "type": "Feature", "properties": { }, "geometry": { "type": "Polygon", "coordinates": [ [ [ -72.607305, 46.342881 ], [ -72.607385, 46.342931 ], [ -72.607265, 46.343022 ], [ -72.607185, 46.342973 ], [ -72.607305, 46.342881 ] ] ] } },
{ "type": "Feature", "properties": { }, "geometry": { "type": "Polygon", "coordinates": [ [ [ -72.600757, 46.345369 ], [ -72.60067, 46.345308 ], [ -72.600827, 46.3452 ], [ -72.600914, 46.34526 ], [ -72.600757, 46.345369 ] ] ] } },
{ "type": "Feature", "properties": { }, "geometry": { "type": "Polygon", "coordinates": [ [ [ -72.604756, 46.345822 ], [ -72.604756, 46.345878 ], [ -72.604678, 46.345878 ], [ -72.604678, 46.345748 ], [ -72.604842, 46.345748 ], [ -72.604842, 46.345822 ], [ -72.604756, 46.345822 ] ] ] } },
{ "type": "Feature", "properties": { }, "geometry": { "type": "Polygon", "coordinates": [ [ [ -72.596168, 46.340973 ], [ -72.596033, 46.341103 ], [ -72.595952, 46.341062 ], [ -72.596087, 46.340933 ], [ -72.596168, 46.340973 ] ] ] } },
{ "type": "Feature", "properties": { }, "geometry": { "type": "Polygon", "coordinates": [ [ [ -72.611415, 46.352015 ], [ -72.611538, 46.352046 ], [ -72.611487, 46.352143 ], [ -72.611365, 46.352112 ], [ -72.611415, 46.352015 ] ] ] } },
{ "type": "Feature", "properties": { }, "geometry": { "type": "Polygon", "coordinates": [ [ [ -72.611891, 46.353686 ], [ -72.612049, 46.353721 ], [ -72.611965, 46.3539 ], [ -72.611807, 46.353865 ], [ -72.611891, 46.353686 ] ] ] } },
{ "type": "Feature", "properties": { }, "geometry": { "type": "Polygon", "coordinates": [ [ [ -72.607473, 46.351532 ], [ -72.607346, 46.351624 ], [ -72.607022, 46.351409 ], [ -72.607149, 46.351318 ], [ -72.607473, 46.351532 ] ] ] } },
{ "type": "Feature", "properties": { }, "geometry": { "type": "Polygon", "coordinates": [ [ [ -72.608153, 46.34013 ], [ -72.608287, 46.340092 ], [ -72.608347, 46.340193 ], [ -72.60816, 46.340245 ], [ -72.608126, 46.340189 ], [ -72.608179, 46.340174 ], [ -72.608153, 46.34013 ] ] ] } },
{ "type": "Feature", "properties": { }, "geometry": { "type": "Polygon", "coordinates": [ [ [ -72.605425, 46.345198 ], [ -72.605377, 46.345124 ], [ -72.605491, 46.345088 ], [ -72.605539, 46.345162 ], [ -72.605425, 46.345198 ] ] ] } },
{ "type": "Feature", "properties": { }, "geometry": { "type": "Polygon", "coordinates": [ [ [ -72.594931, 46.340049 ], [ -72.595042, 46.340132 ], [ -72.594962, 46.340183 ], [ -72.594851, 46.340101 ], [ -72.594931, 46.340049 ] ] ] } },
{ "type": "Feature", "properties": { }, "geometry": { "type": "Polygon", "coordinates": [ [ [ -72.594864, 46.333702 ], [ -72.594994, 46.333796 ], [ -72.594901, 46.333857 ], [ -72.594771, 46.333762 ], [ -72.594864, 46.333702 ] ] ] } },
{ "type": "Feature", "properties": { }, "geometry": { "type": "Polygon", "coordinates": [ [ [ -72.610361, 46.349492 ], [ -72.610269, 46.34953 ], [ -72.610158, 46.349402 ], [ -72.61025, 46.349364 ], [ -72.610361, 46.349492 ] ] ] } },
{ "type": "Feature", "properties": { }, "geometry": { "type": "Polygon", "coordinates": [ [ [ -72.603259, 46.346894 ], [ -72.603415, 46.346894 ], [ -72.603415, 46.346974 ], [ -72.603259, 46.346974 ], [ -72.603259, 46.346894 ] ] ] } },
{ "type": "Feature", "properties": { }, "geometry": { "type": "Polygon", "coordinates": [ [ [ -72.600136, 46.347043 ], [ -72.600244, 46.346972 ], [ -72.600331, 46.347036 ], [ -72.600223, 46.347106 ], [ -72.600136, 46.347043 ] ] ] } },
{ "type": "Feature", "properties": { }, "geometry": { "type": "Polygon", "coordinates": [ [ [ -72.616434, 46.345746 ], [ -72.616434, 46.345869 ], [ -72.616298, 46.345869 ], [ -72.616298, 46.345746 ], [ -72.616434, 46.345746 ] ] ] } },
{ "type": "Feature", "properties": { }, "geometry": { "type": "Polygon", "coordinates": [ [ [ -72.602508, 46.345482 ], [ -72.602385, 46.345396 ], [ -72.602469, 46.345338 ], [ -72.602593, 46.345423 ], [ -72.602508, 46.345482 ] ] ] } },
{ "type": "Feature", "properties": { }, "geometry": { "type": "Polygon", "coordinates": [ [ [ -72.600705, 46.339133 ], [ -72.600777, 46.339206 ], [ -72.600669, 46.339257 ], [ -72.600538, 46.339124 ], [ -72.600635, 46.339078 ], [ -72.600659, 46.339102 ], [ -72.600693, 46.339086 ], [ -72.600728, 46.339122 ], [ -72.600705, 46.339133 ] ] ] } },
{ "type": "Feature", "properties": { }, "geometry": { "type": "Polygon", "coordinates": [ [ [ -72.604794, 46.344251 ], [ -72.604922, 46.34423 ], [ -72.604993, 46.344436 ], [ -72.604865, 46.344457 ], [ -72.604794, 46.344251 ] ] ] } },
{ "type": "Feature", "properties": { }, "geometry": { "type": "Polygon", "coordinates": [ [ [ -72.596032, 46.333491 ], [ -72.596145, 46.333566 ], [ -72.596064, 46.333623 ], [ -72.595951, 46.333548 ], [ -72.596032, 46.333491 ] ] ] } },
{ "type": "Feature", "properties": { }, "geometry": { "type": "Polygon", "coordinates": [ [ [ -72.61568, 46.348618 ], [ -72.615751, 46.348528 ], [ -72.615874, 46.348575 ], [ -72.615803, 46.348664 ], [ -72.61568, 46.348618 ] ] ] } },
{ "type": "Feature", "properties": { }, "geometry": { "type": "Polygon", "coordinates": [ [ [ -72.605119, 46.350763 ], [ -72.604965, 46.350656 ], [ -72.605092, 46.350568 ], [ -72.605247, 46.350675 ], [ -72.605119, 46.350763 ] ] ] } },
{ "type": "Feature", "properties": { }, "geometry": { "type": "Polygon", "coordinates": [ [ [ -72.612017, 46.34578 ], [ -72.612017, 46.345693 ], [ -72.612242, 46.345693 ], [ -72.612242, 46.34578 ], [ -72.612017, 46.34578 ] ] ] } },
{ "type": "Feature", "properties": { }, "geometry": { "type": "Polygon", "coordinates": [ [ [ -72.605183, 46.346176 ], [ -72.605183, 46.34628 ], [ -72.605065, 46.34628 ], [ -72.605065, 46.346176 ], [ -72.605183, 46.346176 ] ] ] } },
{ "type": "Feature", "properties": { }, "geometry": { "type": "Polygon", "coordinates": [ [ [ -72.603468, 46.334095 ], [ -72.603582, 46.334171 ], [ -72.6035, 46.33423 ], [ -72.603385, 46.334154 ], [ -72.603468, 46.334095 ] ] ] } },
{ "type": "Feature", "properties": { }, "geometry": { "type": "Polygon", "coordinates": [ [ [ -72.593767, 46.339522 ], [ -72.593636, 46.339614 ], [ -72.59341, 46.33946 ], [ -72.59354, 46.339368 ], [ -72.593767, 46.339522 ] ] ] } },
{ "type": "Feature", "properties": { }, "geometry": { "type": "Polygon", "coordinates": [ [ [ -72.594989, 46.339754 ], [ -72.594841, 46.339642 ], [ -72.594923, 46.33959 ], [ -72.595072, 46.339703 ], [ -72.594989, 46.339754 ] ] ] } },
{ "type": "Feature", "properties": { }, "geometry": { "type": "Polygon", "coordinates": [ [ [ -72.597186, 46.341739 ], [ -72.597047, 46.341643 ], [ -72.597124, 46.34159 ], [ -72.597262, 46.341686 ], [ -72.597186, 46.341739 ] ] ] } },
{ "type": "Feature", "properties": { }, "geometry": { "type": "Polygon", "coordinates": [ [ [ -72.594726, 46.342505 ], [ -72.594646, 46.34256 ], [ -72.594534, 46.342482 ], [ -72.594613, 46.342427 ], [ -72.594726, 46.342505 ] ] ] } },
{ "type": "Feature", "properties": { }, "geometry": { "type": "Polygon", "coordinates": [ [ [ -72.589664, 46.338667 ], [ -72.589498, 46.338776 ], [ -72.58942, 46.33872 ], [ -72.589587, 46.338611 ], [ -72.589664, 46.338667 ] ] ] } },
{ "type": "Feature", "properties": { }, "geometry": { "type": "Polygon", "coordinates": [ [ [ -72.611998, 46.33973 ], [ -72.612092, 46.339666 ], [ -72.612231, 46.339762 ], [ -72.612137, 46.339827 ], [ -72.611998, 46.33973 ] ] ] } },
{ "type": "Feature", "properties": { }, "geometry": { "type": "Polygon", "coordinates": [ [ [ -72.605518, 46.334936 ], [ -72.605449, 46.334983 ], [ -72.60525, 46.334845 ], [ -72.605318, 46.334798 ], [ -72.605518, 46.334936 ] ] ] } },
{ "type": "Feature", "properties": { }, "geometry": { "type": "Polygon", "coordinates": [ [ [ -72.604703, 46.338386 ], [ -72.604619, 46.338449 ], [ -72.604494, 46.33837 ], [ -72.604578, 46.338307 ], [ -72.604703, 46.338386 ] ] ] } },
{ "type": "Feature", "properties": { }, "geometry": { "type": "Polygon", "coordinates": [ [ [ -72.590952, 46.338542 ], [ -72.591059, 46.338617 ], [ -72.590892, 46.338732 ], [ -72.590784, 46.338658 ], [ -72.590952, 46.338542 ] ] ] } },
{ "type": "Feature", "properties": { }, "geometry": { "type": "Polygon", "coordinates": [ [ [ -72.609918, 46.347417 ], [ -72.610009, 46.347478 ], [ -72.60986, 46.347583 ], [ -72.609769, 46.347522 ], [ -72.609918, 46.347417 ] ] ] } },
{ "type": "Feature", "properties": { }, "geometry": { "type": "Polygon", "coordinates": [ [ [ -72.619017, 46.348648 ], [ -72.618926, 46.348585 ], [ -72.619031, 46.348512 ], [ -72.619122, 46.348575 ], [ -72.619017, 46.348648 ] ] ] } },
{ "type": "Feature", "properties": { }, "geometry": { "type": "Polygon", "coordinates": [ [ [ -72.612088, 46.349182 ], [ -72.611957, 46.349298 ], [ -72.61186, 46.349246 ], [ -72.611991, 46.34913 ], [ -72.612088, 46.349182 ] ] ] } },
{ "type": "Feature", "properties": { }, "geometry": { "type": "Polygon", "coordinates": [ [ [ -72.604064, 46.347321 ], [ -72.604111, 46.3473 ], [ -72.604203, 46.347397 ], [ -72.60409, 46.347448 ], [ -72.604016, 46.347369 ], [ -72.604082, 46.34734 ], [ -72.604064, 46.347321 ] ] ] } },
{ "type": "Feature", "properties": { }, "geometry": { "type": "Polygon", "coordinates": [ [ [ -72.599322, 46.340387 ], [ -72.599443, 46.340387 ], [ -72.599443, 46.340545 ], [ -72.599322, 46.340545 ], [ -72.599322, 46.340387 ] ] ] } },
{ "type": "Feature", "properties": { }, "geometry": { "type": "Polygon", "coordinates": [ [ [ -72.602541, 46.341146 ], [ -72.60254, 46.341232 ], [ -72.602296, 46.341231 ], [ -72.602297, 46.341144 ], [ -72.602541, 46.341146 ] ] ] } },
{ "type": "Feature", "properties": { }, "geometry": { "type": "Polygon", "coordinates": [ [ [ -72.599314, 46.344856 ], [ -72.599394, 46.344911 ], [ -72.599286, 46.344986 ], [ -72.599205, 46.344931 ], [ -72.599314, 46.344856 ] ] ] } },
{ "type": "Feature", "properties": { }, "geometry": { "type": "Polygon", "coordinates": [ [ [ -72.602504, 46.344892 ], [ -72.602606, 46.344961 ], [ -72.602525, 46.345017 ], [ -72.602424, 46.344948 ], [ -72.602504, 46.344892 ] ] ] } },
{ "type": "Feature", "properties": { }, "geometry": { "type": "Polygon", "coordinates": [ [ [ -72.618392, 46.348083 ], [ -72.618315, 46.348029 ], [ -72.618458, 46.34793 ], [ -72.618536, 46.347984 ], [ -72.618392, 46.348083 ] ] ] } },
{ "type": "Feature", "properties": { }, "geometry": { "type": "Polygon", "coordinates": [ [ [ -72.616076, 46.350262 ], [ -72.615942, 46.350219 ], [ -72.615993, 46.350141 ], [ -72.616128, 46.350183 ], [ -72.616076, 46.350262 ] ] ] } },
{ "type": "Feature", "properties": { }, "geometry": { "type": "Polygon", "coordinates": [ [ [ -72.615376, 46.341713 ], [ -72.615496, 46.341684 ], [ -72.61554, 46.341772 ], [ -72.61542, 46.3418 ], [ -72.615376, 46.341713 ] ] ] } },
{ "type": "Feature", "properties": { }, "geometry": { "type": "Polygon", "coordinates": [ [ [ -72.617874, 46.344271 ], [ -72.617775, 46.344202 ], [ -72.617879, 46.344131 ], [ -72.618036, 46.344239 ], [ -72.617941, 46.344304 ], [ -72.617884, 46.344264 ], [ -72.617874, 46.344271 ] ] ] } },
{ "type": "Feature", "properties": { }, "geometry": { "type": "Polygon", "coordinates": [ [ [ -72.612523, 46.34454 ], [ -72.6124, 46.344538 ], [ -72.612406, 46.344383 ], [ -72.612542, 46.344385 ], [ -72.61254, 46.344456 ], [ -72.612573, 46.344456 ], [ -72.612572, 46.344495 ], [ -72.612525, 46.344494 ], [ -72.612523, 46.34454 ] ] ] } },
{ "type": "Feature", "properties": { }, "geometry": { "type": "Polygon", "coordinates": [ [ [ -72.598524, 46.342675 ], [ -72.59849, 46.342653 ], [ -72.598452, 46.34268 ], [ -72.598369, 46.342626 ], [ -72.598478, 46.342547 ], [ -72.598595, 46.342624 ], [ -72.598524, 46.342675 ] ] ] } },
{ "type": "Feature", "properties": { }, "geometry": { "type": "Polygon", "coordinates": [ [ [ -72.603244, 46.345936 ], [ -72.603146, 46.345974 ], [ -72.603071, 46.345882 ], [ -72.60317, 46.345844 ], [ -72.603244, 46.345936 ] ] ] } },
{ "type": "Feature", "properties": { }, "geometry": { "type": "Polygon", "coordinates": [ [ [ -72.605968, 46.335582 ], [ -72.606114, 46.33562 ], [ -72.606071, 46.335701 ], [ -72.605924, 46.335663 ], [ -72.605968, 46.335582 ] ] ] } },
{ "type": "Feature", "properties": { }, "geometry": { "type": "Polygon", "coordinates": [ [ [ -72.606216, 46.337786 ], [ -72.606049, 46.337849 ], [ -72.605996, 46.337781 ], [ -72.606163, 46.337718 ], [ -72.606216, 46.337786 ] ] ] } },
{ "type": "Feature", "properties": { }, "geometry": { "type": "Polygon", "coordinates": [ [ [ -72.603985, 46.338943 ], [ -72.603829, 46.33884 ], [ -72.603913, 46.338779 ], [ -72.604069, 46.338882 ], [ -72.603985, 46.338943 ] ] ] } },
{ "type": "Feature", "properties": { }, "geometry": { "type": "Polygon", "coordinates": [ [ [ -72.592257, 46.341268 ], [ -72.592187, 46.341317 ], [ -72.592084, 46.341246 ], [ -72.592153, 46.341198 ], [ -72.592257, 46.341268 ] ] ] } },
{ "type": "Feature", "properties": { }, "geometry": { "type": "Polygon", "coordinates": [ [ [ -72.61205, 46.347073 ], [ -72.612267, 46.347079 ], [ -72.612263, 46.34715 ], [ -72.612046, 46.347145 ], [ -72.61205, 46.347073 ] ] ] } },
{ "type": "Feature", "properties": { }, "geometry": { "type": "Polygon", "coordinates": [ [ [ -72.612584, 46.349457 ], [ -72.612523, 46.349393 ], [ -72.612701, 46.349313 ], [ -72.612762, 46.349377 ], [ -72.612584, 46.349457 ] ] ] } },
{ "type": "Feature", "properties": { }, "geometry": { "type": "Polygon", "coordinates": [ [ [ -72.614987, 46.352085 ], [ -72.614949, 46.352041 ], [ -72.614982, 46.352027 ], [ -72.614945, 46.351985 ], [ -72.615076, 46.35193 ], [ -72.615151, 46.352016 ], [ -72.614987, 46.352085 ] ] ] } },
{ "type": "Feature", "properties": { }, "geometry": { "type": "Polygon", "coordinates": [ [ [ -72.604899, 46.350408 ], [ -72.604997, 46.350535 ], [ -72.604843, 46.350591 ], [ -72.604745, 46.350465 ], [ -72.604899, 46.350408 ] ] ] } },
{ "type": "Feature", "properties": { }, "geometry": { "type": "Polygon", "coordinates": [ [ [ -72.616288, 46.346016 ], [ -72.616443, 46.346018 ], [ -72.616441, 46.346106 ], [ -72.616286, 46.346105 ], [ -72.616288, 46.346016 ] ] ] } },
{ "type": "Feature", "properties": { }, "geometry": { "type": "Polygon", "coordinates": [ [ [ -72.605971, 46.346309 ], [ -72.605971, 46.346185 ], [ -72.606076, 46.346185 ], [ -72.606076, 46.346309 ], [ -72.605971, 46.346309 ] ] ] } },
{ "type": "Feature", "properties": { }, "geometry": { "type": "Polygon", "coordinates": [ [ [ -72.613003, 46.348498 ], [ -72.612897, 46.348605 ], [ -72.612791, 46.348555 ], [ -72.612898, 46.348448 ], [ -72.613003, 46.348498 ] ] ] } },
{ "type": "Feature", "properties": { }, "geometry": { "type": "Polygon", "coordinates": [ [ [ -72.616557, 46.349194 ], [ -72.616504, 46.349269 ], [ -72.616359, 46.349219 ], [ -72.616412, 46.349145 ], [ -72.616557, 46.349194 ] ] ] } },
{ "type": "Feature", "properties": { }, "geometry": { "type": "Polygon", "coordinates": [ [ [ -72.603893, 46.349029 ], [ -72.603784, 46.349116 ], [ -72.603611, 46.349012 ], [ -72.603719, 46.348926 ], [ -72.603893, 46.349029 ] ] ] } },
{ "type": "Feature", "properties": { }, "geometry": { "type": "Polygon", "coordinates": [ [ [ -72.616266, 46.343261 ], [ -72.616258, 46.34335 ], [ -72.616044, 46.343342 ], [ -72.616052, 46.343252 ], [ -72.616266, 46.343261 ] ] ] } },
{ "type": "Feature", "properties": { }, "geometry": { "type": "Polygon", "coordinates": [ [ [ -72.605384, 46.340251 ], [ -72.605398, 46.340275 ], [ -72.605352, 46.340288 ], [ -72.605338, 46.340265 ], [ -72.605384, 46.340251 ] ] ] } },
{ "type": "Feature", "properties": { }, "geometry": { "type": "Polygon", "coordinates": [ [ [ -72.600984, 46.341709 ], [ -72.600821, 46.341597 ], [ -72.600912, 46.341534 ], [ -72.601075, 46.341646 ], [ -72.600984, 46.341709 ] ] ] } },
{ "type": "Feature", "properties": { }, "geometry": { "type": "Polygon", "coordinates": [ [ [ -72.606243, 46.343668 ], [ -72.606297, 46.343818 ], [ -72.606194, 46.343836 ], [ -72.60614, 46.343685 ], [ -72.606243, 46.343668 ] ] ] } },
{ "type": "Feature", "properties": { }, "geometry": { "type": "Polygon", "coordinates": [ [ [ -72.600039, 46.34422 ], [ -72.599874, 46.344192 ], [ -72.599904, 46.344108 ], [ -72.600068, 46.344136 ], [ -72.600039, 46.34422 ] ] ] } },
{ "type": "Feature", "properties": { }, "geometry": { "type": "Polygon", "coordinates": [ [ [ -72.607586, 46.346974 ], [ -72.607736, 46.347078 ], [ -72.607665, 46.347127 ], [ -72.607515, 46.347023 ], [ -72.607586, 46.346974 ] ] ] } },
{ "type": "Feature", "properties": { }, "geometry": { "type": "Polygon", "coordinates": [ [ [ -72.605207, 46.347602 ], [ -72.605165, 46.347494 ], [ -72.605263, 46.347476 ], [ -72.605305, 46.347584 ], [ -72.605207, 46.347602 ] ] ] } },
{ "type": "Feature", "properties": { }, "geometry": { "type": "Polygon", "coordinates": [ [ [ -72.613028, 46.340228 ], [ -72.613122, 46.340293 ], [ -72.612997, 46.340379 ], [ -72.612903, 46.340315 ], [ -72.613028, 46.340228 ] ] ] } },
{ "type": "Feature", "properties": { }, "geometry": { "type": "Polygon", "coordinates": [ [ [ -72.609871, 46.341604 ], [ -72.60994, 46.341666 ], [ -72.609852, 46.341713 ], [ -72.609821, 46.341684 ], [ -72.609782, 46.341705 ], [ -72.609695, 46.341626 ], [ -72.60979, 46.341576 ], [ -72.609839, 46.34162 ], [ -72.609871, 46.341604 ] ] ] } },
{ "type": "Feature", "properties": { }, "geometry": { "type": "Polygon", "coordinates": [ [ [ -72.611969, 46.346741 ], [ -72.611969, 46.346822 ], [ -72.611816, 46.346822 ], [ -72.611816, 46.346741 ], [ -72.611969, 46.346741 ] ] ] } },
{ "type": "Feature", "properties": { }, "geometry": { "type": "Polygon", "coordinates": [ [ [ -72.598066, 46.341066 ], [ -72.598017, 46.341134 ], [ -72.597869, 46.341083 ], [ -72.597918, 46.341015 ], [ -72.598066, 46.341066 ] ] ] } },
{ "type": "Feature", "properties": { }, "geometry": { "type": "Polygon", "coordinates": [ [ [ -72.59969, 46.341241 ], [ -72.599687, 46.341131 ], [ -72.599949, 46.341128 ], [ -72.599952, 46.341238 ], [ -72.59969, 46.341241 ] ] ] } },
{ "type": "Feature", "properties": { }, "geometry": { "type": "Polygon", "coordinates": [ [ [ -72.599468, 46.332131 ], [ -72.599361, 46.332191 ], [ -72.599264, 46.332108 ], [ -72.599331, 46.33207 ], [ -72.599313, 46.332055 ], [ -72.599353, 46.332032 ], [ -72.599468, 46.332131 ] ] ] } },
{ "type": "Feature", "properties": { }, "geometry": { "type": "Polygon", "coordinates": [ [ [ -72.60367, 46.333277 ], [ -72.603554, 46.333365 ], [ -72.603436, 46.333291 ], [ -72.603551, 46.333203 ], [ -72.60367, 46.333277 ] ] ] } },
{ "type": "Feature", "properties": { }, "geometry": { "type": "Polygon", "coordinates": [ [ [ -72.591865, 46.33766 ], [ -72.591797, 46.337707 ], [ -72.591686, 46.33763 ], [ -72.591754, 46.337583 ], [ -72.591865, 46.33766 ] ] ] } },
{ "type": "Feature", "properties": { }, "geometry": { "type": "Polygon", "coordinates": [ [ [ -72.609581, 46.348407 ], [ -72.609698, 46.348487 ], [ -72.609615, 46.348545 ], [ -72.609498, 46.348464 ], [ -72.609581, 46.348407 ] ] ] } },
{ "type": "Feature", "properties": { }, "geometry": { "type": "Polygon", "coordinates": [ [ [ -72.613884, 46.344137 ], [ -72.613884, 46.344245 ], [ -72.613744, 46.344245 ], [ -72.613744, 46.344137 ], [ -72.613884, 46.344137 ] ] ] } },
{ "type": "Feature", "properties": { }, "geometry": { "type": "Polygon", "coordinates": [ [ [ -72.598685, 46.343477 ], [ -72.598839, 46.343371 ], [ -72.598912, 46.343421 ], [ -72.598757, 46.343527 ], [ -72.598685, 46.343477 ] ] ] } },
{ "type": "Feature", "properties": { }, "geometry": { "type": "Polygon", "coordinates": [ [ [ -72.603349, 46.338456 ], [ -72.603264, 46.338522 ], [ -72.603102, 46.338422 ], [ -72.603187, 46.338357 ], [ -72.603349, 46.338456 ] ] ] } },
{ "type": "Feature", "properties": { }, "geometry": { "type": "Polygon", "coordinates": [ [ [ -72.6099, 46.34962 ], [ -72.609979, 46.349691 ], [ -72.609889, 46.349739 ], [ -72.60981, 46.349669 ], [ -72.6099, 46.34962 ] ] ] } },
{ "type": "Feature", "properties": { }, "geometry": { "type": "Polygon", "coordinates": [ [ [ -72.614705, 46.350808 ], [ -72.614695, 46.350898 ], [ -72.614543, 46.35089 ], [ -72.614552, 46.350801 ], [ -72.614705, 46.350808 ] ] ] } },
{ "type": "Feature", "properties": { }, "geometry": { "type": "Polygon", "coordinates": [ [ [ -72.609108, 46.341586 ], [ -72.609043, 46.341654 ], [ -72.608876, 46.341577 ], [ -72.608942, 46.341509 ], [ -72.609108, 46.341586 ] ] ] } },
{ "type": "Feature", "properties": { }, "geometry": { "type": "Polygon", "coordinates": [ [ [ -72.610957, 46.345778 ], [ -72.610772, 46.345778 ], [ -72.610772, 46.3457 ], [ -72.611008, 46.3457 ], [ -72.611008, 46.345746 ], [ -72.610957, 46.345746 ], [ -72.610957, 46.345778 ] ] ] } },
{ "type": "Feature", "properties": { }, "geometry": { "type": "Polygon", "coordinates": [ [ [ -72.611985, 46.345904 ], [ -72.611985, 46.346111 ], [ -72.611755, 46.346111 ], [ -72.611755, 46.346026 ], [ -72.611912, 46.346026 ], [ -72.611913, 46.345904 ], [ -72.611985, 46.345904 ] ] ] } },
{ "type": "Feature", "properties": { }, "geometry": { "type": "Polygon", "coordinates": [ [ [ -72.597787, 46.345228 ], [ -72.597705, 46.345284 ], [ -72.597595, 46.345208 ], [ -72.597676, 46.345151 ], [ -72.597787, 46.345228 ] ] ] } },
{ "type": "Feature", "properties": { }, "geometry": { "type": "Polygon", "coordinates": [ [ [ -72.605553, 46.337919 ], [ -72.60548, 46.337991 ], [ -72.605325, 46.337915 ], [ -72.605399, 46.337843 ], [ -72.605553, 46.337919 ] ] ] } },
{ "type": "Feature", "properties": { }, "geometry": { "type": "Polygon", "coordinates": [ [ [ -72.602821, 46.33812 ], [ -72.602741, 46.338181 ], [ -72.602621, 46.338106 ], [ -72.602701, 46.338045 ], [ -72.602821, 46.33812 ] ] ] } },
{ "type": "Feature", "properties": { }, "geometry": { "type": "Polygon", "coordinates": [ [ [ -72.601404, 46.347055 ], [ -72.601404, 46.347018 ], [ -72.601551, 46.347018 ], [ -72.601551, 46.347113 ], [ -72.601368, 46.347113 ], [ -72.601368, 46.347055 ], [ -72.601404, 46.347055 ] ] ] } },
{ "type": "Feature", "properties": { }, "geometry": { "type": "Polygon", "coordinates": [ [ [ -72.612994, 46.342857 ], [ -72.612898, 46.342744 ], [ -72.613018, 46.342695 ], [ -72.613114, 46.342808 ], [ -72.612994, 46.342857 ] ] ] } },
{ "type": "Feature", "properties": { }, "geometry": { "type": "Polygon", "coordinates": [ [ [ -72.615308, 46.343634 ], [ -72.615447, 46.343634 ], [ -72.615447, 46.343743 ], [ -72.615308, 46.343743 ], [ -72.615308, 46.343634 ] ] ] } },
{ "type": "Feature", "properties": { }, "geometry": { "type": "Polygon", "coordinates": [ [ [ -72.614358, 46.344065 ], [ -72.614482, 46.344065 ], [ -72.614482, 46.344174 ], [ -72.614358, 46.344174 ], [ -72.614358, 46.344065 ] ] ] } },
{ "type": "Feature", "properties": { }, "geometry": { "type": "Polygon", "coordinates": [ [ [ -72.605927, 46.344036 ], [ -72.605936, 46.344106 ], [ -72.605717, 46.344119 ], [ -72.605708, 46.344049 ], [ -72.605927, 46.344036 ] ] ] } },
{ "type": "Feature", "properties": { }, "geometry": { "type": "Polygon", "coordinates": [ [ [ -72.59964, 46.332781 ], [ -72.599643, 46.332867 ], [ -72.599407, 46.332871 ], [ -72.599404, 46.332786 ], [ -72.59964, 46.332781 ] ] ] } },
{ "type": "Feature", "properties": { }, "geometry": { "type": "Polygon", "coordinates": [ [ [ -72.592614, 46.341519 ], [ -72.59254, 46.34157 ], [ -72.592432, 46.341495 ], [ -72.592507, 46.341444 ], [ -72.592614, 46.341519 ] ] ] } },
{ "type": "Feature", "properties": { }, "geometry": { "type": "Polygon", "coordinates": [ [ [ -72.593684, 46.342306 ], [ -72.593822, 46.342401 ], [ -72.593752, 46.34245 ], [ -72.593614, 46.342354 ], [ -72.593684, 46.342306 ] ] ] } },
{ "type": "Feature", "properties": { }, "geometry": { "type": "Polygon", "coordinates": [ [ [ -72.595958, 46.338286 ], [ -72.596071, 46.338286 ], [ -72.596071, 46.33844 ], [ -72.595958, 46.33844 ], [ -72.595958, 46.338286 ] ] ] } },
{ "type": "Feature", "properties": { }, "geometry": { "type": "Polygon", "coordinates": [ [ [ -72.617399, 46.349485 ], [ -72.617336, 46.34957 ], [ -72.617206, 46.349525 ], [ -72.617269, 46.349439 ], [ -72.617399, 46.349485 ] ] ] } },
{ "type": "Feature", "properties": { }, "geometry": { "type": "Polygon", "coordinates": [ [ [ -72.6072, 46.34888 ], [ -72.607045, 46.349003 ], [ -72.606955, 46.348949 ], [ -72.607111, 46.348826 ], [ -72.6072, 46.34888 ] ] ] } },
{ "type": "Feature", "properties": { }, "geometry": { "type": "Polygon", "coordinates": [ [ [ -72.607355, 46.349818 ], [ -72.607212, 46.349719 ], [ -72.607292, 46.349663 ], [ -72.607436, 46.349762 ], [ -72.607355, 46.349818 ] ] ] } },
{ "type": "Feature", "properties": { }, "geometry": { "type": "Polygon", "coordinates": [ [ [ -72.605298, 46.33988 ], [ -72.60522, 46.339828 ], [ -72.605362, 46.339727 ], [ -72.60544, 46.339779 ], [ -72.605298, 46.33988 ] ] ] } },
{ "type": "Feature", "properties": { }, "geometry": { "type": "Polygon", "coordinates": [ [ [ -72.602664, 46.345595 ], [ -72.602752, 46.345533 ], [ -72.602928, 46.345655 ], [ -72.60284, 46.345716 ], [ -72.602664, 46.345595 ] ] ] } },
{ "type": "Feature", "properties": { }, "geometry": { "type": "Polygon", "coordinates": [ [ [ -72.610198, 46.337538 ], [ -72.610152, 46.3376 ], [ -72.610104, 46.337583 ], [ -72.610073, 46.337625 ], [ -72.609892, 46.337561 ], [ -72.609968, 46.337458 ], [ -72.610198, 46.337538 ] ] ] } },
{ "type": "Feature", "properties": { }, "geometry": { "type": "Polygon", "coordinates": [ [ [ -72.600321, 46.332818 ], [ -72.600536, 46.332845 ], [ -72.600516, 46.332925 ], [ -72.600301, 46.332899 ], [ -72.600321, 46.332818 ] ] ] } },
{ "type": "Feature", "properties": { }, "geometry": { "type": "Polygon", "coordinates": [ [ [ -72.594703, 46.341054 ], [ -72.594615, 46.340993 ], [ -72.594737, 46.340909 ], [ -72.594825, 46.34097 ], [ -72.594703, 46.341054 ] ] ] } },
{ "type": "Feature", "properties": { }, "geometry": { "type": "Polygon", "coordinates": [ [ [ -72.59638, 46.341315 ], [ -72.596295, 46.341257 ], [ -72.596472, 46.341135 ], [ -72.596557, 46.341193 ], [ -72.59638, 46.341315 ] ] ] } },
{ "type": "Feature", "properties": { }, "geometry": { "type": "Polygon", "coordinates": [ [ [ -72.593784, 46.342127 ], [ -72.593706, 46.342072 ], [ -72.593827, 46.34199 ], [ -72.593905, 46.342046 ], [ -72.593784, 46.342127 ] ] ] } },
{ "type": "Feature", "properties": { }, "geometry": { "type": "Polygon", "coordinates": [ [ [ -72.618133, 46.349303 ], [ -72.618066, 46.349264 ], [ -72.618162, 46.349185 ], [ -72.618261, 46.349242 ], [ -72.6182, 46.349292 ], [ -72.618168, 46.349274 ], [ -72.618133, 46.349303 ] ] ] } },
{ "type": "Feature", "properties": { }, "geometry": { "type": "Polygon", "coordinates": [ [ [ -72.600536, 46.345023 ], [ -72.60043, 46.345096 ], [ -72.600347, 46.345039 ], [ -72.600452, 46.344966 ], [ -72.600536, 46.345023 ] ] ] } },
{ "type": "Feature", "properties": { }, "geometry": { "type": "Polygon", "coordinates": [ [ [ -72.593742, 46.333472 ], [ -72.593637, 46.3334 ], [ -72.593719, 46.333343 ], [ -72.593823, 46.333416 ], [ -72.593742, 46.333472 ] ] ] } },
{ "type": "Feature", "properties": { }, "geometry": { "type": "Polygon", "coordinates": [ [ [ -72.601254, 46.348471 ], [ -72.601079, 46.348349 ], [ -72.601199, 46.348267 ], [ -72.601374, 46.34839 ], [ -72.601254, 46.348471 ] ] ] } },
{ "type": "Feature", "properties": { }, "geometry": { "type": "Polygon", "coordinates": [ [ [ -72.605191, 46.346768 ], [ -72.605305, 46.346754 ], [ -72.605332, 46.346868 ], [ -72.605219, 46.346881 ], [ -72.605191, 46.346768 ] ] ] } },
{ "type": "Feature", "properties": { }, "geometry": { "type": "Polygon", "coordinates": [ [ [ -72.60198, 46.332438 ], [ -72.601815, 46.332412 ], [ -72.601854, 46.332299 ], [ -72.601945, 46.332314 ], [ -72.60193, 46.332357 ], [ -72.602003, 46.332369 ], [ -72.60198, 46.332438 ] ] ] } },
{ "type": "Feature", "properties": { }, "geometry": { "type": "Polygon", "coordinates": [ [ [ -72.598701, 46.335363 ], [ -72.598656, 46.335441 ], [ -72.598437, 46.335381 ], [ -72.598482, 46.335303 ], [ -72.598701, 46.335363 ] ] ] } },
{ "type": "Feature", "properties": { }, "geometry": { "type": "Polygon", "coordinates": [ [ [ -72.598209, 46.339343 ], [ -72.598127, 46.339287 ], [ -72.59827, 46.339188 ], [ -72.598352, 46.339244 ], [ -72.598209, 46.339343 ] ] ] } },
{ "type": "Feature", "properties": { }, "geometry": { "type": "Polygon", "coordinates": [ [ [ -72.597486, 46.339824 ], [ -72.597343, 46.339912 ], [ -72.597274, 46.339859 ], [ -72.597417, 46.33977 ], [ -72.597486, 46.339824 ] ] ] } },
{ "type": "Feature", "properties": { }, "geometry": { "type": "Polygon", "coordinates": [ [ [ -72.596757, 46.333987 ], [ -72.596679, 46.333933 ], [ -72.596845, 46.333818 ], [ -72.596924, 46.333873 ], [ -72.596757, 46.333987 ] ] ] } },
{ "type": "Feature", "properties": { }, "geometry": { "type": "Polygon", "coordinates": [ [ [ -72.610933, 46.347173 ], [ -72.611018, 46.347223 ], [ -72.610931, 46.347295 ], [ -72.610845, 46.347246 ], [ -72.610933, 46.347173 ] ] ] } },
{ "type": "Feature", "properties": { }, "geometry": { "type": "Polygon", "coordinates": [ [ [ -72.602697, 46.349007 ], [ -72.602595, 46.349102 ], [ -72.602349, 46.348976 ], [ -72.602452, 46.348881 ], [ -72.602697, 46.349007 ] ] ] } },
{ "type": "Feature", "properties": { }, "geometry": { "type": "Polygon", "coordinates": [ [ [ -72.606137, 46.349813 ], [ -72.606217, 46.3499 ], [ -72.606115, 46.349945 ], [ -72.606034, 46.349859 ], [ -72.606137, 46.349813 ] ] ] } },
{ "type": "Feature", "properties": { }, "geometry": { "type": "Polygon", "coordinates": [ [ [ -72.613059, 46.339389 ], [ -72.613177, 46.33947 ], [ -72.613092, 46.339529 ], [ -72.612974, 46.339447 ], [ -72.613059, 46.339389 ] ] ] } },
{ "type": "Feature", "properties": { }, "geometry": { "type": "Polygon", "coordinates": [ [ [ -72.610532, 46.34205 ], [ -72.610459, 46.342112 ], [ -72.610368, 46.342061 ], [ -72.610441, 46.341999 ], [ -72.610532, 46.34205 ] ] ] } },
{ "type": "Feature", "properties": { }, "geometry": { "type": "Polygon", "coordinates": [ [ [ -72.611346, 46.345148 ], [ -72.611183, 46.345148 ], [ -72.611183, 46.345059 ], [ -72.611346, 46.345059 ], [ -72.611346, 46.345148 ] ] ] } },
{ "type": "Feature", "properties": { }, "geometry": { "type": "Polygon", "coordinates": [ [ [ -72.599535, 46.344252 ], [ -72.599606, 46.344312 ], [ -72.599488, 46.344379 ], [ -72.599417, 46.344319 ], [ -72.599535, 46.344252 ] ] ] } },
{ "type": "Feature", "properties": { }, "geometry": { "type": "Polygon", "coordinates": [ [ [ -72.598019, 46.345506 ], [ -72.597963, 46.345419 ], [ -72.598053, 46.345391 ], [ -72.598109, 46.345478 ], [ -72.598019, 46.345506 ] ] ] } },
{ "type": "Feature", "properties": { }, "geometry": { "type": "Polygon", "coordinates": [ [ [ -72.602794, 46.334296 ], [ -72.602632, 46.334184 ], [ -72.602716, 46.334126 ], [ -72.602879, 46.334238 ], [ -72.602794, 46.334296 ] ] ] } },
{ "type": "Feature", "properties": { }, "geometry": { "type": "Polygon", "coordinates": [ [ [ -72.61008, 46.347297 ], [ -72.610149, 46.347368 ], [ -72.610028, 46.347424 ], [ -72.609959, 46.347353 ], [ -72.61008, 46.347297 ] ] ] } },
{ "type": "Feature", "properties": { }, "geometry": { "type": "Polygon", "coordinates": [ [ [ -72.615239, 46.348677 ], [ -72.615105, 46.348635 ], [ -72.615168, 46.34854 ], [ -72.615302, 46.348582 ], [ -72.615239, 46.348677 ] ] ] } },
{ "type": "Feature", "properties": { }, "geometry": { "type": "Polygon", "coordinates": [ [ [ -72.611245, 46.353929 ], [ -72.610936, 46.353852 ], [ -72.610993, 46.353744 ], [ -72.611301, 46.353821 ], [ -72.611245, 46.353929 ] ] ] } },
{ "type": "Feature", "properties": { }, "geometry": { "type": "Polygon", "coordinates": [ [ [ -72.598079, 46.341801 ], [ -72.598004, 46.341853 ], [ -72.597864, 46.341757 ], [ -72.597939, 46.341705 ], [ -72.598079, 46.341801 ] ] ] } },
{ "type": "Feature", "properties": { }, "geometry": { "type": "Polygon", "coordinates": [ [ [ -72.598944, 46.345216 ], [ -72.598857, 46.345162 ], [ -72.598955, 46.345087 ], [ -72.599042, 46.345142 ], [ -72.598944, 46.345216 ] ] ] } },
{ "type": "Feature", "properties": { }, "geometry": { "type": "Polygon", "coordinates": [ [ [ -72.601291, 46.333353 ], [ -72.60127, 46.333428 ], [ -72.601118, 46.333408 ], [ -72.601139, 46.333333 ], [ -72.601291, 46.333353 ] ] ] } },
{ "type": "Feature", "properties": { }, "geometry": { "type": "Polygon", "coordinates": [ [ [ -72.598533, 46.335664 ], [ -72.598478, 46.335853 ], [ -72.598328, 46.335832 ], [ -72.598383, 46.335644 ], [ -72.598533, 46.335664 ] ] ] } },
{ "type": "Feature", "properties": { }, "geometry": { "type": "Polygon", "coordinates": [ [ [ -72.61503, 46.350576 ], [ -72.614943, 46.350636 ], [ -72.614852, 46.350573 ], [ -72.614939, 46.350513 ], [ -72.61503, 46.350576 ] ] ] } },
{ "type": "Feature", "properties": { }, "geometry": { "type": "Polygon", "coordinates": [ [ [ -72.608417, 46.352215 ], [ -72.608503, 46.352156 ], [ -72.608636, 46.352248 ], [ -72.60855, 46.352307 ], [ -72.608417, 46.352215 ] ] ] } },
{ "type": "Feature", "properties": { }, "geometry": { "type": "Polygon", "coordinates": [ [ [ -72.610804, 46.343971 ], [ -72.61073, 46.34389 ], [ -72.610925, 46.343805 ], [ -72.610999, 46.343885 ], [ -72.610804, 46.343971 ] ] ] } },
{ "type": "Feature", "properties": { }, "geometry": { "type": "Polygon", "coordinates": [ [ [ -72.603994, 46.33753 ], [ -72.603947, 46.337611 ], [ -72.6038, 46.33757 ], [ -72.603848, 46.337489 ], [ -72.603994, 46.33753 ] ] ] } },
{ "type": "Feature", "properties": { }, "geometry": { "type": "Polygon", "coordinates": [ [ [ -72.592874, 46.339873 ], [ -72.592792, 46.339816 ], [ -72.592938, 46.339716 ], [ -72.59302, 46.339772 ], [ -72.592874, 46.339873 ] ] ] } },
{ "type": "Feature", "properties": { }, "geometry": { "type": "Polygon", "coordinates": [ [ [ -72.595402, 46.34511 ], [ -72.595283, 46.345184 ], [ -72.594995, 46.344963 ], [ -72.595114, 46.344889 ], [ -72.595402, 46.34511 ] ] ] } },
{ "type": "Feature", "properties": { }, "geometry": { "type": "Polygon", "coordinates": [ [ [ -72.611601, 46.347513 ], [ -72.611427, 46.347513 ], [ -72.611427, 46.347429 ], [ -72.611601, 46.347429 ], [ -72.611601, 46.347513 ] ] ] } },
{ "type": "Feature", "properties": { }, "geometry": { "type": "Polygon", "coordinates": [ [ [ -72.612022, 46.351935 ], [ -72.611869, 46.351891 ], [ -72.611916, 46.351812 ], [ -72.61207, 46.351856 ], [ -72.612022, 46.351935 ] ] ] } },
{ "type": "Feature", "properties": { }, "geometry": { "type": "Polygon", "coordinates": [ [ [ -72.599487, 46.347265 ], [ -72.59958, 46.347197 ], [ -72.600097, 46.347535 ], [ -72.600005, 46.347602 ], [ -72.599487, 46.347265 ] ] ] } },
{ "type": "Feature", "properties": { }, "geometry": { "type": "Polygon", "coordinates": [ [ [ -72.612814, 46.341694 ], [ -72.612713, 46.341767 ], [ -72.612583, 46.341681 ], [ -72.612683, 46.341608 ], [ -72.612814, 46.341694 ] ] ] } },
{ "type": "Feature", "properties": { }, "geometry": { "type": "Polygon", "coordinates": [ [ [ -72.60448, 46.3448 ], [ -72.604249, 46.344807 ], [ -72.604244, 46.344733 ], [ -72.604476, 46.344726 ], [ -72.60448, 46.3448 ] ] ] } },
{ "type": "Feature", "properties": { }, "geometry": { "type": "Polygon", "coordinates": [ [ [ -72.598758, 46.332961 ], [ -72.598942, 46.332911 ], [ -72.598982, 46.332982 ], [ -72.598798, 46.333031 ], [ -72.598758, 46.332961 ] ] ] } },
{ "type": "Feature", "properties": { }, "geometry": { "type": "Polygon", "coordinates": [ [ [ -72.60505, 46.338109 ], [ -72.605195, 46.338209 ], [ -72.605109, 46.338268 ], [ -72.604964, 46.338168 ], [ -72.60505, 46.338109 ] ] ] } },
{ "type": "Feature", "properties": { }, "geometry": { "type": "Polygon", "coordinates": [ [ [ -72.606121, 46.339339 ], [ -72.606012, 46.339262 ], [ -72.606192, 46.339141 ], [ -72.606278, 46.339202 ], [ -72.606137, 46.339297 ], [ -72.60616, 46.339313 ], [ -72.606121, 46.339339 ] ] ] } },
{ "type": "Feature", "properties": { }, "geometry": { "type": "Polygon", "coordinates": [ [ [ -72.593668, 46.340791 ], [ -72.593556, 46.340868 ], [ -72.593477, 46.340814 ], [ -72.593589, 46.340737 ], [ -72.593668, 46.340791 ] ] ] } },
{ "type": "Feature", "properties": { }, "geometry": { "type": "Polygon", "coordinates": [ [ [ -72.5946, 46.341455 ], [ -72.594672, 46.341505 ], [ -72.594558, 46.341584 ], [ -72.594486, 46.341534 ], [ -72.5946, 46.341455 ] ] ] } },
{ "type": "Feature", "properties": { }, "geometry": { "type": "Polygon", "coordinates": [ [ [ -72.589476, 46.336495 ], [ -72.589322, 46.336665 ], [ -72.589103, 46.33657 ], [ -72.58922531346596, 46.336434978641478 ], [ -72.589258962962091, 46.336400851513233 ], [ -72.589476, 46.336495 ] ] ] } },
{ "type": "Feature", "properties": { }, "geometry": { "type": "Polygon", "coordinates": [ [ [ -72.592129, 46.337117 ], [ -72.59201, 46.337101 ], [ -72.592046, 46.336973 ], [ -72.592165, 46.336989 ], [ -72.592129, 46.337117 ] ] ] } },
{ "type": "Feature", "properties": { }, "geometry": { "type": "Polygon", "coordinates": [ [ [ -72.598944, 46.34079 ], [ -72.598944, 46.340704 ], [ -72.599134, 46.340704 ], [ -72.599134, 46.34079 ], [ -72.598944, 46.34079 ] ] ] } },
{ "type": "Feature", "properties": { }, "geometry": { "type": "Polygon", "coordinates": [ [ [ -72.603688, 46.34526 ], [ -72.603644, 46.34517 ], [ -72.603884, 46.345114 ], [ -72.603928, 46.345204 ], [ -72.603688, 46.34526 ] ] ] } },
{ "type": "Feature", "properties": { }, "geometry": { "type": "Polygon", "coordinates": [ [ [ -72.599217, 46.335327 ], [ -72.599296, 46.335375 ], [ -72.599142, 46.335495 ], [ -72.599062, 46.335446 ], [ -72.599217, 46.335327 ] ] ] } },
{ "type": "Feature", "properties": { }, "geometry": { "type": "Polygon", "coordinates": [ [ [ -72.594656, 46.341931 ], [ -72.594735, 46.341985 ], [ -72.594576, 46.342094 ], [ -72.594498, 46.34204 ], [ -72.594656, 46.341931 ] ] ] } },
{ "type": "Feature", "properties": { }, "geometry": { "type": "Polygon", "coordinates": [ [ [ -72.593899, 46.334054 ], [ -72.593862, 46.334084 ], [ -72.593785, 46.334039 ], [ -72.593827, 46.334005 ], [ -72.593608, 46.333876 ], [ -72.593689, 46.33381 ], [ -72.594023, 46.334006 ], [ -72.593937, 46.334076 ], [ -72.593899, 46.334054 ] ] ] } },
{ "type": "Feature", "properties": { }, "geometry": { "type": "Polygon", "coordinates": [ [ [ -72.592612, 46.33858 ], [ -72.592863, 46.338776 ], [ -72.593191, 46.338576 ], [ -72.593432, 46.338764 ], [ -72.593397, 46.338785 ], [ -72.593461, 46.338835 ], [ -72.593315, 46.338924 ], [ -72.59327, 46.338888 ], [ -72.593102, 46.338991 ], [ -72.593132, 46.339015 ], [ -72.59301, 46.33909 ], [ -72.592704, 46.338851 ], [ -72.592638, 46.338892 ], [ -72.592403, 46.338708 ], [ -72.592612, 46.33858 ] ] ] } },
{ "type": "Feature", "properties": { }, "geometry": { "type": "Polygon", "coordinates": [ [ [ -72.610718, 46.351171 ], [ -72.610803, 46.351249 ], [ -72.610694, 46.351305 ], [ -72.610652, 46.351266 ], [ -72.610673, 46.351256 ], [ -72.61063, 46.351216 ], [ -72.610718, 46.351171 ] ] ] } },
{ "type": "Feature", "properties": { }, "geometry": { "type": "Polygon", "coordinates": [ [ [ -72.601899, 46.346752 ], [ -72.601883, 46.34667 ], [ -72.602091, 46.346651 ], [ -72.602107, 46.346733 ], [ -72.601899, 46.346752 ] ] ] } },
{ "type": "Feature", "properties": { }, "geometry": { "type": "Polygon", "coordinates": [ [ [ -72.605065, 46.338794 ], [ -72.605062, 46.338877 ], [ -72.604938, 46.338875 ], [ -72.604945, 46.338708 ], [ -72.605068, 46.338711 ], [ -72.605066, 46.338757 ], [ -72.605112, 46.338758 ], [ -72.60511, 46.338795 ], [ -72.605065, 46.338794 ] ] ] } },
{ "type": "Feature", "properties": { }, "geometry": { "type": "Polygon", "coordinates": [ [ [ -72.594071, 46.343162 ], [ -72.593965, 46.343213 ], [ -72.593911, 46.343159 ], [ -72.594017, 46.343108 ], [ -72.594071, 46.343162 ] ] ] } },
{ "type": "Feature", "properties": { }, "geometry": { "type": "Polygon", "coordinates": [ [ [ -72.590457, 46.33545 ], [ -72.590428, 46.335482 ], [ -72.590475, 46.335502 ], [ -72.590356, 46.335632 ], [ -72.590122, 46.33553 ], [ -72.590177170947612, 46.335469610178954 ], [ -72.59027513767164, 46.335370252882754 ], [ -72.590457, 46.33545 ] ] ] } },
{ "type": "Feature", "properties": { }, "geometry": { "type": "Polygon", "coordinates": [ [ [ -72.591282, 46.335632 ], [ -72.591096, 46.335684 ], [ -72.591058, 46.335621 ], [ -72.591244, 46.335568 ], [ -72.591282, 46.335632 ] ] ] } },
{ "type": "Feature", "properties": { }, "geometry": { "type": "Polygon", "coordinates": [ [ [ -72.58971, 46.335956 ], [ -72.589833, 46.336028 ], [ -72.589578, 46.336236 ], [ -72.589478482748945, 46.336178215789701 ], [ -72.589647590244056, 46.336006707926707 ], [ -72.58971, 46.335956 ] ] ] } },
{ "type": "Feature", "properties": { }, "geometry": { "type": "Polygon", "coordinates": [ [ [ -72.61482, 46.343794 ], [ -72.614819, 46.343683 ], [ -72.614789, 46.343683 ], [ -72.614789, 46.343637 ], [ -72.614939, 46.343636 ], [ -72.614941, 46.343794 ], [ -72.61482, 46.343794 ] ] ] } },
{ "type": "Feature", "properties": { }, "geometry": { "type": "Polygon", "coordinates": [ [ [ -72.615434, 46.344225 ], [ -72.615316, 46.344224 ], [ -72.61532, 46.344046 ], [ -72.615438, 46.344047 ], [ -72.615434, 46.344225 ] ] ] } },
{ "type": "Feature", "properties": { }, "geometry": { "type": "Polygon", "coordinates": [ [ [ -72.598698, 46.342788 ], [ -72.598584, 46.34271 ], [ -72.598657, 46.34266 ], [ -72.598771, 46.342738 ], [ -72.598698, 46.342788 ] ] ] } },
{ "type": "Feature", "properties": { }, "geometry": { "type": "Polygon", "coordinates": [ [ [ -72.598257, 46.343781 ], [ -72.598324, 46.343832 ], [ -72.5982, 46.34391 ], [ -72.598133, 46.343859 ], [ -72.598257, 46.343781 ] ] ] } },
{ "type": "Feature", "properties": { }, "geometry": { "type": "Polygon", "coordinates": [ [ [ -72.609479, 46.33815 ], [ -72.60933, 46.338105 ], [ -72.609416, 46.337968 ], [ -72.609565, 46.338013 ], [ -72.609479, 46.33815 ] ] ] } },
{ "type": "Feature", "properties": { }, "geometry": { "type": "Polygon", "coordinates": [ [ [ -72.611839, 46.350452 ], [ -72.611751, 46.350395 ], [ -72.611873, 46.350305 ], [ -72.611962, 46.350362 ], [ -72.611839, 46.350452 ] ] ] } },
{ "type": "Feature", "properties": { }, "geometry": { "type": "Polygon", "coordinates": [ [ [ -72.610671, 46.344336 ], [ -72.610735, 46.344409 ], [ -72.61054, 46.344492 ], [ -72.610475, 46.344418 ], [ -72.610671, 46.344336 ] ] ] } },
{ "type": "Feature", "properties": { }, "geometry": { "type": "Polygon", "coordinates": [ [ [ -72.611923, 46.344628 ], [ -72.611923, 46.344541 ], [ -72.612038, 46.344541 ], [ -72.612038, 46.344628 ], [ -72.611923, 46.344628 ] ] ] } },
{ "type": "Feature", "properties": { }, "geometry": { "type": "Polygon", "coordinates": [ [ [ -72.616324, 46.346813 ], [ -72.616182, 46.346813 ], [ -72.616182, 46.346709 ], [ -72.616324, 46.346709 ], [ -72.616324, 46.346813 ] ] ] } },
{ "type": "Feature", "properties": { }, "geometry": { "type": "Polygon", "coordinates": [ [ [ -72.608645, 46.338858 ], [ -72.608795, 46.338858 ], [ -72.608795, 46.338988 ], [ -72.608685, 46.338988 ], [ -72.608685, 46.338938 ], [ -72.608645, 46.338938 ], [ -72.608645, 46.338858 ] ] ] } },
{ "type": "Feature", "properties": { }, "geometry": { "type": "Polygon", "coordinates": [ [ [ -72.598842, 46.337866 ], [ -72.598785, 46.337829 ], [ -72.598874, 46.337764 ], [ -72.59903, 46.337866 ], [ -72.59896, 46.337917 ], [ -72.598861, 46.337853 ], [ -72.598842, 46.337866 ] ] ] } },
{ "type": "Feature", "properties": { }, "geometry": { "type": "Polygon", "coordinates": [ [ [ -72.615588, 46.350846 ], [ -72.615442, 46.350803 ], [ -72.615496, 46.350717 ], [ -72.615642, 46.35076 ], [ -72.615588, 46.350846 ] ] ] } },
{ "type": "Feature", "properties": { }, "geometry": { "type": "Polygon", "coordinates": [ [ [ -72.611397, 46.346822 ], [ -72.611207, 46.346822 ], [ -72.611207, 46.346735 ], [ -72.611397, 46.346735 ], [ -72.611397, 46.346822 ] ] ] } },
{ "type": "Feature", "properties": { }, "geometry": { "type": "Polygon", "coordinates": [ [ [ -72.60187, 46.34734 ], [ -72.60187, 46.347433 ], [ -72.601701, 46.347433 ], [ -72.601701, 46.34734 ], [ -72.60187, 46.34734 ] ] ] } },
{ "type": "Feature", "properties": { }, "geometry": { "type": "Polygon", "coordinates": [ [ [ -72.612132, 46.342988 ], [ -72.612013, 46.343035 ], [ -72.611956, 46.342966 ], [ -72.612076, 46.342919 ], [ -72.612132, 46.342988 ] ] ] } },
{ "type": "Feature", "properties": { }, "geometry": { "type": "Polygon", "coordinates": [ [ [ -72.610033, 46.346009 ], [ -72.609916, 46.346009 ], [ -72.609915, 46.345852 ], [ -72.610032, 46.345852 ], [ -72.610033, 46.346009 ] ] ] } },
{ "type": "Feature", "properties": { }, "geometry": { "type": "Polygon", "coordinates": [ [ [ -72.606054, 46.339696 ], [ -72.606142, 46.339748 ], [ -72.60606, 46.339814 ], [ -72.605973, 46.339762 ], [ -72.606054, 46.339696 ] ] ] } },
{ "type": "Feature", "properties": { }, "geometry": { "type": "Polygon", "coordinates": [ [ [ -72.603159, 46.343234 ], [ -72.603202, 46.343312 ], [ -72.603047, 46.343352 ], [ -72.603004, 46.343274 ], [ -72.603159, 46.343234 ] ] ] } },
{ "type": "Feature", "properties": { }, "geometry": { "type": "Polygon", "coordinates": [ [ [ -72.599734, 46.33562 ], [ -72.599629, 46.335564 ], [ -72.599738, 46.335467 ], [ -72.599843, 46.335524 ], [ -72.599734, 46.33562 ] ] ] } },
{ "type": "Feature", "properties": { }, "geometry": { "type": "Polygon", "coordinates": [ [ [ -72.592416, 46.342394 ], [ -72.592523, 46.342477 ], [ -72.592433, 46.342533 ], [ -72.592325, 46.342451 ], [ -72.592416, 46.342394 ] ] ] } },
{ "type": "Feature", "properties": { }, "geometry": { "type": "Polygon", "coordinates": [ [ [ -72.596056, 46.331989 ], [ -72.596138, 46.332045 ], [ -72.59603, 46.33212 ], [ -72.595948, 46.332063 ], [ -72.596056, 46.331989 ] ] ] } },
{ "type": "Feature", "properties": { }, "geometry": { "type": "Polygon", "coordinates": [ [ [ -72.615983, 46.347878 ], [ -72.615941, 46.34795 ], [ -72.615749, 46.347898 ], [ -72.61579, 46.347826 ], [ -72.615983, 46.347878 ] ] ] } },
{ "type": "Feature", "properties": { }, "geometry": { "type": "Polygon", "coordinates": [ [ [ -72.619494, 46.343809 ], [ -72.619574, 46.343752 ], [ -72.619712, 46.343844 ], [ -72.619632, 46.343902 ], [ -72.619494, 46.343809 ] ] ] } },
{ "type": "Feature", "properties": { }, "geometry": { "type": "Polygon", "coordinates": [ [ [ -72.603774, 46.342491 ], [ -72.603703, 46.342428 ], [ -72.603838, 46.342355 ], [ -72.603909, 46.342418 ], [ -72.603774, 46.342491 ] ] ] } },
{ "type": "Feature", "properties": { }, "geometry": { "type": "Polygon", "coordinates": [ [ [ -72.603199, 46.335452 ], [ -72.603098, 46.335434 ], [ -72.60308, 46.335485 ], [ -72.602946, 46.335461 ], [ -72.602997, 46.335323 ], [ -72.603231, 46.335364 ], [ -72.603199, 46.335452 ] ] ] } },
{ "type": "Feature", "properties": { }, "geometry": { "type": "Polygon", "coordinates": [ [ [ -72.590481, 46.341464 ], [ -72.590332, 46.341566 ], [ -72.590227, 46.341493 ], [ -72.590375, 46.34139 ], [ -72.590481, 46.341464 ] ] ] } },
{ "type": "Feature", "properties": { }, "geometry": { "type": "Polygon", "coordinates": [ [ [ -72.59653, 46.334156 ], [ -72.596445, 46.334098 ], [ -72.596575, 46.334008 ], [ -72.59666, 46.334066 ], [ -72.59653, 46.334156 ] ] ] } },
{ "type": "Feature", "properties": { }, "geometry": { "type": "Polygon", "coordinates": [ [ [ -72.609262, 46.347481 ], [ -72.609187, 46.347432 ], [ -72.609345, 46.347316 ], [ -72.609421, 46.347366 ], [ -72.609262, 46.347481 ] ] ] } },
{ "type": "Feature", "properties": { }, "geometry": { "type": "Polygon", "coordinates": [ [ [ -72.614165, 46.347707 ], [ -72.614272, 46.347742 ], [ -72.614199, 46.34785 ], [ -72.614091, 46.347815 ], [ -72.614165, 46.347707 ] ] ] } },
{ "type": "Feature", "properties": { }, "geometry": { "type": "Polygon", "coordinates": [ [ [ -72.617167, 46.346017 ], [ -72.617295, 46.346017 ], [ -72.617295, 46.346106 ], [ -72.617167, 46.346106 ], [ -72.617167, 46.346017 ] ] ] } },
{ "type": "Feature", "properties": { }, "geometry": { "type": "Polygon", "coordinates": [ [ [ -72.608184, 46.339618 ], [ -72.608093, 46.339536 ], [ -72.608217, 46.33947 ], [ -72.608309, 46.339552 ], [ -72.608184, 46.339618 ] ] ] } },
{ "type": "Feature", "properties": { }, "geometry": { "type": "Polygon", "coordinates": [ [ [ -72.597939, 46.343536 ], [ -72.598024, 46.343588 ], [ -72.597912, 46.343674 ], [ -72.597827, 46.343621 ], [ -72.597939, 46.343536 ] ] ] } },
{ "type": "Feature", "properties": { }, "geometry": { "type": "Polygon", "coordinates": [ [ [ -72.606392, 46.337173 ], [ -72.606205, 46.337112 ], [ -72.606257, 46.337035 ], [ -72.606444, 46.337096 ], [ -72.606392, 46.337173 ] ] ] } },
{ "type": "Feature", "properties": { }, "geometry": { "type": "Polygon", "coordinates": [ [ [ -72.600557, 46.338068 ], [ -72.600474, 46.338126 ], [ -72.600355, 46.338043 ], [ -72.600438, 46.337986 ], [ -72.600557, 46.338068 ] ] ] } },
{ "type": "Feature", "properties": { }, "geometry": { "type": "Polygon", "coordinates": [ [ [ -72.592631, 46.340537 ], [ -72.592547, 46.340595 ], [ -72.592427, 46.340513 ], [ -72.592512, 46.340454 ], [ -72.592631, 46.340537 ] ] ] } },
{ "type": "Feature", "properties": { }, "geometry": { "type": "Polygon", "coordinates": [ [ [ -72.61451, 46.351528 ], [ -72.614747, 46.351596 ], [ -72.614702, 46.351671 ], [ -72.614464, 46.351603 ], [ -72.61451, 46.351528 ] ] ] } },
{ "type": "Feature", "properties": { }, "geometry": { "type": "Polygon", "coordinates": [ [ [ -72.601088, 46.347024 ], [ -72.601023, 46.347091 ], [ -72.600889, 46.347029 ], [ -72.600954, 46.346962 ], [ -72.601088, 46.347024 ] ] ] } },
{ "type": "Feature", "properties": { }, "geometry": { "type": "Polygon", "coordinates": [ [ [ -72.611749, 46.34538 ], [ -72.611749, 46.345461 ], [ -72.611555, 46.345461 ], [ -72.611555, 46.34538 ], [ -72.611749, 46.34538 ] ] ] } },
{ "type": "Feature", "properties": { }, "geometry": { "type": "Polygon", "coordinates": [ [ [ -72.609943, 46.346215 ], [ -72.6099, 46.346085 ], [ -72.610008, 46.346068 ], [ -72.610051, 46.346198 ], [ -72.609943, 46.346215 ] ] ] } },
{ "type": "Feature", "properties": { }, "geometry": { "type": "Polygon", "coordinates": [ [ [ -72.598548, 46.344148 ], [ -72.598465, 46.34409 ], [ -72.598583, 46.344009 ], [ -72.598666, 46.344066 ], [ -72.598548, 46.344148 ] ] ] } },
{ "type": "Feature", "properties": { }, "geometry": { "type": "Polygon", "coordinates": [ [ [ -72.601241, 46.344025 ], [ -72.601343, 46.344096 ], [ -72.601258, 46.344154 ], [ -72.601157, 46.344084 ], [ -72.601241, 46.344025 ] ] ] } },
{ "type": "Feature", "properties": { }, "geometry": { "type": "Polygon", "coordinates": [ [ [ -72.61066, 46.338775 ], [ -72.610464, 46.338775 ], [ -72.610464, 46.338695 ], [ -72.61066, 46.338695 ], [ -72.61066, 46.338775 ] ] ] } },
{ "type": "Feature", "properties": { }, "geometry": { "type": "Polygon", "coordinates": [ [ [ -72.595146, 46.341075 ], [ -72.595225, 46.341127 ], [ -72.595103, 46.341215 ], [ -72.595024, 46.341163 ], [ -72.595146, 46.341075 ] ] ] } },
{ "type": "Feature", "properties": { }, "geometry": { "type": "Polygon", "coordinates": [ [ [ -72.614945, 46.352139 ], [ -72.614815, 46.352231 ], [ -72.614733, 46.352176 ], [ -72.614863, 46.352084 ], [ -72.614945, 46.352139 ] ] ] } },
{ "type": "Feature", "properties": { }, "geometry": { "type": "Polygon", "coordinates": [ [ [ -72.609464, 46.352512 ], [ -72.609559, 46.352578 ], [ -72.609344, 46.352726 ], [ -72.609248, 46.35266 ], [ -72.609464, 46.352512 ] ] ] } },
{ "type": "Feature", "properties": { }, "geometry": { "type": "Polygon", "coordinates": [ [ [ -72.618274, 46.346809 ], [ -72.618274, 46.346718 ], [ -72.618446, 46.346718 ], [ -72.618446, 46.346809 ], [ -72.618274, 46.346809 ] ] ] } },
{ "type": "Feature", "properties": { }, "geometry": { "type": "Polygon", "coordinates": [ [ [ -72.598203, 46.340736 ], [ -72.597984, 46.340671 ], [ -72.598039, 46.340583 ], [ -72.598257, 46.340648 ], [ -72.598203, 46.340736 ] ] ] } },
{ "type": "Feature", "properties": { }, "geometry": { "type": "Polygon", "coordinates": [ [ [ -72.605655, 46.344822 ], [ -72.605655, 46.344737 ], [ -72.605872, 46.344737 ], [ -72.605872, 46.344822 ], [ -72.605655, 46.344822 ] ] ] } },
{ "type": "Feature", "properties": { }, "geometry": { "type": "Polygon", "coordinates": [ [ [ -72.592938, 46.342439 ], [ -72.592826, 46.342362 ], [ -72.592913, 46.342301 ], [ -72.593025, 46.342379 ], [ -72.592938, 46.342439 ] ] ] } },
{ "type": "Feature", "properties": { }, "geometry": { "type": "Polygon", "coordinates": [ [ [ -72.613265, 46.352266 ], [ -72.613218, 46.352346 ], [ -72.61305, 46.352299 ], [ -72.613097, 46.352219 ], [ -72.613265, 46.352266 ] ] ] } },
{ "type": "Feature", "properties": { }, "geometry": { "type": "Polygon", "coordinates": [ [ [ -72.609445, 46.34037 ], [ -72.609277, 46.340479 ], [ -72.609203, 46.340425 ], [ -72.609371, 46.340316 ], [ -72.609445, 46.34037 ] ] ] } },
{ "type": "Feature", "properties": { }, "geometry": { "type": "Polygon", "coordinates": [ [ [ -72.61589, 46.341596 ], [ -72.616001, 46.341577 ], [ -72.61605, 46.341711 ], [ -72.615939, 46.34173 ], [ -72.61589, 46.341596 ] ] ] } },
{ "type": "Feature", "properties": { }, "geometry": { "type": "Polygon", "coordinates": [ [ [ -72.598176, 46.343306 ], [ -72.598301, 46.34338 ], [ -72.598233, 46.343435 ], [ -72.598108, 46.34336 ], [ -72.598176, 46.343306 ] ] ] } },
{ "type": "Feature", "properties": { }, "geometry": { "type": "Polygon", "coordinates": [ [ [ -72.603351, 46.344546 ], [ -72.60322, 46.344404 ], [ -72.603327, 46.344357 ], [ -72.603458, 46.344499 ], [ -72.603351, 46.344546 ] ] ] } },
{ "type": "Feature", "properties": { }, "geometry": { "type": "Polygon", "coordinates": [ [ [ -72.597743, 46.33618 ], [ -72.597593, 46.336072 ], [ -72.597672, 46.336019 ], [ -72.597729, 46.33606 ], [ -72.597765, 46.336035 ], [ -72.59781, 46.336068 ], [ -72.597773, 46.336092 ], [ -72.597823, 46.336128 ], [ -72.597743, 46.33618 ] ] ] } },
{ "type": "Feature", "properties": { }, "geometry": { "type": "Polygon", "coordinates": [ [ [ -72.597518, 46.337908 ], [ -72.597709, 46.337996 ], [ -72.597638, 46.338069 ], [ -72.597448, 46.337981 ], [ -72.597518, 46.337908 ] ] ] } },
{ "type": "Feature", "properties": { }, "geometry": { "type": "Polygon", "coordinates": [ [ [ -72.611582, 46.349523 ], [ -72.6115, 46.349467 ], [ -72.611624, 46.349382 ], [ -72.611706, 46.349438 ], [ -72.611582, 46.349523 ] ] ] } },
{ "type": "Feature", "properties": { }, "geometry": { "type": "Polygon", "coordinates": [ [ [ -72.618848, 46.344876 ], [ -72.618848, 46.344978 ], [ -72.618704, 46.344978 ], [ -72.618704, 46.344876 ], [ -72.618848, 46.344876 ] ] ] } },
{ "type": "Feature", "properties": { }, "geometry": { "type": "Polygon", "coordinates": [ [ [ -72.617265, 46.345437 ], [ -72.617267, 46.345355 ], [ -72.617461, 46.345357 ], [ -72.61746, 46.345438 ], [ -72.617265, 46.345437 ] ] ] } },
{ "type": "Feature", "properties": { }, "geometry": { "type": "Polygon", "coordinates": [ [ [ -72.601017, 46.344462 ], [ -72.600932, 46.3444 ], [ -72.601016, 46.344344 ], [ -72.601102, 46.344405 ], [ -72.601017, 46.344462 ] ] ] } },
{ "type": "Feature", "properties": { }, "geometry": { "type": "Polygon", "coordinates": [ [ [ -72.598155, 46.336214 ], [ -72.59808, 46.336162 ], [ -72.598237, 46.336054 ], [ -72.598312, 46.336105 ], [ -72.598155, 46.336214 ] ] ] } },
{ "type": "Feature", "properties": { }, "geometry": { "type": "Polygon", "coordinates": [ [ [ -72.595144, 46.342807 ], [ -72.595254, 46.342884 ], [ -72.595179, 46.342935 ], [ -72.595069, 46.342859 ], [ -72.595144, 46.342807 ] ] ] } },
{ "type": "Feature", "properties": { }, "geometry": { "type": "Polygon", "coordinates": [ [ [ -72.616275, 46.349947 ], [ -72.616114, 46.349891 ], [ -72.616169, 46.349816 ], [ -72.61633, 46.349871 ], [ -72.616275, 46.349947 ] ] ] } },
{ "type": "Feature", "properties": { }, "geometry": { "type": "Polygon", "coordinates": [ [ [ -72.600156, 46.345178 ], [ -72.600237, 46.345235 ], [ -72.600129, 46.345308 ], [ -72.600048, 46.345251 ], [ -72.600156, 46.345178 ] ] ] } },
{ "type": "Feature", "properties": { }, "geometry": { "type": "Polygon", "coordinates": [ [ [ -72.6125, 46.345374 ], [ -72.612666, 46.345374 ], [ -72.612666, 46.345448 ], [ -72.6125, 46.345448 ], [ -72.6125, 46.345374 ] ] ] } },
{ "type": "Feature", "properties": { }, "geometry": { "type": "Polygon", "coordinates": [ [ [ -72.600131, 46.339285 ], [ -72.599948, 46.339159 ], [ -72.60003, 46.339103 ], [ -72.600212, 46.339229 ], [ -72.600131, 46.339285 ] ] ] } },
{ "type": "Feature", "properties": { }, "geometry": { "type": "Polygon", "coordinates": [ [ [ -72.594356, 46.333757 ], [ -72.594529, 46.333869 ], [ -72.594443, 46.333932 ], [ -72.59427, 46.33382 ], [ -72.594356, 46.333757 ] ] ] } },
{ "type": "Feature", "properties": { }, "geometry": { "type": "Polygon", "coordinates": [ [ [ -72.604791, 46.348581 ], [ -72.604817, 46.348601 ], [ -72.604766, 46.348633 ], [ -72.604661, 46.348551 ], [ -72.604782, 46.348477 ], [ -72.604861, 46.348538 ], [ -72.604791, 46.348581 ] ] ] } },
{ "type": "Feature", "properties": { }, "geometry": { "type": "Polygon", "coordinates": [ [ [ -72.617009, 46.342647 ], [ -72.616999, 46.342681 ], [ -72.616921, 46.342671 ], [ -72.616959, 46.342538 ], [ -72.617167, 46.342566 ], [ -72.617139, 46.342664 ], [ -72.617009, 46.342647 ] ] ] } },
{ "type": "Feature", "properties": { }, "geometry": { "type": "Polygon", "coordinates": [ [ [ -72.612246, 46.343251 ], [ -72.612358, 46.343249 ], [ -72.612363, 46.343351 ], [ -72.61225, 46.343353 ], [ -72.612246, 46.343251 ] ] ] } },
{ "type": "Feature", "properties": { }, "geometry": { "type": "Polygon", "coordinates": [ [ [ -72.614825, 46.345426 ], [ -72.614825, 46.345298 ], [ -72.614956, 46.345298 ], [ -72.614956, 46.345426 ], [ -72.614825, 46.345426 ] ] ] } },
{ "type": "Feature", "properties": { }, "geometry": { "type": "Polygon", "coordinates": [ [ [ -72.609542, 46.346667 ], [ -72.609618, 46.346719 ], [ -72.609463, 46.346826 ], [ -72.609388, 46.346774 ], [ -72.609542, 46.346667 ] ] ] } },
{ "type": "Feature", "properties": { }, "geometry": { "type": "Polygon", "coordinates": [ [ [ -72.610459, 46.33906 ], [ -72.610481, 46.339137 ], [ -72.610404, 46.339147 ], [ -72.610415, 46.339187 ], [ -72.610346, 46.339196 ], [ -72.610338, 46.33917 ], [ -72.610258, 46.339181 ], [ -72.610232, 46.339092 ], [ -72.610459, 46.33906 ] ] ] } },
{ "type": "Feature", "properties": { }, "geometry": { "type": "Polygon", "coordinates": [ [ [ -72.5965, 46.342247 ], [ -72.596385, 46.342167 ], [ -72.596465, 46.342112 ], [ -72.596581, 46.342191 ], [ -72.5965, 46.342247 ] ] ] } },
{ "type": "Feature", "properties": { }, "geometry": { "type": "Polygon", "coordinates": [ [ [ -72.595786, 46.338758 ], [ -72.595684, 46.338775 ], [ -72.595665, 46.338721 ], [ -72.595767, 46.338704 ], [ -72.595786, 46.338758 ] ] ] } },
{ "type": "Feature", "properties": { }, "geometry": { "type": "Polygon", "coordinates": [ [ [ -72.614906, 46.351005 ], [ -72.614717, 46.350946 ], [ -72.614771, 46.350864 ], [ -72.61496, 46.350923 ], [ -72.614906, 46.351005 ] ] ] } },
{ "type": "Feature", "properties": { }, "geometry": { "type": "Polygon", "coordinates": [ [ [ -72.615141, 46.350969 ], [ -72.61509, 46.351055 ], [ -72.614947, 46.351014 ], [ -72.614998, 46.350929 ], [ -72.615141, 46.350969 ] ] ] } },
{ "type": "Feature", "properties": { }, "geometry": { "type": "Polygon", "coordinates": [ [ [ -72.598979, 46.332349 ], [ -72.598824, 46.332455 ], [ -72.598753, 46.332406 ], [ -72.598908, 46.3323 ], [ -72.598979, 46.332349 ] ] ] } },
{ "type": "Feature", "properties": { }, "geometry": { "type": "Polygon", "coordinates": [ [ [ -72.60982, 46.347103 ], [ -72.609662, 46.347218 ], [ -72.609585, 46.347167 ], [ -72.609743, 46.347052 ], [ -72.60982, 46.347103 ] ] ] } },
{ "type": "Feature", "properties": { }, "geometry": { "type": "Polygon", "coordinates": [ [ [ -72.614604, 46.348571 ], [ -72.614728, 46.348603 ], [ -72.614666, 46.348716 ], [ -72.614542, 46.348684 ], [ -72.614604, 46.348571 ] ] ] } },
{ "type": "Feature", "properties": { }, "geometry": { "type": "Polygon", "coordinates": [ [ [ -72.610709, 46.354245 ], [ -72.610609, 46.354374 ], [ -72.610405, 46.354299 ], [ -72.610419, 46.354281 ], [ -72.610227, 46.35421 ], [ -72.610313, 46.354099 ], [ -72.610709, 46.354245 ] ] ] } },
{ "type": "Feature", "properties": { }, "geometry": { "type": "Polygon", "coordinates": [ [ [ -72.617199, 46.342199 ], [ -72.617166, 46.342289 ], [ -72.616884, 46.342241 ], [ -72.616917, 46.34215 ], [ -72.617199, 46.342199 ] ] ] } },
{ "type": "Feature", "properties": { }, "geometry": { "type": "Polygon", "coordinates": [ [ [ -72.618646, 46.344133 ], [ -72.61873, 46.344183 ], [ -72.618629, 46.344264 ], [ -72.618545, 46.344215 ], [ -72.618646, 46.344133 ] ] ] } },
{ "type": "Feature", "properties": { }, "geometry": { "type": "Polygon", "coordinates": [ [ [ -72.606959, 46.34059 ], [ -72.606887, 46.34054 ], [ -72.607012, 46.340454 ], [ -72.607084, 46.340504 ], [ -72.606959, 46.34059 ] ] ] } },
{ "type": "Feature", "properties": { }, "geometry": { "type": "Polygon", "coordinates": [ [ [ -72.609354, 46.350148 ], [ -72.609472, 46.350233 ], [ -72.609387, 46.350289 ], [ -72.609269, 46.350204 ], [ -72.609354, 46.350148 ] ] ] } },
{ "type": "Feature", "properties": { }, "geometry": { "type": "Polygon", "coordinates": [ [ [ -72.612104, 46.35026 ], [ -72.612016, 46.350339 ], [ -72.6119, 46.350278 ], [ -72.611988, 46.350198 ], [ -72.612104, 46.35026 ] ] ] } },
{ "type": "Feature", "properties": { }, "geometry": { "type": "Polygon", "coordinates": [ [ [ -72.620274, 46.346457 ], [ -72.620384, 46.346445 ], [ -72.620401, 46.346522 ], [ -72.620482, 46.346513 ], [ -72.620503, 46.346605 ], [ -72.620352, 46.346622 ], [ -72.620342, 46.34658 ], [ -72.620303, 46.346585 ], [ -72.620274, 46.346457 ] ] ] } },
{ "type": "Feature", "properties": { }, "geometry": { "type": "Polygon", "coordinates": [ [ [ -72.612958, 46.343993 ], [ -72.612958, 46.344147 ], [ -72.61283, 46.344147 ], [ -72.61283, 46.343993 ], [ -72.612958, 46.343993 ] ] ] } },
{ "type": "Feature", "properties": { }, "geometry": { "type": "Polygon", "coordinates": [ [ [ -72.607769, 46.341776 ], [ -72.607643, 46.34171 ], [ -72.607714, 46.341645 ], [ -72.60784, 46.341711 ], [ -72.607769, 46.341776 ] ] ] } },
{ "type": "Feature", "properties": { }, "geometry": { "type": "Polygon", "coordinates": [ [ [ -72.610366, 46.338499 ], [ -72.610303, 46.338385 ], [ -72.610499, 46.338334 ], [ -72.610562, 46.338447 ], [ -72.610366, 46.338499 ] ] ] } },
{ "type": "Feature", "properties": { }, "geometry": { "type": "Polygon", "coordinates": [ [ [ -72.590285, 46.340045 ], [ -72.590232, 46.340111 ], [ -72.59005, 46.340043 ], [ -72.590102, 46.339977 ], [ -72.590285, 46.340045 ] ] ] } },
{ "type": "Feature", "properties": { }, "geometry": { "type": "Polygon", "coordinates": [ [ [ -72.597126, 46.339991 ], [ -72.597237, 46.340069 ], [ -72.597145, 46.340131 ], [ -72.597034, 46.340054 ], [ -72.597126, 46.339991 ] ] ] } },
{ "type": "Feature", "properties": { }, "geometry": { "type": "Polygon", "coordinates": [ [ [ -72.610076, 46.342216 ], [ -72.610043, 46.34224 ], [ -72.610087, 46.342268 ], [ -72.610006, 46.34233 ], [ -72.609892, 46.342258 ], [ -72.610005, 46.342172 ], [ -72.610076, 46.342216 ] ] ] } },
{ "type": "Feature", "properties": { }, "geometry": { "type": "Polygon", "coordinates": [ [ [ -72.613315, 46.344304 ], [ -72.61343, 46.344304 ], [ -72.61343, 46.344454 ], [ -72.613315, 46.344454 ], [ -72.613315, 46.344304 ] ] ] } },
{ "type": "Feature", "properties": { }, "geometry": { "type": "Polygon", "coordinates": [ [ [ -72.61582, 46.344547 ], [ -72.615754, 46.344546 ], [ -72.615756, 46.344506 ], [ -72.615938, 46.344509 ], [ -72.615934, 46.344629 ], [ -72.615818, 46.344627 ], [ -72.61582, 46.344547 ] ] ] } },
{ "type": "Feature", "properties": { }, "geometry": { "type": "Polygon", "coordinates": [ [ [ -72.597699, 46.333756 ], [ -72.597608, 46.333693 ], [ -72.597754, 46.333592 ], [ -72.597845, 46.333655 ], [ -72.597699, 46.333756 ] ] ] } },
{ "type": "Feature", "properties": { }, "geometry": { "type": "Polygon", "coordinates": [ [ [ -72.617572, 46.348749 ], [ -72.617483, 46.348675 ], [ -72.617623, 46.348595 ], [ -72.617712, 46.348669 ], [ -72.617572, 46.348749 ] ] ] } },
{ "type": "Feature", "properties": { }, "geometry": { "type": "Polygon", "coordinates": [ [ [ -72.59984, 46.334434 ], [ -72.599884, 46.334404 ], [ -72.599968, 46.334462 ], [ -72.599809, 46.334572 ], [ -72.599726, 46.334515 ], [ -72.599797, 46.334466 ], [ -72.59977, 46.334447 ], [ -72.599814, 46.334417 ], [ -72.59984, 46.334434 ] ] ] } },
{ "type": "Feature", "properties": { }, "geometry": { "type": "Polygon", "coordinates": [ [ [ -72.601916, 46.337132 ], [ -72.601916, 46.337216 ], [ -72.601696, 46.337216 ], [ -72.601696, 46.337132 ], [ -72.601916, 46.337132 ] ] ] } },
{ "type": "Feature", "properties": { }, "geometry": { "type": "Polygon", "coordinates": [ [ [ -72.596707, 46.337647 ], [ -72.596866, 46.337667 ], [ -72.596844, 46.337752 ], [ -72.596685, 46.337733 ], [ -72.596707, 46.337647 ] ] ] } },
{ "type": "Feature", "properties": { }, "geometry": { "type": "Polygon", "coordinates": [ [ [ -72.594872, 46.338221 ], [ -72.594872, 46.33809 ], [ -72.594979, 46.33809 ], [ -72.594979, 46.338221 ], [ -72.594872, 46.338221 ] ] ] } },
{ "type": "Feature", "properties": { }, "geometry": { "type": "Polygon", "coordinates": [ [ [ -72.611538, 46.347085 ], [ -72.611534, 46.347187 ], [ -72.61136, 46.347184 ], [ -72.611364, 46.347082 ], [ -72.611538, 46.347085 ] ] ] } },
{ "type": "Feature", "properties": { }, "geometry": { "type": "Polygon", "coordinates": [ [ [ -72.611767, 46.348374 ], [ -72.611849, 46.34843 ], [ -72.611726, 46.348515 ], [ -72.611644, 46.348459 ], [ -72.611767, 46.348374 ] ] ] } },
{ "type": "Feature", "properties": { }, "geometry": { "type": "Polygon", "coordinates": [ [ [ -72.61712, 46.349495 ], [ -72.616948, 46.349442 ], [ -72.617004, 46.349357 ], [ -72.617175, 46.349411 ], [ -72.61712, 46.349495 ] ] ] } },
{ "type": "Feature", "properties": { }, "geometry": { "type": "Polygon", "coordinates": [ [ [ -72.604105, 46.347497 ], [ -72.604224, 46.347468 ], [ -72.604283, 46.347583 ], [ -72.604164, 46.347612 ], [ -72.604105, 46.347497 ] ] ] } },
{ "type": "Feature", "properties": { }, "geometry": { "type": "Polygon", "coordinates": [ [ [ -72.616168, 46.341937 ], [ -72.616245, 46.342005 ], [ -72.616215, 46.342021 ], [ -72.616258, 46.342059 ], [ -72.616185, 46.342099 ], [ -72.616064, 46.341993 ], [ -72.616168, 46.341937 ] ] ] } },
{ "type": "Feature", "properties": { }, "geometry": { "type": "Polygon", "coordinates": [ [ [ -72.603019, 46.339674 ], [ -72.603184, 46.339788 ], [ -72.603101, 46.339845 ], [ -72.602936, 46.339731 ], [ -72.603019, 46.339674 ] ] ] } },
{ "type": "Feature", "properties": { }, "geometry": { "type": "Polygon", "coordinates": [ [ [ -72.608089, 46.339954 ], [ -72.608052, 46.339981 ], [ -72.608012, 46.339955 ], [ -72.607968, 46.339987 ], [ -72.607877, 46.339928 ], [ -72.607958, 46.339869 ], [ -72.608089, 46.339954 ] ] ] } },
{ "type": "Feature", "properties": { }, "geometry": { "type": "Polygon", "coordinates": [ [ [ -72.599309, 46.336514 ], [ -72.599366, 46.336586 ], [ -72.59923, 46.336636 ], [ -72.599174, 46.336565 ], [ -72.599309, 46.336514 ] ] ] } },
{ "type": "Feature", "properties": { }, "geometry": { "type": "Polygon", "coordinates": [ [ [ -72.616976, 46.350643 ], [ -72.617107, 46.35068 ], [ -72.617048, 46.350779 ], [ -72.616917, 46.350741 ], [ -72.616976, 46.350643 ] ] ] } },
{ "type": "Feature", "properties": { }, "geometry": { "type": "Polygon", "coordinates": [ [ [ -72.603888, 46.340233 ], [ -72.603808, 46.340289 ], [ -72.603663, 46.340189 ], [ -72.603744, 46.340133 ], [ -72.603888, 46.340233 ] ] ] } },
{ "type": "Feature", "properties": { }, "geometry": { "type": "Polygon", "coordinates": [ [ [ -72.601593, 46.343701 ], [ -72.601521, 46.343778 ], [ -72.601397, 46.343722 ], [ -72.60147, 46.343645 ], [ -72.601593, 46.343701 ] ] ] } },
{ "type": "Feature", "properties": { }, "geometry": { "type": "Polygon", "coordinates": [ [ [ -72.602171, 46.332395 ], [ -72.602242, 46.332427 ], [ -72.602219, 46.332452 ], [ -72.602265, 46.332473 ], [ -72.602202, 46.332539 ], [ -72.602061, 46.332474 ], [ -72.602119, 46.332414 ], [ -72.602142, 46.332424 ], [ -72.602171, 46.332395 ] ] ] } },
{ "type": "Feature", "properties": { }, "geometry": { "type": "Polygon", "coordinates": [ [ [ -72.609181, 46.34911 ], [ -72.609316, 46.349206 ], [ -72.609243, 46.349255 ], [ -72.609108, 46.349159 ], [ -72.609181, 46.34911 ] ] ] } },
{ "type": "Feature", "properties": { }, "geometry": { "type": "Polygon", "coordinates": [ [ [ -72.604006, 46.349275 ], [ -72.603842, 46.349165 ], [ -72.603955, 46.349085 ], [ -72.604118, 46.349195 ], [ -72.604006, 46.349275 ] ] ] } },
{ "type": "Feature", "properties": { }, "geometry": { "type": "Polygon", "coordinates": [ [ [ -72.612468, 46.340888 ], [ -72.61258, 46.340947 ], [ -72.612508, 46.341013 ], [ -72.612395, 46.340954 ], [ -72.612468, 46.340888 ] ] ] } },
{ "type": "Feature", "properties": { }, "geometry": { "type": "Polygon", "coordinates": [ [ [ -72.610417, 46.343358 ], [ -72.610349, 46.343284 ], [ -72.610485, 46.343224 ], [ -72.610553, 46.343298 ], [ -72.610417, 46.343358 ] ] ] } },
{ "type": "Feature", "properties": { }, "geometry": { "type": "Polygon", "coordinates": [ [ [ -72.611432, 46.344822 ], [ -72.611263, 46.344822 ], [ -72.611263, 46.344735 ], [ -72.611395, 46.344735 ], [ -72.611395, 46.344685 ], [ -72.611432, 46.344685 ], [ -72.611432, 46.344822 ] ] ] } },
{ "type": "Feature", "properties": { }, "geometry": { "type": "Polygon", "coordinates": [ [ [ -72.600626, 46.33778 ], [ -72.600499, 46.337701 ], [ -72.600574, 46.337644 ], [ -72.600701, 46.337723 ], [ -72.600626, 46.33778 ] ] ] } },
{ "type": "Feature", "properties": { }, "geometry": { "type": "Polygon", "coordinates": [ [ [ -72.58981, 46.339492 ], [ -72.589732, 46.339548 ], [ -72.589616, 46.339471 ], [ -72.589694, 46.339415 ], [ -72.58981, 46.339492 ] ] ] } },
{ "type": "Feature", "properties": { }, "geometry": { "type": "Polygon", "coordinates": [ [ [ -72.593694, 46.334624 ], [ -72.593612, 46.334683 ], [ -72.593516, 46.33462 ], [ -72.593598, 46.334561 ], [ -72.593694, 46.334624 ] ] ] } },
{ "type": "Feature", "properties": { }, "geometry": { "type": "Polygon", "coordinates": [ [ [ -72.590404, 46.338467 ], [ -72.590483, 46.33852 ], [ -72.590372, 46.3386 ], [ -72.590293, 46.338547 ], [ -72.590404, 46.338467 ] ] ] } },
{ "type": "Feature", "properties": { }, "geometry": { "type": "Polygon", "coordinates": [ [ [ -72.616766, 46.348517 ], [ -72.616711, 46.34859 ], [ -72.616566, 46.348537 ], [ -72.61662, 46.348465 ], [ -72.616766, 46.348517 ] ] ] } },
{ "type": "Feature", "properties": { }, "geometry": { "type": "Polygon", "coordinates": [ [ [ -72.60276, 46.341478 ], [ -72.60276, 46.341564 ], [ -72.602589, 46.341564 ], [ -72.602589, 46.341478 ], [ -72.60276, 46.341478 ] ] ] } },
{ "type": "Feature", "properties": { }, "geometry": { "type": "Polygon", "coordinates": [ [ [ -72.610389, 46.338803 ], [ -72.610212, 46.338803 ], [ -72.610212, 46.338723 ], [ -72.610389, 46.338723 ], [ -72.610389, 46.338803 ] ] ] } },
{ "type": "Feature", "properties": { }, "geometry": { "type": "Polygon", "coordinates": [ [ [ -72.593615, 46.341256 ], [ -72.593506, 46.341342 ], [ -72.593433, 46.341298 ], [ -72.593542, 46.341212 ], [ -72.593615, 46.341256 ] ] ] } },
{ "type": "Feature", "properties": { }, "geometry": { "type": "Polygon", "coordinates": [ [ [ -72.616348, 46.348109 ], [ -72.616201, 46.348044 ], [ -72.616267, 46.347973 ], [ -72.616414, 46.348037 ], [ -72.616348, 46.348109 ] ] ] } },
{ "type": "Feature", "properties": { }, "geometry": { "type": "Polygon", "coordinates": [ [ [ -72.610876, 46.350037 ], [ -72.610786, 46.349975 ], [ -72.610939, 46.34987 ], [ -72.611028, 46.349932 ], [ -72.610876, 46.350037 ] ] ] } },
{ "type": "Feature", "properties": { }, "geometry": { "type": "Polygon", "coordinates": [ [ [ -72.618002, 46.345688 ], [ -72.618215, 46.345684 ], [ -72.618218, 46.345754 ], [ -72.618159, 46.345755 ], [ -72.61816, 46.345787 ], [ -72.618006, 46.34579 ], [ -72.618002, 46.345688 ] ] ] } },
{ "type": "Feature", "properties": { }, "geometry": { "type": "Polygon", "coordinates": [ [ [ -72.598133, 46.337815 ], [ -72.598259, 46.33788 ], [ -72.598172, 46.337961 ], [ -72.598046, 46.337896 ], [ -72.598133, 46.337815 ] ] ] } },
{ "type": "Feature", "properties": { }, "geometry": { "type": "Polygon", "coordinates": [ [ [ -72.596589, 46.337979 ], [ -72.596589, 46.33811 ], [ -72.596452, 46.33811 ], [ -72.596452, 46.337979 ], [ -72.596589, 46.337979 ] ] ] } },
{ "type": "Feature", "properties": { }, "geometry": { "type": "Polygon", "coordinates": [ [ [ -72.613781, 46.348922 ], [ -72.613883, 46.348971 ], [ -72.613779, 46.349073 ], [ -72.613677, 46.349024 ], [ -72.613781, 46.348922 ] ] ] } },
{ "type": "Feature", "properties": { }, "geometry": { "type": "Polygon", "coordinates": [ [ [ -72.609278, 46.351797 ], [ -72.609152, 46.35171 ], [ -72.609238, 46.351651 ], [ -72.609364, 46.351738 ], [ -72.609278, 46.351797 ] ] ] } },
{ "type": "Feature", "properties": { }, "geometry": { "type": "Polygon", "coordinates": [ [ [ -72.609074, 46.351943 ], [ -72.608994, 46.351999 ], [ -72.608863, 46.351908 ], [ -72.608943, 46.351852 ], [ -72.609074, 46.351943 ] ] ] } },
{ "type": "Feature", "properties": { }, "geometry": { "type": "Polygon", "coordinates": [ [ [ -72.61346, 46.353534 ], [ -72.613615, 46.35356 ], [ -72.613559, 46.353717 ], [ -72.613404, 46.353691 ], [ -72.61346, 46.353534 ] ] ] } },
{ "type": "Feature", "properties": { }, "geometry": { "type": "Polygon", "coordinates": [ [ [ -72.612742, 46.343029 ], [ -72.612647, 46.343071 ], [ -72.612557, 46.342976 ], [ -72.612653, 46.342934 ], [ -72.612742, 46.343029 ] ] ] } },
{ "type": "Feature", "properties": { }, "geometry": { "type": "Polygon", "coordinates": [ [ [ -72.616196, 46.346383 ], [ -72.616332, 46.346383 ], [ -72.616332, 46.346491 ], [ -72.616196, 46.346491 ], [ -72.616196, 46.346383 ] ] ] } },
{ "type": "Feature", "properties": { }, "geometry": { "type": "Polygon", "coordinates": [ [ [ -72.607171, 46.34254 ], [ -72.607044, 46.342695 ], [ -72.606943, 46.342656 ], [ -72.60707, 46.3425 ], [ -72.607171, 46.34254 ] ] ] } },
{ "type": "Feature", "properties": { }, "geometry": { "type": "Polygon", "coordinates": [ [ [ -72.603468, 46.334585 ], [ -72.603389, 46.334646 ], [ -72.603213, 46.334537 ], [ -72.603292, 46.334477 ], [ -72.603468, 46.334585 ] ] ] } },
{ "type": "Feature", "properties": { }, "geometry": { "type": "Polygon", "coordinates": [ [ [ -72.594996, 46.332845 ], [ -72.594907, 46.332787 ], [ -72.594996, 46.332723 ], [ -72.595084, 46.33278 ], [ -72.594996, 46.332845 ] ] ] } },
{ "type": "Feature", "properties": { }, "geometry": { "type": "Polygon", "coordinates": [ [ [ -72.591954, 46.334016 ], [ -72.591875, 46.333961 ], [ -72.592016, 46.333864 ], [ -72.592095, 46.333918 ], [ -72.591954, 46.334016 ] ] ] } },
{ "type": "Feature", "properties": { }, "geometry": { "type": "Polygon", "coordinates": [ [ [ -72.592301, 46.339259 ], [ -72.592241, 46.339301 ], [ -72.592219, 46.339286 ], [ -72.592172, 46.339318 ], [ -72.59208, 46.339254 ], [ -72.592241, 46.339143 ], [ -72.592328, 46.339204 ], [ -72.592274, 46.339241 ], [ -72.592301, 46.339259 ] ] ] } },
{ "type": "Feature", "properties": { }, "geometry": { "type": "Polygon", "coordinates": [ [ [ -72.608377, 46.349454 ], [ -72.608478, 46.349526 ], [ -72.608387, 46.349586 ], [ -72.608287, 46.349513 ], [ -72.608377, 46.349454 ] ] ] } },
{ "type": "Feature", "properties": { }, "geometry": { "type": "Polygon", "coordinates": [ [ [ -72.611698, 46.343165 ], [ -72.611495, 46.343255 ], [ -72.611434, 46.34319 ], [ -72.611637, 46.343099 ], [ -72.611698, 46.343165 ] ] ] } },
{ "type": "Feature", "properties": { }, "geometry": { "type": "Polygon", "coordinates": [ [ [ -72.61908, 46.343862 ], [ -72.618996, 46.343921 ], [ -72.618866, 46.343831 ], [ -72.61895, 46.343773 ], [ -72.61908, 46.343862 ] ] ] } },
{ "type": "Feature", "properties": { }, "geometry": { "type": "Polygon", "coordinates": [ [ [ -72.612942, 46.343954 ], [ -72.612846, 46.343954 ], [ -72.612846, 46.343828 ], [ -72.612942, 46.343828 ], [ -72.612942, 46.343954 ] ] ] } },
{ "type": "Feature", "properties": { }, "geometry": { "type": "Polygon", "coordinates": [ [ [ -72.606722, 46.343654 ], [ -72.606618, 46.343654 ], [ -72.606618, 46.343506 ], [ -72.606722, 46.343506 ], [ -72.606722, 46.343654 ] ] ] } },
{ "type": "Feature", "properties": { }, "geometry": { "type": "Polygon", "coordinates": [ [ [ -72.591006, 46.341381 ], [ -72.59092, 46.34144 ], [ -72.590806, 46.341362 ], [ -72.590892, 46.341302 ], [ -72.591006, 46.341381 ] ] ] } },
{ "type": "Feature", "properties": { }, "geometry": { "type": "Polygon", "coordinates": [ [ [ -72.608782, 46.352139 ], [ -72.608698, 46.352198 ], [ -72.608577, 46.352114 ], [ -72.608661, 46.352056 ], [ -72.608782, 46.352139 ] ] ] } },
{ "type": "Feature", "properties": { }, "geometry": { "type": "Polygon", "coordinates": [ [ [ -72.608863, 46.352415 ], [ -72.608958, 46.352482 ], [ -72.608743, 46.352629 ], [ -72.608648, 46.352562 ], [ -72.608863, 46.352415 ] ] ] } },
{ "type": "Feature", "properties": { }, "geometry": { "type": "Polygon", "coordinates": [ [ [ -72.607369, 46.340661 ], [ -72.607443, 46.340735 ], [ -72.607295, 46.340805 ], [ -72.607221, 46.340731 ], [ -72.607369, 46.340661 ] ] ] } },
{ "type": "Feature", "properties": { }, "geometry": { "type": "Polygon", "coordinates": [ [ [ -72.596568, 46.333235 ], [ -72.59647, 46.333306 ], [ -72.596381, 46.333247 ], [ -72.596479, 46.333177 ], [ -72.596568, 46.333235 ] ] ] } },
{ "type": "Feature", "properties": { }, "geometry": { "type": "Polygon", "coordinates": [ [ [ -72.607709, 46.349038 ], [ -72.607607, 46.348968 ], [ -72.607715, 46.348894 ], [ -72.607816, 46.348964 ], [ -72.607709, 46.349038 ] ] ] } },
{ "type": "Feature", "properties": { }, "geometry": { "type": "Polygon", "coordinates": [ [ [ -72.598308, 46.340594 ], [ -72.598245, 46.340589 ], [ -72.598254, 46.340532 ], [ -72.598318, 46.340537 ], [ -72.598308, 46.340594 ] ] ] } },
{ "type": "Feature", "properties": { }, "geometry": { "type": "Polygon", "coordinates": [ [ [ -72.606985, 46.344237 ], [ -72.606864, 46.344246 ], [ -72.606846, 46.344121 ], [ -72.606967, 46.344112 ], [ -72.606985, 46.344237 ] ] ] } },
{ "type": "Feature", "properties": { }, "geometry": { "type": "Polygon", "coordinates": [ [ [ -72.598148, 46.344986 ], [ -72.598073, 46.345038 ], [ -72.597977, 46.344971 ], [ -72.598052, 46.34492 ], [ -72.598148, 46.344986 ] ] ] } },
{ "type": "Feature", "properties": { }, "geometry": { "type": "Polygon", "coordinates": [ [ [ -72.60756, 46.34536 ], [ -72.607446, 46.34536 ], [ -72.607446, 46.345244 ], [ -72.607561, 46.345245 ], [ -72.60756, 46.34536 ] ] ] } },
{ "type": "Feature", "properties": { }, "geometry": { "type": "Polygon", "coordinates": [ [ [ -72.607044, 46.345685 ], [ -72.607044, 46.345832 ], [ -72.606929, 46.345832 ], [ -72.606929, 46.345685 ], [ -72.607044, 46.345685 ] ] ] } },
{ "type": "Feature", "properties": { }, "geometry": { "type": "Polygon", "coordinates": [ [ [ -72.607537, 46.346944 ], [ -72.607449, 46.346985 ], [ -72.607339, 46.346875 ], [ -72.607427, 46.346833 ], [ -72.607537, 46.346944 ] ] ] } },
{ "type": "Feature", "properties": { }, "geometry": { "type": "Polygon", "coordinates": [ [ [ -72.596359, 46.342696 ], [ -72.596435, 46.342748 ], [ -72.596315, 46.34283 ], [ -72.59624, 46.342778 ], [ -72.596359, 46.342696 ] ] ] } },
{ "type": "Feature", "properties": { }, "geometry": { "type": "Polygon", "coordinates": [ [ [ -72.588113, 46.338368 ], [ -72.588111, 46.338423 ], [ -72.588157, 46.338457 ], [ -72.587964, 46.338582 ], [ -72.587962, 46.338622 ], [ -72.587864, 46.338686 ], [ -72.587804, 46.338685 ], [ -72.587691, 46.338758 ], [ -72.587387, 46.338536 ], [ -72.587531, 46.338442 ], [ -72.587533, 46.338383 ], [ -72.587593, 46.338344 ], [ -72.587682, 46.338346 ], [ -72.587727, 46.338316 ], [ -72.587729, 46.338279 ], [ -72.58778, 46.338246 ], [ -72.587951, 46.338249 ], [ -72.588113, 46.338368 ] ] ] } },
{ "type": "Feature", "properties": { }, "geometry": { "type": "Polygon", "coordinates": [ [ [ -72.615855, 46.347055 ], [ -72.615855, 46.347146 ], [ -72.615694, 46.347146 ], [ -72.615694, 46.347055 ], [ -72.615855, 46.347055 ] ] ] } },
{ "type": "Feature", "properties": { }, "geometry": { "type": "Polygon", "coordinates": [ [ [ -72.608877, 46.349937 ], [ -72.608774, 46.349866 ], [ -72.608867, 46.349802 ], [ -72.60897, 46.349873 ], [ -72.608877, 46.349937 ] ] ] } },
{ "type": "Feature", "properties": { }, "geometry": { "type": "Polygon", "coordinates": [ [ [ -72.60902, 46.341199 ], [ -72.60883, 46.341092 ], [ -72.608904, 46.341029 ], [ -72.609095, 46.341136 ], [ -72.60902, 46.341199 ] ] ] } },
{ "type": "Feature", "properties": { }, "geometry": { "type": "Polygon", "coordinates": [ [ [ -72.612277, 46.345382 ], [ -72.612277, 46.345463 ], [ -72.612105, 46.345463 ], [ -72.612105, 46.345382 ], [ -72.612277, 46.345382 ] ] ] } },
{ "type": "Feature", "properties": { }, "geometry": { "type": "Polygon", "coordinates": [ [ [ -72.599455, 46.342711 ], [ -72.599362, 46.342785 ], [ -72.599239, 46.34271 ], [ -72.599332, 46.342637 ], [ -72.599455, 46.342711 ] ] ] } },
{ "type": "Feature", "properties": { }, "geometry": { "type": "Polygon", "coordinates": [ [ [ -72.601266, 46.34639 ], [ -72.601293, 46.346461 ], [ -72.601102, 46.346495 ], [ -72.601075, 46.346424 ], [ -72.601266, 46.34639 ] ] ] } },
{ "type": "Feature", "properties": { }, "geometry": { "type": "Polygon", "coordinates": [ [ [ -72.592327, 46.338242 ], [ -72.592209, 46.338323 ], [ -72.59212, 46.338262 ], [ -72.592238, 46.33818 ], [ -72.592327, 46.338242 ] ] ] } },
{ "type": "Feature", "properties": { }, "geometry": { "type": "Polygon", "coordinates": [ [ [ -72.589767, 46.338467 ], [ -72.589856, 46.338529 ], [ -72.589699, 46.338638 ], [ -72.58961, 46.338577 ], [ -72.589767, 46.338467 ] ] ] } },
{ "type": "Feature", "properties": { }, "geometry": { "type": "Polygon", "coordinates": [ [ [ -72.612103, 46.348122 ], [ -72.612188, 46.348177 ], [ -72.612045, 46.348283 ], [ -72.611959, 46.348227 ], [ -72.612103, 46.348122 ] ] ] } },
{ "type": "Feature", "properties": { }, "geometry": { "type": "Polygon", "coordinates": [ [ [ -72.617205, 46.344424 ], [ -72.617318, 46.344382 ], [ -72.617418, 46.344512 ], [ -72.617305, 46.344554 ], [ -72.617205, 46.344424 ] ] ] } },
{ "type": "Feature", "properties": { }, "geometry": { "type": "Polygon", "coordinates": [ [ [ -72.617218, 46.346726 ], [ -72.617392, 46.346726 ], [ -72.617392, 46.346813 ], [ -72.617218, 46.346813 ], [ -72.617218, 46.346726 ] ] ] } },
{ "type": "Feature", "properties": { }, "geometry": { "type": "Polygon", "coordinates": [ [ [ -72.597937, 46.334126 ], [ -72.597856, 46.33407 ], [ -72.598006, 46.333966 ], [ -72.598087, 46.334022 ], [ -72.597937, 46.334126 ] ] ] } },
{ "type": "Feature", "properties": { }, "geometry": { "type": "Polygon", "coordinates": [ [ [ -72.604751, 46.334427 ], [ -72.604866, 46.334506 ], [ -72.604788, 46.33456 ], [ -72.604673, 46.33448 ], [ -72.604751, 46.334427 ] ] ] } },
{ "type": "Feature", "properties": { }, "geometry": { "type": "Polygon", "coordinates": [ [ [ -72.604879, 46.338497 ], [ -72.60479, 46.338559 ], [ -72.604673, 46.338479 ], [ -72.604763, 46.338417 ], [ -72.604879, 46.338497 ] ] ] } },
{ "type": "Feature", "properties": { }, "geometry": { "type": "Polygon", "coordinates": [ [ [ -72.61448, 46.349376 ], [ -72.6146, 46.349438 ], [ -72.614517, 46.349515 ], [ -72.614396, 46.349453 ], [ -72.61448, 46.349376 ] ] ] } },
{ "type": "Feature", "properties": { }, "geometry": { "type": "Polygon", "coordinates": [ [ [ -72.60903, 46.351128 ], [ -72.609118, 46.351067 ], [ -72.609245, 46.351155 ], [ -72.609158, 46.351216 ], [ -72.60903, 46.351128 ] ] ] } },
{ "type": "Feature", "properties": { }, "geometry": { "type": "Polygon", "coordinates": [ [ [ -72.608616, 46.348705 ], [ -72.608533, 46.348762 ], [ -72.608413, 46.34868 ], [ -72.608496, 46.348623 ], [ -72.608616, 46.348705 ] ] ] } },
{ "type": "Feature", "properties": { }, "geometry": { "type": "Polygon", "coordinates": [ [ [ -72.604297, 46.350028 ], [ -72.604171, 46.35011 ], [ -72.604007, 46.34999 ], [ -72.604134, 46.349908 ], [ -72.604297, 46.350028 ] ] ] } },
{ "type": "Feature", "properties": { }, "geometry": { "type": "Polygon", "coordinates": [ [ [ -72.599366, 46.344476 ], [ -72.599281, 46.344414 ], [ -72.599394, 46.344341 ], [ -72.599479, 46.344404 ], [ -72.599366, 46.344476 ] ] ] } },
{ "type": "Feature", "properties": { }, "geometry": { "type": "Polygon", "coordinates": [ [ [ -72.592362, 46.336886 ], [ -72.592242, 46.336968 ], [ -72.592152, 46.336906 ], [ -72.592272, 46.336824 ], [ -72.592362, 46.336886 ] ] ] } },
{ "type": "Feature", "properties": { }, "geometry": { "type": "Polygon", "coordinates": [ [ [ -72.6122, 46.352004 ], [ -72.61208, 46.351965 ], [ -72.61214, 46.351877 ], [ -72.612261, 46.351916 ], [ -72.6122, 46.352004 ] ] ] } },
{ "type": "Feature", "properties": { }, "geometry": { "type": "Polygon", "coordinates": [ [ [ -72.603628, 46.348872 ], [ -72.603522, 46.348973 ], [ -72.603355, 46.348889 ], [ -72.603461, 46.348788 ], [ -72.603628, 46.348872 ] ] ] } },
{ "type": "Feature", "properties": { }, "geometry": { "type": "Polygon", "coordinates": [ [ [ -72.61458, 46.341446 ], [ -72.614532, 46.341324 ], [ -72.614649, 46.341302 ], [ -72.614698, 46.341424 ], [ -72.61458, 46.341446 ] ] ] } },
{ "type": "Feature", "properties": { }, "geometry": { "type": "Polygon", "coordinates": [ [ [ -72.60996, 46.342589 ], [ -72.610102, 46.342688 ], [ -72.610011, 46.34275 ], [ -72.609868, 46.342652 ], [ -72.60996, 46.342589 ] ] ] } },
{ "type": "Feature", "properties": { }, "geometry": { "type": "Polygon", "coordinates": [ [ [ -72.602187, 46.346306 ], [ -72.602187, 46.346393 ], [ -72.602039, 46.346393 ], [ -72.602039, 46.346306 ], [ -72.602187, 46.346306 ] ] ] } },
{ "type": "Feature", "properties": { }, "geometry": { "type": "Polygon", "coordinates": [ [ [ -72.604591, 46.339226 ], [ -72.604508, 46.339316 ], [ -72.604382, 46.339261 ], [ -72.604429, 46.33921 ], [ -72.604469, 46.339228 ], [ -72.604505, 46.339188 ], [ -72.604591, 46.339226 ] ] ] } },
{ "type": "Feature", "properties": { }, "geometry": { "type": "Polygon", "coordinates": [ [ [ -72.614498, 46.345763 ], [ -72.614498, 46.345882 ], [ -72.614364, 46.345882 ], [ -72.614364, 46.345763 ], [ -72.614498, 46.345763 ] ] ] } },
{ "type": "Feature", "properties": { }, "geometry": { "type": "Polygon", "coordinates": [ [ [ -72.598745, 46.334539 ], [ -72.598826, 46.334593 ], [ -72.598667, 46.334705 ], [ -72.598587, 46.334651 ], [ -72.598745, 46.334539 ] ] ] } },
{ "type": "Feature", "properties": { }, "geometry": { "type": "Polygon", "coordinates": [ [ [ -72.607396, 46.337642 ], [ -72.607449, 46.337597 ], [ -72.607558, 46.337659 ], [ -72.607487, 46.337719 ], [ -72.607464, 46.337706 ], [ -72.607422, 46.337741 ], [ -72.607258, 46.337648 ], [ -72.607318, 46.337597 ], [ -72.607396, 46.337642 ] ] ] } },
{ "type": "Feature", "properties": { }, "geometry": { "type": "Polygon", "coordinates": [ [ [ -72.593973, 46.342498 ], [ -72.593892, 46.342556 ], [ -72.593774, 46.342476 ], [ -72.593855, 46.342419 ], [ -72.593973, 46.342498 ] ] ] } },
{ "type": "Feature", "properties": { }, "geometry": { "type": "Polygon", "coordinates": [ [ [ -72.595658, 46.333144 ], [ -72.595752, 46.333203 ], [ -72.59567, 46.333266 ], [ -72.595576, 46.333207 ], [ -72.595658, 46.333144 ] ] ] } },
{ "type": "Feature", "properties": { }, "geometry": { "type": "Polygon", "coordinates": [ [ [ -72.589577, 46.338073 ], [ -72.589492, 46.338014 ], [ -72.589602, 46.337938 ], [ -72.589687, 46.337997 ], [ -72.589577, 46.338073 ] ] ] } },
{ "type": "Feature", "properties": { }, "geometry": { "type": "Polygon", "coordinates": [ [ [ -72.614481, 46.350081 ], [ -72.614328, 46.350027 ], [ -72.614383, 46.349952 ], [ -72.614536, 46.350006 ], [ -72.614481, 46.350081 ] ] ] } },
{ "type": "Feature", "properties": { }, "geometry": { "type": "Polygon", "coordinates": [ [ [ -72.608837, 46.350257 ], [ -72.608918, 46.350314 ], [ -72.608823, 46.350378 ], [ -72.608742, 46.350321 ], [ -72.608837, 46.350257 ] ] ] } },
{ "type": "Feature", "properties": { }, "geometry": { "type": "Polygon", "coordinates": [ [ [ -72.606373, 46.347489 ], [ -72.606287, 46.347543 ], [ -72.606123, 46.34742 ], [ -72.606209, 46.347365 ], [ -72.606373, 46.347489 ] ] ] } },
{ "type": "Feature", "properties": { }, "geometry": { "type": "Polygon", "coordinates": [ [ [ -72.609373, 46.342242 ], [ -72.609498, 46.342332 ], [ -72.60942, 46.342383 ], [ -72.609296, 46.342293 ], [ -72.609373, 46.342242 ] ] ] } },
{ "type": "Feature", "properties": { }, "geometry": { "type": "Polygon", "coordinates": [ [ [ -72.604816, 46.341289 ], [ -72.604657, 46.341178 ], [ -72.604735, 46.341125 ], [ -72.604894, 46.341235 ], [ -72.604816, 46.341289 ] ] ] } },
{ "type": "Feature", "properties": { }, "geometry": { "type": "Polygon", "coordinates": [ [ [ -72.599111, 46.346009 ], [ -72.598978, 46.346077 ], [ -72.598901, 46.346006 ], [ -72.599034, 46.345938 ], [ -72.599111, 46.346009 ] ] ] } },
{ "type": "Feature", "properties": { }, "geometry": { "type": "Polygon", "coordinates": [ [ [ -72.600588, 46.334377 ], [ -72.600414, 46.334275 ], [ -72.600502, 46.334204 ], [ -72.60059, 46.334256 ], [ -72.60062, 46.334232 ], [ -72.600705, 46.334282 ], [ -72.600588, 46.334377 ] ] ] } },
{ "type": "Feature", "properties": { }, "geometry": { "type": "Polygon", "coordinates": [ [ [ -72.603595, 46.335579 ], [ -72.603604, 46.335506 ], [ -72.603716, 46.335513 ], [ -72.603702, 46.335624 ], [ -72.603641, 46.335621 ], [ -72.603637, 46.33565 ], [ -72.603541, 46.335644 ], [ -72.60355, 46.335576 ], [ -72.603595, 46.335579 ] ] ] } },
{ "type": "Feature", "properties": { }, "geometry": { "type": "Polygon", "coordinates": [ [ [ -72.615426, 46.347274 ], [ -72.615426, 46.347396 ], [ -72.615297, 46.347396 ], [ -72.615297, 46.347274 ], [ -72.615426, 46.347274 ] ] ] } },
{ "type": "Feature", "properties": { }, "geometry": { "type": "Polygon", "coordinates": [ [ [ -72.606289, 46.348393 ], [ -72.60644, 46.348498 ], [ -72.606357, 46.348555 ], [ -72.606206, 46.34845 ], [ -72.606289, 46.348393 ] ] ] } },
{ "type": "Feature", "properties": { }, "geometry": { "type": "Polygon", "coordinates": [ [ [ -72.611412, 46.34027 ], [ -72.611558, 46.340307 ], [ -72.611518, 46.34038 ], [ -72.611372, 46.340343 ], [ -72.611412, 46.34027 ] ] ] } },
{ "type": "Feature", "properties": { }, "geometry": { "type": "Polygon", "coordinates": [ [ [ -72.617656, 46.344001 ], [ -72.617556, 46.344071 ], [ -72.617471, 46.344012 ], [ -72.617572, 46.343943 ], [ -72.617656, 46.344001 ] ] ] } },
{ "type": "Feature", "properties": { }, "geometry": { "type": "Polygon", "coordinates": [ [ [ -72.604043, 46.33946 ], [ -72.604043, 46.339323 ], [ -72.604136, 46.339323 ], [ -72.604136, 46.339358 ], [ -72.60422, 46.339358 ], [ -72.60422, 46.33946 ], [ -72.604043, 46.33946 ] ] ] } },
{ "type": "Feature", "properties": { }, "geometry": { "type": "Polygon", "coordinates": [ [ [ -72.606137, 46.342106 ], [ -72.606057, 46.342162 ], [ -72.605893, 46.342049 ], [ -72.605974, 46.341993 ], [ -72.606137, 46.342106 ] ] ] } },
{ "type": "Feature", "properties": { }, "geometry": { "type": "Polygon", "coordinates": [ [ [ -72.595843, 46.342532 ], [ -72.595917, 46.342583 ], [ -72.595767, 46.342687 ], [ -72.595693, 46.342636 ], [ -72.595843, 46.342532 ] ] ] } },
{ "type": "Feature", "properties": { }, "geometry": { "type": "Polygon", "coordinates": [ [ [ -72.595953, 46.342923 ], [ -72.596066, 46.343 ], [ -72.595995, 46.34305 ], [ -72.595882, 46.342972 ], [ -72.595953, 46.342923 ] ] ] } },
{ "type": "Feature", "properties": { }, "geometry": { "type": "Polygon", "coordinates": [ [ [ -72.589634, 46.337414 ], [ -72.58972, 46.337473 ], [ -72.589602, 46.337555 ], [ -72.589516, 46.337495 ], [ -72.589634, 46.337414 ] ] ] } },
{ "type": "Feature", "properties": { }, "geometry": { "type": "Polygon", "coordinates": [ [ [ -72.591082, 46.338958 ], [ -72.591152, 46.339006 ], [ -72.591045, 46.33908 ], [ -72.590975, 46.339032 ], [ -72.591082, 46.338958 ] ] ] } },
{ "type": "Feature", "properties": { }, "geometry": { "type": "Polygon", "coordinates": [ [ [ -72.61387, 46.350196 ], [ -72.613929, 46.350215 ], [ -72.613893, 46.35027 ], [ -72.61374, 46.350222 ], [ -72.61381, 46.350116 ], [ -72.613903, 46.350146 ], [ -72.61387, 46.350196 ] ] ] } },
{ "type": "Feature", "properties": { }, "geometry": { "type": "Polygon", "coordinates": [ [ [ -72.611876, 46.340646 ], [ -72.61172, 46.34055 ], [ -72.611816, 46.340476 ], [ -72.611972, 46.340572 ], [ -72.611876, 46.340646 ] ] ] } },
{ "type": "Feature", "properties": { }, "geometry": { "type": "Polygon", "coordinates": [ [ [ -72.611156, 46.345426 ], [ -72.611098, 46.345426 ], [ -72.611098, 46.345456 ], [ -72.610939, 46.345456 ], [ -72.610939, 46.345382 ], [ -72.611156, 46.345382 ], [ -72.611156, 46.345426 ] ] ] } },
{ "type": "Feature", "properties": { }, "geometry": { "type": "Polygon", "coordinates": [ [ [ -72.612604, 46.346805 ], [ -72.612604, 46.346728 ], [ -72.61283, 46.346728 ], [ -72.61283, 46.346805 ], [ -72.612604, 46.346805 ] ] ] } },
{ "type": "Feature", "properties": { }, "geometry": { "type": "Polygon", "coordinates": [ [ [ -72.60859, 46.341404 ], [ -72.608459, 46.341331 ], [ -72.608542, 46.34126 ], [ -72.608672, 46.341333 ], [ -72.60859, 46.341404 ] ] ] } },
{ "type": "Feature", "properties": { }, "geometry": { "type": "Polygon", "coordinates": [ [ [ -72.61002, 46.339384 ], [ -72.609951, 46.339239 ], [ -72.61008, 46.33921 ], [ -72.610149, 46.339355 ], [ -72.61002, 46.339384 ] ] ] } },
{ "type": "Feature", "properties": { }, "geometry": { "type": "Polygon", "coordinates": [ [ [ -72.607254, 46.33898 ], [ -72.60745, 46.338976 ], [ -72.607454, 46.339065 ], [ -72.607258, 46.339068 ], [ -72.607254, 46.33898 ] ] ] } },
{ "type": "Feature", "properties": { }, "geometry": { "type": "Polygon", "coordinates": [ [ [ -72.596501, 46.341315 ], [ -72.596607, 46.341238 ], [ -72.59676, 46.341338 ], [ -72.596685, 46.341393 ], [ -72.596644, 46.341366 ], [ -72.596614, 46.341388 ], [ -72.596501, 46.341315 ] ] ] } },
{ "type": "Feature", "properties": { }, "geometry": { "type": "Polygon", "coordinates": [ [ [ -72.597665, 46.343783 ], [ -72.597709, 46.343812 ], [ -72.59753, 46.343939 ], [ -72.597446, 46.343882 ], [ -72.597606, 46.343769 ], [ -72.597646, 46.343796 ], [ -72.597665, 46.343783 ] ] ] } },
{ "type": "Feature", "properties": { }, "geometry": { "type": "Polygon", "coordinates": [ [ [ -72.607069, 46.350115 ], [ -72.607164, 46.350051 ], [ -72.607281, 46.350133 ], [ -72.607186, 46.350198 ], [ -72.607069, 46.350115 ] ] ] } },
{ "type": "Feature", "properties": { }, "geometry": { "type": "Polygon", "coordinates": [ [ [ -72.606012, 46.341189 ], [ -72.605869, 46.341082 ], [ -72.605955, 46.341028 ], [ -72.606097, 46.341135 ], [ -72.606012, 46.341189 ] ] ] } },
{ "type": "Feature", "properties": { }, "geometry": { "type": "Polygon", "coordinates": [ [ [ -72.599383, 46.346354 ], [ -72.599302, 46.346416 ], [ -72.59918, 46.346339 ], [ -72.599262, 46.346278 ], [ -72.599383, 46.346354 ] ] ] } },
{ "type": "Feature", "properties": { }, "geometry": { "type": "Polygon", "coordinates": [ [ [ -72.606892, 46.336979 ], [ -72.606738, 46.336938 ], [ -72.606781, 46.336861 ], [ -72.606935, 46.336901 ], [ -72.606892, 46.336979 ] ] ] } },
{ "type": "Feature", "properties": { }, "geometry": { "type": "Polygon", "coordinates": [ [ [ -72.596061, 46.340442 ], [ -72.59597, 46.340474 ], [ -72.595893, 46.340369 ], [ -72.595984, 46.340337 ], [ -72.596061, 46.340442 ] ] ] } },
{ "type": "Feature", "properties": { }, "geometry": { "type": "Polygon", "coordinates": [ [ [ -72.596967, 46.341014 ], [ -72.597074, 46.341107 ], [ -72.596986, 46.341155 ], [ -72.596879, 46.341062 ], [ -72.596967, 46.341014 ] ] ] } },
{ "type": "Feature", "properties": { }, "geometry": { "type": "Polygon", "coordinates": [ [ [ -72.592494, 46.336837 ], [ -72.592384, 46.336761 ], [ -72.592474, 46.336699 ], [ -72.592584, 46.336775 ], [ -72.592494, 46.336837 ] ] ] } },
{ "type": "Feature", "properties": { }, "geometry": { "type": "Polygon", "coordinates": [ [ [ -72.610474, 46.349829 ], [ -72.610357, 46.349914 ], [ -72.61027, 46.349857 ], [ -72.610388, 46.349772 ], [ -72.610474, 46.349829 ] ] ] } },
{ "type": "Feature", "properties": { }, "geometry": { "type": "Polygon", "coordinates": [ [ [ -72.617792, 46.343002 ], [ -72.617932, 46.343024 ], [ -72.617882, 46.34317 ], [ -72.617742, 46.343147 ], [ -72.617792, 46.343002 ] ] ] } },
{ "type": "Feature", "properties": { }, "geometry": { "type": "Polygon", "coordinates": [ [ [ -72.613318, 46.344249 ], [ -72.61332, 46.344096 ], [ -72.613441, 46.344097 ], [ -72.613439, 46.344249 ], [ -72.613318, 46.344249 ] ] ] } },
{ "type": "Feature", "properties": { }, "geometry": { "type": "Polygon", "coordinates": [ [ [ -72.616426, 46.344493 ], [ -72.616426, 46.344628 ], [ -72.61629, 46.344628 ], [ -72.61629, 46.344493 ], [ -72.616426, 46.344493 ] ] ] } },
{ "type": "Feature", "properties": { }, "geometry": { "type": "Polygon", "coordinates": [ [ [ -72.609955, 46.346394 ], [ -72.610036, 46.34645 ], [ -72.609901, 46.346544 ], [ -72.609819, 46.346488 ], [ -72.609955, 46.346394 ] ] ] } },
{ "type": "Feature", "properties": { }, "geometry": { "type": "Polygon", "coordinates": [ [ [ -72.606981, 46.341681 ], [ -72.607146, 46.341783 ], [ -72.607067, 46.341843 ], [ -72.606903, 46.341742 ], [ -72.606981, 46.341681 ] ] ] } },
{ "type": "Feature", "properties": { }, "geometry": { "type": "Polygon", "coordinates": [ [ [ -72.597858, 46.34221 ], [ -72.597749, 46.34213 ], [ -72.597827, 46.34208 ], [ -72.597936, 46.342159 ], [ -72.597858, 46.34221 ] ] ] } },
{ "type": "Feature", "properties": { }, "geometry": { "type": "Polygon", "coordinates": [ [ [ -72.602468, 46.33721 ], [ -72.602468, 46.337129 ], [ -72.602634, 46.337129 ], [ -72.602634, 46.33721 ], [ -72.602468, 46.33721 ] ] ] } },
{ "type": "Feature", "properties": { }, "geometry": { "type": "Polygon", "coordinates": [ [ [ -72.595988, 46.339771 ], [ -72.596106, 46.339853 ], [ -72.596031, 46.339904 ], [ -72.595913, 46.339823 ], [ -72.595988, 46.339771 ] ] ] } },
{ "type": "Feature", "properties": { }, "geometry": { "type": "Polygon", "coordinates": [ [ [ -72.612167, 46.353522 ], [ -72.612095, 46.353677 ], [ -72.611934, 46.353641 ], [ -72.612006, 46.353487 ], [ -72.612167, 46.353522 ] ] ] } },
{ "type": "Feature", "properties": { }, "geometry": { "type": "Polygon", "coordinates": [ [ [ -72.605734, 46.340409 ], [ -72.605873, 46.340505 ], [ -72.605794, 46.34056 ], [ -72.605655, 46.340464 ], [ -72.605734, 46.340409 ] ] ] } },
{ "type": "Feature", "properties": { }, "geometry": { "type": "Polygon", "coordinates": [ [ [ -72.605677, 46.342883 ], [ -72.605705, 46.342918 ], [ -72.605755, 46.342899 ], [ -72.605799, 46.342952 ], [ -72.605758, 46.342968 ], [ -72.605812, 46.343033 ], [ -72.605708, 46.343074 ], [ -72.605582, 46.34292 ], [ -72.605677, 46.342883 ] ] ] } },
{ "type": "Feature", "properties": { }, "geometry": { "type": "Polygon", "coordinates": [ [ [ -72.599307, 46.338604 ], [ -72.599254, 46.338641 ], [ -72.59928, 46.338659 ], [ -72.599166, 46.338738 ], [ -72.599051, 46.338658 ], [ -72.599219, 46.338542 ], [ -72.599307, 46.338604 ] ] ] } },
{ "type": "Feature", "properties": { }, "geometry": { "type": "Polygon", "coordinates": [ [ [ -72.596266, 46.340894 ], [ -72.596245, 46.340877 ], [ -72.596207, 46.3409 ], [ -72.596096, 46.340812 ], [ -72.596183, 46.34076 ], [ -72.596242, 46.340806 ], [ -72.596315, 46.340762 ], [ -72.596388, 46.34082 ], [ -72.596266, 46.340894 ] ] ] } },
{ "type": "Feature", "properties": { }, "geometry": { "type": "Polygon", "coordinates": [ [ [ -72.595604, 46.333312 ], [ -72.595428, 46.333447 ], [ -72.595345, 46.333395 ], [ -72.595406, 46.333348 ], [ -72.595387, 46.333337 ], [ -72.595502, 46.333249 ], [ -72.595604, 46.333312 ] ] ] } },
{ "type": "Feature", "properties": { }, "geometry": { "type": "Polygon", "coordinates": [ [ [ -72.613731, 46.342975 ], [ -72.613872, 46.342966 ], [ -72.613891, 46.3431 ], [ -72.61375, 46.343109 ], [ -72.613731, 46.342975 ] ] ] } },
{ "type": "Feature", "properties": { }, "geometry": { "type": "Polygon", "coordinates": [ [ [ -72.61917, 46.346393 ], [ -72.619358, 46.346393 ], [ -72.619358, 46.346493 ], [ -72.61917, 46.346493 ], [ -72.61917, 46.346393 ] ] ] } },
{ "type": "Feature", "properties": { }, "geometry": { "type": "Polygon", "coordinates": [ [ [ -72.606495, 46.342431 ], [ -72.606395, 46.342484 ], [ -72.606258, 46.342359 ], [ -72.606359, 46.342307 ], [ -72.606495, 46.342431 ] ] ] } },
{ "type": "Feature", "properties": { }, "geometry": { "type": "Polygon", "coordinates": [ [ [ -72.605692, 46.344363 ], [ -72.60592, 46.344339 ], [ -72.605938, 46.344421 ], [ -72.60571, 46.344446 ], [ -72.605692, 46.344363 ] ] ] } },
{ "type": "Feature", "properties": { }, "geometry": { "type": "Polygon", "coordinates": [ [ [ -72.599854, 46.339109 ], [ -72.599735, 46.339027 ], [ -72.599834, 46.338958 ], [ -72.599954, 46.339041 ], [ -72.599854, 46.339109 ] ] ] } },
{ "type": "Feature", "properties": { }, "geometry": { "type": "Polygon", "coordinates": [ [ [ -72.59926, 46.33908 ], [ -72.59942, 46.339191 ], [ -72.599334, 46.33925 ], [ -72.599174, 46.33914 ], [ -72.59926, 46.33908 ] ] ] } },
{ "type": "Feature", "properties": { }, "geometry": { "type": "Polygon", "coordinates": [ [ [ -72.593337, 46.339464 ], [ -72.593415, 46.339531 ], [ -72.593238, 46.339629 ], [ -72.59316, 46.339562 ], [ -72.593337, 46.339464 ] ] ] } },
{ "type": "Feature", "properties": { }, "geometry": { "type": "Polygon", "coordinates": [ [ [ -72.616897, 46.349798 ], [ -72.616771, 46.349742 ], [ -72.616834, 46.349673 ], [ -72.616961, 46.349728 ], [ -72.616897, 46.349798 ] ] ] } },
{ "type": "Feature", "properties": { }, "geometry": { "type": "Polygon", "coordinates": [ [ [ -72.60521, 46.347415 ], [ -72.605113, 46.347455 ], [ -72.605025, 46.347353 ], [ -72.605122, 46.347313 ], [ -72.60521, 46.347415 ] ] ] } },
{ "type": "Feature", "properties": { }, "geometry": { "type": "Polygon", "coordinates": [ [ [ -72.610958, 46.34302 ], [ -72.611022, 46.342996 ], [ -72.611085, 46.343076 ], [ -72.610877, 46.343153 ], [ -72.610824, 46.343085 ], [ -72.610909, 46.343053 ], [ -72.610869, 46.343003 ], [ -72.610927, 46.342982 ], [ -72.610958, 46.34302 ] ] ] } },
{ "type": "Feature", "properties": { }, "geometry": { "type": "Polygon", "coordinates": [ [ [ -72.600721, 46.346907 ], [ -72.600797, 46.346853 ], [ -72.600903, 46.346924 ], [ -72.600826, 46.346978 ], [ -72.600721, 46.346907 ] ] ] } },
{ "type": "Feature", "properties": { }, "geometry": { "type": "Polygon", "coordinates": [ [ [ -72.597147, 46.342232 ], [ -72.597023, 46.342147 ], [ -72.597105, 46.34209 ], [ -72.597228, 46.342176 ], [ -72.597147, 46.342232 ] ] ] } },
{ "type": "Feature", "properties": { }, "geometry": { "type": "Polygon", "coordinates": [ [ [ -72.609883, 46.343956 ], [ -72.609809, 46.343902 ], [ -72.609926, 46.343825 ], [ -72.61, 46.343879 ], [ -72.609883, 46.343956 ] ] ] } },
{ "type": "Feature", "properties": { }, "geometry": { "type": "Polygon", "coordinates": [ [ [ -72.600998, 46.342197 ], [ -72.601124, 46.342197 ], [ -72.601124, 46.34233 ], [ -72.600998, 46.34233 ], [ -72.600998, 46.342197 ] ] ] } },
{ "type": "Feature", "properties": { }, "geometry": { "type": "Polygon", "coordinates": [ [ [ -72.601169, 46.34613 ], [ -72.601167, 46.346049 ], [ -72.601314, 46.346047 ], [ -72.601313, 46.346017 ], [ -72.601372, 46.346016 ], [ -72.601376, 46.346127 ], [ -72.601169, 46.34613 ] ] ] } },
{ "type": "Feature", "properties": { }, "geometry": { "type": "Polygon", "coordinates": [ [ [ -72.590157, 46.338284 ], [ -72.590032, 46.33837 ], [ -72.589936, 46.338304 ], [ -72.59006, 46.338217 ], [ -72.590157, 46.338284 ] ] ] } },
{ "type": "Feature", "properties": { }, "geometry": { "type": "Polygon", "coordinates": [ [ [ -72.615483, 46.349942 ], [ -72.615418, 46.350037 ], [ -72.615305, 46.35 ], [ -72.615371, 46.349905 ], [ -72.615483, 46.349942 ] ] ] } },
{ "type": "Feature", "properties": { }, "geometry": { "type": "Polygon", "coordinates": [ [ [ -72.615414, 46.34081 ], [ -72.615239, 46.340903 ], [ -72.61513, 46.340805 ], [ -72.61526, 46.340736 ], [ -72.615301, 46.340774 ], [ -72.615347, 46.34075 ], [ -72.615414, 46.34081 ] ] ] } },
{ "type": "Feature", "properties": { }, "geometry": { "type": "Polygon", "coordinates": [ [ [ -72.600832, 46.332905 ], [ -72.600981, 46.332926 ], [ -72.600959, 46.332997 ], [ -72.60081, 46.332976 ], [ -72.600832, 46.332905 ] ] ] } },
{ "type": "Feature", "properties": { }, "geometry": { "type": "Polygon", "coordinates": [ [ [ -72.602401, 46.337219 ], [ -72.602184, 46.337219 ], [ -72.602184, 46.337134 ], [ -72.602401, 46.337134 ], [ -72.602401, 46.337219 ] ] ] } },
{ "type": "Feature", "properties": { }, "geometry": { "type": "Polygon", "coordinates": [ [ [ -72.593036, 46.340255 ], [ -72.592958, 46.340202 ], [ -72.593056, 46.340134 ], [ -72.593134, 46.340188 ], [ -72.593036, 46.340255 ] ] ] } },
{ "type": "Feature", "properties": { }, "geometry": { "type": "Polygon", "coordinates": [ [ [ -72.611538, 46.348635 ], [ -72.611457, 46.348578 ], [ -72.611572, 46.348499 ], [ -72.611653, 46.348556 ], [ -72.611538, 46.348635 ] ] ] } },
{ "type": "Feature", "properties": { }, "geometry": { "type": "Polygon", "coordinates": [ [ [ -72.61691, 46.350175 ], [ -72.616787, 46.350142 ], [ -72.616835, 46.350055 ], [ -72.616958, 46.350087 ], [ -72.61691, 46.350175 ] ] ] } },
{ "type": "Feature", "properties": { }, "geometry": { "type": "Polygon", "coordinates": [ [ [ -72.602742, 46.341908 ], [ -72.602742, 46.341832 ], [ -72.602956, 46.341832 ], [ -72.602956, 46.341908 ], [ -72.602742, 46.341908 ] ] ] } },
{ "type": "Feature", "properties": { }, "geometry": { "type": "Polygon", "coordinates": [ [ [ -72.605191, 46.341969 ], [ -72.60511, 46.342025 ], [ -72.604975, 46.341932 ], [ -72.605056, 46.341876 ], [ -72.605191, 46.341969 ] ] ] } },
{ "type": "Feature", "properties": { }, "geometry": { "type": "Polygon", "coordinates": [ [ [ -72.599357, 46.343466 ], [ -72.599548, 46.343363 ], [ -72.599619, 46.343426 ], [ -72.599434, 46.343525 ], [ -72.599455, 46.343544 ], [ -72.599265, 46.343647 ], [ -72.599185, 46.343576 ], [ -72.599369, 46.343477 ], [ -72.599357, 46.343466 ] ] ] } },
{ "type": "Feature", "properties": { }, "geometry": { "type": "Polygon", "coordinates": [ [ [ -72.598468, 46.343626 ], [ -72.598546, 46.343679 ], [ -72.598428, 46.343761 ], [ -72.59835, 46.343708 ], [ -72.598468, 46.343626 ] ] ] } },
{ "type": "Feature", "properties": { }, "geometry": { "type": "Polygon", "coordinates": [ [ [ -72.593318, 46.342709 ], [ -72.593205, 46.342631 ], [ -72.593286, 46.342575 ], [ -72.593398, 46.342653 ], [ -72.593318, 46.342709 ] ] ] } },
{ "type": "Feature", "properties": { }, "geometry": { "type": "Polygon", "coordinates": [ [ [ -72.618831, 46.348625 ], [ -72.618965, 46.348672 ], [ -72.618876, 46.348793 ], [ -72.618742, 46.348746 ], [ -72.618831, 46.348625 ] ] ] } },
{ "type": "Feature", "properties": { }, "geometry": { "type": "Polygon", "coordinates": [ [ [ -72.614668, 46.351996 ], [ -72.614589, 46.352069 ], [ -72.614435, 46.35199 ], [ -72.614514, 46.351917 ], [ -72.614668, 46.351996 ] ] ] } },
{ "type": "Feature", "properties": { }, "geometry": { "type": "Polygon", "coordinates": [ [ [ -72.61816, 46.343606 ], [ -72.618071, 46.343539 ], [ -72.618244, 46.34343 ], [ -72.618333, 46.343497 ], [ -72.61816, 46.343606 ] ] ] } },
{ "type": "Feature", "properties": { }, "geometry": { "type": "Polygon", "coordinates": [ [ [ -72.595226, 46.339222 ], [ -72.59522, 46.339323 ], [ -72.595005, 46.339318 ], [ -72.595011, 46.339216 ], [ -72.595226, 46.339222 ] ] ] } },
{ "type": "Feature", "properties": { }, "geometry": { "type": "Polygon", "coordinates": [ [ [ -72.609117, 46.351906 ], [ -72.60899, 46.351818 ], [ -72.609068, 46.351764 ], [ -72.609195, 46.351852 ], [ -72.609117, 46.351906 ] ] ] } },
{ "type": "Feature", "properties": { }, "geometry": { "type": "Polygon", "coordinates": [ [ [ -72.612339, 46.346104 ], [ -72.612339, 46.346028 ], [ -72.612524, 46.346028 ], [ -72.612524, 46.346104 ], [ -72.612339, 46.346104 ] ] ] } },
{ "type": "Feature", "properties": { }, "geometry": { "type": "Polygon", "coordinates": [ [ [ -72.607864, 46.341386 ], [ -72.607774, 46.341342 ], [ -72.60788, 46.34124 ], [ -72.607969, 46.341283 ], [ -72.607864, 46.341386 ] ] ] } },
{ "type": "Feature", "properties": { }, "geometry": { "type": "Polygon", "coordinates": [ [ [ -72.605004, 46.334154 ], [ -72.60516, 46.334261 ], [ -72.605085, 46.334313 ], [ -72.604929, 46.334205 ], [ -72.605004, 46.334154 ] ] ] } },
{ "type": "Feature", "properties": { }, "geometry": { "type": "Polygon", "coordinates": [ [ [ -72.602692, 46.347932 ], [ -72.602619, 46.348 ], [ -72.602486, 46.34793 ], [ -72.602559, 46.347863 ], [ -72.602692, 46.347932 ] ] ] } },
{ "type": "Feature", "properties": { }, "geometry": { "type": "Polygon", "coordinates": [ [ [ -72.614347, 46.34368 ], [ -72.614344, 46.343547 ], [ -72.614495, 46.343546 ], [ -72.614497, 46.343678 ], [ -72.614347, 46.34368 ] ] ] } },
{ "type": "Feature", "properties": { }, "geometry": { "type": "Polygon", "coordinates": [ [ [ -72.609426, 46.344737 ], [ -72.609533, 46.344737 ], [ -72.609533, 46.344809 ], [ -72.609573, 46.344809 ], [ -72.609573, 46.344846 ], [ -72.609525, 46.344846 ], [ -72.609525, 46.3449 ], [ -72.609426, 46.3449 ], [ -72.609426, 46.344737 ] ] ] } },
{ "type": "Feature", "properties": { }, "geometry": { "type": "Polygon", "coordinates": [ [ [ -72.61629, 46.345358 ], [ -72.61629, 46.345232 ], [ -72.616429, 46.345232 ], [ -72.616429, 46.345358 ], [ -72.61629, 46.345358 ] ] ] } },
{ "type": "Feature", "properties": { }, "geometry": { "type": "Polygon", "coordinates": [ [ [ -72.601492, 46.345106 ], [ -72.601599, 46.345191 ], [ -72.601512, 46.345243 ], [ -72.601405, 46.345158 ], [ -72.601492, 46.345106 ] ] ] } },
{ "type": "Feature", "properties": { }, "geometry": { "type": "Polygon", "coordinates": [ [ [ -72.601644, 46.337134 ], [ -72.601646, 46.337218 ], [ -72.601418, 46.33722 ], [ -72.601416, 46.337136 ], [ -72.601644, 46.337134 ] ] ] } },
{ "type": "Feature", "properties": { }, "geometry": { "type": "Polygon", "coordinates": [ [ [ -72.594664, 46.33929 ], [ -72.594685, 46.339365 ], [ -72.594519, 46.339387 ], [ -72.594486, 46.339269 ], [ -72.594589, 46.339255 ], [ -72.594601, 46.339298 ], [ -72.594664, 46.33929 ] ] ] } },
{ "type": "Feature", "properties": { }, "geometry": { "type": "Polygon", "coordinates": [ [ [ -72.608502, 46.352342 ], [ -72.608409, 46.352388 ], [ -72.608309, 46.352289 ], [ -72.608403, 46.352244 ], [ -72.608502, 46.352342 ] ] ] } },
{ "type": "Feature", "properties": { }, "geometry": { "type": "Polygon", "coordinates": [ [ [ -72.610485, 46.345435 ], [ -72.610373, 46.345435 ], [ -72.610373, 46.345302 ], [ -72.610485, 46.345302 ], [ -72.610485, 46.345435 ] ] ] } },
{ "type": "Feature", "properties": { }, "geometry": { "type": "Polygon", "coordinates": [ [ [ -72.601001, 46.332197 ], [ -72.600989, 46.332271 ], [ -72.600829, 46.332259 ], [ -72.600841, 46.332185 ], [ -72.601001, 46.332197 ] ] ] } },
{ "type": "Feature", "properties": { }, "geometry": { "type": "Polygon", "coordinates": [ [ [ -72.600947, 46.334112 ], [ -72.600768, 46.334024 ], [ -72.600828, 46.333966 ], [ -72.601007, 46.334055 ], [ -72.600947, 46.334112 ] ] ] } },
{ "type": "Feature", "properties": { }, "geometry": { "type": "Polygon", "coordinates": [ [ [ -72.596578, 46.334997 ], [ -72.596652, 46.335048 ], [ -72.596542, 46.335124 ], [ -72.596468, 46.335073 ], [ -72.596578, 46.334997 ] ] ] } },
{ "type": "Feature", "properties": { }, "geometry": { "type": "Polygon", "coordinates": [ [ [ -72.615456, 46.350719 ], [ -72.6154, 46.35079 ], [ -72.615277, 46.350744 ], [ -72.615334, 46.350673 ], [ -72.615456, 46.350719 ] ] ] } },
{ "type": "Feature", "properties": { }, "geometry": { "type": "Polygon", "coordinates": [ [ [ -72.613514, 46.351543 ], [ -72.613501, 46.351568 ], [ -72.613619, 46.351598 ], [ -72.613571, 46.351688 ], [ -72.61336, 46.351635 ], [ -72.613421, 46.35152 ], [ -72.613514, 46.351543 ] ] ] } },
{ "type": "Feature", "properties": { }, "geometry": { "type": "Polygon", "coordinates": [ [ [ -72.61177, 46.343557 ], [ -72.611706, 46.343485 ], [ -72.611911, 46.3434 ], [ -72.611974, 46.343471 ], [ -72.61177, 46.343557 ] ] ] } },
{ "type": "Feature", "properties": { }, "geometry": { "type": "Polygon", "coordinates": [ [ [ -72.609571, 46.346228 ], [ -72.609461, 46.346228 ], [ -72.609461, 46.346013 ], [ -72.609571, 46.346013 ], [ -72.609571, 46.346228 ] ] ] } },
{ "type": "Feature", "properties": { }, "geometry": { "type": "Polygon", "coordinates": [ [ [ -72.601027, 46.345639 ], [ -72.600941, 46.345578 ], [ -72.601058, 46.3455 ], [ -72.601144, 46.34556 ], [ -72.601027, 46.345639 ] ] ] } },
{ "type": "Feature", "properties": { }, "geometry": { "type": "Polygon", "coordinates": [ [ [ -72.606718, 46.346063 ], [ -72.60672, 46.346098 ], [ -72.606635, 46.346101 ], [ -72.606632, 46.346066 ], [ -72.606718, 46.346063 ] ] ] } },
{ "type": "Feature", "properties": { }, "geometry": { "type": "Polygon", "coordinates": [ [ [ -72.610611, 46.339126 ], [ -72.610554, 46.339052 ], [ -72.610689, 46.339003 ], [ -72.610745, 46.339076 ], [ -72.610611, 46.339126 ] ] ] } },
{ "type": "Feature", "properties": { }, "geometry": { "type": "Polygon", "coordinates": [ [ [ -72.603732, 46.337771 ], [ -72.603658, 46.337838 ], [ -72.603524, 46.337768 ], [ -72.603597, 46.337701 ], [ -72.603732, 46.337771 ] ] ] } },
{ "type": "Feature", "properties": { }, "geometry": { "type": "Polygon", "coordinates": [ [ [ -72.592692, 46.339425 ], [ -72.59258, 46.339507 ], [ -72.592497, 46.339453 ], [ -72.592609, 46.339371 ], [ -72.592692, 46.339425 ] ] ] } },
{ "type": "Feature", "properties": { }, "geometry": { "type": "Polygon", "coordinates": [ [ [ -72.593665, 46.333791 ], [ -72.593534, 46.333882 ], [ -72.593412, 46.333798 ], [ -72.593543, 46.333707 ], [ -72.593665, 46.333791 ] ] ] } },
{ "type": "Feature", "properties": { }, "geometry": { "type": "Polygon", "coordinates": [ [ [ -72.595929, 46.335508 ], [ -72.595851, 46.335464 ], [ -72.595947, 46.335383 ], [ -72.596069, 46.335452 ], [ -72.596009, 46.335502 ], [ -72.595966, 46.335477 ], [ -72.595929, 46.335508 ] ] ] } },
{ "type": "Feature", "properties": { }, "geometry": { "type": "Polygon", "coordinates": [ [ [ -72.610019, 46.350621 ], [ -72.609931, 46.350682 ], [ -72.609806, 46.350596 ], [ -72.609894, 46.350535 ], [ -72.610019, 46.350621 ] ] ] } },
{ "type": "Feature", "properties": { }, "geometry": { "type": "Polygon", "coordinates": [ [ [ -72.616442, 46.346817 ], [ -72.616442, 46.346735 ], [ -72.616606, 46.346735 ], [ -72.616606, 46.346817 ], [ -72.616442, 46.346817 ] ] ] } },
{ "type": "Feature", "properties": { }, "geometry": { "type": "Polygon", "coordinates": [ [ [ -72.606547, 46.346075 ], [ -72.60654, 46.346228 ], [ -72.606416, 46.346225 ], [ -72.606424, 46.346072 ], [ -72.606547, 46.346075 ] ] ] } },
{ "type": "Feature", "properties": { }, "geometry": { "type": "Polygon", "coordinates": [ [ [ -72.603245, 46.333066 ], [ -72.603167, 46.33313 ], [ -72.603035, 46.333053 ], [ -72.603113, 46.332989 ], [ -72.603245, 46.333066 ] ] ] } },
{ "type": "Feature", "properties": { }, "geometry": { "type": "Polygon", "coordinates": [ [ [ -72.590671, 46.336246 ], [ -72.590533, 46.336309 ], [ -72.590465, 46.336238 ], [ -72.590603, 46.336175 ], [ -72.590671, 46.336246 ] ] ] } },
{ "type": "Feature", "properties": { }, "geometry": { "type": "Polygon", "coordinates": [ [ [ -72.620299, 46.347356 ], [ -72.620249, 46.347477 ], [ -72.620132, 46.347454 ], [ -72.620183, 46.347333 ], [ -72.620299, 46.347356 ] ] ] } },
{ "type": "Feature", "properties": { }, "geometry": { "type": "Polygon", "coordinates": [ [ [ -72.614886, 46.349114 ], [ -72.614777, 46.349062 ], [ -72.614878, 46.348962 ], [ -72.614987, 46.349014 ], [ -72.614886, 46.349114 ] ] ] } },
{ "type": "Feature", "properties": { }, "geometry": { "type": "Polygon", "coordinates": [ [ [ -72.610591, 46.346604 ], [ -72.610461, 46.346681 ], [ -72.610395, 46.346628 ], [ -72.610524, 46.346551 ], [ -72.610591, 46.346604 ] ] ] } },
{ "type": "Feature", "properties": { }, "geometry": { "type": "Polygon", "coordinates": [ [ [ -72.597118, 46.335048 ], [ -72.597003, 46.334968 ], [ -72.597085, 46.334912 ], [ -72.5972, 46.334992 ], [ -72.597118, 46.335048 ] ] ] } },
{ "type": "Feature", "properties": { }, "geometry": { "type": "Polygon", "coordinates": [ [ [ -72.589492, 46.337503 ], [ -72.589585, 46.337567 ], [ -72.589451, 46.33766 ], [ -72.589357, 46.337595 ], [ -72.589492, 46.337503 ] ] ] } },
{ "type": "Feature", "properties": { }, "geometry": { "type": "Polygon", "coordinates": [ [ [ -72.59008, 46.338702 ], [ -72.590162, 46.338758 ], [ -72.590044, 46.33884 ], [ -72.589962, 46.338783 ], [ -72.59008, 46.338702 ] ] ] } },
{ "type": "Feature", "properties": { }, "geometry": { "type": "Polygon", "coordinates": [ [ [ -72.610442, 46.34752 ], [ -72.610527, 46.347578 ], [ -72.61041, 46.347659 ], [ -72.610326, 46.347601 ], [ -72.610442, 46.34752 ] ] ] } },
{ "type": "Feature", "properties": { }, "geometry": { "type": "Polygon", "coordinates": [ [ [ -72.612995, 46.352176 ], [ -72.612983, 46.352194 ], [ -72.613044, 46.352214 ], [ -72.613002, 46.352276 ], [ -72.612851, 46.352226 ], [ -72.612906, 46.352146 ], [ -72.612995, 46.352176 ] ] ] } },
{ "type": "Feature", "properties": { }, "geometry": { "type": "Polygon", "coordinates": [ [ [ -72.612722, 46.340527 ], [ -72.612645, 46.340596 ], [ -72.612482, 46.340509 ], [ -72.61256, 46.34044 ], [ -72.612722, 46.340527 ] ] ] } },
{ "type": "Feature", "properties": { }, "geometry": { "type": "Polygon", "coordinates": [ [ [ -72.613309, 46.343369 ], [ -72.613452, 46.34337 ], [ -72.613451, 46.343459 ], [ -72.613308, 46.343458 ], [ -72.613309, 46.343369 ] ] ] } },
{ "type": "Feature", "properties": { }, "geometry": { "type": "Polygon", "coordinates": [ [ [ -72.610061, 46.343872 ], [ -72.610001, 46.343808 ], [ -72.610186, 46.343725 ], [ -72.610246, 46.343789 ], [ -72.610061, 46.343872 ] ] ] } },
{ "type": "Feature", "properties": { }, "geometry": { "type": "Polygon", "coordinates": [ [ [ -72.618611, 46.344585 ], [ -72.618521, 46.344653 ], [ -72.618428, 46.344595 ], [ -72.618518, 46.344527 ], [ -72.618611, 46.344585 ] ] ] } },
{ "type": "Feature", "properties": { }, "geometry": { "type": "Polygon", "coordinates": [ [ [ -72.597721, 46.33556 ], [ -72.597721, 46.335632 ], [ -72.597659, 46.335632 ], [ -72.597659, 46.33556 ], [ -72.597721, 46.33556 ] ] ] } },
{ "type": "Feature", "properties": { }, "geometry": { "type": "Polygon", "coordinates": [ [ [ -72.606715, 46.348599 ], [ -72.606804, 46.34866 ], [ -72.606719, 46.348718 ], [ -72.606695, 46.348701 ], [ -72.606631, 46.348746 ], [ -72.606567, 46.348701 ], [ -72.606715, 46.348599 ] ] ] } },
{ "type": "Feature", "properties": { }, "geometry": { "type": "Polygon", "coordinates": [ [ [ -72.619347, 46.346028 ], [ -72.61953, 46.346028 ], [ -72.61953, 46.346113 ], [ -72.619347, 46.346113 ], [ -72.619347, 46.346028 ] ] ] } },
{ "type": "Feature", "properties": { }, "geometry": { "type": "Polygon", "coordinates": [ [ [ -72.606071, 46.340628 ], [ -72.60599, 46.340689 ], [ -72.605827, 46.340587 ], [ -72.605909, 46.340525 ], [ -72.606071, 46.340628 ] ] ] } },
{ "type": "Feature", "properties": { }, "geometry": { "type": "Polygon", "coordinates": [ [ [ -72.6059, 46.343086 ], [ -72.605926, 46.343205 ], [ -72.605822, 46.343215 ], [ -72.605796, 46.343097 ], [ -72.6059, 46.343086 ] ] ] } },
{ "type": "Feature", "properties": { }, "geometry": { "type": "Polygon", "coordinates": [ [ [ -72.602656, 46.344558 ], [ -72.602511, 46.344436 ], [ -72.6026, 46.344386 ], [ -72.602745, 46.344507 ], [ -72.602656, 46.344558 ] ] ] } },
{ "type": "Feature", "properties": { }, "geometry": { "type": "Polygon", "coordinates": [ [ [ -72.605277, 46.346673 ], [ -72.605156, 46.346691 ], [ -72.605106, 46.346531 ], [ -72.605226, 46.346513 ], [ -72.605277, 46.346673 ] ] ] } },
{ "type": "Feature", "properties": { }, "geometry": { "type": "Polygon", "coordinates": [ [ [ -72.604493, 46.3378 ], [ -72.60466, 46.33786 ], [ -72.604608, 46.337929 ], [ -72.604441, 46.337868 ], [ -72.604493, 46.3378 ] ] ] } },
{ "type": "Feature", "properties": { }, "geometry": { "type": "Polygon", "coordinates": [ [ [ -72.609646, 46.354232 ], [ -72.609514, 46.354166 ], [ -72.609563, 46.35412 ], [ -72.609694, 46.354186 ], [ -72.609646, 46.354232 ] ] ] } },
{ "type": "Feature", "properties": { }, "geometry": { "type": "Polygon", "coordinates": [ [ [ -72.615437, 46.341036 ], [ -72.615322, 46.341032 ], [ -72.615331, 46.340901 ], [ -72.615446, 46.340905 ], [ -72.615437, 46.341036 ] ] ] } },
{ "type": "Feature", "properties": { }, "geometry": { "type": "Polygon", "coordinates": [ [ [ -72.608463, 46.340423 ], [ -72.608565, 46.340493 ], [ -72.608467, 46.340561 ], [ -72.608365, 46.34049 ], [ -72.608463, 46.340423 ] ] ] } },
{ "type": "Feature", "properties": { }, "geometry": { "type": "Polygon", "coordinates": [ [ [ -72.61175, 46.338991 ], [ -72.61187, 46.339073 ], [ -72.611779, 46.339137 ], [ -72.611659, 46.339055 ], [ -72.61175, 46.338991 ] ] ] } },
{ "type": "Feature", "properties": { }, "geometry": { "type": "Polygon", "coordinates": [ [ [ -72.601329, 46.333813 ], [ -72.601553, 46.333963 ], [ -72.601474, 46.334019 ], [ -72.60125, 46.33387 ], [ -72.601329, 46.333813 ] ] ] } },
{ "type": "Feature", "properties": { }, "geometry": { "type": "Polygon", "coordinates": [ [ [ -72.593302, 46.341037 ], [ -72.593228, 46.341091 ], [ -72.593109, 46.341015 ], [ -72.593183, 46.34096 ], [ -72.593302, 46.341037 ] ] ] } },
{ "type": "Feature", "properties": { }, "geometry": { "type": "Polygon", "coordinates": [ [ [ -72.589336, 46.337174 ], [ -72.589049, 46.33697 ], [ -72.589236, 46.336845 ], [ -72.589227, 46.336838 ], [ -72.58937, 46.336742 ], [ -72.589433, 46.336786 ], [ -72.589748, 46.336575 ], [ -72.589981, 46.336741 ], [ -72.589336, 46.337174 ] ] ] } },
{ "type": "Feature", "properties": { }, "geometry": { "type": "Polygon", "coordinates": [ [ [ -72.593866, 46.337366 ], [ -72.593861, 46.337199 ], [ -72.593982, 46.337198 ], [ -72.593986, 46.337364 ], [ -72.593866, 46.337366 ] ] ] } },
{ "type": "Feature", "properties": { }, "geometry": { "type": "Polygon", "coordinates": [ [ [ -72.614366, 46.347613 ], [ -72.614299, 46.34771 ], [ -72.614201, 46.347678 ], [ -72.614268, 46.347581 ], [ -72.614366, 46.347613 ] ] ] } },
{ "type": "Feature", "properties": { }, "geometry": { "type": "Polygon", "coordinates": [ [ [ -72.61329, 46.351101 ], [ -72.613502, 46.351179 ], [ -72.613435, 46.351267 ], [ -72.613222, 46.351189 ], [ -72.61329, 46.351101 ] ] ] } },
{ "type": "Feature", "properties": { }, "geometry": { "type": "Polygon", "coordinates": [ [ [ -72.616941, 46.344089 ], [ -72.616869, 46.344139 ], [ -72.616721, 46.344037 ], [ -72.616817, 46.343972 ], [ -72.616913, 46.344038 ], [ -72.61689, 46.344054 ], [ -72.616941, 46.344089 ] ] ] } },
{ "type": "Feature", "properties": { }, "geometry": { "type": "Polygon", "coordinates": [ [ [ -72.597671, 46.341099 ], [ -72.597566, 46.341055 ], [ -72.597686, 46.34092 ], [ -72.597791, 46.340965 ], [ -72.597671, 46.341099 ] ] ] } },
{ "type": "Feature", "properties": { }, "geometry": { "type": "Polygon", "coordinates": [ [ [ -72.616148, 46.350569 ], [ -72.61608, 46.350664 ], [ -72.615942, 46.350617 ], [ -72.61601, 46.350522 ], [ -72.616148, 46.350569 ] ] ] } },
{ "type": "Feature", "properties": { }, "geometry": { "type": "Polygon", "coordinates": [ [ [ -72.614482, 46.345711 ], [ -72.614358, 46.345711 ], [ -72.614358, 46.345567 ], [ -72.614482, 46.345567 ], [ -72.614482, 46.345711 ] ] ] } },
{ "type": "Feature", "properties": { }, "geometry": { "type": "Polygon", "coordinates": [ [ [ -72.601937, 46.343341 ], [ -72.602168, 46.343341 ], [ -72.602168, 46.34343 ], [ -72.601937, 46.34343 ], [ -72.601937, 46.343341 ] ] ] } },
{ "type": "Feature", "properties": { }, "geometry": { "type": "Polygon", "coordinates": [ [ [ -72.603956, 46.339284 ], [ -72.603886, 46.339345 ], [ -72.603747, 46.339269 ], [ -72.603817, 46.339207 ], [ -72.603956, 46.339284 ] ] ] } },
{ "type": "Feature", "properties": { }, "geometry": { "type": "Polygon", "coordinates": [ [ [ -72.613239, 46.350703 ], [ -72.613441, 46.350754 ], [ -72.61339, 46.35085 ], [ -72.613188, 46.350799 ], [ -72.613239, 46.350703 ] ] ] } },
{ "type": "Feature", "properties": { }, "geometry": { "type": "Polygon", "coordinates": [ [ [ -72.614948, 46.344967 ], [ -72.614943, 46.345072 ], [ -72.614814, 46.34507 ], [ -72.614819, 46.344964 ], [ -72.614948, 46.344967 ] ] ] } },
{ "type": "Feature", "properties": { }, "geometry": { "type": "Polygon", "coordinates": [ [ [ -72.608943, 46.345639 ], [ -72.608943, 46.345491 ], [ -72.609058, 46.345491 ], [ -72.609058, 46.345639 ], [ -72.608943, 46.345639 ] ] ] } },
{ "type": "Feature", "properties": { }, "geometry": { "type": "Polygon", "coordinates": [ [ [ -72.607117, 46.343443 ], [ -72.607034, 46.343289 ], [ -72.607137, 46.343262 ], [ -72.607221, 46.343416 ], [ -72.607117, 46.343443 ] ] ] } },
{ "type": "Feature", "properties": { }, "geometry": { "type": "Polygon", "coordinates": [ [ [ -72.599225, 46.344458 ], [ -72.599305, 46.344514 ], [ -72.599164, 46.344611 ], [ -72.599083, 46.344556 ], [ -72.599225, 46.344458 ] ] ] } },
{ "type": "Feature", "properties": { }, "geometry": { "type": "Polygon", "coordinates": [ [ [ -72.593421, 46.340858 ], [ -72.593493, 46.34091 ], [ -72.593371, 46.34099 ], [ -72.593299, 46.340937 ], [ -72.593421, 46.340858 ] ] ] } },
{ "type": "Feature", "properties": { }, "geometry": { "type": "Polygon", "coordinates": [ [ [ -72.597586, 46.338796 ], [ -72.597526, 46.338726 ], [ -72.597716, 46.338649 ], [ -72.597775, 46.338719 ], [ -72.597586, 46.338796 ] ] ] } },
{ "type": "Feature", "properties": { }, "geometry": { "type": "Polygon", "coordinates": [ [ [ -72.614366, 46.347363 ], [ -72.614366, 46.347246 ], [ -72.614479, 46.347246 ], [ -72.614479, 46.347363 ], [ -72.614366, 46.347363 ] ] ] } },
{ "type": "Feature", "properties": { }, "geometry": { "type": "Polygon", "coordinates": [ [ [ -72.61859, 46.34783 ], [ -72.618666, 46.347883 ], [ -72.618552, 46.347962 ], [ -72.618476, 46.347909 ], [ -72.61859, 46.34783 ] ] ] } },
{ "type": "Feature", "properties": { }, "geometry": { "type": "Polygon", "coordinates": [ [ [ -72.615398, 46.351066 ], [ -72.615344, 46.351139 ], [ -72.615219, 46.351095 ], [ -72.615273, 46.351021 ], [ -72.615398, 46.351066 ] ] ] } },
{ "type": "Feature", "properties": { }, "geometry": { "type": "Polygon", "coordinates": [ [ [ -72.614128, 46.351791 ], [ -72.614076, 46.351863 ], [ -72.61391, 46.351806 ], [ -72.613962, 46.351733 ], [ -72.614128, 46.351791 ] ] ] } },
{ "type": "Feature", "properties": { }, "geometry": { "type": "Polygon", "coordinates": [ [ [ -72.609176, 46.353626 ], [ -72.609023, 46.35352 ], [ -72.609143, 46.353438 ], [ -72.609296, 46.353544 ], [ -72.609176, 46.353626 ] ] ] } },
{ "type": "Feature", "properties": { }, "geometry": { "type": "Polygon", "coordinates": [ [ [ -72.611918, 46.341265 ], [ -72.61181, 46.341201 ], [ -72.611904, 46.341126 ], [ -72.612049, 46.341212 ], [ -72.611989, 46.341259 ], [ -72.611952, 46.341237 ], [ -72.611918, 46.341265 ] ] ] } },
{ "type": "Feature", "properties": { }, "geometry": { "type": "Polygon", "coordinates": [ [ [ -72.599169, 46.344959 ], [ -72.599248, 46.345021 ], [ -72.599126, 46.345096 ], [ -72.599047, 46.345034 ], [ -72.599169, 46.344959 ] ] ] } },
{ "type": "Feature", "properties": { }, "geometry": { "type": "Polygon", "coordinates": [ [ [ -72.603359, 46.34665 ], [ -72.603241, 46.346652 ], [ -72.603237, 46.346508 ], [ -72.603355, 46.346506 ], [ -72.603359, 46.34665 ] ] ] } },
{ "type": "Feature", "properties": { }, "geometry": { "type": "Polygon", "coordinates": [ [ [ -72.605815, 46.346837 ], [ -72.605714, 46.346858 ], [ -72.605651, 46.346713 ], [ -72.605751, 46.346692 ], [ -72.605815, 46.346837 ] ] ] } },
{ "type": "Feature", "properties": { }, "geometry": { "type": "Polygon", "coordinates": [ [ [ -72.611021, 46.338735 ], [ -72.611003, 46.338662 ], [ -72.61117, 46.338643 ], [ -72.611188, 46.338716 ], [ -72.611021, 46.338735 ] ] ] } },
{ "type": "Feature", "properties": { }, "geometry": { "type": "Polygon", "coordinates": [ [ [ -72.597049, 46.333743 ], [ -72.59695, 46.333829 ], [ -72.596869, 46.333785 ], [ -72.596969, 46.333699 ], [ -72.597049, 46.333743 ] ] ] } },
{ "type": "Feature", "properties": { }, "geometry": { "type": "Polygon", "coordinates": [ [ [ -72.613448, 46.348868 ], [ -72.613328, 46.34881 ], [ -72.613422, 46.348717 ], [ -72.613542, 46.348775 ], [ -72.613448, 46.348868 ] ] ] } },
{ "type": "Feature", "properties": { }, "geometry": { "type": "Polygon", "coordinates": [ [ [ -72.618043, 46.34269 ], [ -72.617863, 46.342718 ], [ -72.617818, 46.34258 ], [ -72.61796, 46.342558 ], [ -72.617996, 46.342667 ], [ -72.618034, 46.342661 ], [ -72.618043, 46.34269 ] ] ] } },
{ "type": "Feature", "properties": { }, "geometry": { "type": "Polygon", "coordinates": [ [ [ -72.61176, 46.345312 ], [ -72.611717, 46.345314 ], [ -72.611714, 46.345277 ], [ -72.611756, 46.345275 ], [ -72.61176, 46.345312 ] ] ] } },
{ "type": "Feature", "properties": { }, "geometry": { "type": "Polygon", "coordinates": [ [ [ -72.609903, 46.345824 ], [ -72.609903, 46.345661 ], [ -72.610019, 46.345661 ], [ -72.610019, 46.345824 ], [ -72.609903, 46.345824 ] ] ] } },
{ "type": "Feature", "properties": { }, "geometry": { "type": "Polygon", "coordinates": [ [ [ -72.598638, 46.33249 ], [ -72.598718, 46.332536 ], [ -72.598602, 46.332631 ], [ -72.598521, 46.332585 ], [ -72.598638, 46.33249 ] ] ] } },
{ "type": "Feature", "properties": { }, "geometry": { "type": "Polygon", "coordinates": [ [ [ -72.604797, 46.336455 ], [ -72.604914, 46.336534 ], [ -72.604848, 46.33658 ], [ -72.604731, 46.336501 ], [ -72.604797, 46.336455 ] ] ] } },
{ "type": "Feature", "properties": { }, "geometry": { "type": "Polygon", "coordinates": [ [ [ -72.594424, 46.341239 ], [ -72.594345, 46.341185 ], [ -72.594466, 46.341102 ], [ -72.594545, 46.341156 ], [ -72.594424, 46.341239 ] ] ] } },
{ "type": "Feature", "properties": { }, "geometry": { "type": "Polygon", "coordinates": [ [ [ -72.590881, 46.336721 ], [ -72.590732, 46.336618 ], [ -72.590833, 46.336549 ], [ -72.590982, 46.336652 ], [ -72.590881, 46.336721 ] ] ] } },
{ "type": "Feature", "properties": { }, "geometry": { "type": "Polygon", "coordinates": [ [ [ -72.591582, 46.336837 ], [ -72.591498, 46.336765 ], [ -72.591634, 46.336689 ], [ -72.591718, 46.336761 ], [ -72.591582, 46.336837 ] ] ] } },
{ "type": "Feature", "properties": { }, "geometry": { "type": "Polygon", "coordinates": [ [ [ -72.594862, 46.33746 ], [ -72.594861, 46.337434 ], [ -72.594961, 46.337434 ], [ -72.594962, 46.337599 ], [ -72.594858, 46.337599 ], [ -72.594857, 46.337558 ], [ -72.594798, 46.337559 ], [ -72.594797, 46.337461 ], [ -72.594862, 46.33746 ] ] ] } },
{ "type": "Feature", "properties": { }, "geometry": { "type": "Polygon", "coordinates": [ [ [ -72.60736, 46.350318 ], [ -72.607238, 46.350233 ], [ -72.607323, 46.350175 ], [ -72.607445, 46.350259 ], [ -72.60736, 46.350318 ] ] ] } },
{ "type": "Feature", "properties": { }, "geometry": { "type": "Polygon", "coordinates": [ [ [ -72.603446, 46.338629 ], [ -72.603314, 46.338542 ], [ -72.603395, 46.338484 ], [ -72.603526, 46.338571 ], [ -72.603446, 46.338629 ] ] ] } },
{ "type": "Feature", "properties": { }, "geometry": { "type": "Polygon", "coordinates": [ [ [ -72.591805, 46.335218 ], [ -72.591642, 46.3351 ], [ -72.59173, 46.335042 ], [ -72.591892, 46.33516 ], [ -72.591805, 46.335218 ] ] ] } },
{ "type": "Feature", "properties": { }, "geometry": { "type": "Polygon", "coordinates": [ [ [ -72.591293, 46.338809 ], [ -72.591379, 46.338868 ], [ -72.591311, 46.338915 ], [ -72.591348, 46.33894 ], [ -72.591298, 46.338974 ], [ -72.591262, 46.338949 ], [ -72.591222, 46.338977 ], [ -72.591136, 46.338917 ], [ -72.591293, 46.338809 ] ] ] } },
{ "type": "Feature", "properties": { }, "geometry": { "type": "Polygon", "coordinates": [ [ [ -72.603181, 46.347784 ], [ -72.603106, 46.347847 ], [ -72.602974, 46.347772 ], [ -72.603049, 46.347709 ], [ -72.603181, 46.347784 ] ] ] } },
{ "type": "Feature", "properties": { }, "geometry": { "type": "Polygon", "coordinates": [ [ [ -72.60932, 46.342152 ], [ -72.609185, 46.342226 ], [ -72.609086, 46.34214 ], [ -72.609221, 46.342066 ], [ -72.60932, 46.342152 ] ] ] } },
{ "type": "Feature", "properties": { }, "geometry": { "type": "Polygon", "coordinates": [ [ [ -72.594627, 46.344016 ], [ -72.594702, 46.344068 ], [ -72.594588, 46.344147 ], [ -72.594513, 46.344095 ], [ -72.594627, 46.344016 ] ] ] } },
{ "type": "Feature", "properties": { }, "geometry": { "type": "Polygon", "coordinates": [ [ [ -72.594569, 46.338899 ], [ -72.594569, 46.338825 ], [ -72.594792, 46.338825 ], [ -72.594792, 46.338899 ], [ -72.594569, 46.338899 ] ] ] } },
{ "type": "Feature", "properties": { }, "geometry": { "type": "Polygon", "coordinates": [ [ [ -72.615137, 46.348082 ], [ -72.615024, 46.348042 ], [ -72.615097, 46.347942 ], [ -72.61521, 46.347982 ], [ -72.615137, 46.348082 ] ] ] } },
{ "type": "Feature", "properties": { }, "geometry": { "type": "Polygon", "coordinates": [ [ [ -72.611432, 46.348604 ], [ -72.611516, 46.348663 ], [ -72.611366, 46.348766 ], [ -72.611281, 46.348707 ], [ -72.611432, 46.348604 ] ] ] } },
{ "type": "Feature", "properties": { }, "geometry": { "type": "Polygon", "coordinates": [ [ [ -72.611617, 46.350149 ], [ -72.611521, 46.350077 ], [ -72.611675, 46.349979 ], [ -72.611771, 46.350051 ], [ -72.611617, 46.350149 ] ] ] } },
{ "type": "Feature", "properties": { }, "geometry": { "type": "Polygon", "coordinates": [ [ [ -72.600269, 46.339506 ], [ -72.600222, 46.339413 ], [ -72.600196, 46.33942 ], [ -72.600151, 46.339331 ], [ -72.600292, 46.339297 ], [ -72.600383, 46.339478 ], [ -72.600269, 46.339506 ] ] ] } },
{ "type": "Feature", "properties": { }, "geometry": { "type": "Polygon", "coordinates": [ [ [ -72.610972, 46.348126 ], [ -72.611051, 46.348181 ], [ -72.610906, 46.348281 ], [ -72.610827, 46.348226 ], [ -72.610972, 46.348126 ] ] ] } },
{ "type": "Feature", "properties": { }, "geometry": { "type": "Polygon", "coordinates": [ [ [ -72.613393, 46.340975 ], [ -72.613484, 46.341038 ], [ -72.613382, 46.341108 ], [ -72.613291, 46.341045 ], [ -72.613393, 46.340975 ] ] ] } },
{ "type": "Feature", "properties": { }, "geometry": { "type": "Polygon", "coordinates": [ [ [ -72.617402, 46.344767 ], [ -72.61728, 46.344771 ], [ -72.617268, 46.344596 ], [ -72.61739, 46.344592 ], [ -72.617402, 46.344767 ] ] ] } },
{ "type": "Feature", "properties": { }, "geometry": { "type": "Polygon", "coordinates": [ [ [ -72.609565, 46.345424 ], [ -72.609437, 46.345424 ], [ -72.609437, 46.345332 ], [ -72.609565, 46.345332 ], [ -72.609565, 46.345424 ] ] ] } },
{ "type": "Feature", "properties": { }, "geometry": { "type": "Polygon", "coordinates": [ [ [ -72.606381, 46.34006 ], [ -72.606221, 46.340166 ], [ -72.60614, 46.340107 ], [ -72.606301, 46.340002 ], [ -72.606381, 46.34006 ] ] ] } },
{ "type": "Feature", "properties": { }, "geometry": { "type": "Polygon", "coordinates": [ [ [ -72.604045, 46.34273 ], [ -72.603975, 46.342679 ], [ -72.604051, 46.342629 ], [ -72.604121, 46.342681 ], [ -72.604045, 46.34273 ] ] ] } },
{ "type": "Feature", "properties": { }, "geometry": { "type": "Polygon", "coordinates": [ [ [ -72.598591, 46.344834 ], [ -72.598717, 46.344921 ], [ -72.59863, 46.344982 ], [ -72.598504, 46.344895 ], [ -72.598591, 46.344834 ] ] ] } },
{ "type": "Feature", "properties": { }, "geometry": { "type": "Polygon", "coordinates": [ [ [ -72.604837, 46.345403 ], [ -72.604893, 46.345401 ], [ -72.604895, 46.345432 ], [ -72.604986, 46.345429 ], [ -72.604991, 46.34551 ], [ -72.604723, 46.345518 ], [ -72.604718, 46.345436 ], [ -72.604838, 46.345432 ], [ -72.604837, 46.345403 ] ] ] } },
{ "type": "Feature", "properties": { }, "geometry": { "type": "Polygon", "coordinates": [ [ [ -72.599528, 46.345598 ], [ -72.59965, 46.345508 ], [ -72.59974, 46.345567 ], [ -72.599664, 46.345623 ], [ -72.599776, 46.345695 ], [ -72.59973, 46.345729 ], [ -72.599528, 46.345598 ] ] ] } },
{ "type": "Feature", "properties": { }, "geometry": { "type": "Polygon", "coordinates": [ [ [ -72.591015, 46.336067 ], [ -72.590862, 46.336067 ], [ -72.590862, 46.335962 ], [ -72.591015, 46.335962 ], [ -72.591015, 46.336067 ] ] ] } },
{ "type": "Feature", "properties": { }, "geometry": { "type": "Polygon", "coordinates": [ [ [ -72.590591, 46.338852 ], [ -72.590663, 46.338904 ], [ -72.590541, 46.338985 ], [ -72.590469, 46.338932 ], [ -72.590591, 46.338852 ] ] ] } },
{ "type": "Feature", "properties": { }, "geometry": { "type": "Polygon", "coordinates": [ [ [ -72.614501, 46.345396 ], [ -72.614501, 46.345537 ], [ -72.614366, 46.345537 ], [ -72.614366, 46.345396 ], [ -72.614501, 46.345396 ] ] ] } },
{ "type": "Feature", "properties": { }, "geometry": { "type": "Polygon", "coordinates": [ [ [ -72.618816, 46.346713 ], [ -72.618816, 46.346829 ], [ -72.618693, 46.346829 ], [ -72.618693, 46.346713 ], [ -72.618816, 46.346713 ] ] ] } },
{ "type": "Feature", "properties": { }, "geometry": { "type": "Polygon", "coordinates": [ [ [ -72.605909, 46.338648 ], [ -72.605825, 46.338709 ], [ -72.605709, 46.338632 ], [ -72.605793, 46.338572 ], [ -72.605909, 46.338648 ] ] ] } },
{ "type": "Feature", "properties": { }, "geometry": { "type": "Polygon", "coordinates": [ [ [ -72.59391, 46.343511 ], [ -72.593822, 46.343547 ], [ -72.593725, 46.343433 ], [ -72.593814, 46.343397 ], [ -72.59391, 46.343511 ] ] ] } },
{ "type": "Feature", "properties": { }, "geometry": { "type": "Polygon", "coordinates": [ [ [ -72.620318, 46.344408 ], [ -72.620199, 46.344446 ], [ -72.620109, 46.344312 ], [ -72.620228, 46.344274 ], [ -72.620318, 46.344408 ] ] ] } },
{ "type": "Feature", "properties": { }, "geometry": { "type": "Polygon", "coordinates": [ [ [ -72.600668, 46.344808 ], [ -72.600668, 46.344715 ], [ -72.600805, 46.344715 ], [ -72.600805, 46.344808 ], [ -72.600668, 46.344808 ] ] ] } },
{ "type": "Feature", "properties": { }, "geometry": { "type": "Polygon", "coordinates": [ [ [ -72.597908, 46.339098 ], [ -72.59779, 46.339013 ], [ -72.597973, 46.338891 ], [ -72.598091, 46.338976 ], [ -72.597908, 46.339098 ] ] ] } },
{ "type": "Feature", "properties": { }, "geometry": { "type": "Polygon", "coordinates": [ [ [ -72.596849, 46.334968 ], [ -72.596755, 46.33491 ], [ -72.596898, 46.334798 ], [ -72.596993, 46.334856 ], [ -72.596849, 46.334968 ] ] ] } },
{ "type": "Feature", "properties": { }, "geometry": { "type": "Polygon", "coordinates": [ [ [ -72.593252, 46.336676 ], [ -72.59312, 46.336583 ], [ -72.593213, 46.33652 ], [ -72.593345, 46.336613 ], [ -72.593252, 46.336676 ] ] ] } },
{ "type": "Feature", "properties": { }, "geometry": { "type": "Polygon", "coordinates": [ [ [ -72.61042, 46.350826 ], [ -72.610504, 46.350884 ], [ -72.610352, 46.350989 ], [ -72.610268, 46.35093 ], [ -72.61042, 46.350826 ] ] ] } },
{ "type": "Feature", "properties": { }, "geometry": { "type": "Polygon", "coordinates": [ [ [ -72.603317, 46.34281 ], [ -72.603307, 46.342912 ], [ -72.603174, 46.342905 ], [ -72.603184, 46.342804 ], [ -72.603317, 46.34281 ] ] ] } },
{ "type": "Feature", "properties": { }, "geometry": { "type": "Polygon", "coordinates": [ [ [ -72.606057, 46.345506 ], [ -72.605864, 46.345506 ], [ -72.605864, 46.345422 ], [ -72.606057, 46.345422 ], [ -72.606057, 46.345506 ] ] ] } },
{ "type": "Feature", "properties": { }, "geometry": { "type": "Polygon", "coordinates": [ [ [ -72.604505, 46.333955 ], [ -72.604398, 46.333874 ], [ -72.604474, 46.333826 ], [ -72.604582, 46.333906 ], [ -72.604505, 46.333955 ] ] ] } },
{ "type": "Feature", "properties": { }, "geometry": { "type": "Polygon", "coordinates": [ [ [ -72.602339, 46.337495 ], [ -72.602581, 46.337495 ], [ -72.602581, 46.337583 ], [ -72.602339, 46.337583 ], [ -72.602339, 46.337495 ] ] ] } },
{ "type": "Feature", "properties": { }, "geometry": { "type": "Polygon", "coordinates": [ [ [ -72.61648, 46.346454 ], [ -72.616424, 46.346454 ], [ -72.616424, 46.346391 ], [ -72.616606, 46.346391 ], [ -72.616606, 46.346491 ], [ -72.61648, 46.346491 ], [ -72.61648, 46.346454 ] ] ] } },
{ "type": "Feature", "properties": { }, "geometry": { "type": "Polygon", "coordinates": [ [ [ -72.598761, 46.342986 ], [ -72.598831, 46.343038 ], [ -72.598718, 46.343111 ], [ -72.598648, 46.343059 ], [ -72.598761, 46.342986 ] ] ] } },
{ "type": "Feature", "properties": { }, "geometry": { "type": "Polygon", "coordinates": [ [ [ -72.604538, 46.348263 ], [ -72.604493, 46.348185 ], [ -72.604636, 46.348145 ], [ -72.604682, 46.348224 ], [ -72.604538, 46.348263 ] ] ] } },
{ "type": "Feature", "properties": { }, "geometry": { "type": "Polygon", "coordinates": [ [ [ -72.602193, 46.348324 ], [ -72.601994, 46.34824 ], [ -72.602095, 46.348127 ], [ -72.602294, 46.348211 ], [ -72.602193, 46.348324 ] ] ] } },
{ "type": "Feature", "properties": { }, "geometry": { "type": "Polygon", "coordinates": [ [ [ -72.619695, 46.34454 ], [ -72.619798, 46.344499 ], [ -72.619905, 46.344629 ], [ -72.619802, 46.34467 ], [ -72.619695, 46.34454 ] ] ] } },
{ "type": "Feature", "properties": { }, "geometry": { "type": "Polygon", "coordinates": [ [ [ -72.616577, 46.342959 ], [ -72.616531, 46.343044 ], [ -72.616376, 46.343004 ], [ -72.616421, 46.34292 ], [ -72.616577, 46.342959 ] ] ] } },
{ "type": "Feature", "properties": { }, "geometry": { "type": "Polygon", "coordinates": [ [ [ -72.61584, 46.343685 ], [ -72.61602, 46.343713 ], [ -72.615988, 46.34381 ], [ -72.615808, 46.343781 ], [ -72.61584, 46.343685 ] ] ] } },
{ "type": "Feature", "properties": { }, "geometry": { "type": "Polygon", "coordinates": [ [ [ -72.617357, 46.345796 ], [ -72.617234, 46.345796 ], [ -72.617234, 46.345748 ], [ -72.61721, 46.345748 ], [ -72.61721, 46.3457 ], [ -72.617357, 46.3457 ], [ -72.617357, 46.345796 ] ] ] } },
{ "type": "Feature", "properties": { }, "geometry": { "type": "Polygon", "coordinates": [ [ [ -72.599544, 46.341199 ], [ -72.599319, 46.341203 ], [ -72.599316, 46.34112 ], [ -72.599541, 46.341116 ], [ -72.599544, 46.341199 ] ] ] } },
{ "type": "Feature", "properties": { }, "geometry": { "type": "Polygon", "coordinates": [ [ [ -72.598321, 46.342538 ], [ -72.598281, 46.342565 ], [ -72.598206, 46.342513 ], [ -72.598238, 46.342491 ], [ -72.598206, 46.342469 ], [ -72.598288, 46.342413 ], [ -72.59843, 46.342511 ], [ -72.598356, 46.342562 ], [ -72.598321, 46.342538 ] ] ] } },
{ "type": "Feature", "properties": { }, "geometry": { "type": "Polygon", "coordinates": [ [ [ -72.606914, 46.342745 ], [ -72.60672, 46.342819 ], [ -72.606667, 46.342753 ], [ -72.606861, 46.342679 ], [ -72.606914, 46.342745 ] ] ] } },
{ "type": "Feature", "properties": { }, "geometry": { "type": "Polygon", "coordinates": [ [ [ -72.614044, 46.348595 ], [ -72.614172, 46.348648 ], [ -72.614087, 46.348744 ], [ -72.61396, 46.348691 ], [ -72.614044, 46.348595 ] ] ] } },
{ "type": "Feature", "properties": { }, "geometry": { "type": "Polygon", "coordinates": [ [ [ -72.611387, 46.349092 ], [ -72.611472, 46.349149 ], [ -72.611358, 46.34923 ], [ -72.611272, 46.349173 ], [ -72.611387, 46.349092 ] ] ] } },
{ "type": "Feature", "properties": { }, "geometry": { "type": "Polygon", "coordinates": [ [ [ -72.615957, 46.3505 ], [ -72.615901, 46.350579 ], [ -72.615776, 46.350536 ], [ -72.615833, 46.350457 ], [ -72.615957, 46.3505 ] ] ] } },
{ "type": "Feature", "properties": { }, "geometry": { "type": "Polygon", "coordinates": [ [ [ -72.614753, 46.352771 ], [ -72.614675, 46.352824 ], [ -72.614641, 46.352801 ], [ -72.614574, 46.352847 ], [ -72.614513, 46.352805 ], [ -72.614657, 46.352705 ], [ -72.614753, 46.352771 ] ] ] } },
{ "type": "Feature", "properties": { }, "geometry": { "type": "Polygon", "coordinates": [ [ [ -72.614892, 46.340624 ], [ -72.614754, 46.340538 ], [ -72.614829, 46.340481 ], [ -72.614967, 46.340566 ], [ -72.614892, 46.340624 ] ] ] } },
{ "type": "Feature", "properties": { }, "geometry": { "type": "Polygon", "coordinates": [ [ [ -72.613239, 46.343128 ], [ -72.613148, 46.343034 ], [ -72.61326, 46.342983 ], [ -72.61335, 46.343076 ], [ -72.613239, 46.343128 ] ] ] } },
{ "type": "Feature", "properties": { }, "geometry": { "type": "Polygon", "coordinates": [ [ [ -72.614793, 46.346387 ], [ -72.614948, 46.346387 ], [ -72.614948, 46.346489 ], [ -72.614793, 46.346489 ], [ -72.614793, 46.346387 ] ] ] } },
{ "type": "Feature", "properties": { }, "geometry": { "type": "Polygon", "coordinates": [ [ [ -72.606766, 46.33978 ], [ -72.606675, 46.339876 ], [ -72.606573, 46.339831 ], [ -72.606664, 46.339734 ], [ -72.606766, 46.33978 ] ] ] } },
{ "type": "Feature", "properties": { }, "geometry": { "type": "Polygon", "coordinates": [ [ [ -72.606939, 46.340147 ], [ -72.606784, 46.340254 ], [ -72.606697, 46.340194 ], [ -72.606852, 46.340087 ], [ -72.606939, 46.340147 ] ] ] } },
{ "type": "Feature", "properties": { }, "geometry": { "type": "Polygon", "coordinates": [ [ [ -72.604501, 46.340489 ], [ -72.604391, 46.340428 ], [ -72.60453, 46.34031 ], [ -72.604639, 46.340371 ], [ -72.604501, 46.340489 ] ] ] } },
{ "type": "Feature", "properties": { }, "geometry": { "type": "Polygon", "coordinates": [ [ [ -72.604083, 46.340633 ], [ -72.604173, 46.340686 ], [ -72.604064, 46.340773 ], [ -72.603974, 46.34072 ], [ -72.604083, 46.340633 ] ] ] } },
{ "type": "Feature", "properties": { }, "geometry": { "type": "Polygon", "coordinates": [ [ [ -72.608085, 46.345911 ], [ -72.607977, 46.345911 ], [ -72.607977, 46.345757 ], [ -72.608085, 46.345757 ], [ -72.608085, 46.345911 ] ] ] } },
{ "type": "Feature", "properties": { }, "geometry": { "type": "Polygon", "coordinates": [ [ [ -72.598828, 46.33336 ], [ -72.598902, 46.333411 ], [ -72.598817, 46.33347 ], [ -72.598845, 46.333489 ], [ -72.598794, 46.333525 ], [ -72.598767, 46.333506 ], [ -72.598736, 46.333528 ], [ -72.598661, 46.333476 ], [ -72.598828, 46.33336 ] ] ] } },
{ "type": "Feature", "properties": { }, "geometry": { "type": "Polygon", "coordinates": [ [ [ -72.604769, 46.335984 ], [ -72.604688, 46.336041 ], [ -72.604568, 46.335958 ], [ -72.60465, 46.335902 ], [ -72.604769, 46.335984 ] ] ] } },
{ "type": "Feature", "properties": { }, "geometry": { "type": "Polygon", "coordinates": [ [ [ -72.602647, 46.338023 ], [ -72.60256, 46.338084 ], [ -72.602405, 46.337981 ], [ -72.602492, 46.337919 ], [ -72.602647, 46.338023 ] ] ] } },
{ "type": "Feature", "properties": { }, "geometry": { "type": "Polygon", "coordinates": [ [ [ -72.593934, 46.333153 ], [ -72.593883, 46.333121 ], [ -72.59392, 46.333093 ], [ -72.593616, 46.332902 ], [ -72.593841, 46.332731 ], [ -72.593903, 46.332769 ], [ -72.594271, 46.332489 ], [ -72.594564, 46.332673 ], [ -72.593934, 46.333153 ] ] ] } },
{ "type": "Feature", "properties": { }, "geometry": { "type": "Polygon", "coordinates": [ [ [ -72.596144, 46.335376 ], [ -72.596068, 46.335323 ], [ -72.596182, 46.335244 ], [ -72.596259, 46.335297 ], [ -72.596144, 46.335376 ] ] ] } },
{ "type": "Feature", "properties": { }, "geometry": { "type": "Polygon", "coordinates": [ [ [ -72.616547, 46.348832 ], [ -72.616494, 46.348904 ], [ -72.616357, 46.348857 ], [ -72.616409, 46.348784 ], [ -72.616547, 46.348832 ] ] ] } },
{ "type": "Feature", "properties": { }, "geometry": { "type": "Polygon", "coordinates": [ [ [ -72.616563, 46.349672 ], [ -72.61664, 46.349566 ], [ -72.616676, 46.349578 ], [ -72.616661, 46.349599 ], [ -72.616749, 46.349629 ], [ -72.616687, 46.349715 ], [ -72.616563, 46.349672 ] ] ] } },
{ "type": "Feature", "properties": { }, "geometry": { "type": "Polygon", "coordinates": [ [ [ -72.611989, 46.349767 ], [ -72.61208, 46.34983 ], [ -72.611978, 46.3499 ], [ -72.611887, 46.349837 ], [ -72.611989, 46.349767 ] ] ] } },
{ "type": "Feature", "properties": { }, "geometry": { "type": "Polygon", "coordinates": [ [ [ -72.60813, 46.350244 ], [ -72.60805, 46.350299 ], [ -72.607926, 46.350214 ], [ -72.608007, 46.350158 ], [ -72.60813, 46.350244 ] ] ] } },
{ "type": "Feature", "properties": { }, "geometry": { "type": "Polygon", "coordinates": [ [ [ -72.607217, 46.343648 ], [ -72.607331, 46.343631 ], [ -72.607378, 46.343779 ], [ -72.607264, 46.343796 ], [ -72.607217, 46.343648 ] ] ] } },
{ "type": "Feature", "properties": { }, "geometry": { "type": "Polygon", "coordinates": [ [ [ -72.598207, 46.345618 ], [ -72.598126, 46.345561 ], [ -72.598215, 46.345499 ], [ -72.598297, 46.345556 ], [ -72.598207, 46.345618 ] ] ] } },
{ "type": "Feature", "properties": { }, "geometry": { "type": "Polygon", "coordinates": [ [ [ -72.605581, 46.337948 ], [ -72.605704, 46.338033 ], [ -72.605625, 46.338088 ], [ -72.605502, 46.338003 ], [ -72.605581, 46.337948 ] ] ] } },
{ "type": "Feature", "properties": { }, "geometry": { "type": "Polygon", "coordinates": [ [ [ -72.593865, 46.332366 ], [ -72.593647, 46.332214 ], [ -72.593776, 46.332125 ], [ -72.593994, 46.332277 ], [ -72.593865, 46.332366 ] ] ] } },
{ "type": "Feature", "properties": { }, "geometry": { "type": "Polygon", "coordinates": [ [ [ -72.605095, 46.347268 ], [ -72.604988, 46.347305 ], [ -72.604921, 46.347211 ], [ -72.605028, 46.347174 ], [ -72.605095, 46.347268 ] ] ] } },
{ "type": "Feature", "properties": { }, "geometry": { "type": "Polygon", "coordinates": [ [ [ -72.593154, 46.340623 ], [ -72.593004, 46.340731 ], [ -72.592926, 46.34068 ], [ -72.593076, 46.340572 ], [ -72.593154, 46.340623 ] ] ] } },
{ "type": "Feature", "properties": { }, "geometry": { "type": "Polygon", "coordinates": [ [ [ -72.592989, 46.336358 ], [ -72.593083, 46.336423 ], [ -72.592966, 46.336504 ], [ -72.592873, 46.336439 ], [ -72.592989, 46.336358 ] ] ] } },
{ "type": "Feature", "properties": { }, "geometry": { "type": "Polygon", "coordinates": [ [ [ -72.59546, 46.337013 ], [ -72.595393, 46.337015 ], [ -72.595387, 46.336908 ], [ -72.595515, 46.336904 ], [ -72.595523, 46.337043 ], [ -72.595462, 46.337045 ], [ -72.59546, 46.337013 ] ] ] } },
{ "type": "Feature", "properties": { }, "geometry": { "type": "Polygon", "coordinates": [ [ [ -72.610936, 46.347685 ], [ -72.611024, 46.347735 ], [ -72.610922, 46.34782 ], [ -72.610834, 46.347769 ], [ -72.610936, 46.347685 ] ] ] } },
{ "type": "Feature", "properties": { }, "geometry": { "type": "Polygon", "coordinates": [ [ [ -72.609397, 46.347776 ], [ -72.609482, 46.347831 ], [ -72.609369, 46.347913 ], [ -72.609285, 46.347857 ], [ -72.609397, 46.347776 ] ] ] } },
{ "type": "Feature", "properties": { }, "geometry": { "type": "Polygon", "coordinates": [ [ [ -72.613318, 46.348855 ], [ -72.613397, 46.348912 ], [ -72.613243, 46.349012 ], [ -72.613165, 46.348955 ], [ -72.613318, 46.348855 ] ] ] } },
{ "type": "Feature", "properties": { }, "geometry": { "type": "Polygon", "coordinates": [ [ [ -72.611669, 46.351287 ], [ -72.611824, 46.351363 ], [ -72.61175, 46.351434 ], [ -72.611595, 46.351358 ], [ -72.611669, 46.351287 ] ] ] } },
{ "type": "Feature", "properties": { }, "geometry": { "type": "Polygon", "coordinates": [ [ [ -72.611421, 46.353598 ], [ -72.611251, 46.35355 ], [ -72.611345, 46.35339 ], [ -72.611515, 46.353438 ], [ -72.611421, 46.353598 ] ] ] } },
{ "type": "Feature", "properties": { }, "geometry": { "type": "Polygon", "coordinates": [ [ [ -72.61928, 46.345439 ], [ -72.61916, 46.345439 ], [ -72.61916, 46.345359 ], [ -72.61928, 46.345359 ], [ -72.61928, 46.345439 ] ] ] } },
{ "type": "Feature", "properties": { }, "geometry": { "type": "Polygon", "coordinates": [ [ [ -72.608224, 46.34069 ], [ -72.608155, 46.340624 ], [ -72.608281, 46.340561 ], [ -72.608349, 46.340627 ], [ -72.608224, 46.34069 ] ] ] } },
{ "type": "Feature", "properties": { }, "geometry": { "type": "Polygon", "coordinates": [ [ [ -72.607781, 46.34361 ], [ -72.607714, 46.34348 ], [ -72.607819, 46.343454 ], [ -72.607886, 46.343584 ], [ -72.607781, 46.34361 ] ] ] } },
{ "type": "Feature", "properties": { }, "geometry": { "type": "Polygon", "coordinates": [ [ [ -72.603424, 46.337468 ], [ -72.603463, 46.337549 ], [ -72.603302, 46.337586 ], [ -72.603264, 46.337505 ], [ -72.603424, 46.337468 ] ] ] } },
{ "type": "Feature", "properties": { }, "geometry": { "type": "Polygon", "coordinates": [ [ [ -72.60836, 46.349924 ], [ -72.608467, 46.349993 ], [ -72.608365, 46.350068 ], [ -72.608258, 46.349999 ], [ -72.60836, 46.349924 ] ] ] } },
{ "type": "Feature", "properties": { }, "geometry": { "type": "Polygon", "coordinates": [ [ [ -72.615678, 46.342591 ], [ -72.615678, 46.342693 ], [ -72.615536, 46.342693 ], [ -72.615536, 46.342591 ], [ -72.615678, 46.342591 ] ] ] } },
{ "type": "Feature", "properties": { }, "geometry": { "type": "Polygon", "coordinates": [ [ [ -72.610917, 46.345139 ], [ -72.610917, 46.345054 ], [ -72.611126, 46.345054 ], [ -72.611126, 46.345139 ], [ -72.610917, 46.345139 ] ] ] } },
{ "type": "Feature", "properties": { }, "geometry": { "type": "Polygon", "coordinates": [ [ [ -72.591043, 46.336605 ], [ -72.59091, 46.336514 ], [ -72.590998, 46.336454 ], [ -72.59113, 46.336545 ], [ -72.591043, 46.336605 ] ] ] } },
{ "type": "Feature", "properties": { }, "geometry": { "type": "Polygon", "coordinates": [ [ [ -72.594185, 46.338485 ], [ -72.594108, 46.338542 ], [ -72.593938, 46.338431 ], [ -72.594016, 46.338374 ], [ -72.594185, 46.338485 ] ] ] } },
{ "type": "Feature", "properties": { }, "geometry": { "type": "Polygon", "coordinates": [ [ [ -72.613746, 46.349725 ], [ -72.613862, 46.349792 ], [ -72.613764, 46.349873 ], [ -72.613649, 46.349806 ], [ -72.613746, 46.349725 ] ] ] } },
{ "type": "Feature", "properties": { }, "geometry": { "type": "Polygon", "coordinates": [ [ [ -72.611998, 46.35081 ], [ -72.611923, 46.350862 ], [ -72.611828, 46.350796 ], [ -72.611903, 46.350744 ], [ -72.611998, 46.35081 ] ] ] } },
{ "type": "Feature", "properties": { }, "geometry": { "type": "Polygon", "coordinates": [ [ [ -72.607156, 46.348264 ], [ -72.607258, 46.34834 ], [ -72.607155, 46.348406 ], [ -72.607053, 46.348331 ], [ -72.607156, 46.348264 ] ] ] } },
{ "type": "Feature", "properties": { }, "geometry": { "type": "Polygon", "coordinates": [ [ [ -72.598967, 46.339962 ], [ -72.59896, 46.340111 ], [ -72.598854, 46.340108 ], [ -72.598862, 46.339959 ], [ -72.598967, 46.339962 ] ] ] } },
{ "type": "Feature", "properties": { }, "geometry": { "type": "Polygon", "coordinates": [ [ [ -72.60021, 46.343781 ], [ -72.60015, 46.34385 ], [ -72.6, 46.343788 ], [ -72.60006, 46.343719 ], [ -72.60021, 46.343781 ] ] ] } },
{ "type": "Feature", "properties": { }, "geometry": { "type": "Polygon", "coordinates": [ [ [ -72.598376, 46.345142 ], [ -72.598456, 46.345229 ], [ -72.598374, 46.345266 ], [ -72.598293, 46.345179 ], [ -72.598376, 46.345142 ] ] ] } },
{ "type": "Feature", "properties": { }, "geometry": { "type": "Polygon", "coordinates": [ [ [ -72.604118, 46.345946 ], [ -72.604246, 46.345946 ], [ -72.604246, 46.346061 ], [ -72.604118, 46.346061 ], [ -72.604118, 46.345946 ] ] ] } },
{ "type": "Feature", "properties": { }, "geometry": { "type": "Polygon", "coordinates": [ [ [ -72.600332, 46.334748 ], [ -72.600184, 46.334646 ], [ -72.60027, 46.334587 ], [ -72.600418, 46.334689 ], [ -72.600332, 46.334748 ] ] ] } },
{ "type": "Feature", "properties": { }, "geometry": { "type": "Polygon", "coordinates": [ [ [ -72.604054, 46.347148 ], [ -72.604113, 46.347245 ], [ -72.604008, 46.347276 ], [ -72.603949, 46.347178 ], [ -72.604054, 46.347148 ] ] ] } },
{ "type": "Feature", "properties": { }, "geometry": { "type": "Polygon", "coordinates": [ [ [ -72.606654, 46.349624 ], [ -72.606736, 46.349681 ], [ -72.606611, 46.349767 ], [ -72.606529, 46.34971 ], [ -72.606654, 46.349624 ] ] ] } },
{ "type": "Feature", "properties": { }, "geometry": { "type": "Polygon", "coordinates": [ [ [ -72.617966, 46.342804 ], [ -72.617948, 46.342957 ], [ -72.617802, 46.342948 ], [ -72.61782, 46.342796 ], [ -72.617966, 46.342804 ] ] ] } },
{ "type": "Feature", "properties": { }, "geometry": { "type": "Polygon", "coordinates": [ [ [ -72.617848, 46.346383 ], [ -72.618009, 46.346383 ], [ -72.618009, 46.34647 ], [ -72.617848, 46.34647 ], [ -72.617848, 46.346383 ] ] ] } },
{ "type": "Feature", "properties": { }, "geometry": { "type": "Polygon", "coordinates": [ [ [ -72.59933, 46.336315 ], [ -72.599325, 46.336188 ], [ -72.599468, 46.336185 ], [ -72.599474, 46.336312 ], [ -72.59933, 46.336315 ] ] ] } },
{ "type": "Feature", "properties": { }, "geometry": { "type": "Polygon", "coordinates": [ [ [ -72.601789, 46.338891 ], [ -72.60171, 46.33896 ], [ -72.601517, 46.338854 ], [ -72.601596, 46.338786 ], [ -72.601789, 46.338891 ] ] ] } },
{ "type": "Feature", "properties": { }, "geometry": { "type": "Polygon", "coordinates": [ [ [ -72.596715, 46.341414 ], [ -72.596794, 46.341359 ], [ -72.596935, 46.341456 ], [ -72.596856, 46.341511 ], [ -72.596715, 46.341414 ] ] ] } },
{ "type": "Feature", "properties": { }, "geometry": { "type": "Polygon", "coordinates": [ [ [ -72.592904, 46.336512 ], [ -72.592791, 46.336596 ], [ -72.592714, 46.336548 ], [ -72.592827, 46.336463 ], [ -72.592904, 46.336512 ] ] ] } },
{ "type": "Feature", "properties": { }, "geometry": { "type": "Polygon", "coordinates": [ [ [ -72.610117, 46.348245 ], [ -72.610204, 46.348312 ], [ -72.610074, 46.348392 ], [ -72.609988, 46.348325 ], [ -72.610117, 46.348245 ] ] ] } },
{ "type": "Feature", "properties": { }, "geometry": { "type": "Polygon", "coordinates": [ [ [ -72.606319, 46.341259 ], [ -72.606235, 46.341325 ], [ -72.606067, 46.341223 ], [ -72.606151, 46.341157 ], [ -72.606319, 46.341259 ] ] ] } },
{ "type": "Feature", "properties": { }, "geometry": { "type": "Polygon", "coordinates": [ [ [ -72.592204, 46.340831 ], [ -72.592087, 46.340748 ], [ -72.592169, 46.340693 ], [ -72.592285, 46.340776 ], [ -72.592204, 46.340831 ] ] ] } },
{ "type": "Feature", "properties": { }, "geometry": { "type": "Polygon", "coordinates": [ [ [ -72.597473, 46.337866 ], [ -72.597389, 46.337948 ], [ -72.597218, 46.337864 ], [ -72.597299, 46.337785 ], [ -72.597361, 46.337815 ], [ -72.597388, 46.337789 ], [ -72.597438, 46.337813 ], [ -72.597414, 46.337837 ], [ -72.597473, 46.337866 ] ] ] } },
{ "type": "Feature", "properties": { }, "geometry": { "type": "Polygon", "coordinates": [ [ [ -72.618051, 46.348273 ], [ -72.618019, 46.348253 ], [ -72.618129, 46.348169 ], [ -72.618217, 46.348223 ], [ -72.618078, 46.34833 ], [ -72.618022, 46.348295 ], [ -72.618051, 46.348273 ] ] ] } },
{ "type": "Feature", "properties": { }, "geometry": { "type": "Polygon", "coordinates": [ [ [ -72.609302, 46.349642 ], [ -72.609211, 46.349705 ], [ -72.609054, 46.349596 ], [ -72.609145, 46.349534 ], [ -72.609302, 46.349642 ] ] ] } },
{ "type": "Feature", "properties": { }, "geometry": { "type": "Polygon", "coordinates": [ [ [ -72.619511, 46.343678 ], [ -72.619414, 46.343745 ], [ -72.619259, 46.343637 ], [ -72.619355, 46.343571 ], [ -72.619511, 46.343678 ] ] ] } },
{ "type": "Feature", "properties": { }, "geometry": { "type": "Polygon", "coordinates": [ [ [ -72.607896, 46.346786 ], [ -72.607976, 46.34673 ], [ -72.608107, 46.346821 ], [ -72.608027, 46.346877 ], [ -72.607896, 46.346786 ] ] ] } },
{ "type": "Feature", "properties": { }, "geometry": { "type": "Polygon", "coordinates": [ [ [ -72.604486, 46.33506 ], [ -72.604439, 46.33495 ], [ -72.60455, 46.334927 ], [ -72.604597, 46.335038 ], [ -72.604486, 46.33506 ] ] ] } },
{ "type": "Feature", "properties": { }, "geometry": { "type": "Polygon", "coordinates": [ [ [ -72.60048, 46.337362 ], [ -72.600395, 46.337319 ], [ -72.600435, 46.337281 ], [ -72.60052, 46.337324 ], [ -72.60048, 46.337362 ] ] ] } },
{ "type": "Feature", "properties": { }, "geometry": { "type": "Polygon", "coordinates": [ [ [ -72.598834, 46.338908 ], [ -72.598756, 46.338854 ], [ -72.598928, 46.338736 ], [ -72.599005, 46.33879 ], [ -72.598834, 46.338908 ] ] ] } },
{ "type": "Feature", "properties": { }, "geometry": { "type": "Polygon", "coordinates": [ [ [ -72.597393, 46.342295 ], [ -72.597318, 46.342348 ], [ -72.597216, 46.342279 ], [ -72.59729, 46.342227 ], [ -72.597393, 46.342295 ] ] ] } },
{ "type": "Feature", "properties": { }, "geometry": { "type": "Polygon", "coordinates": [ [ [ -72.595988, 46.334888 ], [ -72.595944, 46.334849 ], [ -72.595814, 46.33492 ], [ -72.595716, 46.334835 ], [ -72.595768, 46.334807 ], [ -72.595667, 46.334719 ], [ -72.59585, 46.334619 ], [ -72.596093, 46.33483 ], [ -72.595988, 46.334888 ] ] ] } },
{ "type": "Feature", "properties": { }, "geometry": { "type": "Polygon", "coordinates": [ [ [ -72.619443, 46.34829 ], [ -72.619325, 46.348374 ], [ -72.61925, 46.348323 ], [ -72.619367, 46.34824 ], [ -72.619443, 46.34829 ] ] ] } },
{ "type": "Feature", "properties": { }, "geometry": { "type": "Polygon", "coordinates": [ [ [ -72.605659, 46.350057 ], [ -72.605758, 46.349989 ], [ -72.605911, 46.350095 ], [ -72.605812, 46.350163 ], [ -72.605659, 46.350057 ] ] ] } },
{ "type": "Feature", "properties": { }, "geometry": { "type": "Polygon", "coordinates": [ [ [ -72.611309, 46.340911 ], [ -72.611282, 46.34082 ], [ -72.611436, 46.340798 ], [ -72.611463, 46.340888 ], [ -72.611309, 46.340911 ] ] ] } },
{ "type": "Feature", "properties": { }, "geometry": { "type": "Polygon", "coordinates": [ [ [ -72.614514, 46.341831 ], [ -72.614393, 46.341866 ], [ -72.614327, 46.341755 ], [ -72.614448, 46.341721 ], [ -72.614514, 46.341831 ] ] ] } },
{ "type": "Feature", "properties": { }, "geometry": { "type": "Polygon", "coordinates": [ [ [ -72.606042, 46.341539 ], [ -72.605963, 46.341593 ], [ -72.605838, 46.341507 ], [ -72.605917, 46.341452 ], [ -72.606042, 46.341539 ] ] ] } },
{ "type": "Feature", "properties": { }, "geometry": { "type": "Polygon", "coordinates": [ [ [ -72.614454, 46.341311 ], [ -72.61436, 46.341224 ], [ -72.614451, 46.341178 ], [ -72.614544, 46.341265 ], [ -72.614454, 46.341311 ] ] ] } },
{ "type": "Feature", "properties": { }, "geometry": { "type": "Polygon", "coordinates": [ [ [ -72.611155, 46.346475 ], [ -72.611092, 46.346479 ], [ -72.611095, 46.346503 ], [ -72.61099, 46.346509 ], [ -72.610979, 46.346421 ], [ -72.611146, 46.346411 ], [ -72.611155, 46.346475 ] ] ] } },
{ "type": "Feature", "properties": { }, "geometry": { "type": "Polygon", "coordinates": [ [ [ -72.601226, 46.342991 ], [ -72.601382, 46.343099 ], [ -72.601296, 46.343158 ], [ -72.60114, 46.34305 ], [ -72.601226, 46.342991 ] ] ] } },
{ "type": "Feature", "properties": { }, "geometry": { "type": "Polygon", "coordinates": [ [ [ -72.608431, 46.344884 ], [ -72.608431, 46.344745 ], [ -72.608559, 46.344745 ], [ -72.608559, 46.344884 ], [ -72.608431, 46.344884 ] ] ] } },
{ "type": "Feature", "properties": { }, "geometry": { "type": "Polygon", "coordinates": [ [ [ -72.605425, 46.338354 ], [ -72.60554, 46.338425 ], [ -72.605463, 46.338485 ], [ -72.605347, 46.338414 ], [ -72.605425, 46.338354 ] ] ] } },
{ "type": "Feature", "properties": { }, "geometry": { "type": "Polygon", "coordinates": [ [ [ -72.612822, 46.345064 ], [ -72.612824, 46.344922 ], [ -72.612949, 46.344923 ], [ -72.612947, 46.345065 ], [ -72.612822, 46.345064 ] ] ] } },
{ "type": "Feature", "properties": { }, "geometry": { "type": "Polygon", "coordinates": [ [ [ -72.614967, 46.346863 ], [ -72.614847, 46.346863 ], [ -72.614847, 46.346741 ], [ -72.614967, 46.346741 ], [ -72.614967, 46.346863 ] ] ] } },
{ "type": "Feature", "properties": { }, "geometry": { "type": "Polygon", "coordinates": [ [ [ -72.600159, 46.336496 ], [ -72.600031, 46.336407 ], [ -72.600121, 46.336345 ], [ -72.60025, 46.336434 ], [ -72.600159, 46.336496 ] ] ] } },
{ "type": "Feature", "properties": { }, "geometry": { "type": "Polygon", "coordinates": [ [ [ -72.597552, 46.331774 ], [ -72.597428, 46.331884 ], [ -72.597171, 46.331747 ], [ -72.597295, 46.331636 ], [ -72.597552, 46.331774 ] ] ] } },
{ "type": "Feature", "properties": { }, "geometry": { "type": "Polygon", "coordinates": [ [ [ -72.612724, 46.34876 ], [ -72.612614, 46.348684 ], [ -72.61271, 46.348617 ], [ -72.61282, 46.348693 ], [ -72.612724, 46.34876 ] ] ] } },
{ "type": "Feature", "properties": { }, "geometry": { "type": "Polygon", "coordinates": [ [ [ -72.620102, 46.345747 ], [ -72.619973, 46.345777 ], [ -72.619921, 46.345673 ], [ -72.620051, 46.345642 ], [ -72.620102, 46.345747 ] ] ] } },
{ "type": "Feature", "properties": { }, "geometry": { "type": "Polygon", "coordinates": [ [ [ -72.611266, 46.342996 ], [ -72.611122, 46.343054 ], [ -72.611055, 46.342976 ], [ -72.611199, 46.342918 ], [ -72.611266, 46.342996 ] ] ] } },
{ "type": "Feature", "properties": { }, "geometry": { "type": "Polygon", "coordinates": [ [ [ -72.612408, 46.344204 ], [ -72.612521, 46.344205 ], [ -72.61252, 46.344244 ], [ -72.612571, 46.344244 ], [ -72.61257, 46.3443 ], [ -72.612533, 46.3443 ], [ -72.612531, 46.344359 ], [ -72.612405, 46.344358 ], [ -72.612408, 46.344204 ] ] ] } },
{ "type": "Feature", "properties": { }, "geometry": { "type": "Polygon", "coordinates": [ [ [ -72.616916, 46.345111 ], [ -72.616916, 46.345206 ], [ -72.616799, 46.345206 ], [ -72.616799, 46.345111 ], [ -72.616916, 46.345111 ] ] ] } },
{ "type": "Feature", "properties": { }, "geometry": { "type": "Polygon", "coordinates": [ [ [ -72.606424, 46.344727 ], [ -72.606425, 46.344816 ], [ -72.606203, 46.344818 ], [ -72.606201, 46.344729 ], [ -72.606424, 46.344727 ] ] ] } },
{ "type": "Feature", "properties": { }, "geometry": { "type": "Polygon", "coordinates": [ [ [ -72.608447, 46.346073 ], [ -72.608445, 46.3459 ], [ -72.608563, 46.345899 ], [ -72.608565, 46.346073 ], [ -72.608447, 46.346073 ] ] ] } },
{ "type": "Feature", "properties": { }, "geometry": { "type": "Polygon", "coordinates": [ [ [ -72.594827, 46.337799 ], [ -72.594827, 46.33764 ], [ -72.594947, 46.33764 ], [ -72.594947, 46.337799 ], [ -72.594827, 46.337799 ] ] ] } },
{ "type": "Feature", "properties": { }, "geometry": { "type": "Polygon", "coordinates": [ [ [ -72.616334, 46.348757 ], [ -72.616275, 46.348827 ], [ -72.616144, 46.348774 ], [ -72.616202, 46.348705 ], [ -72.616334, 46.348757 ] ] ] } },
{ "type": "Feature", "properties": { }, "geometry": { "type": "Polygon", "coordinates": [ [ [ -72.610441, 46.344029 ], [ -72.610508, 46.3441 ], [ -72.610324, 46.344182 ], [ -72.610257, 46.344111 ], [ -72.610441, 46.344029 ] ] ] } },
{ "type": "Feature", "properties": { }, "geometry": { "type": "Polygon", "coordinates": [ [ [ -72.601107, 46.346527 ], [ -72.600973, 46.346619 ], [ -72.600891, 46.346563 ], [ -72.601025, 46.34647 ], [ -72.601107, 46.346527 ] ] ] } },
{ "type": "Feature", "properties": { }, "geometry": { "type": "Polygon", "coordinates": [ [ [ -72.601344, 46.332977 ], [ -72.601488, 46.333017 ], [ -72.601444, 46.333093 ], [ -72.6013, 46.333053 ], [ -72.601344, 46.332977 ] ] ] } },
{ "type": "Feature", "properties": { }, "geometry": { "type": "Polygon", "coordinates": [ [ [ -72.594088, 46.344055 ], [ -72.594218, 46.344176 ], [ -72.594093, 46.34424 ], [ -72.593964, 46.344119 ], [ -72.594088, 46.344055 ] ] ] } },
{ "type": "Feature", "properties": { }, "geometry": { "type": "Polygon", "coordinates": [ [ [ -72.595551, 46.337838 ], [ -72.59543, 46.337838 ], [ -72.59543, 46.337666 ], [ -72.595551, 46.337666 ], [ -72.595551, 46.337838 ] ] ] } },
{ "type": "Feature", "properties": { }, "geometry": { "type": "Polygon", "coordinates": [ [ [ -72.614358, 46.346692 ], [ -72.614358, 46.346548 ], [ -72.614476, 46.346548 ], [ -72.614476, 46.346692 ], [ -72.614358, 46.346692 ] ] ] } },
{ "type": "Feature", "properties": { }, "geometry": { "type": "Polygon", "coordinates": [ [ [ -72.603014, 46.336305 ], [ -72.602929, 46.336247 ], [ -72.603045, 46.336167 ], [ -72.603129, 46.336226 ], [ -72.603014, 46.336305 ] ] ] } },
{ "type": "Feature", "properties": { }, "geometry": { "type": "Polygon", "coordinates": [ [ [ -72.597099, 46.341123 ], [ -72.597251, 46.341216 ], [ -72.597179, 46.341272 ], [ -72.597027, 46.341179 ], [ -72.597099, 46.341123 ] ] ] } },
{ "type": "Feature", "properties": { }, "geometry": { "type": "Polygon", "coordinates": [ [ [ -72.596402, 46.33376 ], [ -72.596293, 46.33382 ], [ -72.596228, 46.333763 ], [ -72.596337, 46.333703 ], [ -72.596402, 46.33376 ] ] ] } },
{ "type": "Feature", "properties": { }, "geometry": { "type": "Polygon", "coordinates": [ [ [ -72.612493, 46.348915 ], [ -72.612398, 46.34885 ], [ -72.612541, 46.348751 ], [ -72.612635, 46.348816 ], [ -72.612493, 46.348915 ] ] ] } },
{ "type": "Feature", "properties": { }, "geometry": { "type": "Polygon", "coordinates": [ [ [ -72.613727, 46.352027 ], [ -72.613676, 46.352107 ], [ -72.613529, 46.352062 ], [ -72.613581, 46.351982 ], [ -72.613727, 46.352027 ] ] ] } },
{ "type": "Feature", "properties": { }, "geometry": { "type": "Polygon", "coordinates": [ [ [ -72.619591, 46.346472 ], [ -72.61942, 46.346472 ], [ -72.61942, 46.346391 ], [ -72.619591, 46.346391 ], [ -72.619591, 46.346472 ] ] ] } },
{ "type": "Feature", "properties": { }, "geometry": { "type": "Polygon", "coordinates": [ [ [ -72.600583, 46.334449 ], [ -72.600668, 46.33439 ], [ -72.600828, 46.3345 ], [ -72.600742, 46.334559 ], [ -72.600583, 46.334449 ] ] ] } },
{ "type": "Feature", "properties": { }, "geometry": { "type": "Polygon", "coordinates": [ [ [ -72.612168, 46.349639 ], [ -72.612249, 46.349695 ], [ -72.612143, 46.349768 ], [ -72.612062, 46.349712 ], [ -72.612168, 46.349639 ] ] ] } },
{ "type": "Feature", "properties": { }, "geometry": { "type": "Polygon", "coordinates": [ [ [ -72.619216, 46.344095 ], [ -72.619056, 46.343986 ], [ -72.61915, 46.34392 ], [ -72.61931, 46.34403 ], [ -72.619216, 46.344095 ] ] ] } },
{ "type": "Feature", "properties": { }, "geometry": { "type": "Polygon", "coordinates": [ [ [ -72.618124, 46.344746 ], [ -72.617955, 46.344746 ], [ -72.617955, 46.344659 ], [ -72.618124, 46.344659 ], [ -72.618124, 46.344746 ] ] ] } },
{ "type": "Feature", "properties": { }, "geometry": { "type": "Polygon", "coordinates": [ [ [ -72.598112, 46.33413 ], [ -72.598283, 46.334248 ], [ -72.598195, 46.334308 ], [ -72.598025, 46.334191 ], [ -72.598112, 46.33413 ] ] ] } },
{ "type": "Feature", "properties": { }, "geometry": { "type": "Polygon", "coordinates": [ [ [ -72.614321, 46.352488 ], [ -72.614297, 46.352474 ], [ -72.614362, 46.35242 ], [ -72.61446, 46.352476 ], [ -72.614358, 46.352561 ], [ -72.614285, 46.352519 ], [ -72.614321, 46.352488 ] ] ] } },
{ "type": "Feature", "properties": { }, "geometry": { "type": "Polygon", "coordinates": [ [ [ -72.603147, 46.348292 ], [ -72.603017, 46.348231 ], [ -72.60308, 46.348167 ], [ -72.60321, 46.348228 ], [ -72.603147, 46.348292 ] ] ] } },
{ "type": "Feature", "properties": { }, "geometry": { "type": "Polygon", "coordinates": [ [ [ -72.608361, 46.351586 ], [ -72.608445, 46.351527 ], [ -72.608571, 46.351614 ], [ -72.608487, 46.351673 ], [ -72.608361, 46.351586 ] ] ] } },
{ "type": "Feature", "properties": { }, "geometry": { "type": "Polygon", "coordinates": [ [ [ -72.615678, 46.34293 ], [ -72.615793, 46.34293 ], [ -72.615793, 46.343015 ], [ -72.615678, 46.343015 ], [ -72.615678, 46.34293 ] ] ] } },
{ "type": "Feature", "properties": { }, "geometry": { "type": "Polygon", "coordinates": [ [ [ -72.615758, 46.343761 ], [ -72.615619, 46.343761 ], [ -72.615619, 46.343676 ], [ -72.615758, 46.343676 ], [ -72.615758, 46.343761 ] ] ] } },
{ "type": "Feature", "properties": { }, "geometry": { "type": "Polygon", "coordinates": [ [ [ -72.612328, 46.346467 ], [ -72.612328, 46.346391 ], [ -72.612516, 46.346391 ], [ -72.612516, 46.346467 ], [ -72.612328, 46.346467 ] ] ] } },
{ "type": "Feature", "properties": { }, "geometry": { "type": "Polygon", "coordinates": [ [ [ -72.605054, 46.34592 ], [ -72.605174, 46.34592 ], [ -72.605174, 46.34608 ], [ -72.605054, 46.34608 ], [ -72.605054, 46.34592 ] ] ] } },
{ "type": "Feature", "properties": { }, "geometry": { "type": "Polygon", "coordinates": [ [ [ -72.594241, 46.33662 ], [ -72.594074, 46.336744 ], [ -72.59398, 46.336684 ], [ -72.594147, 46.33656 ], [ -72.594241, 46.33662 ] ] ] } },
{ "type": "Feature", "properties": { }, "geometry": { "type": "Polygon", "coordinates": [ [ [ -72.589844, 46.339008 ], [ -72.589726, 46.339086 ], [ -72.589655, 46.339036 ], [ -72.589773, 46.338957 ], [ -72.589844, 46.339008 ] ] ] } },
{ "type": "Feature", "properties": { }, "geometry": { "type": "Polygon", "coordinates": [ [ [ -72.617871, 46.349438 ], [ -72.617928, 46.349525 ], [ -72.617769, 46.349575 ], [ -72.617712, 46.349488 ], [ -72.617871, 46.349438 ] ] ] } },
{ "type": "Feature", "properties": { }, "geometry": { "type": "Polygon", "coordinates": [ [ [ -72.616842, 46.345347 ], [ -72.616834, 46.345378 ], [ -72.616793, 46.345373 ], [ -72.6168, 46.345342 ], [ -72.616758, 46.345338 ], [ -72.616773, 46.345273 ], [ -72.616921, 46.345289 ], [ -72.616905, 46.345354 ], [ -72.616842, 46.345347 ] ] ] } },
{ "type": "Feature", "properties": { }, "geometry": { "type": "Polygon", "coordinates": [ [ [ -72.61608, 46.346381 ], [ -72.61608, 46.346474 ], [ -72.615911, 46.346474 ], [ -72.615911, 46.346381 ], [ -72.61608, 46.346381 ] ] ] } },
{ "type": "Feature", "properties": { }, "geometry": { "type": "Polygon", "coordinates": [ [ [ -72.597975, 46.342812 ], [ -72.597904, 46.34276 ], [ -72.598022, 46.342684 ], [ -72.598092, 46.342737 ], [ -72.597975, 46.342812 ] ] ] } },
{ "type": "Feature", "properties": { }, "geometry": { "type": "Polygon", "coordinates": [ [ [ -72.60858, 46.343029 ], [ -72.608455, 46.343115 ], [ -72.608369, 46.343056 ], [ -72.608494, 46.34297 ], [ -72.60858, 46.343029 ] ] ] } },
{ "type": "Feature", "properties": { }, "geometry": { "type": "Polygon", "coordinates": [ [ [ -72.605993, 46.338693 ], [ -72.606108, 46.338773 ], [ -72.606018, 46.338835 ], [ -72.605903, 46.338755 ], [ -72.605993, 46.338693 ] ] ] } },
{ "type": "Feature", "properties": { }, "geometry": { "type": "Polygon", "coordinates": [ [ [ -72.596617, 46.340294 ], [ -72.596577, 46.340322 ], [ -72.596464, 46.340244 ], [ -72.596548, 46.340186 ], [ -72.596683, 46.340278 ], [ -72.596638, 46.340309 ], [ -72.596617, 46.340294 ] ] ] } },
{ "type": "Feature", "properties": { }, "geometry": { "type": "Polygon", "coordinates": [ [ [ -72.612484, 46.351606 ], [ -72.612639, 46.351655 ], [ -72.612585, 46.351736 ], [ -72.61243, 46.351688 ], [ -72.612484, 46.351606 ] ] ] } },
{ "type": "Feature", "properties": { }, "geometry": { "type": "Polygon", "coordinates": [ [ [ -72.605351, 46.350091 ], [ -72.605588, 46.350258 ], [ -72.605494, 46.350322 ], [ -72.605256, 46.350155 ], [ -72.605351, 46.350091 ] ] ] } },
{ "type": "Feature", "properties": { }, "geometry": { "type": "Polygon", "coordinates": [ [ [ -72.60642, 46.351686 ], [ -72.606276, 46.351577 ], [ -72.606406, 46.351495 ], [ -72.60655, 46.351604 ], [ -72.60642, 46.351686 ] ] ] } },
{ "type": "Feature", "properties": { }, "geometry": { "type": "Polygon", "coordinates": [ [ [ -72.609396, 46.34317 ], [ -72.609535, 46.343342 ], [ -72.609431, 46.343382 ], [ -72.609293, 46.34321 ], [ -72.609396, 46.34317 ] ] ] } },
{ "type": "Feature", "properties": { }, "geometry": { "type": "Polygon", "coordinates": [ [ [ -72.61712, 46.343631 ], [ -72.617015, 46.343703 ], [ -72.616932, 46.343646 ], [ -72.617037, 46.343574 ], [ -72.61712, 46.343631 ] ] ] } },
{ "type": "Feature", "properties": { }, "geometry": { "type": "Polygon", "coordinates": [ [ [ -72.617105, 46.343721 ], [ -72.617176, 46.343672 ], [ -72.617321, 46.343772 ], [ -72.61722, 46.343841 ], [ -72.617138, 46.343785 ], [ -72.617168, 46.343764 ], [ -72.617105, 46.343721 ] ] ] } },
{ "type": "Feature", "properties": { }, "geometry": { "type": "Polygon", "coordinates": [ [ [ -72.605072, 46.343678 ], [ -72.605183, 46.343645 ], [ -72.605277, 46.343795 ], [ -72.605166, 46.343828 ], [ -72.605072, 46.343678 ] ] ] } },
{ "type": "Feature", "properties": { }, "geometry": { "type": "Polygon", "coordinates": [ [ [ -72.602117, 46.336341 ], [ -72.601953, 46.336228 ], [ -72.602043, 46.336166 ], [ -72.602207, 46.336279 ], [ -72.602117, 46.336341 ] ] ] } },
{ "type": "Feature", "properties": { }, "geometry": { "type": "Polygon", "coordinates": [ [ [ -72.603115, 46.337106 ], [ -72.603115, 46.337197 ], [ -72.602948, 46.337197 ], [ -72.602948, 46.337106 ], [ -72.603115, 46.337106 ] ] ] } },
{ "type": "Feature", "properties": { }, "geometry": { "type": "Polygon", "coordinates": [ [ [ -72.590652, 46.339838 ], [ -72.590527, 46.339794 ], [ -72.590574, 46.339732 ], [ -72.590699, 46.339776 ], [ -72.590652, 46.339838 ] ] ] } },
{ "type": "Feature", "properties": { }, "geometry": { "type": "Polygon", "coordinates": [ [ [ -72.593892, 46.340637 ], [ -72.593729, 46.340749 ], [ -72.593652, 46.340695 ], [ -72.593814, 46.340583 ], [ -72.593892, 46.340637 ] ] ] } },
{ "type": "Feature", "properties": { }, "geometry": { "type": "Polygon", "coordinates": [ [ [ -72.593769, 46.343364 ], [ -72.593702, 46.343427 ], [ -72.593573, 46.343361 ], [ -72.59364, 46.343299 ], [ -72.593769, 46.343364 ] ] ] } },
{ "type": "Feature", "properties": { }, "geometry": { "type": "Polygon", "coordinates": [ [ [ -72.5968, 46.332271 ], [ -72.596651, 46.332174 ], [ -72.596793, 46.33207 ], [ -72.596697, 46.332008 ], [ -72.596888, 46.331868 ], [ -72.596927, 46.331893 ], [ -72.597078, 46.331782 ], [ -72.597285, 46.331916 ], [ -72.5968, 46.332271 ] ] ] } },
{ "type": "Feature", "properties": { }, "geometry": { "type": "Polygon", "coordinates": [ [ [ -72.595421, 46.337617 ], [ -72.595417, 46.337455 ], [ -72.595539, 46.337454 ], [ -72.595543, 46.337616 ], [ -72.595421, 46.337617 ] ] ] } },
{ "type": "Feature", "properties": { }, "geometry": { "type": "Polygon", "coordinates": [ [ [ -72.590988, 46.338036 ], [ -72.591073, 46.338094 ], [ -72.59092, 46.3382 ], [ -72.590835, 46.338142 ], [ -72.590988, 46.338036 ] ] ] } },
{ "type": "Feature", "properties": { }, "geometry": { "type": "Polygon", "coordinates": [ [ [ -72.605631, 46.34989 ], [ -72.60573, 46.349963 ], [ -72.605536, 46.350089 ], [ -72.605437, 46.350017 ], [ -72.605631, 46.34989 ] ] ] } },
{ "type": "Feature", "properties": { }, "geometry": { "type": "Polygon", "coordinates": [ [ [ -72.613304, 46.344652 ], [ -72.613304, 46.344511 ], [ -72.613438, 46.344511 ], [ -72.613438, 46.344652 ], [ -72.613304, 46.344652 ] ] ] } },
{ "type": "Feature", "properties": { }, "geometry": { "type": "Polygon", "coordinates": [ [ [ -72.605749, 46.33547 ], [ -72.605945, 46.335515 ], [ -72.605906, 46.335597 ], [ -72.605709, 46.335552 ], [ -72.605749, 46.33547 ] ] ] } },
{ "type": "Feature", "properties": { }, "geometry": { "type": "Polygon", "coordinates": [ [ [ -72.599547, 46.335838 ], [ -72.599431, 46.335799 ], [ -72.599558, 46.335618 ], [ -72.599645, 46.335647 ], [ -72.599579, 46.335742 ], [ -72.599608, 46.335752 ], [ -72.599547, 46.335838 ] ] ] } },
{ "type": "Feature", "properties": { }, "geometry": { "type": "Polygon", "coordinates": [ [ [ -72.590261, 46.338064 ], [ -72.590357, 46.338129 ], [ -72.590196, 46.338241 ], [ -72.5901, 46.338175 ], [ -72.590261, 46.338064 ] ] ] } },
{ "type": "Feature", "properties": { }, "geometry": { "type": "Polygon", "coordinates": [ [ [ -72.618808, 46.344226 ], [ -72.618924, 46.344293 ], [ -72.618821, 46.344379 ], [ -72.618705, 46.344312 ], [ -72.618808, 46.344226 ] ] ] } },
{ "type": "Feature", "properties": { }, "geometry": { "type": "Polygon", "coordinates": [ [ [ -72.600609, 46.344061 ], [ -72.600765, 46.344169 ], [ -72.600683, 46.344225 ], [ -72.600528, 46.344118 ], [ -72.600609, 46.344061 ] ] ] } },
{ "type": "Feature", "properties": { }, "geometry": { "type": "Polygon", "coordinates": [ [ [ -72.609385, 46.338837 ], [ -72.609281, 46.338747 ], [ -72.609366, 46.3387 ], [ -72.60947, 46.33879 ], [ -72.609385, 46.338837 ] ] ] } },
{ "type": "Feature", "properties": { }, "geometry": { "type": "Polygon", "coordinates": [ [ [ -72.60472, 46.337916 ], [ -72.604828, 46.337986 ], [ -72.60475, 46.338043 ], [ -72.604642, 46.337972 ], [ -72.60472, 46.337916 ] ] ] } },
{ "type": "Feature", "properties": { }, "geometry": { "type": "Polygon", "coordinates": [ [ [ -72.589274, 46.338136 ], [ -72.589372, 46.338204 ], [ -72.589222, 46.338307 ], [ -72.589124, 46.33824 ], [ -72.589274, 46.338136 ] ] ] } },
{ "type": "Feature", "properties": { }, "geometry": { "type": "Polygon", "coordinates": [ [ [ -72.610444, 46.34296 ], [ -72.610293, 46.343029 ], [ -72.610224, 46.342957 ], [ -72.610375, 46.342888 ], [ -72.610444, 46.34296 ] ] ] } },
{ "type": "Feature", "properties": { }, "geometry": { "type": "Polygon", "coordinates": [ [ [ -72.605799, 46.34518 ], [ -72.605579, 46.34518 ], [ -72.605579, 46.345096 ], [ -72.605799, 46.345096 ], [ -72.605799, 46.34518 ] ] ] } },
{ "type": "Feature", "properties": { }, "geometry": { "type": "Polygon", "coordinates": [ [ [ -72.589036, 46.339657 ], [ -72.589001, 46.339733 ], [ -72.58885, 46.3397 ], [ -72.588885, 46.339624 ], [ -72.589036, 46.339657 ] ] ] } },
{ "type": "Feature", "properties": { }, "geometry": { "type": "Polygon", "coordinates": [ [ [ -72.598156, 46.340223 ], [ -72.598337, 46.340307 ], [ -72.598276, 46.340369 ], [ -72.598096, 46.340285 ], [ -72.598156, 46.340223 ] ] ] } },
{ "type": "Feature", "properties": { }, "geometry": { "type": "Polygon", "coordinates": [ [ [ -72.598457, 46.334259 ], [ -72.598551, 46.334318 ], [ -72.598396, 46.334436 ], [ -72.598302, 46.334377 ], [ -72.598457, 46.334259 ] ] ] } },
{ "type": "Feature", "properties": { }, "geometry": { "type": "Polygon", "coordinates": [ [ [ -72.619233, 46.347303 ], [ -72.619164, 46.347441 ], [ -72.619052, 46.347415 ], [ -72.619121, 46.347276 ], [ -72.619233, 46.347303 ] ] ] } },
{ "type": "Feature", "properties": { }, "geometry": { "type": "Polygon", "coordinates": [ [ [ -72.6161, 46.349789 ], [ -72.616069, 46.349872 ], [ -72.615923, 46.349846 ], [ -72.615954, 46.349763 ], [ -72.6161, 46.349789 ] ] ] } },
{ "type": "Feature", "properties": { }, "geometry": { "type": "Polygon", "coordinates": [ [ [ -72.611221, 46.351241 ], [ -72.611321, 46.351292 ], [ -72.611267, 46.351342 ], [ -72.611245, 46.351331 ], [ -72.611209, 46.351366 ], [ -72.611131, 46.351327 ], [ -72.611221, 46.351241 ] ] ] } },
{ "type": "Feature", "properties": { }, "geometry": { "type": "Polygon", "coordinates": [ [ [ -72.605429, 46.34961 ], [ -72.605305, 46.349524 ], [ -72.605384, 46.34947 ], [ -72.605508, 46.349556 ], [ -72.605429, 46.34961 ] ] ] } },
{ "type": "Feature", "properties": { }, "geometry": { "type": "Polygon", "coordinates": [ [ [ -72.61567, 46.341182 ], [ -72.615624, 46.341203 ], [ -72.615671, 46.341252 ], [ -72.615597, 46.341285 ], [ -72.615457, 46.341135 ], [ -72.615577, 46.341082 ], [ -72.61567, 46.341182 ] ] ] } },
{ "type": "Feature", "properties": { }, "geometry": { "type": "Polygon", "coordinates": [ [ [ -72.600838, 46.33207 ], [ -72.600882, 46.332083 ], [ -72.600859, 46.33212 ], [ -72.600815, 46.332108 ], [ -72.600838, 46.33207 ] ] ] } },
{ "type": "Feature", "properties": { }, "geometry": { "type": "Polygon", "coordinates": [ [ [ -72.605148, 46.334654 ], [ -72.605267, 46.334737 ], [ -72.605185, 46.334793 ], [ -72.605066, 46.334711 ], [ -72.605148, 46.334654 ] ] ] } },
{ "type": "Feature", "properties": { }, "geometry": { "type": "Polygon", "coordinates": [ [ [ -72.606535, 46.348236 ], [ -72.606609, 46.348295 ], [ -72.606442, 46.348395 ], [ -72.606368, 46.348336 ], [ -72.606535, 46.348236 ] ] ] } },
{ "type": "Feature", "properties": { }, "geometry": { "type": "Polygon", "coordinates": [ [ [ -72.610383, 46.344671 ], [ -72.610483, 46.344671 ], [ -72.610483, 46.344817 ], [ -72.610383, 46.344817 ], [ -72.610383, 46.344671 ] ] ] } },
{ "type": "Feature", "properties": { }, "geometry": { "type": "Polygon", "coordinates": [ [ [ -72.601665, 46.333168 ], [ -72.601544, 46.333102 ], [ -72.601621, 46.333035 ], [ -72.601742, 46.333101 ], [ -72.601665, 46.333168 ] ] ] } },
{ "type": "Feature", "properties": { }, "geometry": { "type": "Polygon", "coordinates": [ [ [ -72.604939, 46.335122 ], [ -72.604776, 46.335102 ], [ -72.604796, 46.335025 ], [ -72.604959, 46.335045 ], [ -72.604939, 46.335122 ] ] ] } },
{ "type": "Feature", "properties": { }, "geometry": { "type": "Polygon", "coordinates": [ [ [ -72.59366, 46.342272 ], [ -72.593578, 46.34233 ], [ -72.593466, 46.342254 ], [ -72.593547, 46.342196 ], [ -72.59366, 46.342272 ] ] ] } },
{ "type": "Feature", "properties": { }, "geometry": { "type": "Polygon", "coordinates": [ [ [ -72.620277, 46.346971 ], [ -72.620399, 46.346982 ], [ -72.620369, 46.347128 ], [ -72.620248, 46.347117 ], [ -72.620277, 46.346971 ] ] ] } },
{ "type": "Feature", "properties": { }, "geometry": { "type": "Polygon", "coordinates": [ [ [ -72.611157, 46.347632 ], [ -72.611037, 46.347716 ], [ -72.610955, 46.347661 ], [ -72.611076, 46.347577 ], [ -72.611157, 46.347632 ] ] ] } },
{ "type": "Feature", "properties": { }, "geometry": { "type": "Polygon", "coordinates": [ [ [ -72.615267, 46.349862 ], [ -72.615222, 46.349959 ], [ -72.615092, 46.34993 ], [ -72.615138, 46.349833 ], [ -72.615267, 46.349862 ] ] ] } },
{ "type": "Feature", "properties": { }, "geometry": { "type": "Polygon", "coordinates": [ [ [ -72.61768, 46.344048 ], [ -72.617721, 46.344075 ], [ -72.617753, 46.344053 ], [ -72.617843, 46.344115 ], [ -72.617741, 46.344185 ], [ -72.617611, 46.344096 ], [ -72.61768, 46.344048 ] ] ] } },
{ "type": "Feature", "properties": { }, "geometry": { "type": "Polygon", "coordinates": [ [ [ -72.601629, 46.346691 ], [ -72.601629, 46.346778 ], [ -72.60147, 46.346778 ], [ -72.60147, 46.346691 ], [ -72.601629, 46.346691 ] ] ] } },
{ "type": "Feature", "properties": { }, "geometry": { "type": "Polygon", "coordinates": [ [ [ -72.604403, 46.334317 ], [ -72.604285, 46.334235 ], [ -72.604358, 46.334185 ], [ -72.604476, 46.334266 ], [ -72.604403, 46.334317 ] ] ] } },
{ "type": "Feature", "properties": { }, "geometry": { "type": "Polygon", "coordinates": [ [ [ -72.603604, 46.335942 ], [ -72.603756, 46.335965 ], [ -72.603721, 46.336077 ], [ -72.603569, 46.336054 ], [ -72.603604, 46.335942 ] ] ] } },
{ "type": "Feature", "properties": { }, "geometry": { "type": "Polygon", "coordinates": [ [ [ -72.59878, 46.338225 ], [ -72.598985, 46.338367 ], [ -72.598897, 46.338428 ], [ -72.598692, 46.338286 ], [ -72.59878, 46.338225 ] ] ] } },
{ "type": "Feature", "properties": { }, "geometry": { "type": "Polygon", "coordinates": [ [ [ -72.592675, 46.336077 ], [ -72.592764, 46.336138 ], [ -72.592595, 46.336255 ], [ -72.592506, 46.336193 ], [ -72.592675, 46.336077 ] ] ] } },
{ "type": "Feature", "properties": { }, "geometry": { "type": "Polygon", "coordinates": [ [ [ -72.602444, 46.348444 ], [ -72.602246, 46.348361 ], [ -72.602349, 46.348244 ], [ -72.602547, 46.348327 ], [ -72.602444, 46.348444 ] ] ] } },
{ "type": "Feature", "properties": { }, "geometry": { "type": "Polygon", "coordinates": [ [ [ -72.609055, 46.337791 ], [ -72.608944, 46.337699 ], [ -72.60911, 46.337604 ], [ -72.609221, 46.337697 ], [ -72.609055, 46.337791 ] ] ] } },
{ "type": "Feature", "properties": { }, "geometry": { "type": "Polygon", "coordinates": [ [ [ -72.589403, 46.337682 ], [ -72.589267, 46.337766 ], [ -72.589179, 46.337698 ], [ -72.589315, 46.337614 ], [ -72.589403, 46.337682 ] ] ] } },
{ "type": "Feature", "properties": { }, "geometry": { "type": "Polygon", "coordinates": [ [ [ -72.616861, 46.348268 ], [ -72.61692, 46.348187 ], [ -72.617064, 46.348236 ], [ -72.617005, 46.348318 ], [ -72.616861, 46.348268 ] ] ] } },
{ "type": "Feature", "properties": { }, "geometry": { "type": "Polygon", "coordinates": [ [ [ -72.600069, 46.335781 ], [ -72.600219, 46.335678 ], [ -72.600305, 46.335737 ], [ -72.600155, 46.335841 ], [ -72.600069, 46.335781 ] ] ] } },
{ "type": "Feature", "properties": { }, "geometry": { "type": "Polygon", "coordinates": [ [ [ -72.595338, 46.333332 ], [ -72.595293, 46.333367 ], [ -72.595235, 46.333331 ], [ -72.59528, 46.333296 ], [ -72.595338, 46.333332 ] ] ] } },
{ "type": "Feature", "properties": { }, "geometry": { "type": "Polygon", "coordinates": [ [ [ -72.593877, 46.337825 ], [ -72.593998, 46.337825 ], [ -72.593998, 46.33798 ], [ -72.593877, 46.33798 ], [ -72.593877, 46.337825 ] ] ] } },
{ "type": "Feature", "properties": { }, "geometry": { "type": "Polygon", "coordinates": [ [ [ -72.609361, 46.353569 ], [ -72.60951, 46.353681 ], [ -72.609385, 46.35376 ], [ -72.609237, 46.353649 ], [ -72.609361, 46.353569 ] ] ] } },
{ "type": "Feature", "properties": { }, "geometry": { "type": "Polygon", "coordinates": [ [ [ -72.60665, 46.351112 ], [ -72.606497, 46.351006 ], [ -72.606626, 46.350917 ], [ -72.606778, 46.351023 ], [ -72.60665, 46.351112 ] ] ] } },
{ "type": "Feature", "properties": { }, "geometry": { "type": "Polygon", "coordinates": [ [ [ -72.613586, 46.340967 ], [ -72.613505, 46.340912 ], [ -72.613622, 46.340831 ], [ -72.613703, 46.340887 ], [ -72.613586, 46.340967 ] ] ] } },
{ "type": "Feature", "properties": { }, "geometry": { "type": "Polygon", "coordinates": [ [ [ -72.605652, 46.342855 ], [ -72.605526, 46.34289 ], [ -72.605437, 46.342734 ], [ -72.605506, 46.342715 ], [ -72.605528, 46.342755 ], [ -72.605587, 46.34274 ], [ -72.605652, 46.342855 ] ] ] } },
{ "type": "Feature", "properties": { }, "geometry": { "type": "Polygon", "coordinates": [ [ [ -72.592686, 46.340497 ], [ -72.592612, 46.34045 ], [ -72.592756, 46.340341 ], [ -72.59283, 46.340388 ], [ -72.592686, 46.340497 ] ] ] } },
{ "type": "Feature", "properties": { }, "geometry": { "type": "Polygon", "coordinates": [ [ [ -72.597329, 46.341729 ], [ -72.597435, 46.341794 ], [ -72.597357, 46.341853 ], [ -72.597252, 46.341788 ], [ -72.597329, 46.341729 ] ] ] } },
{ "type": "Feature", "properties": { }, "geometry": { "type": "Polygon", "coordinates": [ [ [ -72.610768, 46.347399 ], [ -72.610728, 46.34743 ], [ -72.610653, 46.347384 ], [ -72.610772, 46.347291 ], [ -72.610854, 46.34734 ], [ -72.610774, 46.347402 ], [ -72.610768, 46.347399 ] ] ] } },
{ "type": "Feature", "properties": { }, "geometry": { "type": "Polygon", "coordinates": [ [ [ -72.608628, 46.349291 ], [ -72.608499, 46.349202 ], [ -72.608604, 46.34913 ], [ -72.608732, 46.349219 ], [ -72.608628, 46.349291 ] ] ] } },
{ "type": "Feature", "properties": { }, "geometry": { "type": "Polygon", "coordinates": [ [ [ -72.607689, 46.350553 ], [ -72.607607, 46.350497 ], [ -72.607641, 46.350474 ], [ -72.607606, 46.350451 ], [ -72.607668, 46.350408 ], [ -72.607785, 46.350487 ], [ -72.607689, 46.350553 ] ] ] } },
{ "type": "Feature", "properties": { }, "geometry": { "type": "Polygon", "coordinates": [ [ [ -72.612622, 46.339546 ], [ -72.612746, 46.339632 ], [ -72.612662, 46.339691 ], [ -72.612537, 46.339604 ], [ -72.612622, 46.339546 ] ] ] } },
{ "type": "Feature", "properties": { }, "geometry": { "type": "Polygon", "coordinates": [ [ [ -72.611872, 46.33954 ], [ -72.612023, 46.339648 ], [ -72.611932, 46.339708 ], [ -72.611781, 46.3396 ], [ -72.611872, 46.33954 ] ] ] } },
{ "type": "Feature", "properties": { }, "geometry": { "type": "Polygon", "coordinates": [ [ [ -72.609064, 46.344954 ], [ -72.609064, 46.345076 ], [ -72.608951, 46.345076 ], [ -72.608951, 46.344954 ], [ -72.609064, 46.344954 ] ] ] } },
{ "type": "Feature", "properties": { }, "geometry": { "type": "Polygon", "coordinates": [ [ [ -72.601692, 46.34673 ], [ -72.601695, 46.346663 ], [ -72.601854, 46.346666 ], [ -72.60185, 46.346759 ], [ -72.60175, 46.346757 ], [ -72.601751, 46.346731 ], [ -72.601692, 46.34673 ] ] ] } },
{ "type": "Feature", "properties": { }, "geometry": { "type": "Polygon", "coordinates": [ [ [ -72.59432, 46.34079 ], [ -72.594239, 46.340734 ], [ -72.594358, 46.340652 ], [ -72.594439, 46.340707 ], [ -72.59432, 46.34079 ] ] ] } },
{ "type": "Feature", "properties": { }, "geometry": { "type": "Polygon", "coordinates": [ [ [ -72.619728, 46.34677 ], [ -72.619728, 46.346628 ], [ -72.619894, 46.346628 ], [ -72.619894, 46.34677 ], [ -72.619728, 46.34677 ] ] ] } },
{ "type": "Feature", "properties": { }, "geometry": { "type": "Polygon", "coordinates": [ [ [ -72.608807, 46.346227 ], [ -72.608846, 46.346253 ], [ -72.608808, 46.346279 ], [ -72.608854, 46.346311 ], [ -72.608772, 46.346368 ], [ -72.608611, 46.346257 ], [ -72.608695, 46.346198 ], [ -72.608772, 46.346251 ], [ -72.608807, 46.346227 ] ] ] } },
{ "type": "Feature", "properties": { }, "geometry": { "type": "Polygon", "coordinates": [ [ [ -72.613398, 46.346468 ], [ -72.613229, 46.346468 ], [ -72.613229, 46.346387 ], [ -72.613398, 46.346387 ], [ -72.613398, 46.346468 ] ] ] } },
{ "type": "Feature", "properties": { }, "geometry": { "type": "Polygon", "coordinates": [ [ [ -72.614487, 46.346746 ], [ -72.614487, 46.346861 ], [ -72.614364, 46.346861 ], [ -72.614364, 46.346746 ], [ -72.614487, 46.346746 ] ] ] } },
{ "type": "Feature", "properties": { }, "geometry": { "type": "Polygon", "coordinates": [ [ [ -72.600801, 46.343735 ], [ -72.600714, 46.343795 ], [ -72.600599, 46.343715 ], [ -72.600686, 46.343655 ], [ -72.600801, 46.343735 ] ] ] } },
{ "type": "Feature", "properties": { }, "geometry": { "type": "Polygon", "coordinates": [ [ [ -72.59822, 46.336819 ], [ -72.598144, 46.336871 ], [ -72.598001, 46.336772 ], [ -72.598076, 46.33672 ], [ -72.59822, 46.336819 ] ] ] } },
{ "type": "Feature", "properties": { }, "geometry": { "type": "Polygon", "coordinates": [ [ [ -72.607645, 46.337622 ], [ -72.607534, 46.337566 ], [ -72.607655, 46.337451 ], [ -72.607766, 46.337506 ], [ -72.607645, 46.337622 ] ] ] } },
{ "type": "Feature", "properties": { }, "geometry": { "type": "Polygon", "coordinates": [ [ [ -72.601883, 46.338495 ], [ -72.602034, 46.338599 ], [ -72.601952, 46.338655 ], [ -72.601802, 46.338552 ], [ -72.601883, 46.338495 ] ] ] } },
{ "type": "Feature", "properties": { }, "geometry": { "type": "Polygon", "coordinates": [ [ [ -72.595446, 46.333056 ], [ -72.59537, 46.333109 ], [ -72.59526, 46.333033 ], [ -72.595336, 46.33298 ], [ -72.595446, 46.333056 ] ] ] } },
{ "type": "Feature", "properties": { }, "geometry": { "type": "Polygon", "coordinates": [ [ [ -72.598952, 46.34732 ], [ -72.598902, 46.347408 ], [ -72.598598, 46.347328 ], [ -72.598647, 46.347239 ], [ -72.598952, 46.34732 ] ] ] } },
{ "type": "Feature", "properties": { }, "geometry": { "type": "Polygon", "coordinates": [ [ [ -72.608605, 46.351123 ], [ -72.608527, 46.351069 ], [ -72.608632, 46.350997 ], [ -72.60871, 46.351051 ], [ -72.608605, 46.351123 ] ] ] } },
{ "type": "Feature", "properties": { }, "geometry": { "type": "Polygon", "coordinates": [ [ [ -72.616391, 46.345522 ], [ -72.616287, 46.345522 ], [ -72.616287, 46.345393 ], [ -72.616429, 46.345393 ], [ -72.616429, 46.34548 ], [ -72.616391, 46.34548 ], [ -72.616391, 46.345522 ] ] ] } },
{ "type": "Feature", "properties": { }, "geometry": { "type": "Polygon", "coordinates": [ [ [ -72.610643, 46.346493 ], [ -72.610839, 46.346439 ], [ -72.610879, 46.34651 ], [ -72.610683, 46.346563 ], [ -72.610643, 46.346493 ] ] ] } },
{ "type": "Feature", "properties": { }, "geometry": { "type": "Polygon", "coordinates": [ [ [ -72.604305, 46.34391 ], [ -72.604278, 46.344025 ], [ -72.604147, 46.344011 ], [ -72.604192, 46.34382 ], [ -72.604459, 46.34385 ], [ -72.604441, 46.343925 ], [ -72.604305, 46.34391 ] ] ] } },
{ "type": "Feature", "properties": { }, "geometry": { "type": "Polygon", "coordinates": [ [ [ -72.602542, 46.335457 ], [ -72.602616, 46.33543 ], [ -72.602649, 46.335474 ], [ -72.602775, 46.335428 ], [ -72.602837, 46.335509 ], [ -72.602638, 46.335582 ], [ -72.602542, 46.335457 ] ] ] } },
{ "type": "Feature", "properties": { }, "geometry": { "type": "Polygon", "coordinates": [ [ [ -72.599375, 46.335956 ], [ -72.599385, 46.335899 ], [ -72.599502, 46.335909 ], [ -72.599475, 46.336062 ], [ -72.59935, 46.336052 ], [ -72.599367, 46.335955 ], [ -72.599375, 46.335956 ] ] ] } },
{ "type": "Feature", "properties": { }, "geometry": { "type": "Polygon", "coordinates": [ [ [ -72.595417, 46.343549 ], [ -72.595565, 46.343651 ], [ -72.595486, 46.343706 ], [ -72.595337, 46.343603 ], [ -72.595417, 46.343549 ] ] ] } },
{ "type": "Feature", "properties": { }, "geometry": { "type": "Polygon", "coordinates": [ [ [ -72.613731, 46.350861 ], [ -72.613673, 46.350952 ], [ -72.613452, 46.350885 ], [ -72.613528, 46.350765 ], [ -72.613601, 46.350788 ], [ -72.613583, 46.350816 ], [ -72.613731, 46.350861 ] ] ] } },
{ "type": "Feature", "properties": { }, "geometry": { "type": "Polygon", "coordinates": [ [ [ -72.609976, 46.339873 ], [ -72.610079, 46.339944 ], [ -72.609933, 46.340045 ], [ -72.609829, 46.339974 ], [ -72.609976, 46.339873 ] ] ] } },
{ "type": "Feature", "properties": { }, "geometry": { "type": "Polygon", "coordinates": [ [ [ -72.599686, 46.34184 ], [ -72.599664, 46.341971 ], [ -72.599521, 46.34196 ], [ -72.599533, 46.341889 ], [ -72.599482, 46.341885 ], [ -72.599493, 46.341824 ], [ -72.599686, 46.34184 ] ] ] } },
{ "type": "Feature", "properties": { }, "geometry": { "type": "Polygon", "coordinates": [ [ [ -72.601427, 46.337856 ], [ -72.601365, 46.3377 ], [ -72.601474, 46.337679 ], [ -72.601536, 46.337835 ], [ -72.601427, 46.337856 ] ] ] } },
{ "type": "Feature", "properties": { }, "geometry": { "type": "Polygon", "coordinates": [ [ [ -72.592863, 46.342719 ], [ -72.592902, 46.342746 ], [ -72.592824, 46.3428 ], [ -72.592713, 46.342723 ], [ -72.592827, 46.342644 ], [ -72.592899, 46.342694 ], [ -72.592863, 46.342719 ] ] ] } },
{ "type": "Feature", "properties": { }, "geometry": { "type": "Polygon", "coordinates": [ [ [ -72.594337, 46.342768 ], [ -72.594258, 46.342823 ], [ -72.594147, 46.342746 ], [ -72.594226, 46.342691 ], [ -72.594337, 46.342768 ] ] ] } },
{ "type": "Feature", "properties": { }, "geometry": { "type": "Polygon", "coordinates": [ [ [ -72.596422, 46.3432 ], [ -72.596282, 46.343298 ], [ -72.596204, 46.343244 ], [ -72.596345, 46.343147 ], [ -72.596422, 46.3432 ] ] ] } },
{ "type": "Feature", "properties": { }, "geometry": { "type": "Polygon", "coordinates": [ [ [ -72.610456, 46.348017 ], [ -72.610545, 46.348074 ], [ -72.610434, 46.348157 ], [ -72.610345, 46.3481 ], [ -72.610456, 46.348017 ] ] ] } },
{ "type": "Feature", "properties": { }, "geometry": { "type": "Polygon", "coordinates": [ [ [ -72.615318, 46.348387 ], [ -72.615426, 46.348429 ], [ -72.615337, 46.348538 ], [ -72.615229, 46.348496 ], [ -72.615318, 46.348387 ] ] ] } },
{ "type": "Feature", "properties": { }, "geometry": { "type": "Polygon", "coordinates": [ [ [ -72.614649, 46.351169 ], [ -72.614586, 46.351264 ], [ -72.614341, 46.351188 ], [ -72.614403, 46.351093 ], [ -72.614649, 46.351169 ] ] ] } },
{ "type": "Feature", "properties": { }, "geometry": { "type": "Polygon", "coordinates": [ [ [ -72.601941, 46.344514 ], [ -72.602058, 46.344595 ], [ -72.601972, 46.344654 ], [ -72.601855, 46.344573 ], [ -72.601941, 46.344514 ] ] ] } },
{ "type": "Feature", "properties": { }, "geometry": { "type": "Polygon", "coordinates": [ [ [ -72.60698, 46.338275 ], [ -72.606891, 46.338214 ], [ -72.607036, 46.338114 ], [ -72.607124, 46.338175 ], [ -72.60698, 46.338275 ] ] ] } },
{ "type": "Feature", "properties": { }, "geometry": { "type": "Polygon", "coordinates": [ [ [ -72.59086, 46.337556 ], [ -72.590816, 46.337525 ], [ -72.590858, 46.337496 ], [ -72.59089, 46.337518 ], [ -72.590932, 46.33749 ], [ -72.591016, 46.337548 ], [ -72.590896, 46.337631 ], [ -72.590823, 46.337581 ], [ -72.59086, 46.337556 ] ] ] } },
{ "type": "Feature", "properties": { }, "geometry": { "type": "Polygon", "coordinates": [ [ [ -72.614364, 46.346918 ], [ -72.614482, 46.346918 ], [ -72.614482, 46.347024 ], [ -72.614364, 46.347024 ], [ -72.614364, 46.346918 ] ] ] } },
{ "type": "Feature", "properties": { }, "geometry": { "type": "Polygon", "coordinates": [ [ [ -72.613026, 46.347738 ], [ -72.612935, 46.347882 ], [ -72.612829, 46.34785 ], [ -72.61292, 46.347706 ], [ -72.613026, 46.347738 ] ] ] } },
{ "type": "Feature", "properties": { }, "geometry": { "type": "Polygon", "coordinates": [ [ [ -72.61237, 46.352439 ], [ -72.612224, 46.352389 ], [ -72.61228, 46.352312 ], [ -72.612426, 46.352362 ], [ -72.61237, 46.352439 ] ] ] } },
{ "type": "Feature", "properties": { }, "geometry": { "type": "Polygon", "coordinates": [ [ [ -72.612518, 46.346733 ], [ -72.612518, 46.34682 ], [ -72.612336, 46.34682 ], [ -72.612336, 46.346733 ], [ -72.612518, 46.346733 ] ] ] } },
{ "type": "Feature", "properties": { }, "geometry": { "type": "Polygon", "coordinates": [ [ [ -72.607389, 46.346784 ], [ -72.607293, 46.346824 ], [ -72.607172, 46.346688 ], [ -72.607268, 46.346648 ], [ -72.607389, 46.346784 ] ] ] } },
{ "type": "Feature", "properties": { }, "geometry": { "type": "Polygon", "coordinates": [ [ [ -72.600322, 46.337367 ], [ -72.600407, 46.33742 ], [ -72.600298, 46.337504 ], [ -72.600213, 46.337451 ], [ -72.600322, 46.337367 ] ] ] } },
{ "type": "Feature", "properties": { }, "geometry": { "type": "Polygon", "coordinates": [ [ [ -72.610256, 46.353357 ], [ -72.609769, 46.353095 ], [ -72.609829, 46.353042 ], [ -72.609798, 46.353025 ], [ -72.60992, 46.352917 ], [ -72.610232, 46.353085 ], [ -72.61028, 46.353042 ], [ -72.61092, 46.353387 ], [ -72.61085, 46.353449 ], [ -72.610903, 46.353477 ], [ -72.61083, 46.353542 ], [ -72.610343, 46.35328 ], [ -72.610256, 46.353357 ] ] ] } },
{ "type": "Feature", "properties": { }, "geometry": { "type": "Polygon", "coordinates": [ [ [ -72.60963, 46.342052 ], [ -72.609507, 46.341967 ], [ -72.609595, 46.341906 ], [ -72.609718, 46.341991 ], [ -72.60963, 46.342052 ] ] ] } },
{ "type": "Feature", "properties": { }, "geometry": { "type": "Polygon", "coordinates": [ [ [ -72.613876, 46.343302 ], [ -72.613876, 46.343395 ], [ -72.613728, 46.343395 ], [ -72.613728, 46.343302 ], [ -72.613876, 46.343302 ] ] ] } },
{ "type": "Feature", "properties": { }, "geometry": { "type": "Polygon", "coordinates": [ [ [ -72.600457, 46.342178 ], [ -72.600461, 46.34209 ], [ -72.600626, 46.342093 ], [ -72.600619, 46.342244 ], [ -72.600495, 46.342242 ], [ -72.600498, 46.342179 ], [ -72.600457, 46.342178 ] ] ] } },
{ "type": "Feature", "properties": { }, "geometry": { "type": "Polygon", "coordinates": [ [ [ -72.59801, 46.338547 ], [ -72.597882, 46.338636 ], [ -72.597796, 46.338577 ], [ -72.597924, 46.338488 ], [ -72.59801, 46.338547 ] ] ] } },
{ "type": "Feature", "properties": { }, "geometry": { "type": "Polygon", "coordinates": [ [ [ -72.61121, 46.350438 ], [ -72.611111, 46.350508 ], [ -72.611025, 46.35045 ], [ -72.611123, 46.35038 ], [ -72.61121, 46.350438 ] ] ] } },
{ "type": "Feature", "properties": { }, "geometry": { "type": "Polygon", "coordinates": [ [ [ -72.601666, 46.349105 ], [ -72.601562, 46.349196 ], [ -72.60132, 46.349064 ], [ -72.601425, 46.348973 ], [ -72.601666, 46.349105 ] ] ] } },
{ "type": "Feature", "properties": { }, "geometry": { "type": "Polygon", "coordinates": [ [ [ -72.613409, 46.343508 ], [ -72.613409, 46.343673 ], [ -72.613302, 46.343673 ], [ -72.613302, 46.343508 ], [ -72.613409, 46.343508 ] ] ] } },
{ "type": "Feature", "properties": { }, "geometry": { "type": "Polygon", "coordinates": [ [ [ -72.608049, 46.346311 ], [ -72.607989, 46.346163 ], [ -72.608091, 46.346143 ], [ -72.608151, 46.346292 ], [ -72.608049, 46.346311 ] ] ] } },
{ "type": "Feature", "properties": { }, "geometry": { "type": "Polygon", "coordinates": [ [ [ -72.605007, 46.339295 ], [ -72.605228, 46.339184 ], [ -72.605305, 46.339257 ], [ -72.605084, 46.339368 ], [ -72.605007, 46.339295 ] ] ] } },
{ "type": "Feature", "properties": { }, "geometry": { "type": "Polygon", "coordinates": [ [ [ -72.589273, 46.339709 ], [ -72.589238, 46.339789 ], [ -72.589104, 46.339761 ], [ -72.589107, 46.339753 ], [ -72.589048, 46.339741 ], [ -72.58908, 46.339669 ], [ -72.589273, 46.339709 ] ] ] } },
{ "type": "Feature", "properties": { }, "geometry": { "type": "Polygon", "coordinates": [ [ [ -72.592584, 46.340036 ], [ -72.592481, 46.340107 ], [ -72.592414, 46.340061 ], [ -72.592517, 46.33999 ], [ -72.592584, 46.340036 ] ] ] } },
{ "type": "Feature", "properties": { }, "geometry": { "type": "Polygon", "coordinates": [ [ [ -72.592021, 46.342594 ], [ -72.592221, 46.342732 ], [ -72.592059, 46.342844 ], [ -72.591859, 46.342706 ], [ -72.592021, 46.342594 ] ] ] } },
{ "type": "Feature", "properties": { }, "geometry": { "type": "Polygon", "coordinates": [ [ [ -72.594864, 46.338477 ], [ -72.594977, 46.338477 ], [ -72.594977, 46.338604 ], [ -72.594864, 46.338604 ], [ -72.594864, 46.338477 ] ] ] } },
{ "type": "Feature", "properties": { }, "geometry": { "type": "Polygon", "coordinates": [ [ [ -72.615917, 46.348971 ], [ -72.615864, 46.34905 ], [ -72.615711, 46.349002 ], [ -72.615764, 46.348922 ], [ -72.615917, 46.348971 ] ] ] } },
{ "type": "Feature", "properties": { }, "geometry": { "type": "Polygon", "coordinates": [ [ [ -72.617399, 46.349096 ], [ -72.617336, 46.34919 ], [ -72.617205, 46.349149 ], [ -72.617224, 46.349122 ], [ -72.617172, 46.349105 ], [ -72.617216, 46.349038 ], [ -72.617399, 46.349096 ] ] ] } },
{ "type": "Feature", "properties": { }, "geometry": { "type": "Polygon", "coordinates": [ [ [ -72.601779, 46.347695 ], [ -72.601802, 46.347771 ], [ -72.601659, 46.347792 ], [ -72.601636, 46.347716 ], [ -72.601779, 46.347695 ] ] ] } },
{ "type": "Feature", "properties": { }, "geometry": { "type": "Polygon", "coordinates": [ [ [ -72.60383, 46.348167 ], [ -72.6037, 46.348178 ], [ -72.603683, 46.348083 ], [ -72.603813, 46.348072 ], [ -72.60383, 46.348167 ] ] ] } },
{ "type": "Feature", "properties": { }, "geometry": { "type": "Polygon", "coordinates": [ [ [ -72.618189, 46.346098 ], [ -72.618189, 46.346017 ], [ -72.618376, 46.346017 ], [ -72.618376, 46.346098 ], [ -72.618189, 46.346098 ] ] ] } },
{ "type": "Feature", "properties": { }, "geometry": { "type": "Polygon", "coordinates": [ [ [ -72.613736, 46.346022 ], [ -72.613865, 46.346022 ], [ -72.613865, 46.346109 ], [ -72.613736, 46.346109 ], [ -72.613736, 46.346022 ] ] ] } },
{ "type": "Feature", "properties": { }, "geometry": { "type": "Polygon", "coordinates": [ [ [ -72.60642, 46.34052 ], [ -72.606335, 46.340461 ], [ -72.606434, 46.340392 ], [ -72.60652, 46.340452 ], [ -72.60642, 46.34052 ] ] ] } },
{ "type": "Feature", "properties": { }, "geometry": { "type": "Polygon", "coordinates": [ [ [ -72.599343, 46.340584 ], [ -72.599343, 46.340647 ], [ -72.599236, 46.340647 ], [ -72.599236, 46.340584 ], [ -72.599343, 46.340584 ] ] ] } },
{ "type": "Feature", "properties": { }, "geometry": { "type": "Polygon", "coordinates": [ [ [ -72.598755, 46.345785 ], [ -72.598663, 46.345734 ], [ -72.598781, 46.345633 ], [ -72.598872, 46.345684 ], [ -72.598755, 46.345785 ] ] ] } },
{ "type": "Feature", "properties": { }, "geometry": { "type": "Polygon", "coordinates": [ [ [ -72.60427, 46.338216 ], [ -72.604101, 46.338121 ], [ -72.604175, 46.338059 ], [ -72.604343, 46.338154 ], [ -72.60427, 46.338216 ] ] ] } },
{ "type": "Feature", "properties": { }, "geometry": { "type": "Polygon", "coordinates": [ [ [ -72.594796, 46.339626 ], [ -72.594628, 46.33951 ], [ -72.594709, 46.339454 ], [ -72.594876, 46.33957 ], [ -72.594796, 46.339626 ] ] ] } },
{ "type": "Feature", "properties": { }, "geometry": { "type": "Polygon", "coordinates": [ [ [ -72.594707, 46.340426 ], [ -72.594818, 46.340503 ], [ -72.594737, 46.340559 ], [ -72.594625, 46.340482 ], [ -72.594707, 46.340426 ] ] ] } },
{ "type": "Feature", "properties": { }, "geometry": { "type": "Polygon", "coordinates": [ [ [ -72.5972, 46.340812 ], [ -72.597077, 46.340727 ], [ -72.597203, 46.34064 ], [ -72.597326, 46.340725 ], [ -72.5972, 46.340812 ] ] ] } },
{ "type": "Feature", "properties": { }, "geometry": { "type": "Polygon", "coordinates": [ [ [ -72.592779, 46.333722 ], [ -72.59286, 46.333666 ], [ -72.593099, 46.33383 ], [ -72.593064, 46.333854 ], [ -72.592983, 46.333798 ], [ -72.592936, 46.33383 ], [ -72.592779, 46.333722 ] ] ] } },
{ "type": "Feature", "properties": { }, "geometry": { "type": "Polygon", "coordinates": [ [ [ -72.597885, 46.344034 ], [ -72.597952, 46.344084 ], [ -72.597829, 46.344162 ], [ -72.597762, 46.344111 ], [ -72.597885, 46.344034 ] ] ] } },
{ "type": "Feature", "properties": { }, "geometry": { "type": "Polygon", "coordinates": [ [ [ -72.598663, 46.345304 ], [ -72.598644, 46.345386 ], [ -72.59855, 46.345375 ], [ -72.598539, 46.345418 ], [ -72.598467, 46.345409 ], [ -72.598498, 46.345285 ], [ -72.598663, 46.345304 ] ] ] } },
{ "type": "Feature", "properties": { }, "geometry": { "type": "Polygon", "coordinates": [ [ [ -72.604397, 46.337153 ], [ -72.604532, 46.337246 ], [ -72.604401, 46.337337 ], [ -72.604265, 46.337243 ], [ -72.604397, 46.337153 ] ] ] } },
{ "type": "Feature", "properties": { }, "geometry": { "type": "Polygon", "coordinates": [ [ [ -72.61645, 46.348032 ], [ -72.616616, 46.348086 ], [ -72.616565, 46.348161 ], [ -72.616399, 46.348107 ], [ -72.61645, 46.348032 ] ] ] } },
{ "type": "Feature", "properties": { }, "geometry": { "type": "Polygon", "coordinates": [ [ [ -72.616567, 46.350334 ], [ -72.616507, 46.35041 ], [ -72.616382, 46.350362 ], [ -72.616443, 46.350286 ], [ -72.616567, 46.350334 ] ] ] } },
{ "type": "Feature", "properties": { }, "geometry": { "type": "Polygon", "coordinates": [ [ [ -72.611362, 46.351261 ], [ -72.611269, 46.35121 ], [ -72.611374, 46.35112 ], [ -72.611467, 46.351171 ], [ -72.611362, 46.351261 ] ] ] } },
{ "type": "Feature", "properties": { }, "geometry": { "type": "Polygon", "coordinates": [ [ [ -72.611206, 46.346094 ], [ -72.611208, 46.346013 ], [ -72.611425, 46.346015 ], [ -72.611423, 46.346097 ], [ -72.611206, 46.346094 ] ] ] } },
{ "type": "Feature", "properties": { }, "geometry": { "type": "Polygon", "coordinates": [ [ [ -72.602732, 46.332751 ], [ -72.602867, 46.332826 ], [ -72.602789, 46.332894 ], [ -72.602653, 46.332819 ], [ -72.602732, 46.332751 ] ] ] } },
{ "type": "Feature", "properties": { }, "geometry": { "type": "Polygon", "coordinates": [ [ [ -72.605889, 46.335247 ], [ -72.605769, 46.335234 ], [ -72.605793, 46.335122 ], [ -72.605914, 46.335135 ], [ -72.605889, 46.335247 ] ] ] } },
{ "type": "Feature", "properties": { }, "geometry": { "type": "Polygon", "coordinates": [ [ [ -72.611807, 46.349252 ], [ -72.61191, 46.3493 ], [ -72.611793, 46.349421 ], [ -72.611689, 46.349373 ], [ -72.611807, 46.349252 ] ] ] } },
{ "type": "Feature", "properties": { }, "geometry": { "type": "Polygon", "coordinates": [ [ [ -72.60723, 46.347225 ], [ -72.607157, 46.347276 ], [ -72.607037, 46.347193 ], [ -72.607111, 46.347142 ], [ -72.60723, 46.347225 ] ] ] } },
{ "type": "Feature", "properties": { }, "geometry": { "type": "Polygon", "coordinates": [ [ [ -72.613403, 46.345774 ], [ -72.613403, 46.345694 ], [ -72.613623, 46.345694 ], [ -72.613623, 46.345774 ], [ -72.613403, 46.345774 ] ] ] } },
{ "type": "Feature", "properties": { }, "geometry": { "type": "Polygon", "coordinates": [ [ [ -72.599161, 46.345383 ], [ -72.599248, 46.345444 ], [ -72.599094, 46.34555 ], [ -72.599007, 46.34549 ], [ -72.599161, 46.345383 ] ] ] } },
{ "type": "Feature", "properties": { }, "geometry": { "type": "Polygon", "coordinates": [ [ [ -72.600378, 46.334274 ], [ -72.600213, 46.334308 ], [ -72.60017, 46.334209 ], [ -72.600336, 46.334175 ], [ -72.600378, 46.334274 ] ] ] } },
{ "type": "Feature", "properties": { }, "geometry": { "type": "Polygon", "coordinates": [ [ [ -72.597478, 46.340926 ], [ -72.597317, 46.34081 ], [ -72.597396, 46.340758 ], [ -72.597557, 46.340875 ], [ -72.597478, 46.340926 ] ] ] } },
{ "type": "Feature", "properties": { }, "geometry": { "type": "Polygon", "coordinates": [ [ [ -72.596685, 46.338704 ], [ -72.596575, 46.338742 ], [ -72.596473, 46.338597 ], [ -72.596583, 46.33856 ], [ -72.596685, 46.338704 ] ] ] } },
{ "type": "Feature", "properties": { }, "geometry": { "type": "Polygon", "coordinates": [ [ [ -72.61642, 46.349525 ], [ -72.61654, 46.349586 ], [ -72.616467, 46.349654 ], [ -72.616347, 46.349593 ], [ -72.61642, 46.349525 ] ] ] } },
{ "type": "Feature", "properties": { }, "geometry": { "type": "Polygon", "coordinates": [ [ [ -72.610094, 46.350197 ], [ -72.610208, 46.350276 ], [ -72.610118, 46.350338 ], [ -72.610004, 46.350259 ], [ -72.610094, 46.350197 ] ] ] } },
{ "type": "Feature", "properties": { }, "geometry": { "type": "Polygon", "coordinates": [ [ [ -72.612964, 46.344389 ], [ -72.612964, 46.344511 ], [ -72.612838, 46.344511 ], [ -72.612838, 46.344389 ], [ -72.612964, 46.344389 ] ] ] } },
{ "type": "Feature", "properties": { }, "geometry": { "type": "Polygon", "coordinates": [ [ [ -72.598342, 46.342089 ], [ -72.598228, 46.342012 ], [ -72.598306, 46.341957 ], [ -72.59842, 46.342035 ], [ -72.598342, 46.342089 ] ] ] } },
{ "type": "Feature", "properties": { }, "geometry": { "type": "Polygon", "coordinates": [ [ [ -72.616555, 46.343972 ], [ -72.616614, 46.34391 ], [ -72.616753, 46.343972 ], [ -72.616694, 46.344035 ], [ -72.616555, 46.343972 ] ] ] } },
{ "type": "Feature", "properties": { }, "geometry": { "type": "Polygon", "coordinates": [ [ [ -72.612392, 46.344726 ], [ -72.612392, 46.344584 ], [ -72.61251, 46.344584 ], [ -72.61251, 46.344726 ], [ -72.612392, 46.344726 ] ] ] } },
{ "type": "Feature", "properties": { }, "geometry": { "type": "Polygon", "coordinates": [ [ [ -72.608223, 46.34152 ], [ -72.608325, 46.341583 ], [ -72.608239, 46.341649 ], [ -72.608137, 46.341585 ], [ -72.608223, 46.34152 ] ] ] } },
{ "type": "Feature", "properties": { }, "geometry": { "type": "Polygon", "coordinates": [ [ [ -72.606112, 46.34364 ], [ -72.606027, 46.343472 ], [ -72.606129, 46.343447 ], [ -72.606215, 46.343615 ], [ -72.606112, 46.34364 ] ] ] } },
{ "type": "Feature", "properties": { }, "geometry": { "type": "Polygon", "coordinates": [ [ [ -72.604865, 46.334062 ], [ -72.604975, 46.334137 ], [ -72.604893, 46.334194 ], [ -72.604783, 46.334119 ], [ -72.604865, 46.334062 ] ] ] } },
{ "type": "Feature", "properties": { }, "geometry": { "type": "Polygon", "coordinates": [ [ [ -72.590433, 46.339769 ], [ -72.590328, 46.339697 ], [ -72.590394, 46.339652 ], [ -72.590499, 46.339724 ], [ -72.590433, 46.339769 ] ] ] } },
{ "type": "Feature", "properties": { }, "geometry": { "type": "Polygon", "coordinates": [ [ [ -72.613168, 46.34737 ], [ -72.613264, 46.347405 ], [ -72.613158, 46.347543 ], [ -72.613062, 46.347508 ], [ -72.613168, 46.34737 ] ] ] } },
{ "type": "Feature", "properties": { }, "geometry": { "type": "Polygon", "coordinates": [ [ [ -72.604462, 46.347258 ], [ -72.6044, 46.347154 ], [ -72.604511, 46.347123 ], [ -72.604573, 46.347227 ], [ -72.604462, 46.347258 ] ] ] } },
{ "type": "Feature", "properties": { }, "geometry": { "type": "Polygon", "coordinates": [ [ [ -72.601911, 46.349392 ], [ -72.601622, 46.349231 ], [ -72.601726, 46.349143 ], [ -72.602015, 46.349304 ], [ -72.601911, 46.349392 ] ] ] } },
{ "type": "Feature", "properties": { }, "geometry": { "type": "Polygon", "coordinates": [ [ [ -72.615374, 46.341505 ], [ -72.615468, 46.341614 ], [ -72.615363, 46.341657 ], [ -72.615269, 46.341549 ], [ -72.615374, 46.341505 ] ] ] } },
{ "type": "Feature", "properties": { }, "geometry": { "type": "Polygon", "coordinates": [ [ [ -72.617684, 46.344761 ], [ -72.617684, 46.344669 ], [ -72.617759, 46.344669 ], [ -72.617759, 46.344678 ], [ -72.617869, 46.344678 ], [ -72.617869, 46.344761 ], [ -72.617684, 46.344761 ] ] ] } },
{ "type": "Feature", "properties": { }, "geometry": { "type": "Polygon", "coordinates": [ [ [ -72.607178, 46.340802 ], [ -72.607263, 46.340861 ], [ -72.607137, 46.340948 ], [ -72.607052, 46.34089 ], [ -72.607178, 46.340802 ] ] ] } },
{ "type": "Feature", "properties": { }, "geometry": { "type": "Polygon", "coordinates": [ [ [ -72.60843, 46.345662 ], [ -72.608553, 46.345659 ], [ -72.60856, 46.345815 ], [ -72.608437, 46.345817 ], [ -72.60843, 46.345662 ] ] ] } },
{ "type": "Feature", "properties": { }, "geometry": { "type": "Polygon", "coordinates": [ [ [ -72.612717, 46.343602 ], [ -72.612717, 46.343681 ], [ -72.6125, 46.343681 ], [ -72.6125, 46.343602 ], [ -72.612717, 46.343602 ] ] ] } },
{ "type": "Feature", "properties": { }, "geometry": { "type": "Polygon", "coordinates": [ [ [ -72.600358, 46.340073 ], [ -72.600282, 46.340073 ], [ -72.600282, 46.339971 ], [ -72.600443, 46.339971 ], [ -72.600443, 46.340103 ], [ -72.600358, 46.340103 ], [ -72.600358, 46.340073 ] ] ] } },
{ "type": "Feature", "properties": { }, "geometry": { "type": "Polygon", "coordinates": [ [ [ -72.600007, 46.337569 ], [ -72.600049, 46.337697 ], [ -72.599926, 46.337716 ], [ -72.599884, 46.337588 ], [ -72.600007, 46.337569 ] ] ] } },
{ "type": "Feature", "properties": { }, "geometry": { "type": "Polygon", "coordinates": [ [ [ -72.601357, 46.338288 ], [ -72.601197, 46.338181 ], [ -72.601287, 46.338117 ], [ -72.601447, 46.338224 ], [ -72.601357, 46.338288 ] ] ] } },
{ "type": "Feature", "properties": { }, "geometry": { "type": "Polygon", "coordinates": [ [ [ -72.604178, 46.347638 ], [ -72.604305, 46.347675 ], [ -72.604284, 46.34771 ], [ -72.604339, 46.347726 ], [ -72.604301, 46.347788 ], [ -72.604119, 46.347735 ], [ -72.604178, 46.347638 ] ] ] } },
{ "type": "Feature", "properties": { }, "geometry": { "type": "Polygon", "coordinates": [ [ [ -72.608143, 46.340288 ], [ -72.608033, 46.340359 ], [ -72.607954, 46.340301 ], [ -72.608064, 46.34023 ], [ -72.608143, 46.340288 ] ] ] } },
{ "type": "Feature", "properties": { }, "geometry": { "type": "Polygon", "coordinates": [ [ [ -72.597971, 46.340579 ], [ -72.597894, 46.340633 ], [ -72.597727, 46.340518 ], [ -72.597805, 46.340465 ], [ -72.597971, 46.340579 ] ] ] } },
{ "type": "Feature", "properties": { }, "geometry": { "type": "Polygon", "coordinates": [ [ [ -72.601846, 46.341256 ], [ -72.601688, 46.341256 ], [ -72.601688, 46.341184 ], [ -72.601846, 46.341184 ], [ -72.601846, 46.341256 ] ] ] } },
{ "type": "Feature", "properties": { }, "geometry": { "type": "Polygon", "coordinates": [ [ [ -72.598251, 46.333782 ], [ -72.598334, 46.333834 ], [ -72.598184, 46.333946 ], [ -72.598101, 46.333894 ], [ -72.598251, 46.333782 ] ] ] } },
{ "type": "Feature", "properties": { }, "geometry": { "type": "Polygon", "coordinates": [ [ [ -72.603258, 46.334466 ], [ -72.60317, 46.33453 ], [ -72.603016, 46.334429 ], [ -72.603104, 46.334365 ], [ -72.603258, 46.334466 ] ] ] } },
{ "type": "Feature", "properties": { }, "geometry": { "type": "Polygon", "coordinates": [ [ [ -72.606693, 46.335462 ], [ -72.60658, 46.335462 ], [ -72.60658, 46.335334 ], [ -72.606693, 46.335334 ], [ -72.606693, 46.335462 ] ] ] } },
{ "type": "Feature", "properties": { }, "geometry": { "type": "Polygon", "coordinates": [ [ [ -72.600281, 46.337887 ], [ -72.600386, 46.337967 ], [ -72.600299, 46.338021 ], [ -72.600194, 46.337942 ], [ -72.600281, 46.337887 ] ] ] } },
{ "type": "Feature", "properties": { }, "geometry": { "type": "Polygon", "coordinates": [ [ [ -72.597187, 46.344037 ], [ -72.597282, 46.344103 ], [ -72.59712, 46.344215 ], [ -72.597025, 46.344149 ], [ -72.597187, 46.344037 ] ] ] } },
{ "type": "Feature", "properties": { }, "geometry": { "type": "Polygon", "coordinates": [ [ [ -72.593891, 46.333461 ], [ -72.594005, 46.333536 ], [ -72.593934, 46.333587 ], [ -72.59382, 46.333512 ], [ -72.593891, 46.333461 ] ] ] } },
{ "type": "Feature", "properties": { }, "geometry": { "type": "Polygon", "coordinates": [ [ [ -72.594414, 46.334221 ], [ -72.594343, 46.334277 ], [ -72.594217, 46.334201 ], [ -72.594288, 46.334145 ], [ -72.594414, 46.334221 ] ] ] } },
{ "type": "Feature", "properties": { }, "geometry": { "type": "Polygon", "coordinates": [ [ [ -72.613641, 46.352393 ], [ -72.613579, 46.352474 ], [ -72.613452, 46.352428 ], [ -72.613514, 46.352347 ], [ -72.613641, 46.352393 ] ] ] } },
{ "type": "Feature", "properties": { }, "geometry": { "type": "Polygon", "coordinates": [ [ [ -72.605694, 46.347482 ], [ -72.605795, 46.347454 ], [ -72.605862, 46.347568 ], [ -72.605761, 46.347596 ], [ -72.605694, 46.347482 ] ] ] } },
{ "type": "Feature", "properties": { }, "geometry": { "type": "Polygon", "coordinates": [ [ [ -72.6078, 46.350008 ], [ -72.607717, 46.350066 ], [ -72.607617, 46.349996 ], [ -72.6077, 46.349939 ], [ -72.6078, 46.350008 ] ] ] } },
{ "type": "Feature", "properties": { }, "geometry": { "type": "Polygon", "coordinates": [ [ [ -72.614059, 46.340579 ], [ -72.61397, 46.340532 ], [ -72.614071, 46.340441 ], [ -72.61416, 46.340488 ], [ -72.614059, 46.340579 ] ] ] } },
{ "type": "Feature", "properties": { }, "geometry": { "type": "Polygon", "coordinates": [ [ [ -72.612643, 46.341583 ], [ -72.612551, 46.341647 ], [ -72.612392, 46.341538 ], [ -72.612485, 46.341474 ], [ -72.612643, 46.341583 ] ] ] } },
{ "type": "Feature", "properties": { }, "geometry": { "type": "Polygon", "coordinates": [ [ [ -72.616906, 46.346388 ], [ -72.616904, 46.346473 ], [ -72.616703, 46.34647 ], [ -72.616705, 46.346385 ], [ -72.616906, 46.346388 ] ] ] } },
{ "type": "Feature", "properties": { }, "geometry": { "type": "Polygon", "coordinates": [ [ [ -72.599645, 46.34474 ], [ -72.599573, 46.34469 ], [ -72.599734, 46.344579 ], [ -72.599806, 46.344629 ], [ -72.599645, 46.34474 ] ] ] } },
{ "type": "Feature", "properties": { }, "geometry": { "type": "Polygon", "coordinates": [ [ [ -72.601721, 46.332654 ], [ -72.601944, 46.33272 ], [ -72.601902, 46.332787 ], [ -72.601679, 46.332721 ], [ -72.601721, 46.332654 ] ] ] } },
{ "type": "Feature", "properties": { }, "geometry": { "type": "Polygon", "coordinates": [ [ [ -72.591998, 46.341761 ], [ -72.591881, 46.34168 ], [ -72.591957, 46.341628 ], [ -72.592073, 46.341709 ], [ -72.591998, 46.341761 ] ] ] } },
{ "type": "Feature", "properties": { }, "geometry": { "type": "Polygon", "coordinates": [ [ [ -72.594692, 46.343023 ], [ -72.594613, 46.343079 ], [ -72.594498, 46.343002 ], [ -72.594613, 46.342919 ], [ -72.594667, 46.342955 ], [ -72.59463, 46.342982 ], [ -72.594692, 46.343023 ] ] ] } },
{ "type": "Feature", "properties": { }, "geometry": { "type": "Polygon", "coordinates": [ [ [ -72.596461, 46.335172 ], [ -72.596292, 46.335273 ], [ -72.596222, 46.335217 ], [ -72.596391, 46.335117 ], [ -72.596461, 46.335172 ] ] ] } },
{ "type": "Feature", "properties": { }, "geometry": { "type": "Polygon", "coordinates": [ [ [ -72.58999, 46.335825 ], [ -72.589915, 46.335894 ], [ -72.589811945946238, 46.335840019305166 ], [ -72.589882352606068, 46.335768613269849 ], [ -72.58999, 46.335825 ] ] ] } },
{ "type": "Feature", "properties": { }, "geometry": { "type": "Polygon", "coordinates": [ [ [ -72.613309, 46.350048 ], [ -72.613368, 46.349966 ], [ -72.613529, 46.350022 ], [ -72.613455, 46.350123 ], [ -72.613346, 46.350085 ], [ -72.613361, 46.350065 ], [ -72.613309, 46.350048 ] ] ] } },
{ "type": "Feature", "properties": { }, "geometry": { "type": "Polygon", "coordinates": [ [ [ -72.607731, 46.348027 ], [ -72.607649, 46.347971 ], [ -72.607795, 46.34787 ], [ -72.607877, 46.347926 ], [ -72.607731, 46.348027 ] ] ] } },
{ "type": "Feature", "properties": { }, "geometry": { "type": "Polygon", "coordinates": [ [ [ -72.593369, 46.340483 ], [ -72.593291, 46.340429 ], [ -72.593442, 46.340325 ], [ -72.59352, 46.340378 ], [ -72.593369, 46.340483 ] ] ] } },
{ "type": "Feature", "properties": { }, "geometry": { "type": "Polygon", "coordinates": [ [ [ -72.603462, 46.347913 ], [ -72.60334, 46.348003 ], [ -72.603253, 46.347947 ], [ -72.603375, 46.347857 ], [ -72.603462, 46.347913 ] ] ] } },
{ "type": "Feature", "properties": { }, "geometry": { "type": "Polygon", "coordinates": [ [ [ -72.613048, 46.339828 ], [ -72.612945, 46.339915 ], [ -72.612889, 46.339884 ], [ -72.61292, 46.339857 ], [ -72.612857, 46.339822 ], [ -72.612928, 46.339761 ], [ -72.613048, 46.339828 ] ] ] } },
{ "type": "Feature", "properties": { }, "geometry": { "type": "Polygon", "coordinates": [ [ [ -72.615662, 46.342316 ], [ -72.615661, 46.342147 ], [ -72.615787, 46.342147 ], [ -72.615788, 46.342316 ], [ -72.615662, 46.342316 ] ] ] } },
{ "type": "Feature", "properties": { }, "geometry": { "type": "Polygon", "coordinates": [ [ [ -72.611922, 46.342661 ], [ -72.611685, 46.342514 ], [ -72.611684, 46.342497 ], [ -72.611745, 46.34245 ], [ -72.611744, 46.342429 ], [ -72.611629, 46.342358 ], [ -72.611627, 46.342318 ], [ -72.61161, 46.342307 ], [ -72.611604, 46.342156 ], [ -72.611562, 46.34213 ], [ -72.611603, 46.342098 ], [ -72.611601, 46.342043 ], [ -72.611546, 46.342009 ], [ -72.611681, 46.341905 ], [ -72.611745, 46.341944 ], [ -72.611769, 46.341944 ], [ -72.611803, 46.341918 ], [ -72.61199, 46.342033 ], [ -72.612056, 46.342032 ], [ -72.612058, 46.342081 ], [ -72.612079, 46.342094 ], [ -72.612086, 46.342293 ], [ -72.612083, 46.342296 ], [ -72.612085, 46.342349 ], [ -72.612012, 46.34235 ], [ -72.612015, 46.34241 ], [ -72.612144, 46.34249 ], [ -72.611922, 46.342661 ] ] ] } },
{ "type": "Feature", "properties": { }, "geometry": { "type": "Polygon", "coordinates": [ [ [ -72.597397, 46.344462 ], [ -72.597236, 46.344573 ], [ -72.597157, 46.344519 ], [ -72.597318, 46.344408 ], [ -72.597397, 46.344462 ] ] ] } },
{ "type": "Feature", "properties": { }, "geometry": { "type": "Polygon", "coordinates": [ [ [ -72.590593, 46.338578 ], [ -72.590612, 46.338605 ], [ -72.590561, 46.338623 ], [ -72.590542, 46.338596 ], [ -72.590593, 46.338578 ] ] ] } },
{ "type": "Feature", "properties": { }, "geometry": { "type": "Polygon", "coordinates": [ [ [ -72.612095, 46.347746 ], [ -72.612095, 46.347833 ], [ -72.611851, 46.347833 ], [ -72.611851, 46.347746 ], [ -72.612095, 46.347746 ] ] ] } },
{ "type": "Feature", "properties": { }, "geometry": { "type": "Polygon", "coordinates": [ [ [ -72.612771, 46.348112 ], [ -72.612689, 46.348224 ], [ -72.612586, 46.348189 ], [ -72.612668, 46.348076 ], [ -72.612771, 46.348112 ] ] ] } },
{ "type": "Feature", "properties": { }, "geometry": { "type": "Polygon", "coordinates": [ [ [ -72.615495, 46.350446 ], [ -72.615359, 46.3504 ], [ -72.615417, 46.350318 ], [ -72.615553, 46.350364 ], [ -72.615495, 46.350446 ] ] ] } },
{ "type": "Feature", "properties": { }, "geometry": { "type": "Polygon", "coordinates": [ [ [ -72.613943, 46.341207 ], [ -72.614021, 46.341347 ], [ -72.613912, 46.341376 ], [ -72.613833, 46.341236 ], [ -72.613943, 46.341207 ] ] ] } },
{ "type": "Feature", "properties": { }, "geometry": { "type": "Polygon", "coordinates": [ [ [ -72.607726, 46.340101 ], [ -72.607654, 46.340039 ], [ -72.607786, 46.339966 ], [ -72.607858, 46.340028 ], [ -72.607726, 46.340101 ] ] ] } },
{ "type": "Feature", "properties": { }, "geometry": { "type": "Polygon", "coordinates": [ [ [ -72.607482, 46.340521 ], [ -72.607647, 46.34053 ], [ -72.607638, 46.340609 ], [ -72.607559, 46.340605 ], [ -72.607554, 46.340651 ], [ -72.607469, 46.340647 ], [ -72.607482, 46.340521 ] ] ] } },
{ "type": "Feature", "properties": { }, "geometry": { "type": "Polygon", "coordinates": [ [ [ -72.604305, 46.341416 ], [ -72.604257, 46.341418 ], [ -72.604255, 46.341387 ], [ -72.604303, 46.341385 ], [ -72.604305, 46.341416 ] ] ] } },
{ "type": "Feature", "properties": { }, "geometry": { "type": "Polygon", "coordinates": [ [ [ -72.59777, 46.337729 ], [ -72.597846, 46.337663 ], [ -72.598052, 46.337776 ], [ -72.597976, 46.337842 ], [ -72.59777, 46.337729 ] ] ] } },
{ "type": "Feature", "properties": { }, "geometry": { "type": "Polygon", "coordinates": [ [ [ -72.602446, 46.338851 ], [ -72.602371, 46.338911 ], [ -72.602209, 46.338814 ], [ -72.602285, 46.338754 ], [ -72.602446, 46.338851 ] ] ] } },
{ "type": "Feature", "properties": { }, "geometry": { "type": "Polygon", "coordinates": [ [ [ -72.594872, 46.334738 ], [ -72.59501, 46.334676 ], [ -72.595086, 46.334757 ], [ -72.594994, 46.334798 ], [ -72.594972, 46.334775 ], [ -72.594926, 46.334795 ], [ -72.594872, 46.334738 ] ] ] } },
{ "type": "Feature", "properties": { }, "geometry": { "type": "Polygon", "coordinates": [ [ [ -72.610518, 46.350286 ], [ -72.610423, 46.350223 ], [ -72.61058, 46.350111 ], [ -72.610675, 46.350175 ], [ -72.610518, 46.350286 ] ] ] } },
{ "type": "Feature", "properties": { }, "geometry": { "type": "Polygon", "coordinates": [ [ [ -72.611696, 46.354014 ], [ -72.611899, 46.354068 ], [ -72.611832, 46.354187 ], [ -72.611629, 46.354133 ], [ -72.611696, 46.354014 ] ] ] } },
{ "type": "Feature", "properties": { }, "geometry": { "type": "Polygon", "coordinates": [ [ [ -72.60647, 46.347079 ], [ -72.60638, 46.347119 ], [ -72.606281, 46.347011 ], [ -72.606274, 46.347013 ], [ -72.606233, 46.346969 ], [ -72.606329, 46.346926 ], [ -72.60647, 46.347079 ] ] ] } },
{ "type": "Feature", "properties": { }, "geometry": { "type": "Polygon", "coordinates": [ [ [ -72.605024, 46.341417 ], [ -72.604944, 46.341362 ], [ -72.605075, 46.341271 ], [ -72.605156, 46.341327 ], [ -72.605024, 46.341417 ] ] ] } },
{ "type": "Feature", "properties": { }, "geometry": { "type": "Polygon", "coordinates": [ [ [ -72.599484, 46.34517 ], [ -72.59957, 46.345232 ], [ -72.59945, 46.345311 ], [ -72.599364, 46.34525 ], [ -72.599484, 46.34517 ] ] ] } },
{ "type": "Feature", "properties": { }, "geometry": { "type": "Polygon", "coordinates": [ [ [ -72.602531, 46.33305 ], [ -72.602454, 46.333109 ], [ -72.602329, 46.333032 ], [ -72.602406, 46.332972 ], [ -72.602531, 46.33305 ] ] ] } },
{ "type": "Feature", "properties": { }, "geometry": { "type": "Polygon", "coordinates": [ [ [ -72.595947, 46.341156 ], [ -72.595837, 46.341232 ], [ -72.595764, 46.341181 ], [ -72.595874, 46.341105 ], [ -72.595947, 46.341156 ] ] ] } },
{ "type": "Feature", "properties": { }, "geometry": { "type": "Polygon", "coordinates": [ [ [ -72.595987, 46.341579 ], [ -72.595913, 46.341528 ], [ -72.596027, 46.34145 ], [ -72.596101, 46.341501 ], [ -72.595987, 46.341579 ] ] ] } },
{ "type": "Feature", "properties": { }, "geometry": { "type": "Polygon", "coordinates": [ [ [ -72.609127, 46.349065 ], [ -72.609056, 46.349114 ], [ -72.60892, 46.349021 ], [ -72.608991, 46.348972 ], [ -72.609127, 46.349065 ] ] ] } },
{ "type": "Feature", "properties": { }, "geometry": { "type": "Polygon", "coordinates": [ [ [ -72.601572, 46.347465 ], [ -72.601436, 46.347508 ], [ -72.601392, 46.347441 ], [ -72.601528, 46.347398 ], [ -72.601572, 46.347465 ] ] ] } },
{ "type": "Feature", "properties": { }, "geometry": { "type": "Polygon", "coordinates": [ [ [ -72.612573, 46.34105 ], [ -72.612678, 46.340977 ], [ -72.612795, 46.341058 ], [ -72.61269, 46.34113 ], [ -72.612573, 46.34105 ] ] ] } },
{ "type": "Feature", "properties": { }, "geometry": { "type": "Polygon", "coordinates": [ [ [ -72.614415, 46.342706 ], [ -72.614446, 46.342797 ], [ -72.614326, 46.342817 ], [ -72.61428, 46.34268 ], [ -72.614374, 46.342665 ], [ -72.614389, 46.34271 ], [ -72.614415, 46.342706 ] ] ] } },
{ "type": "Feature", "properties": { }, "geometry": { "type": "Polygon", "coordinates": [ [ [ -72.602826, 46.345906 ], [ -72.602779, 46.345926 ], [ -72.602737, 46.34588 ], [ -72.602783, 46.34586 ], [ -72.602826, 46.345906 ] ] ] } },
{ "type": "Feature", "properties": { }, "geometry": { "type": "Polygon", "coordinates": [ [ [ -72.595365, 46.332488 ], [ -72.595449, 46.332544 ], [ -72.595349, 46.332616 ], [ -72.595264, 46.33256 ], [ -72.595365, 46.332488 ] ] ] } },
{ "type": "Feature", "properties": { }, "geometry": { "type": "Polygon", "coordinates": [ [ [ -72.610249, 46.354057 ], [ -72.610149, 46.354164 ], [ -72.609969, 46.354084 ], [ -72.610068, 46.353977 ], [ -72.610249, 46.354057 ] ] ] } },
{ "type": "Feature", "properties": { }, "geometry": { "type": "Polygon", "coordinates": [ [ [ -72.605742, 46.347952 ], [ -72.605652, 46.348004 ], [ -72.605527, 46.347902 ], [ -72.605618, 46.347849 ], [ -72.605742, 46.347952 ] ] ] } },
{ "type": "Feature", "properties": { }, "geometry": { "type": "Polygon", "coordinates": [ [ [ -72.60304, 46.34814 ], [ -72.602968, 46.3482 ], [ -72.602837, 46.348125 ], [ -72.602909, 46.348065 ], [ -72.60304, 46.34814 ] ] ] } },
{ "type": "Feature", "properties": { }, "geometry": { "type": "Polygon", "coordinates": [ [ [ -72.614484, 46.340238 ], [ -72.614599, 46.340313 ], [ -72.614595, 46.340316 ], [ -72.614634, 46.340342 ], [ -72.614553, 46.340402 ], [ -72.614398, 46.340301 ], [ -72.614484, 46.340238 ] ] ] } },
{ "type": "Feature", "properties": { }, "geometry": { "type": "Polygon", "coordinates": [ [ [ -72.616892, 46.346812 ], [ -72.616704, 46.346811 ], [ -72.616705, 46.346715 ], [ -72.616893, 46.346716 ], [ -72.616892, 46.346812 ] ] ] } },
{ "type": "Feature", "properties": { }, "geometry": { "type": "Polygon", "coordinates": [ [ [ -72.605722, 46.34245 ], [ -72.605567, 46.342344 ], [ -72.605651, 46.342287 ], [ -72.605805, 46.342393 ], [ -72.605722, 46.34245 ] ] ] } },
{ "type": "Feature", "properties": { }, "geometry": { "type": "Polygon", "coordinates": [ [ [ -72.603678, 46.337555 ], [ -72.603514, 46.337555 ], [ -72.603514, 46.337471 ], [ -72.603678, 46.337471 ], [ -72.603678, 46.337555 ] ] ] } },
{ "type": "Feature", "properties": { }, "geometry": { "type": "Polygon", "coordinates": [ [ [ -72.616495, 46.348512 ], [ -72.616364, 46.34846 ], [ -72.616422, 46.348391 ], [ -72.616553, 46.348443 ], [ -72.616495, 46.348512 ] ] ] } },
{ "type": "Feature", "properties": { }, "geometry": { "type": "Polygon", "coordinates": [ [ [ -72.607823, 46.350991 ], [ -72.607952, 46.351079 ], [ -72.607866, 46.351139 ], [ -72.607737, 46.35105 ], [ -72.607823, 46.350991 ] ] ] } },
{ "type": "Feature", "properties": { }, "geometry": { "type": "Polygon", "coordinates": [ [ [ -72.611153, 46.340074 ], [ -72.611287, 46.340155 ], [ -72.611199, 46.340225 ], [ -72.611065, 46.340144 ], [ -72.611153, 46.340074 ] ] ] } },
{ "type": "Feature", "properties": { }, "geometry": { "type": "Polygon", "coordinates": [ [ [ -72.605995, 46.344821 ], [ -72.605995, 46.344717 ], [ -72.606127, 46.344717 ], [ -72.606127, 46.344821 ], [ -72.605995, 46.344821 ] ] ] } },
{ "type": "Feature", "properties": { }, "geometry": { "type": "Polygon", "coordinates": [ [ [ -72.602316, 46.332495 ], [ -72.602476, 46.332601 ], [ -72.6024, 46.332656 ], [ -72.60224, 46.33255 ], [ -72.602316, 46.332495 ] ] ] } },
{ "type": "Feature", "properties": { }, "geometry": { "type": "Polygon", "coordinates": [ [ [ -72.600556, 46.335564 ], [ -72.600491, 46.335608 ], [ -72.600406, 46.335549 ], [ -72.600513, 46.335475 ], [ -72.600634, 46.335558 ], [ -72.600591, 46.335588 ], [ -72.600556, 46.335564 ] ] ] } },
{ "type": "Feature", "properties": { }, "geometry": { "type": "Polygon", "coordinates": [ [ [ -72.616169, 46.347061 ], [ -72.616324, 46.347061 ], [ -72.616324, 46.347139 ], [ -72.616169, 46.347139 ], [ -72.616169, 46.347061 ] ] ] } },
{ "type": "Feature", "properties": { }, "geometry": { "type": "Polygon", "coordinates": [ [ [ -72.617967, 46.348828 ], [ -72.618054, 46.348885 ], [ -72.617937, 46.348969 ], [ -72.617851, 46.348912 ], [ -72.617967, 46.348828 ] ] ] } },
{ "type": "Feature", "properties": { }, "geometry": { "type": "Polygon", "coordinates": [ [ [ -72.608812, 46.34942 ], [ -72.60872, 46.349357 ], [ -72.608828, 46.349283 ], [ -72.608919, 46.349346 ], [ -72.608812, 46.34942 ] ] ] } },
{ "type": "Feature", "properties": { }, "geometry": { "type": "Polygon", "coordinates": [ [ [ -72.610303, 46.351273 ], [ -72.610408, 46.351352 ], [ -72.610302, 46.351418 ], [ -72.610198, 46.351339 ], [ -72.610303, 46.351273 ] ] ] } },
{ "type": "Feature", "properties": { }, "geometry": { "type": "Polygon", "coordinates": [ [ [ -72.610635, 46.345063 ], [ -72.610847, 46.345063 ], [ -72.610847, 46.345143 ], [ -72.610635, 46.345143 ], [ -72.610635, 46.345063 ] ] ] } },
{ "type": "Feature", "properties": { }, "geometry": { "type": "Polygon", "coordinates": [ [ [ -72.597676, 46.334865 ], [ -72.597871, 46.334972 ], [ -72.597798, 46.335036 ], [ -72.597603, 46.334929 ], [ -72.597676, 46.334865 ] ] ] } },
{ "type": "Feature", "properties": { }, "geometry": { "type": "Polygon", "coordinates": [ [ [ -72.591828, 46.341064 ], [ -72.591754, 46.341013 ], [ -72.591865, 46.340936 ], [ -72.591939, 46.340987 ], [ -72.591828, 46.341064 ] ] ] } },
{ "type": "Feature", "properties": { }, "geometry": { "type": "Polygon", "coordinates": [ [ [ -72.595372, 46.344287 ], [ -72.595482, 46.344216 ], [ -72.595778, 46.344435 ], [ -72.595647, 46.344519 ], [ -72.595503, 46.344412 ], [ -72.595523, 46.344399 ], [ -72.595372, 46.344287 ] ] ] } },
{ "type": "Feature", "properties": { }, "geometry": { "type": "Polygon", "coordinates": [ [ [ -72.607059, 46.350463 ], [ -72.606974, 46.350521 ], [ -72.606883, 46.350458 ], [ -72.606968, 46.3504 ], [ -72.607059, 46.350463 ] ] ] } },
{ "type": "Feature", "properties": { }, "geometry": { "type": "Polygon", "coordinates": [ [ [ -72.612388, 46.342882 ], [ -72.612316, 46.342808 ], [ -72.612455, 46.342744 ], [ -72.612527, 46.342818 ], [ -72.612388, 46.342882 ] ] ] } },
{ "type": "Feature", "properties": { }, "geometry": { "type": "Polygon", "coordinates": [ [ [ -72.599334, 46.342816 ], [ -72.599477, 46.3428 ], [ -72.599511, 46.342943 ], [ -72.599367, 46.342959 ], [ -72.599334, 46.342816 ] ] ] } },
{ "type": "Feature", "properties": { }, "geometry": { "type": "Polygon", "coordinates": [ [ [ -72.608243, 46.3437 ], [ -72.608197, 46.34354 ], [ -72.608316, 46.343524 ], [ -72.608362, 46.343684 ], [ -72.608243, 46.3437 ] ] ] } },
{ "type": "Feature", "properties": { }, "geometry": { "type": "Polygon", "coordinates": [ [ [ -72.612041, 46.339183 ], [ -72.61197, 46.339244 ], [ -72.611841, 46.339172 ], [ -72.611913, 46.339111 ], [ -72.612041, 46.339183 ] ] ] } },
{ "type": "Feature", "properties": { }, "geometry": { "type": "Polygon", "coordinates": [ [ [ -72.600389, 46.333207 ], [ -72.600542, 46.333227 ], [ -72.600522, 46.333302 ], [ -72.600369, 46.333283 ], [ -72.600389, 46.333207 ] ] ] } },
{ "type": "Feature", "properties": { }, "geometry": { "type": "Polygon", "coordinates": [ [ [ -72.604379, 46.336196 ], [ -72.604297, 46.336253 ], [ -72.604185, 46.336175 ], [ -72.604267, 46.336118 ], [ -72.604379, 46.336196 ] ] ] } },
{ "type": "Feature", "properties": { }, "geometry": { "type": "Polygon", "coordinates": [ [ [ -72.617467, 46.347148 ], [ -72.617467, 46.347061 ], [ -72.617644, 46.347061 ], [ -72.617644, 46.347148 ], [ -72.617467, 46.347148 ] ] ] } },
{ "type": "Feature", "properties": { }, "geometry": { "type": "Polygon", "coordinates": [ [ [ -72.617416, 46.349141 ], [ -72.617605, 46.349175 ], [ -72.617575, 46.349256 ], [ -72.617386, 46.349223 ], [ -72.617416, 46.349141 ] ] ] } },
{ "type": "Feature", "properties": { }, "geometry": { "type": "Polygon", "coordinates": [ [ [ -72.603213, 46.346992 ], [ -72.603082, 46.346994 ], [ -72.603079, 46.346923 ], [ -72.60321, 46.346921 ], [ -72.603213, 46.346992 ] ] ] } },
{ "type": "Feature", "properties": { }, "geometry": { "type": "Polygon", "coordinates": [ [ [ -72.604134, 46.346337 ], [ -72.604241, 46.346317 ], [ -72.604279, 46.346417 ], [ -72.604173, 46.346436 ], [ -72.604134, 46.346337 ] ] ] } },
{ "type": "Feature", "properties": { }, "geometry": { "type": "Polygon", "coordinates": [ [ [ -72.60203, 46.334009 ], [ -72.601904, 46.334088 ], [ -72.601826, 46.334028 ], [ -72.601952, 46.33395 ], [ -72.60203, 46.334009 ] ] ] } },
{ "type": "Feature", "properties": { }, "geometry": { "type": "Polygon", "coordinates": [ [ [ -72.603343, 46.33719 ], [ -72.603174, 46.33719 ], [ -72.603174, 46.337099 ], [ -72.603343, 46.337099 ], [ -72.603343, 46.33719 ] ] ] } },
{ "type": "Feature", "properties": { }, "geometry": { "type": "Polygon", "coordinates": [ [ [ -72.592559, 46.342168 ], [ -72.592443, 46.342088 ], [ -72.592525, 46.342032 ], [ -72.592641, 46.342112 ], [ -72.592559, 46.342168 ] ] ] } },
{ "type": "Feature", "properties": { }, "geometry": { "type": "Polygon", "coordinates": [ [ [ -72.619229, 46.347268 ], [ -72.619135, 46.347248 ], [ -72.619188, 46.347127 ], [ -72.619337, 46.347159 ], [ -72.619304, 46.347233 ], [ -72.61925, 46.347222 ], [ -72.619229, 46.347268 ] ] ] } },
{ "type": "Feature", "properties": { }, "geometry": { "type": "Polygon", "coordinates": [ [ [ -72.602372, 46.346952 ], [ -72.602533, 46.346952 ], [ -72.602533, 46.347028 ], [ -72.602372, 46.347028 ], [ -72.602372, 46.346952 ] ] ] } },
{ "type": "Feature", "properties": { }, "geometry": { "type": "Polygon", "coordinates": [ [ [ -72.6063, 46.340765 ], [ -72.606457, 46.340867 ], [ -72.606374, 46.340928 ], [ -72.606217, 46.340827 ], [ -72.6063, 46.340765 ] ] ] } },
{ "type": "Feature", "properties": { }, "geometry": { "type": "Polygon", "coordinates": [ [ [ -72.591469, 46.340235 ], [ -72.591289, 46.340308 ], [ -72.591235, 46.340243 ], [ -72.591414, 46.340171 ], [ -72.591469, 46.340235 ] ] ] } },
{ "type": "Feature", "properties": { }, "geometry": { "type": "Polygon", "coordinates": [ [ [ -72.592355, 46.34083 ], [ -72.592466, 46.340908 ], [ -72.592388, 46.340961 ], [ -72.592277, 46.340883 ], [ -72.592355, 46.34083 ] ] ] } },
{ "type": "Feature", "properties": { }, "geometry": { "type": "Polygon", "coordinates": [ [ [ -72.591407, 46.336362 ], [ -72.591325, 46.336305 ], [ -72.591479, 46.336199 ], [ -72.591561, 46.336255 ], [ -72.591407, 46.336362 ] ] ] } },
{ "type": "Feature", "properties": { }, "geometry": { "type": "Polygon", "coordinates": [ [ [ -72.59132, 46.337839 ], [ -72.591403, 46.337781 ], [ -72.5916, 46.337917 ], [ -72.591517, 46.337975 ], [ -72.59132, 46.337839 ] ] ] } },
{ "type": "Feature", "properties": { }, "geometry": { "type": "Polygon", "coordinates": [ [ [ -72.613044, 46.348299 ], [ -72.613146, 46.348346 ], [ -72.613054, 46.348441 ], [ -72.612952, 46.348395 ], [ -72.613044, 46.348299 ] ] ] } },
{ "type": "Feature", "properties": { }, "geometry": { "type": "Polygon", "coordinates": [ [ [ -72.61212, 46.348702 ], [ -72.611989, 46.348793 ], [ -72.611905, 46.348736 ], [ -72.612037, 46.348645 ], [ -72.61212, 46.348702 ] ] ] } },
{ "type": "Feature", "properties": { }, "geometry": { "type": "Polygon", "coordinates": [ [ [ -72.600086, 46.340356 ], [ -72.600304, 46.340356 ], [ -72.600304, 46.340438 ], [ -72.600086, 46.340438 ], [ -72.600086, 46.340356 ] ] ] } },
{ "type": "Feature", "properties": { }, "geometry": { "type": "Polygon", "coordinates": [ [ [ -72.600692, 46.335355 ], [ -72.600767, 46.335412 ], [ -72.600659, 46.33548 ], [ -72.600584, 46.335424 ], [ -72.600692, 46.335355 ] ] ] } },
{ "type": "Feature", "properties": { }, "geometry": { "type": "Polygon", "coordinates": [ [ [ -72.608578, 46.351167 ], [ -72.608468, 46.351239 ], [ -72.608385, 46.35118 ], [ -72.608494, 46.351107 ], [ -72.608578, 46.351167 ] ] ] } },
{ "type": "Feature", "properties": { }, "geometry": { "type": "Polygon", "coordinates": [ [ [ -72.615069, 46.343089 ], [ -72.614895, 46.343089 ], [ -72.614895, 46.343002 ], [ -72.615069, 46.343002 ], [ -72.615069, 46.343089 ] ] ] } },
{ "type": "Feature", "properties": { }, "geometry": { "type": "Polygon", "coordinates": [ [ [ -72.611918, 46.344667 ], [ -72.612036, 46.344667 ], [ -72.612036, 46.344822 ], [ -72.611918, 46.344822 ], [ -72.611918, 46.344667 ] ] ] } },
{ "type": "Feature", "properties": { }, "geometry": { "type": "Polygon", "coordinates": [ [ [ -72.601334, 46.346468 ], [ -72.601331, 46.346378 ], [ -72.601515, 46.346375 ], [ -72.601518, 46.346465 ], [ -72.601334, 46.346468 ] ] ] } },
{ "type": "Feature", "properties": { }, "geometry": { "type": "Polygon", "coordinates": [ [ [ -72.59491, 46.341867 ], [ -72.594762, 46.341969 ], [ -72.594684, 46.341915 ], [ -72.594832, 46.341814 ], [ -72.59491, 46.341867 ] ] ] } },
{ "type": "Feature", "properties": { }, "geometry": { "type": "Polygon", "coordinates": [ [ [ -72.613331, 46.350437 ], [ -72.613243, 46.350415 ], [ -72.613279, 46.350346 ], [ -72.613466, 46.350393 ], [ -72.613418, 46.350485 ], [ -72.613319, 46.35046 ], [ -72.613331, 46.350437 ] ] ] } },
{ "type": "Feature", "properties": { }, "geometry": { "type": "Polygon", "coordinates": [ [ [ -72.607398, 46.339873 ], [ -72.607326, 46.339823 ], [ -72.607474, 46.33972 ], [ -72.607547, 46.33977 ], [ -72.607398, 46.339873 ] ] ] } },
{ "type": "Feature", "properties": { }, "geometry": { "type": "Polygon", "coordinates": [ [ [ -72.605129, 46.34519 ], [ -72.605011, 46.345186 ], [ -72.60501, 46.345211 ], [ -72.604949, 46.34521 ], [ -72.604951, 46.345177 ], [ -72.604899, 46.345176 ], [ -72.604904, 46.345098 ], [ -72.605134, 46.345105 ], [ -72.605129, 46.34519 ] ] ] } },
{ "type": "Feature", "properties": { }, "geometry": { "type": "Polygon", "coordinates": [ [ [ -72.602551, 46.346113 ], [ -72.602665, 46.346177 ], [ -72.602557, 46.346268 ], [ -72.602406, 46.346183 ], [ -72.602462, 46.346135 ], [ -72.602499, 46.346156 ], [ -72.602551, 46.346113 ] ] ] } },
{ "type": "Feature", "properties": { }, "geometry": { "type": "Polygon", "coordinates": [ [ [ -72.603423, 46.334083 ], [ -72.603346, 46.334135 ], [ -72.603196, 46.334029 ], [ -72.603273, 46.333976 ], [ -72.603423, 46.334083 ] ] ] } },
{ "type": "Feature", "properties": { }, "geometry": { "type": "Polygon", "coordinates": [ [ [ -72.609742, 46.347539 ], [ -72.609832, 46.347601 ], [ -72.609682, 46.347704 ], [ -72.609592, 46.347642 ], [ -72.609742, 46.347539 ] ] ] } },
{ "type": "Feature", "properties": { }, "geometry": { "type": "Polygon", "coordinates": [ [ [ -72.615056, 46.348949 ], [ -72.614927, 46.34895 ], [ -72.614925, 46.348853 ], [ -72.615054, 46.348851 ], [ -72.615056, 46.348949 ] ] ] } },
{ "type": "Feature", "properties": { }, "geometry": { "type": "Polygon", "coordinates": [ [ [ -72.607428, 46.347366 ], [ -72.607363, 46.347418 ], [ -72.607221, 46.347334 ], [ -72.607286, 46.347282 ], [ -72.607428, 46.347366 ] ] ] } },
{ "type": "Feature", "properties": { }, "geometry": { "type": "Polygon", "coordinates": [ [ [ -72.614484, 46.343384 ], [ -72.614484, 46.3435 ], [ -72.614369, 46.3435 ], [ -72.614369, 46.343384 ], [ -72.614484, 46.343384 ] ] ] } },
{ "type": "Feature", "properties": { }, "geometry": { "type": "Polygon", "coordinates": [ [ [ -72.600006, 46.340358 ], [ -72.600006, 46.34046 ], [ -72.599813, 46.34046 ], [ -72.599813, 46.340358 ], [ -72.600006, 46.340358 ] ] ] } },
{ "type": "Feature", "properties": { }, "geometry": { "type": "Polygon", "coordinates": [ [ [ -72.595775, 46.339624 ], [ -72.595898, 46.339709 ], [ -72.595816, 46.339766 ], [ -72.595693, 46.33968 ], [ -72.595775, 46.339624 ] ] ] } },
{ "type": "Feature", "properties": { }, "geometry": { "type": "Polygon", "coordinates": [ [ [ -72.608919, 46.349984 ], [ -72.609019, 46.349915 ], [ -72.609143, 46.35 ], [ -72.60906, 46.350057 ], [ -72.608983, 46.350005 ], [ -72.608966, 46.350017 ], [ -72.608919, 46.349984 ] ] ] } },
{ "type": "Feature", "properties": { }, "geometry": { "type": "Polygon", "coordinates": [ [ [ -72.612154, 46.341383 ], [ -72.612044, 46.341322 ], [ -72.61212, 46.341257 ], [ -72.61223, 46.341319 ], [ -72.612154, 46.341383 ] ] ] } },
{ "type": "Feature", "properties": { }, "geometry": { "type": "Polygon", "coordinates": [ [ [ -72.612242, 46.346467 ], [ -72.612057, 46.346467 ], [ -72.612057, 46.346394 ], [ -72.612242, 46.346394 ], [ -72.612242, 46.346467 ] ] ] } },
{ "type": "Feature", "properties": { }, "geometry": { "type": "Polygon", "coordinates": [ [ [ -72.604835, 46.339563 ], [ -72.604748, 46.339498 ], [ -72.60495, 46.339369 ], [ -72.605037, 46.339433 ], [ -72.604835, 46.339563 ] ] ] } },
{ "type": "Feature", "properties": { }, "geometry": { "type": "Polygon", "coordinates": [ [ [ -72.606058, 46.345165 ], [ -72.60584, 46.345169 ], [ -72.605837, 46.345086 ], [ -72.606054, 46.345082 ], [ -72.606058, 46.345165 ] ] ] } },
{ "type": "Feature", "properties": { }, "geometry": { "type": "Polygon", "coordinates": [ [ [ -72.606294, 46.335212 ], [ -72.606144, 46.335169 ], [ -72.606191, 46.33509 ], [ -72.606341, 46.335133 ], [ -72.606294, 46.335212 ] ] ] } },
{ "type": "Feature", "properties": { }, "geometry": { "type": "Polygon", "coordinates": [ [ [ -72.592928, 46.340881 ], [ -72.592787, 46.34077 ], [ -72.592867, 46.340721 ], [ -72.593009, 46.340832 ], [ -72.592928, 46.340881 ] ] ] } },
{ "type": "Feature", "properties": { }, "geometry": { "type": "Polygon", "coordinates": [ [ [ -72.597395, 46.334579 ], [ -72.597345, 46.334614 ], [ -72.597324, 46.334599 ], [ -72.59722, 46.33467 ], [ -72.597139, 46.334614 ], [ -72.597291, 46.334508 ], [ -72.597395, 46.334579 ] ] ] } },
{ "type": "Feature", "properties": { }, "geometry": { "type": "Polygon", "coordinates": [ [ [ -72.594917, 46.336944 ], [ -72.594951, 46.337101 ], [ -72.594825, 46.337114 ], [ -72.594791, 46.336957 ], [ -72.594917, 46.336944 ] ] ] } },
{ "type": "Feature", "properties": { }, "geometry": { "type": "Polygon", "coordinates": [ [ [ -72.612637, 46.349839 ], [ -72.612703, 46.349908 ], [ -72.612535, 46.349985 ], [ -72.612469, 46.349916 ], [ -72.612637, 46.349839 ] ] ] } },
{ "type": "Feature", "properties": { }, "geometry": { "type": "Polygon", "coordinates": [ [ [ -72.617244, 46.350512 ], [ -72.617174, 46.350636 ], [ -72.61705, 46.350603 ], [ -72.61712, 46.350479 ], [ -72.617244, 46.350512 ] ] ] } },
{ "type": "Feature", "properties": { }, "geometry": { "type": "Polygon", "coordinates": [ [ [ -72.608014, 46.349687 ], [ -72.608097, 46.349745 ], [ -72.608007, 46.349807 ], [ -72.607924, 46.349749 ], [ -72.608014, 46.349687 ] ] ] } },
{ "type": "Feature", "properties": { }, "geometry": { "type": "Polygon", "coordinates": [ [ [ -72.61538, 46.346009 ], [ -72.615375, 46.346099 ], [ -72.615165, 46.346094 ], [ -72.61517, 46.346004 ], [ -72.61538, 46.346009 ] ] ] } },
{ "type": "Feature", "properties": { }, "geometry": { "type": "Polygon", "coordinates": [ [ [ -72.601281, 46.334945 ], [ -72.601357, 46.335003 ], [ -72.601198, 46.335103 ], [ -72.601122, 46.335045 ], [ -72.601281, 46.334945 ] ] ] } },
{ "type": "Feature", "properties": { }, "geometry": { "type": "Polygon", "coordinates": [ [ [ -72.608585, 46.337989 ], [ -72.608458, 46.338076 ], [ -72.608311, 46.337974 ], [ -72.608437, 46.337887 ], [ -72.608585, 46.337989 ] ] ] } },
{ "type": "Feature", "properties": { }, "geometry": { "type": "Polygon", "coordinates": [ [ [ -72.59784, 46.339086 ], [ -72.597802, 46.339114 ], [ -72.597845, 46.339143 ], [ -72.597689, 46.339257 ], [ -72.597594, 46.339195 ], [ -72.59779, 46.339052 ], [ -72.59784, 46.339086 ] ] ] } },
{ "type": "Feature", "properties": { }, "geometry": { "type": "Polygon", "coordinates": [ [ [ -72.593855, 46.343099 ], [ -72.593739, 46.343023 ], [ -72.59381, 46.342971 ], [ -72.593926, 46.343048 ], [ -72.593855, 46.343099 ] ] ] } },
{ "type": "Feature", "properties": { }, "geometry": { "type": "Polygon", "coordinates": [ [ [ -72.61039, 46.347201 ], [ -72.610307, 46.347138 ], [ -72.61042, 46.347067 ], [ -72.610503, 46.34713 ], [ -72.61039, 46.347201 ] ] ] } },
{ "type": "Feature", "properties": { }, "geometry": { "type": "Polygon", "coordinates": [ [ [ -72.620289, 46.344891 ], [ -72.620289, 46.344743 ], [ -72.620434, 46.344743 ], [ -72.620434, 46.344891 ], [ -72.620289, 46.344891 ] ] ] } },
{ "type": "Feature", "properties": { }, "geometry": { "type": "Polygon", "coordinates": [ [ [ -72.60234, 46.344761 ], [ -72.602436, 46.344822 ], [ -72.602338, 46.344895 ], [ -72.602242, 46.344833 ], [ -72.60234, 46.344761 ] ] ] } },
{ "type": "Feature", "properties": { }, "geometry": { "type": "Polygon", "coordinates": [ [ [ -72.602903, 46.336361 ], [ -72.602745, 46.336411 ], [ -72.602685, 46.33632 ], [ -72.602766, 46.336295 ], [ -72.60278, 46.336316 ], [ -72.602858, 46.336292 ], [ -72.602903, 46.336361 ] ] ] } },
{ "type": "Feature", "properties": { }, "geometry": { "type": "Polygon", "coordinates": [ [ [ -72.59697, 46.344752 ], [ -72.596891, 46.344691 ], [ -72.597048, 46.344594 ], [ -72.597127, 46.344654 ], [ -72.59697, 46.344752 ] ] ] } },
{ "type": "Feature", "properties": { }, "geometry": { "type": "Polygon", "coordinates": [ [ [ -72.608354, 46.348641 ], [ -72.608274, 46.348575 ], [ -72.608361, 46.348525 ], [ -72.608441, 46.34859 ], [ -72.608354, 46.348641 ] ] ] } },
{ "type": "Feature", "properties": { }, "geometry": { "type": "Polygon", "coordinates": [ [ [ -72.613959, 46.340975 ], [ -72.613999, 46.340947 ], [ -72.614121, 46.341031 ], [ -72.614015, 46.341104 ], [ -72.613917, 46.341037 ], [ -72.613983, 46.340991 ], [ -72.613959, 46.340975 ] ] ] } },
{ "type": "Feature", "properties": { }, "geometry": { "type": "Polygon", "coordinates": [ [ [ -72.599054, 46.341214 ], [ -72.599054, 46.341115 ], [ -72.599279, 46.341115 ], [ -72.599279, 46.341214 ], [ -72.599054, 46.341214 ] ] ] } },
{ "type": "Feature", "properties": { }, "geometry": { "type": "Polygon", "coordinates": [ [ [ -72.599331, 46.345264 ], [ -72.599424, 46.345328 ], [ -72.599278, 46.345429 ], [ -72.599185, 46.345365 ], [ -72.599331, 46.345264 ] ] ] } },
{ "type": "Feature", "properties": { }, "geometry": { "type": "Polygon", "coordinates": [ [ [ -72.607103, 46.346402 ], [ -72.606981, 46.346422 ], [ -72.606939, 46.346299 ], [ -72.607062, 46.346279 ], [ -72.607103, 46.346402 ] ] ] } },
{ "type": "Feature", "properties": { }, "geometry": { "type": "Polygon", "coordinates": [ [ [ -72.599963, 46.33674 ], [ -72.600082, 46.336835 ], [ -72.599982, 46.336894 ], [ -72.599864, 46.336799 ], [ -72.599963, 46.33674 ] ] ] } },
{ "type": "Feature", "properties": { }, "geometry": { "type": "Polygon", "coordinates": [ [ [ -72.601454, 46.337604 ], [ -72.601385, 46.33767 ], [ -72.601255, 46.337604 ], [ -72.601325, 46.337538 ], [ -72.601454, 46.337604 ] ] ] } },
{ "type": "Feature", "properties": { }, "geometry": { "type": "Polygon", "coordinates": [ [ [ -72.595934, 46.338108 ], [ -72.596074, 46.338108 ], [ -72.596074, 46.33824 ], [ -72.595934, 46.33824 ], [ -72.595934, 46.338108 ] ] ] } },
{ "type": "Feature", "properties": { }, "geometry": { "type": "Polygon", "coordinates": [ [ [ -72.614425, 46.348309 ], [ -72.61433, 46.348441 ], [ -72.61422, 46.348403 ], [ -72.614316, 46.348271 ], [ -72.614425, 46.348309 ] ] ] } },
{ "type": "Feature", "properties": { }, "geometry": { "type": "Polygon", "coordinates": [ [ [ -72.617496, 46.349606 ], [ -72.617494, 46.349516 ], [ -72.617674, 46.349514 ], [ -72.617676, 46.349605 ], [ -72.617496, 46.349606 ] ] ] } },
{ "type": "Feature", "properties": { }, "geometry": { "type": "Polygon", "coordinates": [ [ [ -72.608809, 46.350975 ], [ -72.608724, 46.350917 ], [ -72.608845, 46.350833 ], [ -72.60893, 46.350892 ], [ -72.608809, 46.350975 ] ] ] } },
{ "type": "Feature", "properties": { }, "geometry": { "type": "Polygon", "coordinates": [ [ [ -72.600103, 46.340699 ], [ -72.600103, 46.340731 ], [ -72.60014, 46.340731 ], [ -72.60014, 46.340783 ], [ -72.599858, 46.340781 ], [ -72.599859, 46.340698 ], [ -72.600103, 46.340699 ] ] ] } },
{ "type": "Feature", "properties": { }, "geometry": { "type": "Polygon", "coordinates": [ [ [ -72.603981, 46.342362 ], [ -72.603895, 46.342302 ], [ -72.604056, 46.342191 ], [ -72.604142, 46.342251 ], [ -72.603981, 46.342362 ] ] ] } },
{ "type": "Feature", "properties": { }, "geometry": { "type": "Polygon", "coordinates": [ [ [ -72.601025, 46.342371 ], [ -72.601201, 46.342363 ], [ -72.60121, 46.342449 ], [ -72.601175, 46.342451 ], [ -72.60118, 46.342503 ], [ -72.601038, 46.34251 ], [ -72.601025, 46.342371 ] ] ] } },
{ "type": "Feature", "properties": { }, "geometry": { "type": "Polygon", "coordinates": [ [ [ -72.600385, 46.343916 ], [ -72.600297, 46.343977 ], [ -72.600186, 46.3439 ], [ -72.600274, 46.343839 ], [ -72.600385, 46.343916 ] ] ] } },
{ "type": "Feature", "properties": { }, "geometry": { "type": "Polygon", "coordinates": [ [ [ -72.595219, 46.332703 ], [ -72.595122, 46.332636 ], [ -72.595215, 46.332571 ], [ -72.595313, 46.332639 ], [ -72.595219, 46.332703 ] ] ] } },
{ "type": "Feature", "properties": { }, "geometry": { "type": "Polygon", "coordinates": [ [ [ -72.589789, 46.337439 ], [ -72.589707, 46.337375 ], [ -72.589836, 46.337296 ], [ -72.589918, 46.33736 ], [ -72.589789, 46.337439 ] ] ] } },
{ "type": "Feature", "properties": { }, "geometry": { "type": "Polygon", "coordinates": [ [ [ -72.593987, 46.337401 ], [ -72.593987, 46.337553 ], [ -72.593869, 46.337553 ], [ -72.593869, 46.337401 ], [ -72.593987, 46.337401 ] ] ] } },
{ "type": "Feature", "properties": { }, "geometry": { "type": "Polygon", "coordinates": [ [ [ -72.603692, 46.342817 ], [ -72.603897, 46.342806 ], [ -72.603906, 46.342885 ], [ -72.603791, 46.342891 ], [ -72.603797, 46.342943 ], [ -72.603706, 46.342948 ], [ -72.603692, 46.342817 ] ] ] } },
{ "type": "Feature", "properties": { }, "geometry": { "type": "Polygon", "coordinates": [ [ [ -72.601063, 46.335084 ], [ -72.601147, 46.335142 ], [ -72.600994, 46.335248 ], [ -72.60091, 46.33519 ], [ -72.601063, 46.335084 ] ] ] } },
{ "type": "Feature", "properties": { }, "geometry": { "type": "Polygon", "coordinates": [ [ [ -72.616811, 46.350929 ], [ -72.616907, 46.350968 ], [ -72.616823, 46.351067 ], [ -72.616727, 46.351028 ], [ -72.616811, 46.350929 ] ] ] } },
{ "type": "Feature", "properties": { }, "geometry": { "type": "Polygon", "coordinates": [ [ [ -72.606171, 46.342149 ], [ -72.606337, 46.34227 ], [ -72.606246, 46.342329 ], [ -72.60608, 46.342208 ], [ -72.606171, 46.342149 ] ] ] } },
{ "type": "Feature", "properties": { }, "geometry": { "type": "Polygon", "coordinates": [ [ [ -72.606797, 46.344043 ], [ -72.606797, 46.343919 ], [ -72.606907, 46.343919 ], [ -72.606907, 46.344043 ], [ -72.606797, 46.344043 ] ] ] } },
{ "type": "Feature", "properties": { }, "geometry": { "type": "Polygon", "coordinates": [ [ [ -72.607443, 46.344245 ], [ -72.607563, 46.344237 ], [ -72.607579, 46.34436 ], [ -72.607427, 46.34437 ], [ -72.607422, 46.344324 ], [ -72.607453, 46.344322 ], [ -72.607443, 46.344245 ] ] ] } },
{ "type": "Feature", "properties": { }, "geometry": { "type": "Polygon", "coordinates": [ [ [ -72.594745, 46.336671 ], [ -72.594644, 46.336708 ], [ -72.59455, 46.336588 ], [ -72.594651, 46.33655 ], [ -72.594745, 46.336671 ] ] ] } },
{ "type": "Feature", "properties": { }, "geometry": { "type": "Polygon", "coordinates": [ [ [ -72.591727, 46.338178 ], [ -72.591633, 46.338113 ], [ -72.591749, 46.338033 ], [ -72.591843, 46.338098 ], [ -72.591727, 46.338178 ] ] ] } },
{ "type": "Feature", "properties": { }, "geometry": { "type": "Polygon", "coordinates": [ [ [ -72.603928, 46.347108 ], [ -72.603894, 46.347019 ], [ -72.604019, 46.346996 ], [ -72.604053, 46.347084 ], [ -72.603928, 46.347108 ] ] ] } },
{ "type": "Feature", "properties": { }, "geometry": { "type": "Polygon", "coordinates": [ [ [ -72.606905, 46.349577 ], [ -72.606781, 46.349662 ], [ -72.606698, 46.349605 ], [ -72.606821, 46.34952 ], [ -72.606905, 46.349577 ] ] ] } },
{ "type": "Feature", "properties": { }, "geometry": { "type": "Polygon", "coordinates": [ [ [ -72.608309, 46.350855 ], [ -72.608216, 46.350919 ], [ -72.608085, 46.350829 ], [ -72.608177, 46.350765 ], [ -72.608309, 46.350855 ] ] ] } },
{ "type": "Feature", "properties": { }, "geometry": { "type": "Polygon", "coordinates": [ [ [ -72.598651, 46.334095 ], [ -72.598761, 46.334171 ], [ -72.598658, 46.334242 ], [ -72.598548, 46.334166 ], [ -72.598651, 46.334095 ] ] ] } },
{ "type": "Feature", "properties": { }, "geometry": { "type": "Polygon", "coordinates": [ [ [ -72.606838, 46.337252 ], [ -72.606966, 46.337301 ], [ -72.606882, 46.337406 ], [ -72.606754, 46.337357 ], [ -72.606838, 46.337252 ] ] ] } },
{ "type": "Feature", "properties": { }, "geometry": { "type": "Polygon", "coordinates": [ [ [ -72.592303, 46.340234 ], [ -72.592225, 46.34018 ], [ -72.592333, 46.340105 ], [ -72.592411, 46.340159 ], [ -72.592303, 46.340234 ] ] ] } },
{ "type": "Feature", "properties": { }, "geometry": { "type": "Polygon", "coordinates": [ [ [ -72.611191, 46.351413 ], [ -72.611121, 46.351514 ], [ -72.611022, 46.351481 ], [ -72.611092, 46.35138 ], [ -72.611191, 46.351413 ] ] ] } },
{ "type": "Feature", "properties": { }, "geometry": { "type": "Polygon", "coordinates": [ [ [ -72.612525, 46.344929 ], [ -72.612426, 46.344927 ], [ -72.612432, 46.344769 ], [ -72.612584, 46.344772 ], [ -72.61258, 46.344858 ], [ -72.612528, 46.344857 ], [ -72.612525, 46.344929 ] ] ] } },
{ "type": "Feature", "properties": { }, "geometry": { "type": "Polygon", "coordinates": [ [ [ -72.612245, 46.346109 ], [ -72.61203, 46.346109 ], [ -72.61203, 46.346022 ], [ -72.612245, 46.346022 ], [ -72.612245, 46.346109 ] ] ] } },
{ "type": "Feature", "properties": { }, "geometry": { "type": "Polygon", "coordinates": [ [ [ -72.606519, 46.339852 ], [ -72.606614, 46.339913 ], [ -72.60644, 46.340044 ], [ -72.606345, 46.339983 ], [ -72.606519, 46.339852 ] ] ] } },
{ "type": "Feature", "properties": { }, "geometry": { "type": "Polygon", "coordinates": [ [ [ -72.607567, 46.345169 ], [ -72.607454, 46.345169 ], [ -72.607454, 46.345011 ], [ -72.607567, 46.345011 ], [ -72.607567, 46.345169 ] ] ] } },
{ "type": "Feature", "properties": { }, "geometry": { "type": "Polygon", "coordinates": [ [ [ -72.600303, 46.346013 ], [ -72.600395, 46.346058 ], [ -72.600308, 46.346143 ], [ -72.600215, 46.346097 ], [ -72.600303, 46.346013 ] ] ] } },
{ "type": "Feature", "properties": { }, "geometry": { "type": "Polygon", "coordinates": [ [ [ -72.60223, 46.336979 ], [ -72.602246, 46.337066 ], [ -72.602188, 46.337071 ], [ -72.602172, 46.336984 ], [ -72.60223, 46.336979 ] ] ] } },
{ "type": "Feature", "properties": { }, "geometry": { "type": "Polygon", "coordinates": [ [ [ -72.606322, 46.338134 ], [ -72.606163, 46.338244 ], [ -72.606072, 46.338181 ], [ -72.606231, 46.338071 ], [ -72.606322, 46.338134 ] ] ] } },
{ "type": "Feature", "properties": { }, "geometry": { "type": "Polygon", "coordinates": [ [ [ -72.594547, 46.336996 ], [ -72.594441, 46.33701 ], [ -72.594429, 46.336965 ], [ -72.594535, 46.336951 ], [ -72.594547, 46.336996 ] ] ] } },
{ "type": "Feature", "properties": { }, "geometry": { "type": "Polygon", "coordinates": [ [ [ -72.610025, 46.346968 ], [ -72.609857, 46.347084 ], [ -72.60977, 46.347023 ], [ -72.609938, 46.346907 ], [ -72.610025, 46.346968 ] ] ] } },
{ "type": "Feature", "properties": { }, "geometry": { "type": "Polygon", "coordinates": [ [ [ -72.613682, 46.345452 ], [ -72.613682, 46.345367 ], [ -72.61391, 46.345367 ], [ -72.61391, 46.345452 ], [ -72.613682, 46.345452 ] ] ] } },
{ "type": "Feature", "properties": { }, "geometry": { "type": "Polygon", "coordinates": [ [ [ -72.601967, 46.340799 ], [ -72.601859, 46.340774 ], [ -72.60193, 46.340628 ], [ -72.602037, 46.340652 ], [ -72.601967, 46.340799 ] ] ] } },
{ "type": "Feature", "properties": { }, "geometry": { "type": "Polygon", "coordinates": [ [ [ -72.599244, 46.34413 ], [ -72.599095, 46.344233 ], [ -72.599009, 46.344173 ], [ -72.599158, 46.344071 ], [ -72.599244, 46.34413 ] ] ] } },
{ "type": "Feature", "properties": { }, "geometry": { "type": "Polygon", "coordinates": [ [ [ -72.591104, 46.340438 ], [ -72.59103, 46.340488 ], [ -72.590878, 46.340383 ], [ -72.590951, 46.340332 ], [ -72.591104, 46.340438 ] ] ] } },
{ "type": "Feature", "properties": { }, "geometry": { "type": "Polygon", "coordinates": [ [ [ -72.616667, 46.35025 ], [ -72.616715, 46.350265 ], [ -72.616683, 46.350314 ], [ -72.616635, 46.350299 ], [ -72.616667, 46.35025 ] ] ] } },
{ "type": "Feature", "properties": { }, "geometry": { "type": "Polygon", "coordinates": [ [ [ -72.605983, 46.348254 ], [ -72.605854, 46.348165 ], [ -72.60594, 46.348106 ], [ -72.606069, 46.348195 ], [ -72.605983, 46.348254 ] ] ] } },
{ "type": "Feature", "properties": { }, "geometry": { "type": "Polygon", "coordinates": [ [ [ -72.605831, 46.343822 ], [ -72.605883, 46.343934 ], [ -72.605777, 46.343957 ], [ -72.605725, 46.343845 ], [ -72.605831, 46.343822 ] ] ] } },
{ "type": "Feature", "properties": { }, "geometry": { "type": "Polygon", "coordinates": [ [ [ -72.60377, 46.334295 ], [ -72.603686, 46.334348 ], [ -72.603579, 46.334268 ], [ -72.603663, 46.334214 ], [ -72.60377, 46.334295 ] ] ] } },
{ "type": "Feature", "properties": { }, "geometry": { "type": "Polygon", "coordinates": [ [ [ -72.594558, 46.344189 ], [ -72.594439, 46.344309 ], [ -72.594306, 46.344246 ], [ -72.594425, 46.344127 ], [ -72.594558, 46.344189 ] ] ] } },
{ "type": "Feature", "properties": { }, "geometry": { "type": "Polygon", "coordinates": [ [ [ -72.601228, 46.347673 ], [ -72.60113, 46.34774 ], [ -72.601022, 46.347666 ], [ -72.60112, 46.347599 ], [ -72.601228, 46.347673 ] ] ] } },
{ "type": "Feature", "properties": { }, "geometry": { "type": "Polygon", "coordinates": [ [ [ -72.611437, 46.338578 ], [ -72.611598, 46.338578 ], [ -72.611598, 46.338662 ], [ -72.611437, 46.338662 ], [ -72.611437, 46.338578 ] ] ] } },
{ "type": "Feature", "properties": { }, "geometry": { "type": "Polygon", "coordinates": [ [ [ -72.602035, 46.339047 ], [ -72.601949, 46.339108 ], [ -72.601773, 46.338991 ], [ -72.601859, 46.33893 ], [ -72.602035, 46.339047 ] ] ] } },
{ "type": "Feature", "properties": { }, "geometry": { "type": "Polygon", "coordinates": [ [ [ -72.594696, 46.339889 ], [ -72.59462, 46.339941 ], [ -72.59447, 46.339838 ], [ -72.594546, 46.339785 ], [ -72.594696, 46.339889 ] ] ] } },
{ "type": "Feature", "properties": { }, "geometry": { "type": "Polygon", "coordinates": [ [ [ -72.611184, 46.349803 ], [ -72.611067, 46.349899 ], [ -72.610979, 46.349848 ], [ -72.611096, 46.349752 ], [ -72.611184, 46.349803 ] ] ] } },
{ "type": "Feature", "properties": { }, "geometry": { "type": "Polygon", "coordinates": [ [ [ -72.613406, 46.352412 ], [ -72.613252, 46.352372 ], [ -72.6133, 46.352284 ], [ -72.613454, 46.352323 ], [ -72.613406, 46.352412 ] ] ] } },
{ "type": "Feature", "properties": { }, "geometry": { "type": "Polygon", "coordinates": [ [ [ -72.609667, 46.34473 ], [ -72.609729, 46.34473 ], [ -72.609729, 46.344806 ], [ -72.609667, 46.344806 ], [ -72.609667, 46.34473 ] ] ] } },
{ "type": "Feature", "properties": { }, "geometry": { "type": "Polygon", "coordinates": [ [ [ -72.602023, 46.345582 ], [ -72.601926, 46.34551 ], [ -72.602014, 46.345453 ], [ -72.602112, 46.345525 ], [ -72.602023, 46.345582 ] ] ] } },
{ "type": "Feature", "properties": { }, "geometry": { "type": "Polygon", "coordinates": [ [ [ -72.605214, 46.335409 ], [ -72.605381, 46.335423 ], [ -72.605366, 46.335507 ], [ -72.605199, 46.335493 ], [ -72.605214, 46.335409 ] ] ] } },
{ "type": "Feature", "properties": { }, "geometry": { "type": "Polygon", "coordinates": [ [ [ -72.615458, 46.347445 ], [ -72.615423, 46.34753 ], [ -72.615286, 46.347504 ], [ -72.61532, 46.347419 ], [ -72.615458, 46.347445 ] ] ] } },
{ "type": "Feature", "properties": { }, "geometry": { "type": "Polygon", "coordinates": [ [ [ -72.611799, 46.353003 ], [ -72.611716, 46.353146 ], [ -72.611584, 46.353109 ], [ -72.611667, 46.352966 ], [ -72.611799, 46.353003 ] ] ] } },
{ "type": "Feature", "properties": { }, "geometry": { "type": "Polygon", "coordinates": [ [ [ -72.612569, 46.343269 ], [ -72.612569, 46.343356 ], [ -72.612416, 46.343356 ], [ -72.612416, 46.343269 ], [ -72.612569, 46.343269 ] ] ] } },
{ "type": "Feature", "properties": { }, "geometry": { "type": "Polygon", "coordinates": [ [ [ -72.606219, 46.346704 ], [ -72.606121, 46.34673 ], [ -72.606062, 46.346623 ], [ -72.606161, 46.346598 ], [ -72.606219, 46.346704 ] ] ] } },
{ "type": "Feature", "properties": { }, "geometry": { "type": "Polygon", "coordinates": [ [ [ -72.594686, 46.340366 ], [ -72.594566, 46.340449 ], [ -72.594495, 46.3404 ], [ -72.594615, 46.340317 ], [ -72.594686, 46.340366 ] ] ] } },
{ "type": "Feature", "properties": { }, "geometry": { "type": "Polygon", "coordinates": [ [ [ -72.596634, 46.34306 ], [ -72.596559, 46.343008 ], [ -72.596716, 46.3429 ], [ -72.596791, 46.342951 ], [ -72.596634, 46.34306 ] ] ] } },
{ "type": "Feature", "properties": { }, "geometry": { "type": "Polygon", "coordinates": [ [ [ -72.589042, 46.337208 ], [ -72.588841, 46.337348 ], [ -72.588719, 46.337265 ], [ -72.588808, 46.337203 ], [ -72.588604469562299, 46.337064635009462 ], [ -72.588695460131802, 46.336972352889632 ], [ -72.589042, 46.337208 ] ] ] } },
{ "type": "Feature", "properties": { }, "geometry": { "type": "Polygon", "coordinates": [ [ [ -72.61306, 46.351422 ], [ -72.612997, 46.3515 ], [ -72.612851, 46.351443 ], [ -72.612915, 46.351366 ], [ -72.61306, 46.351422 ] ] ] } },
{ "type": "Feature", "properties": { }, "geometry": { "type": "Polygon", "coordinates": [ [ [ -72.610312, 46.351736 ], [ -72.610446, 46.351753 ], [ -72.610421, 46.351851 ], [ -72.610287, 46.351835 ], [ -72.610312, 46.351736 ] ] ] } },
{ "type": "Feature", "properties": { }, "geometry": { "type": "Polygon", "coordinates": [ [ [ -72.605615, 46.347439 ], [ -72.605524, 46.347341 ], [ -72.605617, 46.347299 ], [ -72.605709, 46.347398 ], [ -72.605615, 46.347439 ] ] ] } },
{ "type": "Feature", "properties": { }, "geometry": { "type": "Polygon", "coordinates": [ [ [ -72.606766, 46.350253 ], [ -72.606683, 46.350311 ], [ -72.60653, 46.350206 ], [ -72.606614, 46.350148 ], [ -72.606766, 46.350253 ] ] ] } },
{ "type": "Feature", "properties": { }, "geometry": { "type": "Polygon", "coordinates": [ [ [ -72.597827, 46.343048 ], [ -72.597945, 46.343129 ], [ -72.597865, 46.343184 ], [ -72.597747, 46.343102 ], [ -72.597827, 46.343048 ] ] ] } },
{ "type": "Feature", "properties": { }, "geometry": { "type": "Polygon", "coordinates": [ [ [ -72.609226, 46.347506 ], [ -72.609073, 46.347618 ], [ -72.608995, 46.347568 ], [ -72.609148, 46.347455 ], [ -72.609226, 46.347506 ] ] ] } },
{ "type": "Feature", "properties": { }, "geometry": { "type": "Polygon", "coordinates": [ [ [ -72.610506, 46.339726 ], [ -72.61063, 46.339666 ], [ -72.610727, 46.339762 ], [ -72.610603, 46.339822 ], [ -72.610506, 46.339726 ] ] ] } },
{ "type": "Feature", "properties": { }, "geometry": { "type": "Polygon", "coordinates": [ [ [ -72.605388, 46.344001 ], [ -72.605286, 46.344033 ], [ -72.605181, 46.343873 ], [ -72.605284, 46.343841 ], [ -72.605388, 46.344001 ] ] ] } },
{ "type": "Feature", "properties": { }, "geometry": { "type": "Polygon", "coordinates": [ [ [ -72.600787, 46.33358 ], [ -72.600759, 46.333667 ], [ -72.600459, 46.33362 ], [ -72.600488, 46.333533 ], [ -72.600787, 46.33358 ] ] ] } },
{ "type": "Feature", "properties": { }, "geometry": { "type": "Polygon", "coordinates": [ [ [ -72.603407, 46.337179 ], [ -72.603407, 46.337099 ], [ -72.603581, 46.337099 ], [ -72.603581, 46.337179 ], [ -72.603407, 46.337179 ] ] ] } },
{ "type": "Feature", "properties": { }, "geometry": { "type": "Polygon", "coordinates": [ [ [ -72.603761, 46.349824 ], [ -72.603883, 46.349737 ], [ -72.604055, 46.349853 ], [ -72.603933, 46.349939 ], [ -72.603761, 46.349824 ] ] ] } },
{ "type": "Feature", "properties": { }, "geometry": { "type": "Polygon", "coordinates": [ [ [ -72.61967, 46.346393 ], [ -72.619798, 46.346393 ], [ -72.619798, 46.346461 ], [ -72.61987, 46.346461 ], [ -72.61987, 46.346537 ], [ -72.61967, 46.346537 ], [ -72.61967, 46.346393 ] ] ] } },
{ "type": "Feature", "properties": { }, "geometry": { "type": "Polygon", "coordinates": [ [ [ -72.609051, 46.345303 ], [ -72.60906, 46.345449 ], [ -72.60893, 46.345453 ], [ -72.608921, 46.345307 ], [ -72.609051, 46.345303 ] ] ] } },
{ "type": "Feature", "properties": { }, "geometry": { "type": "Polygon", "coordinates": [ [ [ -72.604808, 46.346987 ], [ -72.604756, 46.346872 ], [ -72.604863, 46.346849 ], [ -72.604915, 46.346964 ], [ -72.604808, 46.346987 ] ] ] } },
{ "type": "Feature", "properties": { }, "geometry": { "type": "Polygon", "coordinates": [ [ [ -72.592199, 46.34117 ], [ -72.59215, 46.341136 ], [ -72.592226, 46.341083 ], [ -72.592276, 46.341117 ], [ -72.592199, 46.34117 ] ] ] } },
{ "type": "Feature", "properties": { }, "geometry": { "type": "Polygon", "coordinates": [ [ [ -72.594392, 46.341256 ], [ -72.594243, 46.341359 ], [ -72.594169, 46.341308 ], [ -72.594318, 46.341205 ], [ -72.594392, 46.341256 ] ] ] } },
{ "type": "Feature", "properties": { }, "geometry": { "type": "Polygon", "coordinates": [ [ [ -72.614925, 46.350149 ], [ -72.614871, 46.350241 ], [ -72.614738, 46.350204 ], [ -72.614792, 46.350111 ], [ -72.614925, 46.350149 ] ] ] } },
{ "type": "Feature", "properties": { }, "geometry": { "type": "Polygon", "coordinates": [ [ [ -72.615225, 46.350261 ], [ -72.615342, 46.350296 ], [ -72.615287, 46.350382 ], [ -72.61517, 46.350347 ], [ -72.615225, 46.350261 ] ] ] } },
{ "type": "Feature", "properties": { }, "geometry": { "type": "Polygon", "coordinates": [ [ [ -72.61842, 46.343432 ], [ -72.618335, 46.34336 ], [ -72.618498, 46.343268 ], [ -72.618583, 46.34334 ], [ -72.61842, 46.343432 ] ] ] } },
{ "type": "Feature", "properties": { }, "geometry": { "type": "Polygon", "coordinates": [ [ [ -72.608652, 46.33984 ], [ -72.608539, 46.339908 ], [ -72.608419, 46.339814 ], [ -72.608533, 46.339746 ], [ -72.608652, 46.33984 ] ] ] } },
{ "type": "Feature", "properties": { }, "geometry": { "type": "Polygon", "coordinates": [ [ [ -72.61639, 46.351579 ], [ -72.616279, 46.351677 ], [ -72.616184, 46.351626 ], [ -72.616295, 46.351528 ], [ -72.61639, 46.351579 ] ] ] } },
{ "type": "Feature", "properties": { }, "geometry": { "type": "Polygon", "coordinates": [ [ [ -72.61487, 46.353402 ], [ -72.614791, 46.353337 ], [ -72.614955, 46.353243 ], [ -72.615034, 46.353308 ], [ -72.61487, 46.353402 ] ] ] } },
{ "type": "Feature", "properties": { }, "geometry": { "type": "Polygon", "coordinates": [ [ [ -72.613868, 46.344791 ], [ -72.613868, 46.344893 ], [ -72.613699, 46.344893 ], [ -72.613699, 46.344835 ], [ -72.613739, 46.344835 ], [ -72.613739, 46.344791 ], [ -72.613868, 46.344791 ] ] ] } },
{ "type": "Feature", "properties": { }, "geometry": { "type": "Polygon", "coordinates": [ [ [ -72.600689, 46.341233 ], [ -72.600689, 46.341142 ], [ -72.600937, 46.341142 ], [ -72.600937, 46.341234 ], [ -72.600689, 46.341233 ] ] ] } },
{ "type": "Feature", "properties": { }, "geometry": { "type": "Polygon", "coordinates": [ [ [ -72.606947, 46.342204 ], [ -72.607021, 46.342153 ], [ -72.607167, 46.342254 ], [ -72.607094, 46.342305 ], [ -72.606947, 46.342204 ] ] ] } },
{ "type": "Feature", "properties": { }, "geometry": { "type": "Polygon", "coordinates": [ [ [ -72.59665, 46.336003 ], [ -72.59665, 46.336077 ], [ -72.5965, 46.336077 ], [ -72.5965, 46.336003 ], [ -72.59665, 46.336003 ] ] ] } },
{ "type": "Feature", "properties": { }, "geometry": { "type": "Polygon", "coordinates": [ [ [ -72.614296, 46.348488 ], [ -72.614232, 46.348569 ], [ -72.614103, 46.34852 ], [ -72.614167, 46.348439 ], [ -72.614296, 46.348488 ] ] ] } },
{ "type": "Feature", "properties": { }, "geometry": { "type": "Polygon", "coordinates": [ [ [ -72.609766, 46.339076 ], [ -72.609677, 46.339073 ], [ -72.609679, 46.339046 ], [ -72.609623, 46.339044 ], [ -72.609627, 46.338962 ], [ -72.609772, 46.338966 ], [ -72.609766, 46.339076 ] ] ] } },
{ "type": "Feature", "properties": { }, "geometry": { "type": "Polygon", "coordinates": [ [ [ -72.61874, 46.347837 ], [ -72.618647, 46.347785 ], [ -72.618748, 46.347699 ], [ -72.61884, 46.34775 ], [ -72.61874, 46.347837 ] ] ] } },
{ "type": "Feature", "properties": { }, "geometry": { "type": "Polygon", "coordinates": [ [ [ -72.613123, 46.343002 ], [ -72.613027, 46.342899 ], [ -72.613126, 46.342855 ], [ -72.613222, 46.342957 ], [ -72.613123, 46.343002 ] ] ] } },
{ "type": "Feature", "properties": { }, "geometry": { "type": "Polygon", "coordinates": [ [ [ -72.601579, 46.343237 ], [ -72.601495, 46.343291 ], [ -72.601338, 46.343174 ], [ -72.601415, 46.343124 ], [ -72.601457, 46.343155 ], [ -72.601494, 46.343131 ], [ -72.601538, 46.343164 ], [ -72.601507, 46.343184 ], [ -72.601579, 46.343237 ] ] ] } },
{ "type": "Feature", "properties": { }, "geometry": { "type": "Polygon", "coordinates": [ [ [ -72.594149, 46.340037 ], [ -72.594066, 46.340094 ], [ -72.593957, 46.340019 ], [ -72.594041, 46.339962 ], [ -72.594149, 46.340037 ] ] ] } },
{ "type": "Feature", "properties": { }, "geometry": { "type": "Polygon", "coordinates": [ [ [ -72.597554, 46.340301 ], [ -72.597725, 46.340418 ], [ -72.597639, 46.340478 ], [ -72.597468, 46.34036 ], [ -72.597554, 46.340301 ] ] ] } },
{ "type": "Feature", "properties": { }, "geometry": { "type": "Polygon", "coordinates": [ [ [ -72.595421, 46.341 ], [ -72.595289, 46.34109 ], [ -72.595213, 46.341038 ], [ -72.595344, 46.340947 ], [ -72.595421, 46.341 ] ] ] } },
{ "type": "Feature", "properties": { }, "geometry": { "type": "Polygon", "coordinates": [ [ [ -72.595295, 46.3416 ], [ -72.595223, 46.341549 ], [ -72.59534, 46.341469 ], [ -72.595413, 46.341519 ], [ -72.595295, 46.3416 ] ] ] } },
{ "type": "Feature", "properties": { }, "geometry": { "type": "Polygon", "coordinates": [ [ [ -72.606291, 46.350375 ], [ -72.606626, 46.350559 ], [ -72.606513, 46.350657 ], [ -72.606179, 46.350472 ], [ -72.606291, 46.350375 ] ] ] } },
{ "type": "Feature", "properties": { }, "geometry": { "type": "Polygon", "coordinates": [ [ [ -72.601861, 46.339524 ], [ -72.601836, 46.339663 ], [ -72.60172, 46.339653 ], [ -72.601745, 46.339514 ], [ -72.601861, 46.339524 ] ] ] } },
{ "type": "Feature", "properties": { }, "geometry": { "type": "Polygon", "coordinates": [ [ [ -72.591427, 46.339665 ], [ -72.591501, 46.339718 ], [ -72.591381, 46.339799 ], [ -72.591307, 46.339746 ], [ -72.591427, 46.339665 ] ] ] } },
{ "type": "Feature", "properties": { }, "geometry": { "type": "Polygon", "coordinates": [ [ [ -72.593569, 46.336066 ], [ -72.593744, 46.336187 ], [ -72.593668, 46.33624 ], [ -72.593492, 46.336118 ], [ -72.593569, 46.336066 ] ] ] } },
{ "type": "Feature", "properties": { }, "geometry": { "type": "Polygon", "coordinates": [ [ [ -72.59134, 46.336855 ], [ -72.59142, 46.336799 ], [ -72.591603, 46.336925 ], [ -72.591559, 46.336956 ], [ -72.591498, 46.336914 ], [ -72.591462, 46.336939 ], [ -72.59134, 46.336855 ] ] ] } },
{ "type": "Feature", "properties": { }, "geometry": { "type": "Polygon", "coordinates": [ [ [ -72.616759, 46.344821 ], [ -72.616759, 46.344713 ], [ -72.616909, 46.344713 ], [ -72.616909, 46.344821 ], [ -72.616759, 46.344821 ] ] ] } },
{ "type": "Feature", "properties": { }, "geometry": { "type": "Polygon", "coordinates": [ [ [ -72.617769, 46.345336 ], [ -72.618031, 46.345339 ], [ -72.618029, 46.345434 ], [ -72.617871, 46.345432 ], [ -72.617871, 46.345413 ], [ -72.617767, 46.345412 ], [ -72.617769, 46.345336 ] ] ] } },
{ "type": "Feature", "properties": { }, "geometry": { "type": "Polygon", "coordinates": [ [ [ -72.613849, 46.345691 ], [ -72.613849, 46.345776 ], [ -72.613672, 46.345776 ], [ -72.613672, 46.345691 ], [ -72.613849, 46.345691 ] ] ] } },
{ "type": "Feature", "properties": { }, "geometry": { "type": "Polygon", "coordinates": [ [ [ -72.617516, 46.345696 ], [ -72.617808, 46.345696 ], [ -72.617808, 46.345795 ], [ -72.617516, 46.345795 ], [ -72.617516, 46.345696 ] ] ] } },
{ "type": "Feature", "properties": { }, "geometry": { "type": "Polygon", "coordinates": [ [ [ -72.6038, 46.337813 ], [ -72.603903, 46.337893 ], [ -72.603812, 46.337949 ], [ -72.603709, 46.337869 ], [ -72.6038, 46.337813 ] ] ] } },
{ "type": "Feature", "properties": { }, "geometry": { "type": "Polygon", "coordinates": [ [ [ -72.594831, 46.342577 ], [ -72.5949, 46.342625 ], [ -72.594786, 46.342704 ], [ -72.594717, 46.342656 ], [ -72.594831, 46.342577 ] ] ] } },
{ "type": "Feature", "properties": { }, "geometry": { "type": "Polygon", "coordinates": [ [ [ -72.614965, 46.348285 ], [ -72.614868, 46.348403 ], [ -72.614761, 46.348361 ], [ -72.614858, 46.348243 ], [ -72.614965, 46.348285 ] ] ] } },
{ "type": "Feature", "properties": { }, "geometry": { "type": "Polygon", "coordinates": [ [ [ -72.616274, 46.34251 ], [ -72.616306, 46.342659 ], [ -72.616127, 46.342677 ], [ -72.616121, 46.342651 ], [ -72.616036, 46.342659 ], [ -72.616019, 46.342581 ], [ -72.616091, 46.342573 ], [ -72.616081, 46.34253 ], [ -72.616274, 46.34251 ] ] ] } },
{ "type": "Feature", "properties": { }, "geometry": { "type": "Polygon", "coordinates": [ [ [ -72.610821, 46.345447 ], [ -72.610648, 46.345466 ], [ -72.610629, 46.345383 ], [ -72.610802, 46.345364 ], [ -72.610821, 46.345447 ] ] ] } },
{ "type": "Feature", "properties": { }, "geometry": { "type": "Polygon", "coordinates": [ [ [ -72.599422, 46.332216 ], [ -72.599481, 46.332184 ], [ -72.599532, 46.33223 ], [ -72.599628, 46.332179 ], [ -72.599696, 46.33224 ], [ -72.599565, 46.33231 ], [ -72.599505, 46.332257 ], [ -72.599482, 46.332269 ], [ -72.599422, 46.332216 ] ] ] } },
{ "type": "Feature", "properties": { }, "geometry": { "type": "Polygon", "coordinates": [ [ [ -72.602212, 46.332856 ], [ -72.602338, 46.332936 ], [ -72.602264, 46.332992 ], [ -72.602137, 46.332911 ], [ -72.602212, 46.332856 ] ] ] } },
{ "type": "Feature", "properties": { }, "geometry": { "type": "Polygon", "coordinates": [ [ [ -72.597993, 46.336341 ], [ -72.597914, 46.336286 ], [ -72.598063, 46.336183 ], [ -72.598142, 46.336238 ], [ -72.597993, 46.336341 ] ] ] } },
{ "type": "Feature", "properties": { }, "geometry": { "type": "Polygon", "coordinates": [ [ [ -72.608951, 46.348948 ], [ -72.608869, 46.349004 ], [ -72.608745, 46.348918 ], [ -72.608826, 46.348861 ], [ -72.608951, 46.348948 ] ] ] } },
{ "type": "Feature", "properties": { }, "geometry": { "type": "Polygon", "coordinates": [ [ [ -72.614375, 46.349494 ], [ -72.614466, 46.349548 ], [ -72.614324, 46.349663 ], [ -72.614232, 46.34961 ], [ -72.614375, 46.349494 ] ] ] } },
{ "type": "Feature", "properties": { }, "geometry": { "type": "Polygon", "coordinates": [ [ [ -72.609691, 46.339669 ], [ -72.609587, 46.339741 ], [ -72.609473, 46.339663 ], [ -72.609614, 46.339566 ], [ -72.609675, 46.339608 ], [ -72.609639, 46.339633 ], [ -72.609691, 46.339669 ] ] ] } },
{ "type": "Feature", "properties": { }, "geometry": { "type": "Polygon", "coordinates": [ [ [ -72.606056, 46.340181 ], [ -72.606176, 46.34026 ], [ -72.606091, 46.340322 ], [ -72.605971, 46.340243 ], [ -72.606056, 46.340181 ] ] ] } },
{ "type": "Feature", "properties": { }, "geometry": { "type": "Polygon", "coordinates": [ [ [ -72.598174, 46.346183 ], [ -72.59802, 46.346294 ], [ -72.59781, 46.346156 ], [ -72.597964, 46.346045 ], [ -72.598174, 46.346183 ] ] ] } },
{ "type": "Feature", "properties": { }, "geometry": { "type": "Polygon", "coordinates": [ [ [ -72.609484, 46.348332 ], [ -72.609399, 46.348396 ], [ -72.609274, 46.348316 ], [ -72.60936, 46.348252 ], [ -72.609484, 46.348332 ] ] ] } },
{ "type": "Feature", "properties": { }, "geometry": { "type": "Polygon", "coordinates": [ [ [ -72.600171, 46.345781 ], [ -72.600081, 46.345719 ], [ -72.60025, 46.345602 ], [ -72.60034, 46.345664 ], [ -72.600171, 46.345781 ] ] ] } },
{ "type": "Feature", "properties": { }, "geometry": { "type": "Polygon", "coordinates": [ [ [ -72.594571, 46.343516 ], [ -72.594498, 46.343567 ], [ -72.594382, 46.343488 ], [ -72.594455, 46.343437 ], [ -72.594571, 46.343516 ] ] ] } },
{ "type": "Feature", "properties": { }, "geometry": { "type": "Polygon", "coordinates": [ [ [ -72.592188, 46.336482 ], [ -72.592101, 46.336393 ], [ -72.592238, 46.336329 ], [ -72.592362, 46.336457 ], [ -72.59228, 46.336495 ], [ -72.592242, 46.336457 ], [ -72.592188, 46.336482 ] ] ] } },
{ "type": "Feature", "properties": { }, "geometry": { "type": "Polygon", "coordinates": [ [ [ -72.619313, 46.344669 ], [ -72.619201, 46.344721 ], [ -72.619126, 46.344644 ], [ -72.619238, 46.344592 ], [ -72.619313, 46.344669 ] ] ] } },
{ "type": "Feature", "properties": { }, "geometry": { "type": "Polygon", "coordinates": [ [ [ -72.59231, 46.340328 ], [ -72.592233, 46.340381 ], [ -72.592083, 46.340277 ], [ -72.592159, 46.340224 ], [ -72.59231, 46.340328 ] ] ] } },
{ "type": "Feature", "properties": { }, "geometry": { "type": "Polygon", "coordinates": [ [ [ -72.596639, 46.342382 ], [ -72.596562, 46.342332 ], [ -72.596672, 46.342253 ], [ -72.596748, 46.342302 ], [ -72.596639, 46.342382 ] ] ] } },
{ "type": "Feature", "properties": { }, "geometry": { "type": "Polygon", "coordinates": [ [ [ -72.597134, 46.333675 ], [ -72.597058, 46.333628 ], [ -72.597205, 46.333516 ], [ -72.597282, 46.333563 ], [ -72.597134, 46.333675 ] ] ] } },
{ "type": "Feature", "properties": { }, "geometry": { "type": "Polygon", "coordinates": [ [ [ -72.591769, 46.3391 ], [ -72.591692, 46.339042 ], [ -72.591815, 46.338965 ], [ -72.591891, 46.339023 ], [ -72.591769, 46.3391 ] ] ] } },
{ "type": "Feature", "properties": { }, "geometry": { "type": "Polygon", "coordinates": [ [ [ -72.606963, 46.347128 ], [ -72.606868, 46.347042 ], [ -72.606949, 46.346999 ], [ -72.607045, 46.347086 ], [ -72.606963, 46.347128 ] ] ] } },
{ "type": "Feature", "properties": { }, "geometry": { "type": "Polygon", "coordinates": [ [ [ -72.604582, 46.34952 ], [ -72.604468, 46.349598 ], [ -72.604305, 46.349486 ], [ -72.604419, 46.349408 ], [ -72.604582, 46.34952 ] ] ] } },
{ "type": "Feature", "properties": { }, "geometry": { "type": "Polygon", "coordinates": [ [ [ -72.608519, 46.349607 ], [ -72.608555, 46.349582 ], [ -72.608641, 46.349641 ], [ -72.608546, 46.349707 ], [ -72.608427, 46.349624 ], [ -72.608486, 46.349584 ], [ -72.608519, 46.349607 ] ] ] } },
{ "type": "Feature", "properties": { }, "geometry": { "type": "Polygon", "coordinates": [ [ [ -72.609979, 46.338216 ], [ -72.609838, 46.338284 ], [ -72.609713, 46.338162 ], [ -72.609854, 46.338093 ], [ -72.609979, 46.338216 ] ] ] } },
{ "type": "Feature", "properties": { }, "geometry": { "type": "Polygon", "coordinates": [ [ [ -72.606411, 46.336408 ], [ -72.60655, 46.336408 ], [ -72.60655, 46.33653 ], [ -72.606411, 46.33653 ], [ -72.606411, 46.336408 ] ] ] } },
{ "type": "Feature", "properties": { }, "geometry": { "type": "Polygon", "coordinates": [ [ [ -72.60374, 46.338692 ], [ -72.60387, 46.338792 ], [ -72.603781, 46.338848 ], [ -72.60365, 46.338747 ], [ -72.60374, 46.338692 ] ] ] } },
{ "type": "Feature", "properties": { }, "geometry": { "type": "Polygon", "coordinates": [ [ [ -72.591714, 46.339594 ], [ -72.591574, 46.339691 ], [ -72.591491, 46.339633 ], [ -72.591631, 46.339537 ], [ -72.591714, 46.339594 ] ] ] } },
{ "type": "Feature", "properties": { }, "geometry": { "type": "Polygon", "coordinates": [ [ [ -72.614031, 46.34879 ], [ -72.613947, 46.348904 ], [ -72.613834, 46.348864 ], [ -72.613919, 46.34875 ], [ -72.614031, 46.34879 ] ] ] } },
{ "type": "Feature", "properties": { }, "geometry": { "type": "Polygon", "coordinates": [ [ [ -72.61055, 46.346038 ], [ -72.610591, 46.346179 ], [ -72.610496, 46.346193 ], [ -72.610455, 46.346052 ], [ -72.61055, 46.346038 ] ] ] } },
{ "type": "Feature", "properties": { }, "geometry": { "type": "Polygon", "coordinates": [ [ [ -72.600117, 46.345812 ], [ -72.599963, 46.345919 ], [ -72.599878, 46.34586 ], [ -72.600033, 46.345754 ], [ -72.600117, 46.345812 ] ] ] } },
{ "type": "Feature", "properties": { }, "geometry": { "type": "Polygon", "coordinates": [ [ [ -72.610226, 46.348854 ], [ -72.610371, 46.348954 ], [ -72.610283, 46.349015 ], [ -72.610138, 46.348915 ], [ -72.610226, 46.348854 ] ] ] } },
{ "type": "Feature", "properties": { }, "geometry": { "type": "Polygon", "coordinates": [ [ [ -72.61086, 46.342703 ], [ -72.610903, 46.342785 ], [ -72.610762, 46.342821 ], [ -72.610718, 46.342739 ], [ -72.61086, 46.342703 ] ] ] } },
{ "type": "Feature", "properties": { }, "geometry": { "type": "Polygon", "coordinates": [ [ [ -72.615804, 46.343345 ], [ -72.615804, 46.343239 ], [ -72.615984, 46.343239 ], [ -72.615984, 46.343345 ], [ -72.615804, 46.343345 ] ] ] } },
{ "type": "Feature", "properties": { }, "geometry": { "type": "Polygon", "coordinates": [ [ [ -72.604391, 46.341601 ], [ -72.604391, 46.341523 ], [ -72.604539, 46.341523 ], [ -72.604539, 46.341601 ], [ -72.604391, 46.341601 ] ] ] } },
{ "type": "Feature", "properties": { }, "geometry": { "type": "Polygon", "coordinates": [ [ [ -72.598225, 46.341854 ], [ -72.59819, 46.341878 ], [ -72.598252, 46.341921 ], [ -72.598175, 46.341974 ], [ -72.598061, 46.341895 ], [ -72.598173, 46.341818 ], [ -72.598225, 46.341854 ] ] ] } },
{ "type": "Feature", "properties": { }, "geometry": { "type": "Polygon", "coordinates": [ [ [ -72.60762, 46.344465 ], [ -72.607622, 46.344504 ], [ -72.607561, 46.344506 ], [ -72.607565, 46.344581 ], [ -72.607444, 46.344583 ], [ -72.607437, 46.344417 ], [ -72.607544, 46.344415 ], [ -72.607546, 46.344466 ], [ -72.60762, 46.344465 ] ] ] } },
{ "type": "Feature", "properties": { }, "geometry": { "type": "Polygon", "coordinates": [ [ [ -72.606915, 46.345172 ], [ -72.606824, 46.345172 ], [ -72.606824, 46.345091 ], [ -72.607023, 46.345091 ], [ -72.607023, 46.345171 ], [ -72.606982, 46.345171 ], [ -72.606982, 46.3452 ], [ -72.606915, 46.3452 ], [ -72.606915, 46.345172 ] ] ] } },
{ "type": "Feature", "properties": { }, "geometry": { "type": "Polygon", "coordinates": [ [ [ -72.603831, 46.346474 ], [ -72.603831, 46.346581 ], [ -72.603713, 46.346581 ], [ -72.603713, 46.346474 ], [ -72.603831, 46.346474 ] ] ] } },
{ "type": "Feature", "properties": { }, "geometry": { "type": "Polygon", "coordinates": [ [ [ -72.610997, 46.351643 ], [ -72.610909, 46.351608 ], [ -72.610996, 46.351506 ], [ -72.611103, 46.351549 ], [ -72.61105, 46.351613 ], [ -72.61103, 46.351605 ], [ -72.610997, 46.351643 ] ] ] } },
{ "type": "Feature", "properties": { }, "geometry": { "type": "Polygon", "coordinates": [ [ [ -72.603843, 46.349702 ], [ -72.603716, 46.349786 ], [ -72.603499, 46.349632 ], [ -72.603626, 46.349547 ], [ -72.603843, 46.349702 ] ] ] } },
{ "type": "Feature", "properties": { }, "geometry": { "type": "Polygon", "coordinates": [ [ [ -72.606711, 46.344735 ], [ -72.606711, 46.344817 ], [ -72.606478, 46.344817 ], [ -72.606478, 46.344735 ], [ -72.606711, 46.344735 ] ] ] } },
{ "type": "Feature", "properties": { }, "geometry": { "type": "Polygon", "coordinates": [ [ [ -72.599042, 46.33661 ], [ -72.599046, 46.336687 ], [ -72.598825, 46.336694 ], [ -72.598821, 46.336616 ], [ -72.599042, 46.33661 ] ] ] } },
{ "type": "Feature", "properties": { }, "geometry": { "type": "Polygon", "coordinates": [ [ [ -72.593252, 46.333146 ], [ -72.593129, 46.333066 ], [ -72.593211, 46.333006 ], [ -72.593334, 46.333086 ], [ -72.593252, 46.333146 ] ] ] } },
{ "type": "Feature", "properties": { }, "geometry": { "type": "Polygon", "coordinates": [ [ [ -72.609572, 46.349951 ], [ -72.609446, 46.349869 ], [ -72.609537, 46.349803 ], [ -72.609662, 46.349884 ], [ -72.609572, 46.349951 ] ] ] } },
{ "type": "Feature", "properties": { }, "geometry": { "type": "Polygon", "coordinates": [ [ [ -72.612153, 46.340186 ], [ -72.612313, 46.340289 ], [ -72.612235, 46.340346 ], [ -72.612076, 46.340243 ], [ -72.612153, 46.340186 ] ] ] } },
{ "type": "Feature", "properties": { }, "geometry": { "type": "Polygon", "coordinates": [ [ [ -72.615836, 46.346385 ], [ -72.615836, 46.346489 ], [ -72.615702, 46.346489 ], [ -72.615702, 46.346385 ], [ -72.615836, 46.346385 ] ] ] } },
{ "type": "Feature", "properties": { }, "geometry": { "type": "Polygon", "coordinates": [ [ [ -72.598321, 46.3451 ], [ -72.598229, 46.345164 ], [ -72.598103, 46.345077 ], [ -72.598195, 46.345013 ], [ -72.598321, 46.3451 ] ] ] } },
{ "type": "Feature", "properties": { }, "geometry": { "type": "Polygon", "coordinates": [ [ [ -72.606658, 46.33718 ], [ -72.606601, 46.33725 ], [ -72.606458, 46.337195 ], [ -72.606514, 46.337125 ], [ -72.606658, 46.33718 ] ] ] } },
{ "type": "Feature", "properties": { }, "geometry": { "type": "Polygon", "coordinates": [ [ [ -72.612155, 46.353272 ], [ -72.612305, 46.353316 ], [ -72.612217, 46.353459 ], [ -72.612067, 46.353415 ], [ -72.612155, 46.353272 ] ] ] } },
{ "type": "Feature", "properties": { }, "geometry": { "type": "Polygon", "coordinates": [ [ [ -72.60528, 46.340374 ], [ -72.605197, 46.340316 ], [ -72.605276, 46.340262 ], [ -72.60536, 46.340319 ], [ -72.60528, 46.340374 ] ] ] } },
{ "type": "Feature", "properties": { }, "geometry": { "type": "Polygon", "coordinates": [ [ [ -72.608083, 46.340643 ], [ -72.608183, 46.340708 ], [ -72.608088, 46.340778 ], [ -72.607988, 46.340713 ], [ -72.608083, 46.340643 ] ] ] } },
{ "type": "Feature", "properties": { }, "geometry": { "type": "Polygon", "coordinates": [ [ [ -72.603718, 46.340983 ], [ -72.603581, 46.341057 ], [ -72.603501, 46.340987 ], [ -72.603637, 46.340913 ], [ -72.603718, 46.340983 ] ] ] } },
{ "type": "Feature", "properties": { }, "geometry": { "type": "Polygon", "coordinates": [ [ [ -72.606156, 46.346776 ], [ -72.606251, 46.346755 ], [ -72.606322, 46.346908 ], [ -72.60623, 46.346928 ], [ -72.606205, 46.346874 ], [ -72.606157, 46.346885 ], [ -72.606139, 46.346846 ], [ -72.606184, 46.346836 ], [ -72.606156, 46.346776 ] ] ] } },
{ "type": "Feature", "properties": { }, "geometry": { "type": "Polygon", "coordinates": [ [ [ -72.608709, 46.346913 ], [ -72.608634, 46.34695 ], [ -72.608648, 46.346964 ], [ -72.608576, 46.346999 ], [ -72.608501, 46.346925 ], [ -72.608647, 46.346853 ], [ -72.608709, 46.346913 ] ] ] } },
{ "type": "Feature", "properties": { }, "geometry": { "type": "Polygon", "coordinates": [ [ [ -72.605276, 46.338371 ], [ -72.605173, 46.3383 ], [ -72.605251, 46.338246 ], [ -72.605354, 46.338317 ], [ -72.605276, 46.338371 ] ] ] } },
{ "type": "Feature", "properties": { }, "geometry": { "type": "Polygon", "coordinates": [ [ [ -72.595046, 46.343271 ], [ -72.594965, 46.343327 ], [ -72.594852, 46.343249 ], [ -72.594934, 46.343193 ], [ -72.595046, 46.343271 ] ] ] } },
{ "type": "Feature", "properties": { }, "geometry": { "type": "Polygon", "coordinates": [ [ [ -72.615804, 46.345072 ], [ -72.615938, 46.345072 ], [ -72.615938, 46.345185 ], [ -72.615804, 46.345185 ], [ -72.615804, 46.345072 ] ] ] } },
{ "type": "Feature", "properties": { }, "geometry": { "type": "Polygon", "coordinates": [ [ [ -72.611692, 46.345687 ], [ -72.611692, 46.345778 ], [ -72.611502, 46.345778 ], [ -72.611502, 46.345687 ], [ -72.611692, 46.345687 ] ] ] } },
{ "type": "Feature", "properties": { }, "geometry": { "type": "Polygon", "coordinates": [ [ [ -72.602042, 46.345041 ], [ -72.601958, 46.345103 ], [ -72.601842, 46.345028 ], [ -72.601927, 46.344967 ], [ -72.602042, 46.345041 ] ] ] } },
{ "type": "Feature", "properties": { }, "geometry": { "type": "Polygon", "coordinates": [ [ [ -72.60461, 46.334432 ], [ -72.604483, 46.334368 ], [ -72.604551, 46.334303 ], [ -72.604679, 46.334368 ], [ -72.60461, 46.334432 ] ] ] } },
{ "type": "Feature", "properties": { }, "geometry": { "type": "Polygon", "coordinates": [ [ [ -72.602233, 46.334379 ], [ -72.602114, 46.334462 ], [ -72.602031, 46.334404 ], [ -72.60215, 46.334322 ], [ -72.602233, 46.334379 ] ] ] } },
{ "type": "Feature", "properties": { }, "geometry": { "type": "Polygon", "coordinates": [ [ [ -72.603689, 46.337088 ], [ -72.603831, 46.337088 ], [ -72.603831, 46.337173 ], [ -72.603616, 46.337173 ], [ -72.603616, 46.337056 ], [ -72.603689, 46.337056 ], [ -72.603689, 46.337088 ] ] ] } },
{ "type": "Feature", "properties": { }, "geometry": { "type": "Polygon", "coordinates": [ [ [ -72.592186, 46.341892 ], [ -72.592073, 46.341814 ], [ -72.592155, 46.341758 ], [ -72.592268, 46.341836 ], [ -72.592186, 46.341892 ] ] ] } },
{ "type": "Feature", "properties": { }, "geometry": { "type": "Polygon", "coordinates": [ [ [ -72.592443, 46.341974 ], [ -72.592372, 46.342023 ], [ -72.592264, 46.341948 ], [ -72.592335, 46.341899 ], [ -72.592443, 46.341974 ] ] ] } },
{ "type": "Feature", "properties": { }, "geometry": { "type": "Polygon", "coordinates": [ [ [ -72.595856, 46.332244 ], [ -72.595769, 46.332191 ], [ -72.595876, 46.332106 ], [ -72.595964, 46.33216 ], [ -72.595856, 46.332244 ] ] ] } },
{ "type": "Feature", "properties": { }, "geometry": { "type": "Polygon", "coordinates": [ [ [ -72.614844, 46.347074 ], [ -72.614954, 46.347074 ], [ -72.614954, 46.347179 ], [ -72.614844, 46.347179 ], [ -72.614844, 46.347074 ] ] ] } },
{ "type": "Feature", "properties": { }, "geometry": { "type": "Polygon", "coordinates": [ [ [ -72.603353, 46.333249 ], [ -72.603196, 46.333141 ], [ -72.60328, 46.333083 ], [ -72.603436, 46.333191 ], [ -72.603353, 46.333249 ] ] ] } },
{ "type": "Feature", "properties": { }, "geometry": { "type": "Polygon", "coordinates": [ [ [ -72.599403, 46.334077 ], [ -72.599477, 46.334128 ], [ -72.599307, 46.334247 ], [ -72.599233, 46.334196 ], [ -72.599403, 46.334077 ] ] ] } },
{ "type": "Feature", "properties": { }, "geometry": { "type": "Polygon", "coordinates": [ [ [ -72.594438, 46.339825 ], [ -72.594333, 46.339744 ], [ -72.594414, 46.339695 ], [ -72.594518, 46.339776 ], [ -72.594438, 46.339825 ] ] ] } },
{ "type": "Feature", "properties": { }, "geometry": { "type": "Polygon", "coordinates": [ [ [ -72.593687, 46.341223 ], [ -72.593611, 46.341171 ], [ -72.593768, 46.341063 ], [ -72.593843, 46.341115 ], [ -72.593687, 46.341223 ] ] ] } },
{ "type": "Feature", "properties": { }, "geometry": { "type": "Polygon", "coordinates": [ [ [ -72.588645, 46.338202 ], [ -72.588521, 46.338116 ], [ -72.588605, 46.338057 ], [ -72.58873, 46.338143 ], [ -72.588645, 46.338202 ] ] ] } },
{ "type": "Feature", "properties": { }, "geometry": { "type": "Polygon", "coordinates": [ [ [ -72.609725, 46.350522 ], [ -72.609595, 46.350432 ], [ -72.609675, 46.350377 ], [ -72.609805, 46.350467 ], [ -72.609725, 46.350522 ] ] ] } },
{ "type": "Feature", "properties": { }, "geometry": { "type": "Polygon", "coordinates": [ [ [ -72.60844, 46.344916 ], [ -72.608537, 46.344914 ], [ -72.608544, 46.345075 ], [ -72.608447, 46.345077 ], [ -72.60844, 46.344916 ] ] ] } },
{ "type": "Feature", "properties": { }, "geometry": { "type": "Polygon", "coordinates": [ [ [ -72.601144, 46.345027 ], [ -72.60133, 46.345035 ], [ -72.601323, 46.345111 ], [ -72.601137, 46.345102 ], [ -72.601144, 46.345027 ] ] ] } },
{ "type": "Feature", "properties": { }, "geometry": { "type": "Polygon", "coordinates": [ [ [ -72.602157, 46.333899 ], [ -72.602038, 46.333811 ], [ -72.602119, 46.333759 ], [ -72.602238, 46.333846 ], [ -72.602157, 46.333899 ] ] ] } },
{ "type": "Feature", "properties": { }, "geometry": { "type": "Polygon", "coordinates": [ [ [ -72.599963, 46.333958 ], [ -72.599963, 46.333825 ], [ -72.600164, 46.333825 ], [ -72.600164, 46.333958 ], [ -72.599963, 46.333958 ] ] ] } },
{ "type": "Feature", "properties": { }, "geometry": { "type": "Polygon", "coordinates": [ [ [ -72.600871, 46.335217 ], [ -72.600954, 46.335271 ], [ -72.600824, 46.335367 ], [ -72.600741, 46.335314 ], [ -72.600871, 46.335217 ] ] ] } },
{ "type": "Feature", "properties": { }, "geometry": { "type": "Polygon", "coordinates": [ [ [ -72.616602, 46.347061 ], [ -72.616763, 46.347059 ], [ -72.616765, 46.347143 ], [ -72.616604, 46.347144 ], [ -72.616602, 46.347061 ] ] ] } },
{ "type": "Feature", "properties": { }, "geometry": { "type": "Polygon", "coordinates": [ [ [ -72.608881, 46.347228 ], [ -72.608806, 46.347176 ], [ -72.608966, 46.347066 ], [ -72.609041, 46.347117 ], [ -72.608881, 46.347228 ] ] ] } },
{ "type": "Feature", "properties": { }, "geometry": { "type": "Polygon", "coordinates": [ [ [ -72.619233, 46.348511 ], [ -72.619166, 46.348488 ], [ -72.619151, 46.348509 ], [ -72.619079, 46.348486 ], [ -72.619156, 46.348374 ], [ -72.619296, 46.34842 ], [ -72.619233, 46.348511 ] ] ] } },
{ "type": "Feature", "properties": { }, "geometry": { "type": "Polygon", "coordinates": [ [ [ -72.613731, 46.342622 ], [ -72.613785, 46.342763 ], [ -72.613657, 46.342786 ], [ -72.613603, 46.342645 ], [ -72.613731, 46.342622 ] ] ] } },
{ "type": "Feature", "properties": { }, "geometry": { "type": "Polygon", "coordinates": [ [ [ -72.598421, 46.339709 ], [ -72.598345, 46.33965 ], [ -72.598498, 46.339556 ], [ -72.598574, 46.339615 ], [ -72.598421, 46.339709 ] ] ] } },
{ "type": "Feature", "properties": { }, "geometry": { "type": "Polygon", "coordinates": [ [ [ -72.603227, 46.339808 ], [ -72.603354, 46.339894 ], [ -72.603269, 46.339954 ], [ -72.603142, 46.339868 ], [ -72.603227, 46.339808 ] ] ] } },
{ "type": "Feature", "properties": { }, "geometry": { "type": "Polygon", "coordinates": [ [ [ -72.602374, 46.341464 ], [ -72.602527, 46.341464 ], [ -72.602527, 46.341573 ], [ -72.602374, 46.341573 ], [ -72.602374, 46.341464 ] ] ] } },
{ "type": "Feature", "properties": { }, "geometry": { "type": "Polygon", "coordinates": [ [ [ -72.601076, 46.342734 ], [ -72.601076, 46.342604 ], [ -72.601189, 46.342604 ], [ -72.601189, 46.342734 ], [ -72.601076, 46.342734 ] ] ] } },
{ "type": "Feature", "properties": { }, "geometry": { "type": "Polygon", "coordinates": [ [ [ -72.59865, 46.344538 ], [ -72.598536, 46.344617 ], [ -72.598453, 46.344559 ], [ -72.598567, 46.344481 ], [ -72.59865, 46.344538 ] ] ] } },
{ "type": "Feature", "properties": { }, "geometry": { "type": "Polygon", "coordinates": [ [ [ -72.603979, 46.333953 ], [ -72.604097, 46.33403 ], [ -72.604024, 46.334084 ], [ -72.603905, 46.334007 ], [ -72.603979, 46.333953 ] ] ] } },
{ "type": "Feature", "properties": { }, "geometry": { "type": "Polygon", "coordinates": [ [ [ -72.594872, 46.34001 ], [ -72.594794, 46.340064 ], [ -72.594644, 46.33996 ], [ -72.594722, 46.339906 ], [ -72.594872, 46.34001 ] ] ] } },
{ "type": "Feature", "properties": { }, "geometry": { "type": "Polygon", "coordinates": [ [ [ -72.618195, 46.347652 ], [ -72.618253, 46.347721 ], [ -72.618178, 46.347751 ], [ -72.618171, 46.347742 ], [ -72.618111, 46.347766 ], [ -72.618061, 46.347705 ], [ -72.618195, 46.347652 ] ] ] } },
{ "type": "Feature", "properties": { }, "geometry": { "type": "Polygon", "coordinates": [ [ [ -72.615589, 46.351668 ], [ -72.615505, 46.351596 ], [ -72.61567, 46.351504 ], [ -72.615753, 46.351576 ], [ -72.615589, 46.351668 ] ] ] } },
{ "type": "Feature", "properties": { }, "geometry": { "type": "Polygon", "coordinates": [ [ [ -72.605399, 46.342731 ], [ -72.605225, 46.342587 ], [ -72.605306, 46.34254 ], [ -72.60548, 46.342685 ], [ -72.605399, 46.342731 ] ] ] } },
{ "type": "Feature", "properties": { }, "geometry": { "type": "Polygon", "coordinates": [ [ [ -72.604252, 46.346156 ], [ -72.604252, 46.346268 ], [ -72.604134, 46.346268 ], [ -72.604134, 46.346156 ], [ -72.604252, 46.346156 ] ] ] } },
{ "type": "Feature", "properties": { }, "geometry": { "type": "Polygon", "coordinates": [ [ [ -72.608489, 46.346579 ], [ -72.608409, 46.346635 ], [ -72.608253, 46.346531 ], [ -72.608333, 46.346474 ], [ -72.608489, 46.346579 ] ] ] } },
{ "type": "Feature", "properties": { }, "geometry": { "type": "Polygon", "coordinates": [ [ [ -72.599554, 46.333637 ], [ -72.599401, 46.333711 ], [ -72.599308, 46.333619 ], [ -72.599461, 46.333545 ], [ -72.599554, 46.333637 ] ] ] } },
{ "type": "Feature", "properties": { }, "geometry": { "type": "Polygon", "coordinates": [ [ [ -72.604916, 46.348508 ], [ -72.60483, 46.348449 ], [ -72.604936, 46.348375 ], [ -72.605022, 46.348435 ], [ -72.604916, 46.348508 ] ] ] } },
{ "type": "Feature", "properties": { }, "geometry": { "type": "Polygon", "coordinates": [ [ [ -72.617633, 46.342326 ], [ -72.61782, 46.342409 ], [ -72.617736, 46.342499 ], [ -72.617549, 46.342416 ], [ -72.617633, 46.342326 ] ] ] } },
{ "type": "Feature", "properties": { }, "geometry": { "type": "Polygon", "coordinates": [ [ [ -72.603654, 46.345996 ], [ -72.603772, 46.345996 ], [ -72.603772, 46.346109 ], [ -72.603654, 46.346109 ], [ -72.603654, 46.345996 ] ] ] } },
{ "type": "Feature", "properties": { }, "geometry": { "type": "Polygon", "coordinates": [ [ [ -72.60446, 46.335785 ], [ -72.604582, 46.335869 ], [ -72.6045, 46.335926 ], [ -72.604378, 46.335842 ], [ -72.60446, 46.335785 ] ] ] } },
{ "type": "Feature", "properties": { }, "geometry": { "type": "Polygon", "coordinates": [ [ [ -72.607061, 46.336928 ], [ -72.607046, 46.336948 ], [ -72.607142, 46.336984 ], [ -72.607084, 46.337058 ], [ -72.606942, 46.337006 ], [ -72.607015, 46.336911 ], [ -72.607061, 46.336928 ] ] ] } },
{ "type": "Feature", "properties": { }, "geometry": { "type": "Polygon", "coordinates": [ [ [ -72.602293, 46.337495 ], [ -72.602294, 46.337584 ], [ -72.602075, 46.337584 ], [ -72.602075, 46.337496 ], [ -72.602293, 46.337495 ] ] ] } },
{ "type": "Feature", "properties": { }, "geometry": { "type": "Polygon", "coordinates": [ [ [ -72.602902, 46.338282 ], [ -72.602783, 46.338193 ], [ -72.602869, 46.338139 ], [ -72.602988, 46.338228 ], [ -72.602902, 46.338282 ] ] ] } },
{ "type": "Feature", "properties": { }, "geometry": { "type": "Polygon", "coordinates": [ [ [ -72.591186, 46.336127 ], [ -72.591107, 46.336188 ], [ -72.591011, 46.336129 ], [ -72.591091, 46.336068 ], [ -72.591186, 46.336127 ] ] ] } },
{ "type": "Feature", "properties": { }, "geometry": { "type": "Polygon", "coordinates": [ [ [ -72.594288, 46.337043 ], [ -72.594413, 46.337036 ], [ -72.594429, 46.337161 ], [ -72.594303, 46.337168 ], [ -72.594288, 46.337043 ] ] ] } },
{ "type": "Feature", "properties": { }, "geometry": { "type": "Polygon", "coordinates": [ [ [ -72.614821, 46.347759 ], [ -72.614743, 46.347859 ], [ -72.614637, 46.347819 ], [ -72.614715, 46.347719 ], [ -72.614821, 46.347759 ] ] ] } },
{ "type": "Feature", "properties": { }, "geometry": { "type": "Polygon", "coordinates": [ [ [ -72.609856, 46.349074 ], [ -72.609754, 46.349141 ], [ -72.609653, 46.349068 ], [ -72.609755, 46.349001 ], [ -72.609856, 46.349074 ] ] ] } },
{ "type": "Feature", "properties": { }, "geometry": { "type": "Polygon", "coordinates": [ [ [ -72.605727, 46.351025 ], [ -72.605887, 46.351129 ], [ -72.605764, 46.35122 ], [ -72.605603, 46.351116 ], [ -72.605727, 46.351025 ] ] ] } },
{ "type": "Feature", "properties": { }, "geometry": { "type": "Polygon", "coordinates": [ [ [ -72.597773, 46.339654 ], [ -72.597683, 46.339594 ], [ -72.597848, 46.339475 ], [ -72.597938, 46.339535 ], [ -72.597773, 46.339654 ] ] ] } },
{ "type": "Feature", "properties": { }, "geometry": { "type": "Polygon", "coordinates": [ [ [ -72.6017, 46.344349 ], [ -72.601598, 46.344394 ], [ -72.601535, 46.344328 ], [ -72.601637, 46.344282 ], [ -72.6017, 46.344349 ] ] ] } },
{ "type": "Feature", "properties": { }, "geometry": { "type": "Polygon", "coordinates": [ [ [ -72.612737, 46.339306 ], [ -72.612627, 46.339224 ], [ -72.612712, 46.339171 ], [ -72.612821, 46.339253 ], [ -72.612737, 46.339306 ] ] ] } },
{ "type": "Feature", "properties": { }, "geometry": { "type": "Polygon", "coordinates": [ [ [ -72.600078, 46.335254 ], [ -72.600165, 46.335315 ], [ -72.600006, 46.335425 ], [ -72.599919, 46.335365 ], [ -72.600078, 46.335254 ] ] ] } },
{ "type": "Feature", "properties": { }, "geometry": { "type": "Polygon", "coordinates": [ [ [ -72.605474, 46.335439 ], [ -72.605636, 46.335472 ], [ -72.605604, 46.335548 ], [ -72.605441, 46.335514 ], [ -72.605474, 46.335439 ] ] ] } },
{ "type": "Feature", "properties": { }, "geometry": { "type": "Polygon", "coordinates": [ [ [ -72.598971, 46.337017 ], [ -72.598815, 46.337017 ], [ -72.598815, 46.336936 ], [ -72.598971, 46.336936 ], [ -72.598971, 46.337017 ] ] ] } },
{ "type": "Feature", "properties": { }, "geometry": { "type": "Polygon", "coordinates": [ [ [ -72.61237, 46.348539 ], [ -72.612281, 46.348478 ], [ -72.612399, 46.348397 ], [ -72.612488, 46.348458 ], [ -72.61237, 46.348539 ] ] ] } },
{ "type": "Feature", "properties": { }, "geometry": { "type": "Polygon", "coordinates": [ [ [ -72.611963, 46.345687 ], [ -72.611963, 46.345774 ], [ -72.611743, 46.345774 ], [ -72.611743, 46.345687 ], [ -72.611963, 46.345687 ] ] ] } },
{ "type": "Feature", "properties": { }, "geometry": { "type": "Polygon", "coordinates": [ [ [ -72.602002, 46.341781 ], [ -72.601894, 46.341744 ], [ -72.601968, 46.341642 ], [ -72.602076, 46.341679 ], [ -72.602002, 46.341781 ] ] ] } },
{ "type": "Feature", "properties": { }, "geometry": { "type": "Polygon", "coordinates": [ [ [ -72.599035, 46.34323 ], [ -72.599107, 46.34328 ], [ -72.59895, 46.343388 ], [ -72.598878, 46.343338 ], [ -72.599035, 46.34323 ] ] ] } },
{ "type": "Feature", "properties": { }, "geometry": { "type": "Polygon", "coordinates": [ [ [ -72.59839, 46.344596 ], [ -72.598474, 46.344651 ], [ -72.598362, 46.344733 ], [ -72.598278, 46.344678 ], [ -72.59839, 46.344596 ] ] ] } },
{ "type": "Feature", "properties": { }, "geometry": { "type": "Polygon", "coordinates": [ [ [ -72.601863, 46.344919 ], [ -72.601791, 46.344973 ], [ -72.601634, 46.344875 ], [ -72.601706, 46.34482 ], [ -72.601863, 46.344919 ] ] ] } },
{ "type": "Feature", "properties": { }, "geometry": { "type": "Polygon", "coordinates": [ [ [ -72.602632, 46.345909 ], [ -72.602639, 46.346044 ], [ -72.60252, 46.346047 ], [ -72.602513, 46.345912 ], [ -72.602632, 46.345909 ] ] ] } },
{ "type": "Feature", "properties": { }, "geometry": { "type": "Polygon", "coordinates": [ [ [ -72.605301, 46.3363 ], [ -72.605228, 46.336361 ], [ -72.605068, 46.33627 ], [ -72.605141, 46.336209 ], [ -72.605301, 46.3363 ] ] ] } },
{ "type": "Feature", "properties": { }, "geometry": { "type": "Polygon", "coordinates": [ [ [ -72.590696, 46.339349 ], [ -72.590578, 46.339426 ], [ -72.590497, 46.339367 ], [ -72.590615, 46.33929 ], [ -72.590696, 46.339349 ] ] ] } },
{ "type": "Feature", "properties": { }, "geometry": { "type": "Polygon", "coordinates": [ [ [ -72.608754, 46.34773 ], [ -72.608833, 46.347786 ], [ -72.608677, 46.347892 ], [ -72.608598, 46.347836 ], [ -72.608754, 46.34773 ] ] ] } },
{ "type": "Feature", "properties": { }, "geometry": { "type": "Polygon", "coordinates": [ [ [ -72.608796, 46.341532 ], [ -72.608675, 46.341448 ], [ -72.608761, 46.341389 ], [ -72.608882, 46.341473 ], [ -72.608796, 46.341532 ] ] ] } },
{ "type": "Feature", "properties": { }, "geometry": { "type": "Polygon", "coordinates": [ [ [ -72.615843, 46.341534 ], [ -72.615741, 46.341435 ], [ -72.615831, 46.341391 ], [ -72.615933, 46.341489 ], [ -72.615843, 46.341534 ] ] ] } },
{ "type": "Feature", "properties": { }, "geometry": { "type": "Polygon", "coordinates": [ [ [ -72.613215, 46.346794 ], [ -72.613322, 46.346796 ], [ -72.61332, 46.346829 ], [ -72.613414, 46.346831 ], [ -72.61341, 46.346892 ], [ -72.613346, 46.34689 ], [ -72.613342, 46.346956 ], [ -72.613207, 46.346953 ], [ -72.613215, 46.346794 ] ] ] } },
{ "type": "Feature", "properties": { }, "geometry": { "type": "Polygon", "coordinates": [ [ [ -72.608579, 46.342292 ], [ -72.608413, 46.342186 ], [ -72.608499, 46.342122 ], [ -72.608665, 46.342228 ], [ -72.608579, 46.342292 ] ] ] } },
{ "type": "Feature", "properties": { }, "geometry": { "type": "Polygon", "coordinates": [ [ [ -72.605338, 46.343368 ], [ -72.605225, 46.343179 ], [ -72.605379, 46.343135 ], [ -72.605493, 46.343324 ], [ -72.605338, 46.343368 ] ] ] } },
{ "type": "Feature", "properties": { }, "geometry": { "type": "Polygon", "coordinates": [ [ [ -72.602138, 46.338269 ], [ -72.601955, 46.338165 ], [ -72.602036, 46.338097 ], [ -72.602219, 46.3382 ], [ -72.602138, 46.338269 ] ] ] } },
{ "type": "Feature", "properties": { }, "geometry": { "type": "Polygon", "coordinates": [ [ [ -72.605368, 46.347613 ], [ -72.605468, 46.347703 ], [ -72.605369, 46.347755 ], [ -72.605269, 46.347666 ], [ -72.605368, 46.347613 ] ] ] } },
{ "type": "Feature", "properties": { }, "geometry": { "type": "Polygon", "coordinates": [ [ [ -72.604173, 46.348749 ], [ -72.604135, 46.348846 ], [ -72.603999, 46.34882 ], [ -72.604037, 46.348724 ], [ -72.604173, 46.348749 ] ] ] } },
{ "type": "Feature", "properties": { }, "geometry": { "type": "Polygon", "coordinates": [ [ [ -72.608303, 46.349417 ], [ -72.608215, 46.349478 ], [ -72.608077, 46.349383 ], [ -72.608172, 46.349317 ], [ -72.608216, 46.349347 ], [ -72.608209, 46.349352 ], [ -72.608303, 46.349417 ] ] ] } },
{ "type": "Feature", "properties": { }, "geometry": { "type": "Polygon", "coordinates": [ [ [ -72.613659, 46.342491 ], [ -72.613715, 46.342573 ], [ -72.613576, 46.342618 ], [ -72.61352, 46.342536 ], [ -72.613659, 46.342491 ] ] ] } },
{ "type": "Feature", "properties": { }, "geometry": { "type": "Polygon", "coordinates": [ [ [ -72.611998, 46.338724 ], [ -72.612119, 46.338805 ], [ -72.612035, 46.338865 ], [ -72.611914, 46.338785 ], [ -72.611998, 46.338724 ] ] ] } },
{ "type": "Feature", "properties": { }, "geometry": { "type": "Polygon", "coordinates": [ [ [ -72.603603, 46.339053 ], [ -72.603519, 46.339112 ], [ -72.603401, 46.339033 ], [ -72.603485, 46.338973 ], [ -72.603603, 46.339053 ] ] ] } },
{ "type": "Feature", "properties": { }, "geometry": { "type": "Polygon", "coordinates": [ [ [ -72.594041, 46.341499 ], [ -72.593884, 46.341607 ], [ -72.59381, 46.341556 ], [ -72.593884, 46.341505 ], [ -72.59385, 46.341482 ], [ -72.593888, 46.341456 ], [ -72.593923, 46.34148 ], [ -72.593968, 46.341449 ], [ -72.594041, 46.341499 ] ] ] } },
{ "type": "Feature", "properties": { }, "geometry": { "type": "Polygon", "coordinates": [ [ [ -72.61231, 46.347794 ], [ -72.612441, 46.347816 ], [ -72.612409, 46.347909 ], [ -72.612278, 46.347888 ], [ -72.61231, 46.347794 ] ] ] } },
{ "type": "Feature", "properties": { }, "geometry": { "type": "Polygon", "coordinates": [ [ [ -72.61484, 46.348456 ], [ -72.614759, 46.348566 ], [ -72.614657, 46.34853 ], [ -72.614738, 46.34842 ], [ -72.61484, 46.348456 ] ] ] } },
{ "type": "Feature", "properties": { }, "geometry": { "type": "Polygon", "coordinates": [ [ [ -72.614951, 46.349758 ], [ -72.614895, 46.349839 ], [ -72.614714, 46.349779 ], [ -72.61477, 46.349698 ], [ -72.614951, 46.349758 ] ] ] } },
{ "type": "Feature", "properties": { }, "geometry": { "type": "Polygon", "coordinates": [ [ [ -72.603141, 46.348617 ], [ -72.603052, 46.348716 ], [ -72.602874, 46.348641 ], [ -72.602963, 46.348541 ], [ -72.603141, 46.348617 ] ] ] } },
{ "type": "Feature", "properties": { }, "geometry": { "type": "Polygon", "coordinates": [ [ [ -72.6019, 46.342162 ], [ -72.6019, 46.342017 ], [ -72.602018, 46.342017 ], [ -72.602018, 46.342162 ], [ -72.6019, 46.342162 ] ] ] } },
{ "type": "Feature", "properties": { }, "geometry": { "type": "Polygon", "coordinates": [ [ [ -72.599703, 46.343694 ], [ -72.599853, 46.343794 ], [ -72.599809, 46.343826 ], [ -72.599745, 46.343783 ], [ -72.599636, 46.343862 ], [ -72.599549, 46.343804 ], [ -72.599703, 46.343694 ] ] ] } },
{ "type": "Feature", "properties": { }, "geometry": { "type": "Polygon", "coordinates": [ [ [ -72.600632, 46.344849 ], [ -72.60074, 46.344896 ], [ -72.600671, 46.344971 ], [ -72.600563, 46.344923 ], [ -72.600632, 46.344849 ] ] ] } },
{ "type": "Feature", "properties": { }, "geometry": { "type": "Polygon", "coordinates": [ [ [ -72.594397, 46.342104 ], [ -72.594478, 46.34216 ], [ -72.594338, 46.342256 ], [ -72.594258, 46.342201 ], [ -72.594397, 46.342104 ] ] ] } },
{ "type": "Feature", "properties": { }, "geometry": { "type": "Polygon", "coordinates": [ [ [ -72.612808, 46.351317 ], [ -72.612765, 46.351408 ], [ -72.612562, 46.351362 ], [ -72.612605, 46.351271 ], [ -72.612808, 46.351317 ] ] ] } },
{ "type": "Feature", "properties": { }, "geometry": { "type": "Polygon", "coordinates": [ [ [ -72.613736, 46.34326 ], [ -72.613736, 46.343158 ], [ -72.613876, 46.343158 ], [ -72.613876, 46.34326 ], [ -72.613736, 46.34326 ] ] ] } },
{ "type": "Feature", "properties": { }, "geometry": { "type": "Polygon", "coordinates": [ [ [ -72.611211, 46.344201 ], [ -72.611018, 46.344296 ], [ -72.610947, 46.344227 ], [ -72.611141, 46.344132 ], [ -72.611211, 46.344201 ] ] ] } },
{ "type": "Feature", "properties": { }, "geometry": { "type": "Polygon", "coordinates": [ [ [ -72.612969, 46.3442 ], [ -72.612969, 46.344324 ], [ -72.612854, 46.344324 ], [ -72.612854, 46.3442 ], [ -72.612969, 46.3442 ] ] ] } },
{ "type": "Feature", "properties": { }, "geometry": { "type": "Polygon", "coordinates": [ [ [ -72.598418, 46.33323 ], [ -72.598308, 46.333306 ], [ -72.598222, 46.333247 ], [ -72.598332, 46.333171 ], [ -72.598418, 46.33323 ] ] ] } },
{ "type": "Feature", "properties": { }, "geometry": { "type": "Polygon", "coordinates": [ [ [ -72.596676, 46.339189 ], [ -72.59683, 46.3393 ], [ -72.596744, 46.339356 ], [ -72.59659, 46.339245 ], [ -72.596676, 46.339189 ] ] ] } },
{ "type": "Feature", "properties": { }, "geometry": { "type": "Polygon", "coordinates": [ [ [ -72.611535, 46.339766 ], [ -72.611607, 46.339855 ], [ -72.611507, 46.339893 ], [ -72.611435, 46.339805 ], [ -72.611535, 46.339766 ] ] ] } },
{ "type": "Feature", "properties": { }, "geometry": { "type": "Polygon", "coordinates": [ [ [ -72.603029, 46.341562 ], [ -72.602864, 46.341562 ], [ -72.602864, 46.341477 ], [ -72.603029, 46.341477 ], [ -72.603029, 46.341562 ] ] ] } },
{ "type": "Feature", "properties": { }, "geometry": { "type": "Polygon", "coordinates": [ [ [ -72.601978, 46.346325 ], [ -72.601983, 46.346406 ], [ -72.601803, 46.346411 ], [ -72.601799, 46.34633 ], [ -72.601978, 46.346325 ] ] ] } },
{ "type": "Feature", "properties": { }, "geometry": { "type": "Polygon", "coordinates": [ [ [ -72.606494, 46.338075 ], [ -72.606394, 46.338129 ], [ -72.606306, 46.338053 ], [ -72.606407, 46.337998 ], [ -72.606494, 46.338075 ] ] ] } },
{ "type": "Feature", "properties": { }, "geometry": { "type": "Polygon", "coordinates": [ [ [ -72.60858, 46.338871 ], [ -72.60847, 46.338772 ], [ -72.608575, 46.338716 ], [ -72.608685, 46.338815 ], [ -72.60858, 46.338871 ] ] ] } },
{ "type": "Feature", "properties": { }, "geometry": { "type": "Polygon", "coordinates": [ [ [ -72.58923, 46.337795 ], [ -72.589138, 46.337897 ], [ -72.589017, 46.337844 ], [ -72.589108, 46.337743 ], [ -72.58923, 46.337795 ] ] ] } },
{ "type": "Feature", "properties": { }, "geometry": { "type": "Polygon", "coordinates": [ [ [ -72.608777, 46.348823 ], [ -72.608687, 46.348877 ], [ -72.608582, 46.348795 ], [ -72.608673, 46.34874 ], [ -72.608777, 46.348823 ] ] ] } },
{ "type": "Feature", "properties": { }, "geometry": { "type": "Polygon", "coordinates": [ [ [ -72.611427, 46.351717 ], [ -72.61132, 46.351723 ], [ -72.611311, 46.351629 ], [ -72.611418, 46.351623 ], [ -72.611427, 46.351717 ] ] ] } },
{ "type": "Feature", "properties": { }, "geometry": { "type": "Polygon", "coordinates": [ [ [ -72.614109, 46.352735 ], [ -72.614, 46.35266 ], [ -72.614102, 46.35259 ], [ -72.614211, 46.352665 ], [ -72.614109, 46.352735 ] ] ] } },
{ "type": "Feature", "properties": { }, "geometry": { "type": "Polygon", "coordinates": [ [ [ -72.617513, 46.345348 ], [ -72.617698, 46.345348 ], [ -72.617698, 46.345435 ], [ -72.617513, 46.345435 ], [ -72.617513, 46.345348 ] ] ] } },
{ "type": "Feature", "properties": { }, "geometry": { "type": "Polygon", "coordinates": [ [ [ -72.595722, 46.340672 ], [ -72.595832, 46.340738 ], [ -72.595753, 46.340801 ], [ -72.595727, 46.340785 ], [ -72.595654, 46.340844 ], [ -72.59557, 46.340793 ], [ -72.595722, 46.340672 ] ] ] } },
{ "type": "Feature", "properties": { }, "geometry": { "type": "Polygon", "coordinates": [ [ [ -72.595563, 46.342723 ], [ -72.595675, 46.342691 ], [ -72.595753, 46.34282 ], [ -72.595691, 46.342838 ], [ -72.595678, 46.342816 ], [ -72.595628, 46.34283 ], [ -72.595563, 46.342723 ] ] ] } },
{ "type": "Feature", "properties": { }, "geometry": { "type": "Polygon", "coordinates": [ [ [ -72.597355, 46.345055 ], [ -72.597232, 46.344971 ], [ -72.597316, 46.344913 ], [ -72.597438, 46.344997 ], [ -72.597355, 46.345055 ] ] ] } },
{ "type": "Feature", "properties": { }, "geometry": { "type": "Polygon", "coordinates": [ [ [ -72.596004, 46.333988 ], [ -72.596102, 46.334042 ], [ -72.596033, 46.334102 ], [ -72.595935, 46.334047 ], [ -72.596004, 46.333988 ] ] ] } },
{ "type": "Feature", "properties": { }, "geometry": { "type": "Polygon", "coordinates": [ [ [ -72.611056, 46.339608 ], [ -72.610891, 46.339495 ], [ -72.610967, 46.339442 ], [ -72.611132, 46.339556 ], [ -72.611056, 46.339608 ] ] ] } },
{ "type": "Feature", "properties": { }, "geometry": { "type": "Polygon", "coordinates": [ [ [ -72.606975, 46.340111 ], [ -72.606878, 46.340051 ], [ -72.607002, 46.339956 ], [ -72.607099, 46.340017 ], [ -72.606975, 46.340111 ] ] ] } },
{ "type": "Feature", "properties": { }, "geometry": { "type": "Polygon", "coordinates": [ [ [ -72.608571, 46.344078 ], [ -72.608583, 46.344163 ], [ -72.608363, 46.344177 ], [ -72.608352, 46.344093 ], [ -72.608571, 46.344078 ] ] ] } },
{ "type": "Feature", "properties": { }, "geometry": { "type": "Polygon", "coordinates": [ [ [ -72.603054, 46.332953 ], [ -72.602967, 46.333014 ], [ -72.602853, 46.332935 ], [ -72.60294, 46.332875 ], [ -72.603054, 46.332953 ] ] ] } },
{ "type": "Feature", "properties": { }, "geometry": { "type": "Polygon", "coordinates": [ [ [ -72.599139, 46.333326 ], [ -72.599008, 46.333388 ], [ -72.598946, 46.333327 ], [ -72.599077, 46.333264 ], [ -72.599139, 46.333326 ] ] ] } },
{ "type": "Feature", "properties": { }, "geometry": { "type": "Polygon", "coordinates": [ [ [ -72.597179, 46.34494 ], [ -72.597087, 46.344874 ], [ -72.597181, 46.344813 ], [ -72.597272, 46.344879 ], [ -72.597179, 46.34494 ] ] ] } },
{ "type": "Feature", "properties": { }, "geometry": { "type": "Polygon", "coordinates": [ [ [ -72.614379, 46.349048 ], [ -72.614281, 46.349004 ], [ -72.614399, 46.348878 ], [ -72.614497, 46.348922 ], [ -72.614379, 46.349048 ] ] ] } },
{ "type": "Feature", "properties": { }, "geometry": { "type": "Polygon", "coordinates": [ [ [ -72.615091, 46.350358 ], [ -72.615151, 46.350391 ], [ -72.615102, 46.350434 ], [ -72.615042, 46.350402 ], [ -72.615091, 46.350358 ] ] ] } },
{ "type": "Feature", "properties": { }, "geometry": { "type": "Polygon", "coordinates": [ [ [ -72.608398, 46.347963 ], [ -72.608559, 46.347852 ], [ -72.608641, 46.347908 ], [ -72.60848, 46.348019 ], [ -72.608398, 46.347963 ] ] ] } },
{ "type": "Feature", "properties": { }, "geometry": { "type": "Polygon", "coordinates": [ [ [ -72.607871, 46.351796 ], [ -72.607747, 46.351892 ], [ -72.607413, 46.351688 ], [ -72.607537, 46.351591 ], [ -72.607871, 46.351796 ] ] ] } },
{ "type": "Feature", "properties": { }, "geometry": { "type": "Polygon", "coordinates": [ [ [ -72.613374, 46.340595 ], [ -72.613344, 46.340575 ], [ -72.613315, 46.340595 ], [ -72.613217, 46.340528 ], [ -72.613306, 46.340466 ], [ -72.613433, 46.340554 ], [ -72.613374, 46.340595 ] ] ] } },
{ "type": "Feature", "properties": { }, "geometry": { "type": "Polygon", "coordinates": [ [ [ -72.604055, 46.343185 ], [ -72.604201, 46.343232 ], [ -72.604151, 46.343305 ], [ -72.604005, 46.343258 ], [ -72.604055, 46.343185 ] ] ] } },
{ "type": "Feature", "properties": { }, "geometry": { "type": "Polygon", "coordinates": [ [ [ -72.598007, 46.343176 ], [ -72.598126, 46.343249 ], [ -72.598053, 46.343306 ], [ -72.597935, 46.343233 ], [ -72.598007, 46.343176 ] ] ] } },
{ "type": "Feature", "properties": { }, "geometry": { "type": "Polygon", "coordinates": [ [ [ -72.601414, 46.344139 ], [ -72.601533, 46.344222 ], [ -72.601446, 46.344282 ], [ -72.601327, 46.344199 ], [ -72.601414, 46.344139 ] ] ] } },
{ "type": "Feature", "properties": { }, "geometry": { "type": "Polygon", "coordinates": [ [ [ -72.617365, 46.349992 ], [ -72.617212, 46.349886 ], [ -72.617298, 46.349827 ], [ -72.617451, 46.349933 ], [ -72.617365, 46.349992 ] ] ] } },
{ "type": "Feature", "properties": { }, "geometry": { "type": "Polygon", "coordinates": [ [ [ -72.611887, 46.349937 ], [ -72.611783, 46.350008 ], [ -72.611708, 46.349957 ], [ -72.611812, 46.349885 ], [ -72.611887, 46.349937 ] ] ] } },
{ "type": "Feature", "properties": { }, "geometry": { "type": "Polygon", "coordinates": [ [ [ -72.600698, 46.347459 ], [ -72.60061, 46.347378 ], [ -72.600738, 46.347312 ], [ -72.600825, 46.347394 ], [ -72.600698, 46.347459 ] ] ] } },
{ "type": "Feature", "properties": { }, "geometry": { "type": "Polygon", "coordinates": [ [ [ -72.604064, 46.347807 ], [ -72.604147, 46.347864 ], [ -72.604036, 46.347941 ], [ -72.603953, 46.347884 ], [ -72.604064, 46.347807 ] ] ] } },
{ "type": "Feature", "properties": { }, "geometry": { "type": "Polygon", "coordinates": [ [ [ -72.61184, 46.345146 ], [ -72.61184, 46.345071 ], [ -72.611944, 46.345071 ], [ -72.611944, 46.345146 ], [ -72.61184, 46.345146 ] ] ] } },
{ "type": "Feature", "properties": { }, "geometry": { "type": "Polygon", "coordinates": [ [ [ -72.610469, 46.345696 ], [ -72.610469, 46.345809 ], [ -72.610373, 46.345809 ], [ -72.610373, 46.345696 ], [ -72.610469, 46.345696 ] ] ] } },
{ "type": "Feature", "properties": { }, "geometry": { "type": "Polygon", "coordinates": [ [ [ -72.608376, 46.339782 ], [ -72.608266, 46.339687 ], [ -72.608382, 46.339623 ], [ -72.608454, 46.339685 ], [ -72.608429, 46.339698 ], [ -72.608467, 46.339731 ], [ -72.608376, 46.339782 ] ] ] } },
{ "type": "Feature", "properties": { }, "geometry": { "type": "Polygon", "coordinates": [ [ [ -72.602714, 46.34516 ], [ -72.602803, 46.345099 ], [ -72.60295, 46.345201 ], [ -72.602861, 46.345262 ], [ -72.602714, 46.34516 ] ] ] } },
{ "type": "Feature", "properties": { }, "geometry": { "type": "Polygon", "coordinates": [ [ [ -72.606743, 46.346405 ], [ -72.606761, 46.346451 ], [ -72.606678, 46.346466 ], [ -72.60666, 46.34642 ], [ -72.606743, 46.346405 ] ] ] } },
{ "type": "Feature", "properties": { }, "geometry": { "type": "Polygon", "coordinates": [ [ [ -72.599514, 46.339407 ], [ -72.599412, 46.339307 ], [ -72.59953, 46.339249 ], [ -72.599632, 46.339349 ], [ -72.599514, 46.339407 ] ] ] } },
{ "type": "Feature", "properties": { }, "geometry": { "type": "Polygon", "coordinates": [ [ [ -72.598913, 46.342346 ], [ -72.598892, 46.342365 ], [ -72.598977, 46.342409 ], [ -72.598903, 46.342477 ], [ -72.598715, 46.342377 ], [ -72.59881, 46.342292 ], [ -72.598913, 46.342346 ] ] ] } },
{ "type": "Feature", "properties": { }, "geometry": { "type": "Polygon", "coordinates": [ [ [ -72.607228, 46.339114 ], [ -72.607092, 46.339178 ], [ -72.606981, 46.339065 ], [ -72.607116, 46.339001 ], [ -72.607228, 46.339114 ] ] ] } },
{ "type": "Feature", "properties": { }, "geometry": { "type": "Polygon", "coordinates": [ [ [ -72.594275, 46.339709 ], [ -72.594122, 46.339603 ], [ -72.594199, 46.339549 ], [ -72.594353, 46.339655 ], [ -72.594275, 46.339709 ] ] ] } },
{ "type": "Feature", "properties": { }, "geometry": { "type": "Polygon", "coordinates": [ [ [ -72.594117, 46.340483 ], [ -72.593957, 46.340593 ], [ -72.593878, 46.340539 ], [ -72.594038, 46.340428 ], [ -72.594117, 46.340483 ] ] ] } },
{ "type": "Feature", "properties": { }, "geometry": { "type": "Polygon", "coordinates": [ [ [ -72.603782, 46.347645 ], [ -72.603732, 46.34765 ], [ -72.603747, 46.347716 ], [ -72.60365, 46.347726 ], [ -72.603615, 46.347567 ], [ -72.603762, 46.347551 ], [ -72.603782, 46.347645 ] ] ] } },
{ "type": "Feature", "properties": { }, "geometry": { "type": "Polygon", "coordinates": [ [ [ -72.601789, 46.348715 ], [ -72.601531, 46.348605 ], [ -72.601619, 46.348507 ], [ -72.601876, 46.348617 ], [ -72.601789, 46.348715 ] ] ] } },
{ "type": "Feature", "properties": { }, "geometry": { "type": "Polygon", "coordinates": [ [ [ -72.610379, 46.33945 ], [ -72.610261, 46.339531 ], [ -72.61015, 46.339454 ], [ -72.610268, 46.339373 ], [ -72.610379, 46.33945 ] ] ] } },
{ "type": "Feature", "properties": { }, "geometry": { "type": "Polygon", "coordinates": [ [ [ -72.609236, 46.344466 ], [ -72.609259, 46.344388 ], [ -72.60936, 46.344403 ], [ -72.609336, 46.344481 ], [ -72.609236, 46.344466 ] ] ] } },
{ "type": "Feature", "properties": { }, "geometry": { "type": "Polygon", "coordinates": [ [ [ -72.615319, 46.346383 ], [ -72.615466, 46.346383 ], [ -72.615466, 46.346496 ], [ -72.615319, 46.346496 ], [ -72.615319, 46.346383 ] ] ] } },
{ "type": "Feature", "properties": { }, "geometry": { "type": "Polygon", "coordinates": [ [ [ -72.604776, 46.339622 ], [ -72.604619, 46.33972 ], [ -72.604544, 46.339663 ], [ -72.604586, 46.339637 ], [ -72.604523, 46.339589 ], [ -72.604638, 46.339517 ], [ -72.604776, 46.339622 ] ] ] } },
{ "type": "Feature", "properties": { }, "geometry": { "type": "Polygon", "coordinates": [ [ [ -72.603091, 46.340666 ], [ -72.603126, 46.340745 ], [ -72.602908, 46.340791 ], [ -72.602873, 46.340711 ], [ -72.603091, 46.340666 ] ] ] } },
{ "type": "Feature", "properties": { }, "geometry": { "type": "Polygon", "coordinates": [ [ [ -72.601122, 46.334643 ], [ -72.600989, 46.334735 ], [ -72.600896, 46.334671 ], [ -72.601029, 46.334579 ], [ -72.601122, 46.334643 ] ] ] } },
{ "type": "Feature", "properties": { }, "geometry": { "type": "Polygon", "coordinates": [ [ [ -72.596173, 46.335669 ], [ -72.596352, 46.3356 ], [ -72.596401, 46.335661 ], [ -72.596222, 46.33573 ], [ -72.596173, 46.335669 ] ] ] } },
{ "type": "Feature", "properties": { }, "geometry": { "type": "Polygon", "coordinates": [ [ [ -72.614555, 46.350105 ], [ -72.614511, 46.350088 ], [ -72.614569, 46.350016 ], [ -72.61475, 46.350085 ], [ -72.614692, 46.350157 ], [ -72.614626, 46.350132 ], [ -72.614604, 46.35016 ], [ -72.614532, 46.350133 ], [ -72.614555, 46.350105 ] ] ] } },
{ "type": "Feature", "properties": { }, "geometry": { "type": "Polygon", "coordinates": [ [ [ -72.60191, 46.347352 ], [ -72.602122, 46.347348 ], [ -72.602125, 46.34743 ], [ -72.601913, 46.347434 ], [ -72.60191, 46.347352 ] ] ] } },
{ "type": "Feature", "properties": { }, "geometry": { "type": "Polygon", "coordinates": [ [ [ -72.616987, 46.346393 ], [ -72.617188, 46.346393 ], [ -72.617188, 46.346487 ], [ -72.616987, 46.346487 ], [ -72.616987, 46.346393 ] ] ] } },
{ "type": "Feature", "properties": { }, "geometry": { "type": "Polygon", "coordinates": [ [ [ -72.604942, 46.342133 ], [ -72.604812, 46.342223 ], [ -72.604719, 46.342158 ], [ -72.604849, 46.342068 ], [ -72.604942, 46.342133 ] ] ] } },
{ "type": "Feature", "properties": { }, "geometry": { "type": "Polygon", "coordinates": [ [ [ -72.599685, 46.334535 ], [ -72.59977, 46.334593 ], [ -72.599605, 46.334707 ], [ -72.59952, 46.334649 ], [ -72.599685, 46.334535 ] ] ] } },
{ "type": "Feature", "properties": { }, "geometry": { "type": "Polygon", "coordinates": [ [ [ -72.600607, 46.338097 ], [ -72.600723, 46.338185 ], [ -72.600633, 46.338241 ], [ -72.600517, 46.338154 ], [ -72.600607, 46.338097 ] ] ] } },
{ "type": "Feature", "properties": { }, "geometry": { "type": "Polygon", "coordinates": [ [ [ -72.592037, 46.339371 ], [ -72.591916, 46.339454 ], [ -72.591841, 46.339403 ], [ -72.591962, 46.339319 ], [ -72.592037, 46.339371 ] ] ] } },
{ "type": "Feature", "properties": { }, "geometry": { "type": "Polygon", "coordinates": [ [ [ -72.594377, 46.340196 ], [ -72.594485, 46.34027 ], [ -72.594403, 46.340327 ], [ -72.594295, 46.340253 ], [ -72.594377, 46.340196 ] ] ] } },
{ "type": "Feature", "properties": { }, "geometry": { "type": "Polygon", "coordinates": [ [ [ -72.612771, 46.347913 ], [ -72.612877, 46.347948 ], [ -72.6128, 46.348058 ], [ -72.612695, 46.348023 ], [ -72.612771, 46.347913 ] ] ] } },
{ "type": "Feature", "properties": { }, "geometry": { "type": "Polygon", "coordinates": [ [ [ -72.608902, 46.340255 ], [ -72.608739, 46.340251 ], [ -72.608745, 46.340127 ], [ -72.608909, 46.340131 ], [ -72.608902, 46.340255 ] ] ] } },
{ "type": "Feature", "properties": { }, "geometry": { "type": "Polygon", "coordinates": [ [ [ -72.600785, 46.3407 ], [ -72.601034, 46.340704 ], [ -72.601031, 46.340787 ], [ -72.600782, 46.340783 ], [ -72.600785, 46.3407 ] ] ] } },
{ "type": "Feature", "properties": { }, "geometry": { "type": "Polygon", "coordinates": [ [ [ -72.606059, 46.342807 ], [ -72.606159, 46.342759 ], [ -72.606294, 46.342895 ], [ -72.606194, 46.342942 ], [ -72.606059, 46.342807 ] ] ] } },
{ "type": "Feature", "properties": { }, "geometry": { "type": "Polygon", "coordinates": [ [ [ -72.605471, 46.336417 ], [ -72.605377, 46.336481 ], [ -72.605282, 46.336416 ], [ -72.605376, 46.336351 ], [ -72.605471, 46.336417 ] ] ] } },
{ "type": "Feature", "properties": { }, "geometry": { "type": "Polygon", "coordinates": [ [ [ -72.607709, 46.337139 ], [ -72.607739, 46.337159 ], [ -72.607651, 46.33722 ], [ -72.607476, 46.337098 ], [ -72.607567, 46.337035 ], [ -72.60767, 46.337106 ], [ -72.607705, 46.337082 ], [ -72.607748, 46.337112 ], [ -72.607709, 46.337139 ] ] ] } },
{ "type": "Feature", "properties": { }, "geometry": { "type": "Polygon", "coordinates": [ [ [ -72.591663, 46.341981 ], [ -72.591548, 46.341899 ], [ -72.591644, 46.341835 ], [ -72.591758, 46.341917 ], [ -72.591663, 46.341981 ] ] ] } },
{ "type": "Feature", "properties": { }, "geometry": { "type": "Polygon", "coordinates": [ [ [ -72.595964, 46.333019 ], [ -72.595888, 46.332963 ], [ -72.596082, 46.332837 ], [ -72.596158, 46.332892 ], [ -72.595964, 46.333019 ] ] ] } },
{ "type": "Feature", "properties": { }, "geometry": { "type": "Polygon", "coordinates": [ [ [ -72.594701, 46.334713 ], [ -72.594652, 46.334743 ], [ -72.594555, 46.334669 ], [ -72.594627, 46.334624 ], [ -72.594683, 46.334667 ], [ -72.59475, 46.334625 ], [ -72.594811, 46.334672 ], [ -72.594721, 46.334728 ], [ -72.594701, 46.334713 ] ] ] } },
{ "type": "Feature", "properties": { }, "geometry": { "type": "Polygon", "coordinates": [ [ [ -72.604541, 46.347411 ], [ -72.604484, 46.347314 ], [ -72.604601, 46.347281 ], [ -72.604658, 46.347377 ], [ -72.604541, 46.347411 ] ] ] } },
{ "type": "Feature", "properties": { }, "geometry": { "type": "Polygon", "coordinates": [ [ [ -72.604783, 46.347722 ], [ -72.6047, 46.347603 ], [ -72.604793, 46.347571 ], [ -72.604877, 46.347691 ], [ -72.604783, 46.347722 ] ] ] } },
{ "type": "Feature", "properties": { }, "geometry": { "type": "Polygon", "coordinates": [ [ [ -72.611411, 46.345374 ], [ -72.611411, 46.345461 ], [ -72.611228, 46.345461 ], [ -72.611228, 46.345374 ], [ -72.611411, 46.345374 ] ] ] } },
{ "type": "Feature", "properties": { }, "geometry": { "type": "Polygon", "coordinates": [ [ [ -72.605941, 46.34256 ], [ -72.605839, 46.342598 ], [ -72.605748, 46.342481 ], [ -72.60585, 46.342443 ], [ -72.605941, 46.34256 ] ] ] } },
{ "type": "Feature", "properties": { }, "geometry": { "type": "Polygon", "coordinates": [ [ [ -72.607479, 46.346226 ], [ -72.607592, 46.346218 ], [ -72.607609, 46.346333 ], [ -72.607496, 46.346341 ], [ -72.607479, 46.346226 ] ] ] } },
{ "type": "Feature", "properties": { }, "geometry": { "type": "Polygon", "coordinates": [ [ [ -72.608857, 46.338985 ], [ -72.608961, 46.339067 ], [ -72.608872, 46.33912 ], [ -72.608768, 46.339038 ], [ -72.608857, 46.338985 ] ] ] } },
{ "type": "Feature", "properties": { }, "geometry": { "type": "Polygon", "coordinates": [ [ [ -72.594429, 46.336408 ], [ -72.594561, 46.3365 ], [ -72.594482, 46.336554 ], [ -72.59435, 46.336462 ], [ -72.594429, 46.336408 ] ] ] } },
{ "type": "Feature", "properties": { }, "geometry": { "type": "Polygon", "coordinates": [ [ [ -72.607367, 46.34746 ], [ -72.607472, 46.347443 ], [ -72.607506, 46.347547 ], [ -72.607402, 46.347564 ], [ -72.607367, 46.34746 ] ] ] } },
{ "type": "Feature", "properties": { }, "geometry": { "type": "Polygon", "coordinates": [ [ [ -72.616115, 46.341754 ], [ -72.616164, 46.341851 ], [ -72.616036, 46.341881 ], [ -72.615987, 46.341785 ], [ -72.616115, 46.341754 ] ] ] } },
{ "type": "Feature", "properties": { }, "geometry": { "type": "Polygon", "coordinates": [ [ [ -72.614952, 46.345258 ], [ -72.614811, 46.345249 ], [ -72.614826, 46.345135 ], [ -72.614967, 46.345144 ], [ -72.614952, 46.345258 ] ] ] } },
{ "type": "Feature", "properties": { }, "geometry": { "type": "Polygon", "coordinates": [ [ [ -72.615747, 46.345984 ], [ -72.615875, 46.345982 ], [ -72.61588, 46.346106 ], [ -72.615751, 46.346108 ], [ -72.615747, 46.345984 ] ] ] } },
{ "type": "Feature", "properties": { }, "geometry": { "type": "Polygon", "coordinates": [ [ [ -72.605848, 46.339993 ], [ -72.605713, 46.340086 ], [ -72.605616, 46.34002 ], [ -72.605751, 46.339927 ], [ -72.605848, 46.339993 ] ] ] } },
{ "type": "Feature", "properties": { }, "geometry": { "type": "Polygon", "coordinates": [ [ [ -72.607972, 46.345548 ], [ -72.608099, 46.345548 ], [ -72.6081, 46.345707 ], [ -72.607974, 46.345707 ], [ -72.607972, 46.345548 ] ] ] } },
{ "type": "Feature", "properties": { }, "geometry": { "type": "Polygon", "coordinates": [ [ [ -72.600841, 46.345807 ], [ -72.600744, 46.345742 ], [ -72.600889, 46.345639 ], [ -72.600986, 46.345704 ], [ -72.600841, 46.345807 ] ] ] } },
{ "type": "Feature", "properties": { }, "geometry": { "type": "Polygon", "coordinates": [ [ [ -72.599373, 46.335345 ], [ -72.599279, 46.335285 ], [ -72.59943, 46.335171 ], [ -72.599525, 46.335231 ], [ -72.599373, 46.335345 ] ] ] } },
{ "type": "Feature", "properties": { }, "geometry": { "type": "Polygon", "coordinates": [ [ [ -72.595427, 46.338042 ], [ -72.595427, 46.337888 ], [ -72.595548, 46.337888 ], [ -72.595548, 46.338042 ], [ -72.595427, 46.338042 ] ] ] } },
{ "type": "Feature", "properties": { }, "geometry": { "type": "Polygon", "coordinates": [ [ [ -72.597462, 46.338715 ], [ -72.597418, 46.338784 ], [ -72.597275, 46.33874 ], [ -72.597318, 46.338672 ], [ -72.597462, 46.338715 ] ] ] } },
{ "type": "Feature", "properties": { }, "geometry": { "type": "Polygon", "coordinates": [ [ [ -72.589908, 46.338835 ], [ -72.590014, 46.338899 ], [ -72.589968, 46.338936 ], [ -72.58994, 46.33892 ], [ -72.589887, 46.338962 ], [ -72.589808, 46.338916 ], [ -72.589908, 46.338835 ] ] ] } },
{ "type": "Feature", "properties": { }, "geometry": { "type": "Polygon", "coordinates": [ [ [ -72.595816, 46.339177 ], [ -72.595891, 46.339125 ], [ -72.59606, 46.339241 ], [ -72.595985, 46.339293 ], [ -72.595816, 46.339177 ] ] ] } },
{ "type": "Feature", "properties": { }, "geometry": { "type": "Polygon", "coordinates": [ [ [ -72.612705, 46.347287 ], [ -72.612829, 46.347326 ], [ -72.612756, 46.347436 ], [ -72.612632, 46.347397 ], [ -72.612705, 46.347287 ] ] ] } },
{ "type": "Feature", "properties": { }, "geometry": { "type": "Polygon", "coordinates": [ [ [ -72.613425, 46.342321 ], [ -72.61352, 46.342287 ], [ -72.613599, 46.342393 ], [ -72.613503, 46.342427 ], [ -72.613425, 46.342321 ] ] ] } },
{ "type": "Feature", "properties": { }, "geometry": { "type": "Polygon", "coordinates": [ [ [ -72.613892, 46.343639 ], [ -72.613892, 46.343758 ], [ -72.613758, 46.343758 ], [ -72.613758, 46.343639 ], [ -72.613892, 46.343639 ] ] ] } },
{ "type": "Feature", "properties": { }, "geometry": { "type": "Polygon", "coordinates": [ [ [ -72.613353, 46.345787 ], [ -72.613178, 46.345787 ], [ -72.613178, 46.3457 ], [ -72.613353, 46.3457 ], [ -72.613353, 46.345787 ] ] ] } },
{ "type": "Feature", "properties": { }, "geometry": { "type": "Polygon", "coordinates": [ [ [ -72.600414, 46.34238 ], [ -72.600577, 46.342493 ], [ -72.600498, 46.342548 ], [ -72.600334, 46.342435 ], [ -72.600414, 46.34238 ] ] ] } },
{ "type": "Feature", "properties": { }, "geometry": { "type": "Polygon", "coordinates": [ [ [ -72.605027, 46.3367 ], [ -72.604909, 46.336612 ], [ -72.604984, 46.336564 ], [ -72.605101, 46.336653 ], [ -72.605027, 46.3367 ] ] ] } },
{ "type": "Feature", "properties": { }, "geometry": { "type": "Polygon", "coordinates": [ [ [ -72.600259, 46.338915 ], [ -72.600195, 46.338788 ], [ -72.600314, 46.338759 ], [ -72.600378, 46.338886 ], [ -72.600259, 46.338915 ] ] ] } },
{ "type": "Feature", "properties": { }, "geometry": { "type": "Polygon", "coordinates": [ [ [ -72.597528, 46.344547 ], [ -72.597652, 46.34463 ], [ -72.59757, 46.344688 ], [ -72.597446, 46.344605 ], [ -72.597528, 46.344547 ] ] ] } },
{ "type": "Feature", "properties": { }, "geometry": { "type": "Polygon", "coordinates": [ [ [ -72.595231, 46.334199 ], [ -72.595174, 46.334242 ], [ -72.595103, 46.334196 ], [ -72.59516, 46.334154 ], [ -72.595231, 46.334199 ] ] ] } },
{ "type": "Feature", "properties": { }, "geometry": { "type": "Polygon", "coordinates": [ [ [ -72.596076, 46.337867 ], [ -72.596076, 46.338045 ], [ -72.595961, 46.338045 ], [ -72.595961, 46.337867 ], [ -72.596076, 46.337867 ] ] ] } },
{ "type": "Feature", "properties": { }, "geometry": { "type": "Polygon", "coordinates": [ [ [ -72.594273, 46.338888 ], [ -72.594272, 46.338805 ], [ -72.59449, 46.338804 ], [ -72.594491, 46.338886 ], [ -72.594273, 46.338888 ] ] ] } },
{ "type": "Feature", "properties": { }, "geometry": { "type": "Polygon", "coordinates": [ [ [ -72.613595, 46.348732 ], [ -72.613457, 46.348691 ], [ -72.613523, 46.348585 ], [ -72.613661, 46.348626 ], [ -72.613595, 46.348732 ] ] ] } },
{ "type": "Feature", "properties": { }, "geometry": { "type": "Polygon", "coordinates": [ [ [ -72.608988, 46.34941 ], [ -72.609117, 46.349501 ], [ -72.609021, 46.349565 ], [ -72.608892, 46.349474 ], [ -72.608988, 46.34941 ] ] ] } },
{ "type": "Feature", "properties": { }, "geometry": { "type": "Polygon", "coordinates": [ [ [ -72.608947, 46.351185 ], [ -72.609074, 46.351273 ], [ -72.608993, 46.351329 ], [ -72.608865, 46.351241 ], [ -72.608947, 46.351185 ] ] ] } },
{ "type": "Feature", "properties": { }, "geometry": { "type": "Polygon", "coordinates": [ [ [ -72.615333, 46.351394 ], [ -72.615276, 46.351489 ], [ -72.615017, 46.351415 ], [ -72.615073, 46.35132 ], [ -72.615333, 46.351394 ] ] ] } },
{ "type": "Feature", "properties": { }, "geometry": { "type": "Polygon", "coordinates": [ [ [ -72.601333, 46.34891 ], [ -72.601209, 46.348995 ], [ -72.600988, 46.348841 ], [ -72.601113, 46.348756 ], [ -72.601333, 46.34891 ] ] ] } },
{ "type": "Feature", "properties": { }, "geometry": { "type": "Polygon", "coordinates": [ [ [ -72.612349, 46.340512 ], [ -72.612307, 46.340486 ], [ -72.612332, 46.340466 ], [ -72.612248, 46.340416 ], [ -72.612322, 46.340358 ], [ -72.61239, 46.340399 ], [ -72.612444, 46.340356 ], [ -72.612502, 46.340391 ], [ -72.612349, 46.340512 ] ] ] } },
{ "type": "Feature", "properties": { }, "geometry": { "type": "Polygon", "coordinates": [ [ [ -72.599915, 46.339458 ], [ -72.599933, 46.339497 ], [ -72.599845, 46.339516 ], [ -72.599828, 46.339477 ], [ -72.599915, 46.339458 ] ] ] } },
{ "type": "Feature", "properties": { }, "geometry": { "type": "Polygon", "coordinates": [ [ [ -72.599694, 46.343245 ], [ -72.599773, 46.343302 ], [ -72.599659, 46.343378 ], [ -72.59958, 46.343321 ], [ -72.599694, 46.343245 ] ] ] } },
{ "type": "Feature", "properties": { }, "geometry": { "type": "Polygon", "coordinates": [ [ [ -72.598581, 46.334777 ], [ -72.598463, 46.334832 ], [ -72.598391, 46.334759 ], [ -72.59851, 46.334704 ], [ -72.598581, 46.334777 ] ] ] } },
{ "type": "Feature", "properties": { }, "geometry": { "type": "Polygon", "coordinates": [ [ [ -72.598258, 46.338371 ], [ -72.598174, 46.33831 ], [ -72.598311, 46.338219 ], [ -72.598395, 46.338279 ], [ -72.598258, 46.338371 ] ] ] } },
{ "type": "Feature", "properties": { }, "geometry": { "type": "Polygon", "coordinates": [ [ [ -72.611224, 46.348066 ], [ -72.611137, 46.348018 ], [ -72.611231, 46.347937 ], [ -72.611318, 46.347984 ], [ -72.611224, 46.348066 ] ] ] } },
{ "type": "Feature", "properties": { }, "geometry": { "type": "Polygon", "coordinates": [ [ [ -72.61805, 46.345147 ], [ -72.61798, 46.345148 ], [ -72.617979, 46.34502 ], [ -72.618177, 46.345019 ], [ -72.618178, 46.345111 ], [ -72.618049, 46.345112 ], [ -72.61805, 46.345147 ] ] ] } },
{ "type": "Feature", "properties": { }, "geometry": { "type": "Polygon", "coordinates": [ [ [ -72.605631, 46.342248 ], [ -72.60554, 46.342312 ], [ -72.605372, 46.342199 ], [ -72.605464, 46.342134 ], [ -72.605631, 46.342248 ] ] ] } },
{ "type": "Feature", "properties": { }, "geometry": { "type": "Polygon", "coordinates": [ [ [ -72.607444, 46.345435 ], [ -72.607554, 46.345435 ], [ -72.607554, 46.345545 ], [ -72.607444, 46.345545 ], [ -72.607444, 46.345435 ] ] ] } },
{ "type": "Feature", "properties": { }, "geometry": { "type": "Polygon", "coordinates": [ [ [ -72.607575, 46.345963 ], [ -72.60746, 46.345963 ], [ -72.60746, 46.3458 ], [ -72.607575, 46.3458 ], [ -72.607575, 46.345963 ] ] ] } },
{ "type": "Feature", "properties": { }, "geometry": { "type": "Polygon", "coordinates": [ [ [ -72.605429, 46.3352 ], [ -72.605265, 46.335176 ], [ -72.60529, 46.335093 ], [ -72.605454, 46.335116 ], [ -72.605429, 46.3352 ] ] ] } },
{ "type": "Feature", "properties": { }, "geometry": { "type": "Polygon", "coordinates": [ [ [ -72.592758, 46.341105 ], [ -72.592833, 46.341158 ], [ -72.592715, 46.341238 ], [ -72.592639, 46.341185 ], [ -72.592758, 46.341105 ] ] ] } },
{ "type": "Feature", "properties": { }, "geometry": { "type": "Polygon", "coordinates": [ [ [ -72.612826, 46.353671 ], [ -72.613053, 46.353731 ], [ -72.612994, 46.353836 ], [ -72.612768, 46.353775 ], [ -72.612826, 46.353671 ] ] ] } },
{ "type": "Feature", "properties": { }, "geometry": { "type": "Polygon", "coordinates": [ [ [ -72.613389, 46.339588 ], [ -72.613501, 46.339662 ], [ -72.61342, 46.339721 ], [ -72.613308, 46.339647 ], [ -72.613389, 46.339588 ] ] ] } },
{ "type": "Feature", "properties": { }, "geometry": { "type": "Polygon", "coordinates": [ [ [ -72.615308, 46.344882 ], [ -72.615308, 46.344734 ], [ -72.615437, 46.344734 ], [ -72.615437, 46.344882 ], [ -72.615308, 46.344882 ] ] ] } },
{ "type": "Feature", "properties": { }, "geometry": { "type": "Polygon", "coordinates": [ [ [ -72.600656, 46.344671 ], [ -72.600575, 46.344603 ], [ -72.600674, 46.344548 ], [ -72.600754, 46.344616 ], [ -72.600656, 46.344671 ] ] ] } },
{ "type": "Feature", "properties": { }, "geometry": { "type": "Polygon", "coordinates": [ [ [ -72.605537, 46.344652 ], [ -72.605537, 46.344819 ], [ -72.605419, 46.344819 ], [ -72.605419, 46.344652 ], [ -72.605537, 46.344652 ] ] ] } },
{ "type": "Feature", "properties": { }, "geometry": { "type": "Polygon", "coordinates": [ [ [ -72.597729, 46.333216 ], [ -72.597652, 46.333163 ], [ -72.597824, 46.333044 ], [ -72.5979, 46.333097 ], [ -72.597729, 46.333216 ] ] ] } },
{ "type": "Feature", "properties": { }, "geometry": { "type": "Polygon", "coordinates": [ [ [ -72.607797, 46.337407 ], [ -72.607671, 46.337406 ], [ -72.607673, 46.337273 ], [ -72.607799, 46.337274 ], [ -72.607797, 46.337407 ] ] ] } },
{ "type": "Feature", "properties": { }, "geometry": { "type": "Polygon", "coordinates": [ [ [ -72.591189, 46.339382 ], [ -72.591271, 46.339439 ], [ -72.591165, 46.339512 ], [ -72.591083, 46.339455 ], [ -72.591189, 46.339382 ] ] ] } },
{ "type": "Feature", "properties": { }, "geometry": { "type": "Polygon", "coordinates": [ [ [ -72.618226, 46.348745 ], [ -72.618099, 46.348848 ], [ -72.617995, 46.348787 ], [ -72.618122, 46.348684 ], [ -72.618226, 46.348745 ] ] ] } },
{ "type": "Feature", "properties": { }, "geometry": { "type": "Polygon", "coordinates": [ [ [ -72.609035, 46.350528 ], [ -72.608919, 46.35044 ], [ -72.609014, 46.35038 ], [ -72.60913, 46.350469 ], [ -72.609035, 46.350528 ] ] ] } },
{ "type": "Feature", "properties": { }, "geometry": { "type": "Polygon", "coordinates": [ [ [ -72.6035, 46.34788 ], [ -72.603414, 46.347827 ], [ -72.603475, 46.347779 ], [ -72.603442, 46.347759 ], [ -72.603481, 46.347729 ], [ -72.6036, 46.347802 ], [ -72.6035, 46.34788 ] ] ] } },
{ "type": "Feature", "properties": { }, "geometry": { "type": "Polygon", "coordinates": [ [ [ -72.611165, 46.346815 ], [ -72.611014, 46.346856 ], [ -72.610973, 46.346783 ], [ -72.611124, 46.346742 ], [ -72.611165, 46.346815 ] ] ] } },
{ "type": "Feature", "properties": { }, "geometry": { "type": "Polygon", "coordinates": [ [ [ -72.599319, 46.340158 ], [ -72.599459, 46.340158 ], [ -72.599459, 46.340325 ], [ -72.599338, 46.340325 ], [ -72.599338, 46.340264 ], [ -72.599279, 46.340264 ], [ -72.599279, 46.340225 ], [ -72.599319, 46.340225 ], [ -72.599319, 46.340158 ] ] ] } },
{ "type": "Feature", "properties": { }, "geometry": { "type": "Polygon", "coordinates": [ [ [ -72.613176, 46.351458 ], [ -72.613325, 46.351508 ], [ -72.613266, 46.351594 ], [ -72.613116, 46.351544 ], [ -72.613176, 46.351458 ] ] ] } },
{ "type": "Feature", "properties": { }, "geometry": { "type": "Polygon", "coordinates": [ [ [ -72.6004, 46.333524 ], [ -72.600384, 46.333599 ], [ -72.600158, 46.333576 ], [ -72.600174, 46.333501 ], [ -72.6004, 46.333524 ] ] ] } },
{ "type": "Feature", "properties": { }, "geometry": { "type": "Polygon", "coordinates": [ [ [ -72.590518, 46.341498 ], [ -72.590615, 46.341565 ], [ -72.590471, 46.341665 ], [ -72.590373, 46.341598 ], [ -72.590518, 46.341498 ] ] ] } },
{ "type": "Feature", "properties": { }, "geometry": { "type": "Polygon", "coordinates": [ [ [ -72.59226, 46.334083 ], [ -72.592168, 46.334146 ], [ -72.592022, 46.334045 ], [ -72.592113, 46.333982 ], [ -72.59226, 46.334083 ] ] ] } },
{ "type": "Feature", "properties": { }, "geometry": { "type": "Polygon", "coordinates": [ [ [ -72.59351, 46.334533 ], [ -72.593537, 46.334557 ], [ -72.593479, 46.334589 ], [ -72.593451, 46.334566 ], [ -72.59351, 46.334533 ] ] ] } },
{ "type": "Feature", "properties": { }, "geometry": { "type": "Polygon", "coordinates": [ [ [ -72.615702, 46.350023 ], [ -72.615651, 46.350109 ], [ -72.615464, 46.350056 ], [ -72.615515, 46.34997 ], [ -72.615702, 46.350023 ] ] ] } },
{ "type": "Feature", "properties": { }, "geometry": { "type": "Polygon", "coordinates": [ [ [ -72.612552, 46.352126 ], [ -72.612462, 46.352094 ], [ -72.612521, 46.352016 ], [ -72.612611, 46.352049 ], [ -72.612552, 46.352126 ] ] ] } },
{ "type": "Feature", "properties": { }, "geometry": { "type": "Polygon", "coordinates": [ [ [ -72.611766, 46.352122 ], [ -72.611689, 46.352206 ], [ -72.611606, 46.352169 ], [ -72.611682, 46.352086 ], [ -72.611766, 46.352122 ] ] ] } },
{ "type": "Feature", "properties": { }, "geometry": { "type": "Polygon", "coordinates": [ [ [ -72.609569, 46.342919 ], [ -72.609453, 46.342826 ], [ -72.609549, 46.342769 ], [ -72.609666, 46.342861 ], [ -72.609569, 46.342919 ] ] ] } },
{ "type": "Feature", "properties": { }, "geometry": { "type": "Polygon", "coordinates": [ [ [ -72.614503, 46.344384 ], [ -72.614503, 46.344519 ], [ -72.614364, 46.344519 ], [ -72.614364, 46.344384 ], [ -72.614503, 46.344384 ] ] ] } },
{ "type": "Feature", "properties": { }, "geometry": { "type": "Polygon", "coordinates": [ [ [ -72.611001, 46.344718 ], [ -72.611004, 46.344788 ], [ -72.610942, 46.344789 ], [ -72.610943, 46.344817 ], [ -72.610691, 46.344821 ], [ -72.610688, 46.344723 ], [ -72.611001, 46.344718 ] ] ] } },
{ "type": "Feature", "properties": { }, "geometry": { "type": "Polygon", "coordinates": [ [ [ -72.599158, 46.341589 ], [ -72.599325, 46.341589 ], [ -72.599325, 46.341676 ], [ -72.599158, 46.341676 ], [ -72.599158, 46.341589 ] ] ] } },
{ "type": "Feature", "properties": { }, "geometry": { "type": "Polygon", "coordinates": [ [ [ -72.598397, 46.344135 ], [ -72.598482, 46.344195 ], [ -72.59837, 46.344272 ], [ -72.598284, 46.344213 ], [ -72.598397, 46.344135 ] ] ] } },
{ "type": "Feature", "properties": { }, "geometry": { "type": "Polygon", "coordinates": [ [ [ -72.61553, 46.352206 ], [ -72.615438, 46.352142 ], [ -72.615535, 46.352075 ], [ -72.615627, 46.352139 ], [ -72.61553, 46.352206 ] ] ] } },
{ "type": "Feature", "properties": { }, "geometry": { "type": "Polygon", "coordinates": [ [ [ -72.620178, 46.344173 ], [ -72.620088, 46.344239 ], [ -72.619927, 46.344136 ], [ -72.620016, 46.344069 ], [ -72.620178, 46.344173 ] ] ] } },
{ "type": "Feature", "properties": { }, "geometry": { "type": "Polygon", "coordinates": [ [ [ -72.613803, 46.340651 ], [ -72.613908, 46.340723 ], [ -72.613818, 46.340785 ], [ -72.613713, 46.340713 ], [ -72.613803, 46.340651 ] ] ] } },
{ "type": "Feature", "properties": { }, "geometry": { "type": "Polygon", "coordinates": [ [ [ -72.61137, 46.34404 ], [ -72.611429, 46.344119 ], [ -72.611297, 46.344166 ], [ -72.611238, 46.344086 ], [ -72.61137, 46.34404 ] ] ] } },
{ "type": "Feature", "properties": { }, "geometry": { "type": "Polygon", "coordinates": [ [ [ -72.601357, 46.334469 ], [ -72.601261, 46.334408 ], [ -72.601381, 46.334318 ], [ -72.601477, 46.334379 ], [ -72.601357, 46.334469 ] ] ] } },
{ "type": "Feature", "properties": { }, "geometry": { "type": "Polygon", "coordinates": [ [ [ -72.601355, 46.337184 ], [ -72.601205, 46.337184 ], [ -72.601205, 46.33711 ], [ -72.601355, 46.33711 ], [ -72.601355, 46.337184 ] ] ] } },
{ "type": "Feature", "properties": { }, "geometry": { "type": "Polygon", "coordinates": [ [ [ -72.600871, 46.347564 ], [ -72.600774, 46.347497 ], [ -72.600875, 46.347428 ], [ -72.600971, 46.347494 ], [ -72.600871, 46.347564 ] ] ] } },
{ "type": "Feature", "properties": { }, "geometry": { "type": "Polygon", "coordinates": [ [ [ -72.606972, 46.342117 ], [ -72.606905, 46.342178 ], [ -72.606711, 46.342075 ], [ -72.606778, 46.342014 ], [ -72.606972, 46.342117 ] ] ] } },
{ "type": "Feature", "properties": { }, "geometry": { "type": "Polygon", "coordinates": [ [ [ -72.594538, 46.34077 ], [ -72.59466, 46.340854 ], [ -72.594582, 46.340908 ], [ -72.59446, 46.340824 ], [ -72.594538, 46.34077 ] ] ] } },
{ "type": "Feature", "properties": { }, "geometry": { "type": "Polygon", "coordinates": [ [ [ -72.591084, 46.341436 ], [ -72.591193, 46.341513 ], [ -72.591116, 46.341565 ], [ -72.591007, 46.341488 ], [ -72.591084, 46.341436 ] ] ] } },
{ "type": "Feature", "properties": { }, "geometry": { "type": "Polygon", "coordinates": [ [ [ -72.592164, 46.342197 ], [ -72.592074, 46.342263 ], [ -72.591953, 46.342184 ], [ -72.592043, 46.342119 ], [ -72.592164, 46.342197 ] ] ] } },
{ "type": "Feature", "properties": { }, "geometry": { "type": "Polygon", "coordinates": [ [ [ -72.594792, 46.336773 ], [ -72.594868, 46.336869 ], [ -72.59477, 46.336907 ], [ -72.594693, 46.33681 ], [ -72.594792, 46.336773 ] ] ] } },
{ "type": "Feature", "properties": { }, "geometry": { "type": "Polygon", "coordinates": [ [ [ -72.595995, 46.338784 ], [ -72.596141, 46.338735 ], [ -72.596216, 46.33884 ], [ -72.596116, 46.338874 ], [ -72.596092, 46.33884 ], [ -72.596046, 46.338856 ], [ -72.595995, 46.338784 ] ] ] } },
{ "type": "Feature", "properties": { }, "geometry": { "type": "Polygon", "coordinates": [ [ [ -72.6114, 46.34362 ], [ -72.611473, 46.343684 ], [ -72.611306, 46.343774 ], [ -72.611233, 46.34371 ], [ -72.6114, 46.34362 ] ] ] } },
{ "type": "Feature", "properties": { }, "geometry": { "type": "Polygon", "coordinates": [ [ [ -72.59803, 46.342326 ], [ -72.59789, 46.342228 ], [ -72.597963, 46.342177 ], [ -72.598104, 46.342275 ], [ -72.59803, 46.342326 ] ] ] } },
{ "type": "Feature", "properties": { }, "geometry": { "type": "Polygon", "coordinates": [ [ [ -72.603113, 46.345781 ], [ -72.60303, 46.345838 ], [ -72.602905, 46.345752 ], [ -72.602988, 46.345694 ], [ -72.603113, 46.345781 ] ] ] } },
{ "type": "Feature", "properties": { }, "geometry": { "type": "Polygon", "coordinates": [ [ [ -72.602554, 46.334038 ], [ -72.602632, 46.334091 ], [ -72.60251, 46.334176 ], [ -72.602432, 46.334122 ], [ -72.602554, 46.334038 ] ] ] } },
{ "type": "Feature", "properties": { }, "geometry": { "type": "Polygon", "coordinates": [ [ [ -72.602281, 46.335691 ], [ -72.602383, 46.335769 ], [ -72.602307, 46.335817 ], [ -72.602322, 46.335828 ], [ -72.602266, 46.335863 ], [ -72.602149, 46.335774 ], [ -72.602281, 46.335691 ] ] ] } },
{ "type": "Feature", "properties": { }, "geometry": { "type": "Polygon", "coordinates": [ [ [ -72.61011, 46.347753 ], [ -72.610193, 46.347811 ], [ -72.610051, 46.347909 ], [ -72.609968, 46.347852 ], [ -72.61011, 46.347753 ] ] ] } },
{ "type": "Feature", "properties": { }, "geometry": { "type": "Polygon", "coordinates": [ [ [ -72.60622, 46.348016 ], [ -72.606154, 46.34797 ], [ -72.606258, 46.347899 ], [ -72.606364, 46.347973 ], [ -72.606226, 46.348068 ], [ -72.606185, 46.34804 ], [ -72.60622, 46.348016 ] ] ] } },
{ "type": "Feature", "properties": { }, "geometry": { "type": "Polygon", "coordinates": [ [ [ -72.61058, 46.34209 ], [ -72.610754, 46.342177 ], [ -72.610686, 46.342243 ], [ -72.610512, 46.342156 ], [ -72.61058, 46.34209 ] ] ] } },
{ "type": "Feature", "properties": { }, "geometry": { "type": "Polygon", "coordinates": [ [ [ -72.610827, 46.342209 ], [ -72.61101, 46.342319 ], [ -72.610922, 46.342389 ], [ -72.610739, 46.342279 ], [ -72.610827, 46.342209 ] ] ] } },
{ "type": "Feature", "properties": { }, "geometry": { "type": "Polygon", "coordinates": [ [ [ -72.61376, 46.343961 ], [ -72.613886, 46.343961 ], [ -72.613886, 46.344087 ], [ -72.61376, 46.344087 ], [ -72.61376, 46.343961 ] ] ] } },
{ "type": "Feature", "properties": { }, "geometry": { "type": "Polygon", "coordinates": [ [ [ -72.616591, 46.344337 ], [ -72.616538, 46.344384 ], [ -72.616498, 46.344363 ], [ -72.616408, 46.344444 ], [ -72.616313, 46.344393 ], [ -72.616457, 46.344265 ], [ -72.616591, 46.344337 ] ] ] } },
{ "type": "Feature", "properties": { }, "geometry": { "type": "Polygon", "coordinates": [ [ [ -72.607605, 46.339764 ], [ -72.60752, 46.339697 ], [ -72.607648, 46.33962 ], [ -72.607733, 46.339686 ], [ -72.607605, 46.339764 ] ] ] } },
{ "type": "Feature", "properties": { }, "geometry": { "type": "Polygon", "coordinates": [ [ [ -72.601173, 46.345546 ], [ -72.601087, 46.345487 ], [ -72.60122, 46.345395 ], [ -72.601305, 46.345455 ], [ -72.601173, 46.345546 ] ] ] } },
{ "type": "Feature", "properties": { }, "geometry": { "type": "Polygon", "coordinates": [ [ [ -72.592617, 46.342668 ], [ -72.592463, 46.342553 ], [ -72.59255, 46.342498 ], [ -72.592604, 46.342538 ], [ -72.59262, 46.342528 ], [ -72.59272, 46.342603 ], [ -72.592617, 46.342668 ] ] ] } },
{ "type": "Feature", "properties": { }, "geometry": { "type": "Polygon", "coordinates": [ [ [ -72.591525, 46.334598 ], [ -72.591416, 46.334675 ], [ -72.591302, 46.334598 ], [ -72.591411, 46.334521 ], [ -72.591525, 46.334598 ] ] ] } },
{ "type": "Feature", "properties": { }, "geometry": { "type": "Polygon", "coordinates": [ [ [ -72.613603, 46.347712 ], [ -72.613497, 46.347676 ], [ -72.613562, 46.347587 ], [ -72.613667, 46.347623 ], [ -72.613603, 46.347712 ] ] ] } },
{ "type": "Feature", "properties": { }, "geometry": { "type": "Polygon", "coordinates": [ [ [ -72.612434, 46.352453 ], [ -72.61249, 46.352382 ], [ -72.612627, 46.352434 ], [ -72.612571, 46.352505 ], [ -72.612434, 46.352453 ] ] ] } },
{ "type": "Feature", "properties": { }, "geometry": { "type": "Polygon", "coordinates": [ [ [ -72.606549, 46.347289 ], [ -72.606453, 46.347202 ], [ -72.606541, 46.347157 ], [ -72.606636, 46.347244 ], [ -72.606549, 46.347289 ] ] ] } },
{ "type": "Feature", "properties": { }, "geometry": { "type": "Polygon", "coordinates": [ [ [ -72.60301, 46.347642 ], [ -72.602884, 46.347729 ], [ -72.602783, 46.34766 ], [ -72.602869, 46.347601 ], [ -72.602928, 46.347641 ], [ -72.602968, 46.347614 ], [ -72.60301, 46.347642 ] ] ] } },
{ "type": "Feature", "properties": { }, "geometry": { "type": "Polygon", "coordinates": [ [ [ -72.608731, 46.344294 ], [ -72.608728, 46.344335 ], [ -72.608658, 46.344332 ], [ -72.608662, 46.344292 ], [ -72.608731, 46.344294 ] ] ] } },
{ "type": "Feature", "properties": { }, "geometry": { "type": "Polygon", "coordinates": [ [ [ -72.600576, 46.34669 ], [ -72.600486, 46.346752 ], [ -72.600377, 46.346677 ], [ -72.600467, 46.346615 ], [ -72.600576, 46.34669 ] ] ] } },
{ "type": "Feature", "properties": { }, "geometry": { "type": "Polygon", "coordinates": [ [ [ -72.61059, 46.337954 ], [ -72.610439, 46.337853 ], [ -72.610557, 46.33777 ], [ -72.610708, 46.337871 ], [ -72.61059, 46.337954 ] ] ] } },
{ "type": "Feature", "properties": { }, "geometry": { "type": "Polygon", "coordinates": [ [ [ -72.609178, 46.339222 ], [ -72.609084, 46.339275 ], [ -72.608981, 46.339186 ], [ -72.609075, 46.339134 ], [ -72.609178, 46.339222 ] ] ] } },
{ "type": "Feature", "properties": { }, "geometry": { "type": "Polygon", "coordinates": [ [ [ -72.592221, 46.334248 ], [ -72.592016, 46.334398 ], [ -72.591837, 46.334282 ], [ -72.592042, 46.334131 ], [ -72.592221, 46.334248 ] ] ] } },
{ "type": "Feature", "properties": { }, "geometry": { "type": "Polygon", "coordinates": [ [ [ -72.591979, 46.338809 ], [ -72.592077, 46.338877 ], [ -72.591951, 46.338964 ], [ -72.591853, 46.338896 ], [ -72.591979, 46.338809 ] ] ] } },
{ "type": "Feature", "properties": { }, "geometry": { "type": "Polygon", "coordinates": [ [ [ -72.615863, 46.351859 ], [ -72.615946, 46.351923 ], [ -72.615819, 46.352001 ], [ -72.615737, 46.351938 ], [ -72.615863, 46.351859 ] ] ] } },
{ "type": "Feature", "properties": { }, "geometry": { "type": "Polygon", "coordinates": [ [ [ -72.60724, 46.349319 ], [ -72.607179, 46.349414 ], [ -72.607081, 46.349384 ], [ -72.607102, 46.349351 ], [ -72.607074, 46.349343 ], [ -72.607115, 46.34928 ], [ -72.60724, 46.349319 ] ] ] } },
{ "type": "Feature", "properties": { }, "geometry": { "type": "Polygon", "coordinates": [ [ [ -72.620334, 46.345187 ], [ -72.620323, 46.345346 ], [ -72.620184, 46.345342 ], [ -72.620195, 46.345183 ], [ -72.620334, 46.345187 ] ] ] } },
{ "type": "Feature", "properties": { }, "geometry": { "type": "Polygon", "coordinates": [ [ [ -72.610043, 46.344301 ], [ -72.609847, 46.344378 ], [ -72.609788, 46.344306 ], [ -72.609984, 46.344229 ], [ -72.610043, 46.344301 ] ] ] } },
{ "type": "Feature", "properties": { }, "geometry": { "type": "Polygon", "coordinates": [ [ [ -72.606843, 46.341199 ], [ -72.606685, 46.341109 ], [ -72.606762, 46.341045 ], [ -72.60692, 46.341136 ], [ -72.606843, 46.341199 ] ] ] } },
{ "type": "Feature", "properties": { }, "geometry": { "type": "Polygon", "coordinates": [ [ [ -72.612992, 46.339356 ], [ -72.612909, 46.339416 ], [ -72.612764, 46.339321 ], [ -72.612847, 46.339261 ], [ -72.612992, 46.339356 ] ] ] } },
{ "type": "Feature", "properties": { }, "geometry": { "type": "Polygon", "coordinates": [ [ [ -72.60864, 46.350156 ], [ -72.608646, 46.350163 ], [ -72.608703, 46.350137 ], [ -72.608794, 46.350236 ], [ -72.608671, 46.35029 ], [ -72.608609, 46.350224 ], [ -72.608619, 46.35022 ], [ -72.608583, 46.350181 ], [ -72.60864, 46.350156 ] ] ] } },
{ "type": "Feature", "properties": { }, "geometry": { "type": "Polygon", "coordinates": [ [ [ -72.616043, 46.351339 ], [ -72.61597, 46.351412 ], [ -72.615824, 46.351342 ], [ -72.615897, 46.351269 ], [ -72.616043, 46.351339 ] ] ] } },
{ "type": "Feature", "properties": { }, "geometry": { "type": "Polygon", "coordinates": [ [ [ -72.605748, 46.346881 ], [ -72.605875, 46.346881 ], [ -72.605875, 46.347022 ], [ -72.605794, 46.347022 ], [ -72.605794, 46.346931 ], [ -72.605748, 46.346931 ], [ -72.605748, 46.346881 ] ] ] } },
{ "type": "Feature", "properties": { }, "geometry": { "type": "Polygon", "coordinates": [ [ [ -72.600843, 46.348062 ], [ -72.600726, 46.348149 ], [ -72.600551, 46.348036 ], [ -72.600669, 46.347949 ], [ -72.600843, 46.348062 ] ] ] } },
{ "type": "Feature", "properties": { }, "geometry": { "type": "Polygon", "coordinates": [ [ [ -72.610489, 46.345845 ], [ -72.610491, 46.345974 ], [ -72.610379, 46.345975 ], [ -72.610376, 46.345846 ], [ -72.610489, 46.345845 ] ] ] } },
{ "type": "Feature", "properties": { }, "geometry": { "type": "Polygon", "coordinates": [ [ [ -72.60727, 46.342311 ], [ -72.607416, 46.342409 ], [ -72.607324, 46.342474 ], [ -72.607178, 46.342376 ], [ -72.60727, 46.342311 ] ] ] } },
{ "type": "Feature", "properties": { }, "geometry": { "type": "Polygon", "coordinates": [ [ [ -72.616761, 46.343109 ], [ -72.616659, 46.34308 ], [ -72.616715, 46.342986 ], [ -72.616818, 46.343015 ], [ -72.616761, 46.343109 ] ] ] } },
{ "type": "Feature", "properties": { }, "geometry": { "type": "Polygon", "coordinates": [ [ [ -72.599864, 46.344602 ], [ -72.599781, 46.344545 ], [ -72.599876, 46.344479 ], [ -72.599959, 46.344536 ], [ -72.599864, 46.344602 ] ] ] } },
{ "type": "Feature", "properties": { }, "geometry": { "type": "Polygon", "coordinates": [ [ [ -72.603333, 46.346478 ], [ -72.603215, 46.34648 ], [ -72.603209, 46.346334 ], [ -72.603327, 46.346331 ], [ -72.603333, 46.346478 ] ] ] } },
{ "type": "Feature", "properties": { }, "geometry": { "type": "Polygon", "coordinates": [ [ [ -72.596918, 46.336122 ], [ -72.596817, 46.336105 ], [ -72.596818, 46.336102 ], [ -72.596706, 46.336083 ], [ -72.596729, 46.336019 ], [ -72.596942, 46.336054 ], [ -72.596918, 46.336122 ] ] ] } },
{ "type": "Feature", "properties": { }, "geometry": { "type": "Polygon", "coordinates": [ [ [ -72.607847, 46.349691 ], [ -72.607753, 46.349626 ], [ -72.607849, 46.34956 ], [ -72.607943, 46.349625 ], [ -72.607847, 46.349691 ] ] ] } },
{ "type": "Feature", "properties": { }, "geometry": { "type": "Polygon", "coordinates": [ [ [ -72.608855, 46.343685 ], [ -72.608722, 46.343695 ], [ -72.608708, 46.3436 ], [ -72.608841, 46.34359 ], [ -72.608855, 46.343685 ] ] ] } },
{ "type": "Feature", "properties": { }, "geometry": { "type": "Polygon", "coordinates": [ [ [ -72.609418, 46.34513 ], [ -72.609541, 46.34513 ], [ -72.609541, 46.345287 ], [ -72.609418, 46.345287 ], [ -72.609418, 46.34513 ] ] ] } },
{ "type": "Feature", "properties": { }, "geometry": { "type": "Polygon", "coordinates": [ [ [ -72.599561, 46.342303 ], [ -72.599472, 46.342372 ], [ -72.599362, 46.342304 ], [ -72.599452, 46.342235 ], [ -72.599561, 46.342303 ] ] ] } },
{ "type": "Feature", "properties": { }, "geometry": { "type": "Polygon", "coordinates": [ [ [ -72.606013, 46.342581 ], [ -72.606112, 46.342741 ], [ -72.606008, 46.342771 ], [ -72.605909, 46.342611 ], [ -72.606013, 46.342581 ] ] ] } },
{ "type": "Feature", "properties": { }, "geometry": { "type": "Polygon", "coordinates": [ [ [ -72.595312, 46.343072 ], [ -72.595238, 46.343026 ], [ -72.595343, 46.342946 ], [ -72.595417, 46.342992 ], [ -72.595312, 46.343072 ] ] ] } },
{ "type": "Feature", "properties": { }, "geometry": { "type": "Polygon", "coordinates": [ [ [ -72.614776, 46.34927 ], [ -72.614674, 46.349222 ], [ -72.614771, 46.349123 ], [ -72.614873, 46.349171 ], [ -72.614776, 46.34927 ] ] ] } },
{ "type": "Feature", "properties": { }, "geometry": { "type": "Polygon", "coordinates": [ [ [ -72.61544, 46.351075 ], [ -72.615619, 46.351135 ], [ -72.615566, 46.35121 ], [ -72.615387, 46.35115 ], [ -72.61544, 46.351075 ] ] ] } },
{ "type": "Feature", "properties": { }, "geometry": { "type": "Polygon", "coordinates": [ [ [ -72.617912, 46.346102 ], [ -72.617912, 46.346013 ], [ -72.61806, 46.346013 ], [ -72.61806, 46.346102 ], [ -72.617912, 46.346102 ] ] ] } },
{ "type": "Feature", "properties": { }, "geometry": { "type": "Polygon", "coordinates": [ [ [ -72.613736, 46.346898 ], [ -72.613736, 46.346785 ], [ -72.613862, 46.346785 ], [ -72.613862, 46.346898 ], [ -72.613736, 46.346898 ] ] ] } },
{ "type": "Feature", "properties": { }, "geometry": { "type": "Polygon", "coordinates": [ [ [ -72.605704, 46.34132 ], [ -72.605803, 46.341383 ], [ -72.605621, 46.341518 ], [ -72.605522, 46.341454 ], [ -72.605704, 46.34132 ] ] ] } },
{ "type": "Feature", "properties": { }, "geometry": { "type": "Polygon", "coordinates": [ [ [ -72.60444, 46.335302 ], [ -72.604568, 46.335324 ], [ -72.604532, 46.335421 ], [ -72.604405, 46.335399 ], [ -72.60444, 46.335302 ] ] ] } },
{ "type": "Feature", "properties": { }, "geometry": { "type": "Polygon", "coordinates": [ [ [ -72.60797, 46.339331 ], [ -72.607877, 46.339383 ], [ -72.607744, 46.339271 ], [ -72.607837, 46.339219 ], [ -72.60797, 46.339331 ] ] ] } },
{ "type": "Feature", "properties": { }, "geometry": { "type": "Polygon", "coordinates": [ [ [ -72.593164, 46.342941 ], [ -72.593282, 46.343023 ], [ -72.593189, 46.343087 ], [ -72.593071, 46.343005 ], [ -72.593164, 46.342941 ] ] ] } },
{ "type": "Feature", "properties": { }, "geometry": { "type": "Polygon", "coordinates": [ [ [ -72.59318, 46.333476 ], [ -72.593106, 46.333528 ], [ -72.592951, 46.333422 ], [ -72.593026, 46.33337 ], [ -72.59318, 46.333476 ] ] ] } },
{ "type": "Feature", "properties": { }, "geometry": { "type": "Polygon", "coordinates": [ [ [ -72.594233, 46.338478 ], [ -72.594458, 46.338483 ], [ -72.594455, 46.338566 ], [ -72.594229, 46.338561 ], [ -72.594233, 46.338478 ] ] ] } },
{ "type": "Feature", "properties": { }, "geometry": { "type": "Polygon", "coordinates": [ [ [ -72.612205, 46.350078 ], [ -72.612289, 46.350147 ], [ -72.612155, 46.350225 ], [ -72.612071, 46.350157 ], [ -72.612205, 46.350078 ] ] ] } },
{ "type": "Feature", "properties": { }, "geometry": { "type": "Polygon", "coordinates": [ [ [ -72.602694, 46.347616 ], [ -72.602607, 46.347564 ], [ -72.602704, 46.347487 ], [ -72.602791, 46.347539 ], [ -72.602694, 46.347616 ] ] ] } },
{ "type": "Feature", "properties": { }, "geometry": { "type": "Polygon", "coordinates": [ [ [ -72.608661, 46.350616 ], [ -72.608576, 46.350675 ], [ -72.608411, 46.350562 ], [ -72.608495, 46.350503 ], [ -72.608661, 46.350616 ] ] ] } },
{ "type": "Feature", "properties": { }, "geometry": { "type": "Polygon", "coordinates": [ [ [ -72.616694, 46.351073 ], [ -72.6168, 46.351109 ], [ -72.616748, 46.351182 ], [ -72.616642, 46.351146 ], [ -72.616694, 46.351073 ] ] ] } },
{ "type": "Feature", "properties": { }, "geometry": { "type": "Polygon", "coordinates": [ [ [ -72.615191, 46.353171 ], [ -72.615072, 46.353254 ], [ -72.614991, 46.353198 ], [ -72.615111, 46.353116 ], [ -72.615191, 46.353171 ] ] ] } },
{ "type": "Feature", "properties": { }, "geometry": { "type": "Polygon", "coordinates": [ [ [ -72.608097, 46.348336 ], [ -72.608012, 46.348394 ], [ -72.607909, 46.348323 ], [ -72.607993, 46.348264 ], [ -72.608097, 46.348336 ] ] ] } },
{ "type": "Feature", "properties": { }, "geometry": { "type": "Polygon", "coordinates": [ [ [ -72.605886, 46.349827 ], [ -72.605775, 46.349757 ], [ -72.605872, 46.349683 ], [ -72.605984, 46.349752 ], [ -72.605886, 46.349827 ] ] ] } },
{ "type": "Feature", "properties": { }, "geometry": { "type": "Polygon", "coordinates": [ [ [ -72.620289, 46.346935 ], [ -72.620289, 46.346807 ], [ -72.620412, 46.346807 ], [ -72.620412, 46.346935 ], [ -72.620289, 46.346935 ] ] ] } },
{ "type": "Feature", "properties": { }, "geometry": { "type": "Polygon", "coordinates": [ [ [ -72.61655, 46.346111 ], [ -72.61655, 46.346017 ], [ -72.616692, 46.346017 ], [ -72.616692, 46.346111 ], [ -72.61655, 46.346111 ] ] ] } },
{ "type": "Feature", "properties": { }, "geometry": { "type": "Polygon", "coordinates": [ [ [ -72.619187, 46.346627 ], [ -72.619311, 46.346628 ], [ -72.619309, 46.346749 ], [ -72.619185, 46.346748 ], [ -72.619187, 46.346627 ] ] ] } },
{ "type": "Feature", "properties": { }, "geometry": { "type": "Polygon", "coordinates": [ [ [ -72.610325, 46.346643 ], [ -72.610473, 46.346737 ], [ -72.610433, 46.346767 ], [ -72.610371, 46.346727 ], [ -72.610296, 46.346783 ], [ -72.610211, 46.346728 ], [ -72.610325, 46.346643 ] ] ] } },
{ "type": "Feature", "properties": { }, "geometry": { "type": "Polygon", "coordinates": [ [ [ -72.598596, 46.339554 ], [ -72.598536, 46.339498 ], [ -72.598724, 46.339404 ], [ -72.598794, 46.33947 ], [ -72.598659, 46.339538 ], [ -72.598649, 46.339528 ], [ -72.598596, 46.339554 ] ] ] } },
{ "type": "Feature", "properties": { }, "geometry": { "type": "Polygon", "coordinates": [ [ [ -72.604273, 46.342604 ], [ -72.604194, 46.342659 ], [ -72.604088, 46.342586 ], [ -72.604167, 46.342531 ], [ -72.604273, 46.342604 ] ] ] } },
{ "type": "Feature", "properties": { }, "geometry": { "type": "Polygon", "coordinates": [ [ [ -72.597652, 46.344288 ], [ -72.597582, 46.34424 ], [ -72.597702, 46.344158 ], [ -72.597772, 46.344206 ], [ -72.597652, 46.344288 ] ] ] } },
{ "type": "Feature", "properties": { }, "geometry": { "type": "Polygon", "coordinates": [ [ [ -72.600342, 46.332109 ], [ -72.600495, 46.332112 ], [ -72.600492, 46.332192 ], [ -72.60034, 46.33219 ], [ -72.600342, 46.332109 ] ] ] } },
{ "type": "Feature", "properties": { }, "geometry": { "type": "Polygon", "coordinates": [ [ [ -72.612228, 46.352291 ], [ -72.612176, 46.352368 ], [ -72.61203, 46.352321 ], [ -72.612082, 46.352243 ], [ -72.612228, 46.352291 ] ] ] } },
{ "type": "Feature", "properties": { }, "geometry": { "type": "Polygon", "coordinates": [ [ [ -72.605556, 46.351071 ], [ -72.605399, 46.35097 ], [ -72.605527, 46.350876 ], [ -72.605684, 46.350977 ], [ -72.605556, 46.351071 ] ] ] } },
{ "type": "Feature", "properties": { }, "geometry": { "type": "Polygon", "coordinates": [ [ [ -72.618092, 46.344271 ], [ -72.618182, 46.34433 ], [ -72.618097, 46.344391 ], [ -72.618008, 46.344333 ], [ -72.618092, 46.344271 ] ] ] } },
{ "type": "Feature", "properties": { }, "geometry": { "type": "Polygon", "coordinates": [ [ [ -72.5957, 46.335738 ], [ -72.595642, 46.335776 ], [ -72.595572, 46.335725 ], [ -72.595477, 46.335788 ], [ -72.595403, 46.335735 ], [ -72.595555, 46.335634 ], [ -72.5957, 46.335738 ] ] ] } },
{ "type": "Feature", "properties": { }, "geometry": { "type": "Polygon", "coordinates": [ [ [ -72.596555, 46.336983 ], [ -72.596555, 46.337041 ], [ -72.596354, 46.337042 ], [ -72.596353, 46.336958 ], [ -72.596465, 46.336957 ], [ -72.596464, 46.33693 ], [ -72.596585, 46.33693 ], [ -72.596586, 46.336982 ], [ -72.596555, 46.336983 ] ] ] } },
{ "type": "Feature", "properties": { }, "geometry": { "type": "Polygon", "coordinates": [ [ [ -72.605284, 46.350715 ], [ -72.605452, 46.350815 ], [ -72.605333, 46.35091 ], [ -72.605166, 46.35081 ], [ -72.605284, 46.350715 ] ] ] } },
{ "type": "Feature", "properties": { }, "geometry": { "type": "Polygon", "coordinates": [ [ [ -72.597811, 46.335399 ], [ -72.597736, 46.335443 ], [ -72.597594, 46.335325 ], [ -72.597669, 46.335282 ], [ -72.597811, 46.335399 ] ] ] } },
{ "type": "Feature", "properties": { }, "geometry": { "type": "Polygon", "coordinates": [ [ [ -72.594923, 46.341339 ], [ -72.594844, 46.341285 ], [ -72.594963, 46.341202 ], [ -72.595042, 46.341257 ], [ -72.594923, 46.341339 ] ] ] } },
{ "type": "Feature", "properties": { }, "geometry": { "type": "Polygon", "coordinates": [ [ [ -72.594586, 46.333244 ], [ -72.594437, 46.333232 ], [ -72.594454, 46.333131 ], [ -72.594602, 46.333142 ], [ -72.594586, 46.333244 ] ] ] } },
{ "type": "Feature", "properties": { }, "geometry": { "type": "Polygon", "coordinates": [ [ [ -72.595153, 46.333667 ], [ -72.595064, 46.333737 ], [ -72.594947, 46.333666 ], [ -72.595036, 46.333596 ], [ -72.595153, 46.333667 ] ] ] } },
{ "type": "Feature", "properties": { }, "geometry": { "type": "Polygon", "coordinates": [ [ [ -72.596876, 46.336916 ], [ -72.596876, 46.337036 ], [ -72.596675, 46.337036 ], [ -72.596675, 46.336916 ], [ -72.596876, 46.336916 ] ] ] } },
{ "type": "Feature", "properties": { }, "geometry": { "type": "Polygon", "coordinates": [ [ [ -72.5896, 46.339078 ], [ -72.589673, 46.339128 ], [ -72.58956, 46.339205 ], [ -72.589488, 46.339155 ], [ -72.5896, 46.339078 ] ] ] } },
{ "type": "Feature", "properties": { }, "geometry": { "type": "Polygon", "coordinates": [ [ [ -72.618013, 46.34841 ], [ -72.617891, 46.348494 ], [ -72.617804, 46.348434 ], [ -72.617926, 46.34835 ], [ -72.618013, 46.34841 ] ] ] } },
{ "type": "Feature", "properties": { }, "geometry": { "type": "Polygon", "coordinates": [ [ [ -72.605554, 46.349522 ], [ -72.605433, 46.349439 ], [ -72.605514, 46.349384 ], [ -72.605634, 46.349467 ], [ -72.605554, 46.349522 ] ] ] } },
{ "type": "Feature", "properties": { }, "geometry": { "type": "Polygon", "coordinates": [ [ [ -72.609387, 46.341783 ], [ -72.609465, 46.341837 ], [ -72.60936, 46.341909 ], [ -72.609282, 46.341855 ], [ -72.609387, 46.341783 ] ] ] } },
{ "type": "Feature", "properties": { }, "geometry": { "type": "Polygon", "coordinates": [ [ [ -72.607546, 46.342721 ], [ -72.607603, 46.342761 ], [ -72.607469, 46.342853 ], [ -72.607411, 46.342813 ], [ -72.607546, 46.342721 ] ] ] } },
{ "type": "Feature", "properties": { }, "geometry": { "type": "Polygon", "coordinates": [ [ [ -72.618689, 46.347361 ], [ -72.618561, 46.347324 ], [ -72.618631, 46.347211 ], [ -72.618758, 46.347248 ], [ -72.618689, 46.347361 ] ] ] } },
{ "type": "Feature", "properties": { }, "geometry": { "type": "Polygon", "coordinates": [ [ [ -72.608009, 46.35263 ], [ -72.607999, 46.352826 ], [ -72.608106, 46.352828 ], [ -72.608101, 46.352926 ], [ -72.608027, 46.352925 ], [ -72.608024, 46.352987 ], [ -72.607798, 46.352981 ], [ -72.607805, 46.35283 ], [ -72.607923, 46.352832 ], [ -72.607925, 46.352803 ], [ -72.607879, 46.352802 ], [ -72.607888, 46.352627 ], [ -72.608009, 46.35263 ] ] ] } },
{ "type": "Feature", "properties": { }, "geometry": { "type": "Polygon", "coordinates": [ [ [ -72.611486, 46.346026 ], [ -72.611698, 46.346026 ], [ -72.611698, 46.346106 ], [ -72.611486, 46.346106 ], [ -72.611486, 46.346026 ] ] ] } },
{ "type": "Feature", "properties": { }, "geometry": { "type": "Polygon", "coordinates": [ [ [ -72.612178, 46.345156 ], [ -72.612178, 46.345187 ], [ -72.612092, 46.345187 ], [ -72.612092, 46.345146 ], [ -72.612033, 46.345146 ], [ -72.612033, 46.345071 ], [ -72.612226, 46.345071 ], [ -72.612226, 46.345156 ], [ -72.612178, 46.345156 ] ] ] } },
{ "type": "Feature", "properties": { }, "geometry": { "type": "Polygon", "coordinates": [ [ [ -72.607984, 46.340386 ], [ -72.607909, 46.340411 ], [ -72.60787, 46.340357 ], [ -72.607945, 46.340332 ], [ -72.607984, 46.340386 ] ] ] } },
{ "type": "Feature", "properties": { }, "geometry": { "type": "Polygon", "coordinates": [ [ [ -72.605491, 46.34408 ], [ -72.605512, 46.344164 ], [ -72.605366, 46.344181 ], [ -72.605345, 46.344098 ], [ -72.605491, 46.34408 ] ] ] } },
{ "type": "Feature", "properties": { }, "geometry": { "type": "Polygon", "coordinates": [ [ [ -72.593536, 46.333238 ], [ -72.593607, 46.333286 ], [ -72.593635, 46.333266 ], [ -72.593688, 46.333302 ], [ -72.593588, 46.333373 ], [ -72.593464, 46.333288 ], [ -72.593536, 46.333238 ] ] ] } },
{ "type": "Feature", "properties": { }, "geometry": { "type": "Polygon", "coordinates": [ [ [ -72.61084, 46.350056 ], [ -72.610694, 46.350157 ], [ -72.610614, 46.350101 ], [ -72.61076, 46.35 ], [ -72.61084, 46.350056 ] ] ] } },
{ "type": "Feature", "properties": { }, "geometry": { "type": "Polygon", "coordinates": [ [ [ -72.610221, 46.34371 ], [ -72.610445, 46.343603 ], [ -72.610515, 46.343672 ], [ -72.610291, 46.34378 ], [ -72.610221, 46.34371 ] ] ] } },
{ "type": "Feature", "properties": { }, "geometry": { "type": "Polygon", "coordinates": [ [ [ -72.60732, 46.338048 ], [ -72.607191, 46.338151 ], [ -72.607088, 46.33809 ], [ -72.607217, 46.337987 ], [ -72.60732, 46.338048 ] ] ] } },
{ "type": "Feature", "properties": { }, "geometry": { "type": "Polygon", "coordinates": [ [ [ -72.592866, 46.340375 ], [ -72.592792, 46.340324 ], [ -72.592905, 46.340246 ], [ -72.592978, 46.340297 ], [ -72.592866, 46.340375 ] ] ] } },
{ "type": "Feature", "properties": { }, "geometry": { "type": "Polygon", "coordinates": [ [ [ -72.596333, 46.332757 ], [ -72.596227, 46.332681 ], [ -72.596311, 46.332625 ], [ -72.596417, 46.332702 ], [ -72.596333, 46.332757 ] ] ] } },
{ "type": "Feature", "properties": { }, "geometry": { "type": "Polygon", "coordinates": [ [ [ -72.609231, 46.347889 ], [ -72.609316, 46.347948 ], [ -72.609172, 46.348047 ], [ -72.609088, 46.347989 ], [ -72.609231, 46.347889 ] ] ] } },
{ "type": "Feature", "properties": { }, "geometry": { "type": "Polygon", "coordinates": [ [ [ -72.611113, 46.346102 ], [ -72.61096, 46.346102 ], [ -72.61096, 46.346019 ], [ -72.611113, 46.346019 ], [ -72.611113, 46.346102 ] ] ] } },
{ "type": "Feature", "properties": { }, "geometry": { "type": "Polygon", "coordinates": [ [ [ -72.600548, 46.340358 ], [ -72.600548, 46.340482 ], [ -72.600365, 46.340482 ], [ -72.600365, 46.340358 ], [ -72.600548, 46.340358 ] ] ] } },
{ "type": "Feature", "properties": { }, "geometry": { "type": "Polygon", "coordinates": [ [ [ -72.60542, 46.341137 ], [ -72.605264, 46.341244 ], [ -72.605181, 46.341187 ], [ -72.605337, 46.341079 ], [ -72.60542, 46.341137 ] ] ] } },
{ "type": "Feature", "properties": { }, "geometry": { "type": "Polygon", "coordinates": [ [ [ -72.601387, 46.346699 ], [ -72.601374, 46.346781 ], [ -72.601127, 46.346763 ], [ -72.60114, 46.346681 ], [ -72.601387, 46.346699 ] ] ] } },
{ "type": "Feature", "properties": { }, "geometry": { "type": "Polygon", "coordinates": [ [ [ -72.597907, 46.334457 ], [ -72.597831, 46.33451 ], [ -72.597682, 46.334407 ], [ -72.597758, 46.334354 ], [ -72.597907, 46.334457 ] ] ] } },
{ "type": "Feature", "properties": { }, "geometry": { "type": "Polygon", "coordinates": [ [ [ -72.601171, 46.338159 ], [ -72.601022, 46.338053 ], [ -72.601113, 46.337992 ], [ -72.601261, 46.338098 ], [ -72.601171, 46.338159 ] ] ] } },
{ "type": "Feature", "properties": { }, "geometry": { "type": "Polygon", "coordinates": [ [ [ -72.593898, 46.343586 ], [ -72.593972, 46.343535 ], [ -72.594089, 46.343615 ], [ -72.594015, 46.343666 ], [ -72.593898, 46.343586 ] ] ] } },
{ "type": "Feature", "properties": { }, "geometry": { "type": "Polygon", "coordinates": [ [ [ -72.615472, 46.347196 ], [ -72.615322, 46.347196 ], [ -72.61532, 46.347057 ], [ -72.61547, 46.347056 ], [ -72.615472, 46.347196 ] ] ] } },
{ "type": "Feature", "properties": { }, "geometry": { "type": "Polygon", "coordinates": [ [ [ -72.618083, 46.349361 ], [ -72.617985, 46.34945 ], [ -72.617897, 46.349403 ], [ -72.617995, 46.349314 ], [ -72.618083, 46.349361 ] ] ] } },
{ "type": "Feature", "properties": { }, "geometry": { "type": "Polygon", "coordinates": [ [ [ -72.605069, 46.34005 ], [ -72.604921, 46.340152 ], [ -72.604835, 46.340092 ], [ -72.604983, 46.339991 ], [ -72.605069, 46.34005 ] ] ] } },
{ "type": "Feature", "properties": { }, "geometry": { "type": "Polygon", "coordinates": [ [ [ -72.606, 46.3464 ], [ -72.606113, 46.346396 ], [ -72.606121, 46.346511 ], [ -72.606009, 46.346515 ], [ -72.606, 46.3464 ] ] ] } },
{ "type": "Feature", "properties": { }, "geometry": { "type": "Polygon", "coordinates": [ [ [ -72.605098, 46.337635 ], [ -72.605215, 46.337716 ], [ -72.60513, 46.337774 ], [ -72.605014, 46.337693 ], [ -72.605098, 46.337635 ] ] ] } },
{ "type": "Feature", "properties": { }, "geometry": { "type": "Polygon", "coordinates": [ [ [ -72.613787, 46.350891 ], [ -72.614008, 46.350955 ], [ -72.613954, 46.351044 ], [ -72.613733, 46.35098 ], [ -72.613787, 46.350891 ] ] ] } },
{ "type": "Feature", "properties": { }, "geometry": { "type": "Polygon", "coordinates": [ [ [ -72.607406, 46.349851 ], [ -72.607481, 46.349799 ], [ -72.607622, 46.349896 ], [ -72.607547, 46.349948 ], [ -72.607406, 46.349851 ] ] ] } },
{ "type": "Feature", "properties": { }, "geometry": { "type": "Polygon", "coordinates": [ [ [ -72.618248, 46.346376 ], [ -72.618248, 46.346467 ], [ -72.618087, 46.346467 ], [ -72.618087, 46.346376 ], [ -72.618248, 46.346376 ] ] ] } },
{ "type": "Feature", "properties": { }, "geometry": { "type": "Polygon", "coordinates": [ [ [ -72.602427, 46.343839 ], [ -72.602385, 46.343743 ], [ -72.602586, 46.343701 ], [ -72.602629, 46.343797 ], [ -72.602427, 46.343839 ] ] ] } },
{ "type": "Feature", "properties": { }, "geometry": { "type": "Polygon", "coordinates": [ [ [ -72.605622, 46.346111 ], [ -72.605622, 46.346204 ], [ -72.605641, 46.346204 ], [ -72.605641, 46.34628 ], [ -72.605518, 46.34628 ], [ -72.605518, 46.346111 ], [ -72.605622, 46.346111 ] ] ] } },
{ "type": "Feature", "properties": { }, "geometry": { "type": "Polygon", "coordinates": [ [ [ -72.604087, 46.337551 ], [ -72.604231, 46.337612 ], [ -72.604169, 46.337681 ], [ -72.604026, 46.33762 ], [ -72.604087, 46.337551 ] ] ] } },
{ "type": "Feature", "properties": { }, "geometry": { "type": "Polygon", "coordinates": [ [ [ -72.606714, 46.337906 ], [ -72.606566, 46.338015 ], [ -72.606478, 46.337958 ], [ -72.606627, 46.337849 ], [ -72.606714, 46.337906 ] ] ] } },
{ "type": "Feature", "properties": { }, "geometry": { "type": "Polygon", "coordinates": [ [ [ -72.596639, 46.344518 ], [ -72.59654, 46.344459 ], [ -72.596604, 46.344407 ], [ -72.596704, 46.344466 ], [ -72.596639, 46.344518 ] ] ] } },
{ "type": "Feature", "properties": { }, "geometry": { "type": "Polygon", "coordinates": [ [ [ -72.595414, 46.336666 ], [ -72.595481, 46.336788 ], [ -72.595362, 46.336819 ], [ -72.595296, 46.336697 ], [ -72.595414, 46.336666 ] ] ] } },
{ "type": "Feature", "properties": { }, "geometry": { "type": "Polygon", "coordinates": [ [ [ -72.610116, 46.348895 ], [ -72.609968, 46.348796 ], [ -72.610049, 46.348738 ], [ -72.610197, 46.348838 ], [ -72.610116, 46.348895 ] ] ] } },
{ "type": "Feature", "properties": { }, "geometry": { "type": "Polygon", "coordinates": [ [ [ -72.599752, 46.34197 ], [ -72.599756, 46.341883 ], [ -72.599984, 46.341889 ], [ -72.599979, 46.341975 ], [ -72.599752, 46.34197 ] ] ] } },
{ "type": "Feature", "properties": { }, "geometry": { "type": "Polygon", "coordinates": [ [ [ -72.599975, 46.34364 ], [ -72.599857, 46.343722 ], [ -72.59977, 46.343661 ], [ -72.599888, 46.34358 ], [ -72.599975, 46.34364 ] ] ] } },
{ "type": "Feature", "properties": { }, "geometry": { "type": "Polygon", "coordinates": [ [ [ -72.602089, 46.344612 ], [ -72.602241, 46.344718 ], [ -72.60216, 46.344774 ], [ -72.602007, 46.344669 ], [ -72.602089, 46.344612 ] ] ] } },
{ "type": "Feature", "properties": { }, "geometry": { "type": "Polygon", "coordinates": [ [ [ -72.603771, 46.345926 ], [ -72.603652, 46.34596 ], [ -72.603599, 46.345872 ], [ -72.603718, 46.345838 ], [ -72.603771, 46.345926 ] ] ] } },
{ "type": "Feature", "properties": { }, "geometry": { "type": "Polygon", "coordinates": [ [ [ -72.604257, 46.346855 ], [ -72.604402, 46.346855 ], [ -72.604402, 46.346928 ], [ -72.604257, 46.346928 ], [ -72.604257, 46.346855 ] ] ] } },
{ "type": "Feature", "properties": { }, "geometry": { "type": "Polygon", "coordinates": [ [ [ -72.600245, 46.332865 ], [ -72.600132, 46.332865 ], [ -72.600132, 46.332745 ], [ -72.600245, 46.332745 ], [ -72.600245, 46.332865 ] ] ] } },
{ "type": "Feature", "properties": { }, "geometry": { "type": "Polygon", "coordinates": [ [ [ -72.605309, 46.337884 ], [ -72.605178, 46.337815 ], [ -72.605252, 46.337748 ], [ -72.605383, 46.337816 ], [ -72.605309, 46.337884 ] ] ] } },
{ "type": "Feature", "properties": { }, "geometry": { "type": "Polygon", "coordinates": [ [ [ -72.59557, 46.338085 ], [ -72.595568, 46.338248 ], [ -72.59544, 46.338248 ], [ -72.595442, 46.338084 ], [ -72.59557, 46.338085 ] ] ] } },
{ "type": "Feature", "properties": { }, "geometry": { "type": "Polygon", "coordinates": [ [ [ -72.610166, 46.342434 ], [ -72.610052, 46.342355 ], [ -72.610178, 46.342268 ], [ -72.610292, 46.342347 ], [ -72.610166, 46.342434 ] ] ] } },
{ "type": "Feature", "properties": { }, "geometry": { "type": "Polygon", "coordinates": [ [ [ -72.609882, 46.345285 ], [ -72.610008, 46.345285 ], [ -72.610008, 46.345437 ], [ -72.609882, 46.345437 ], [ -72.609882, 46.345285 ] ] ] } },
{ "type": "Feature", "properties": { }, "geometry": { "type": "Polygon", "coordinates": [ [ [ -72.600974, 46.343858 ], [ -72.600901, 46.343912 ], [ -72.600782, 46.343835 ], [ -72.600855, 46.343781 ], [ -72.600974, 46.343858 ] ] ] } },
{ "type": "Feature", "properties": { }, "geometry": { "type": "Polygon", "coordinates": [ [ [ -72.602874, 46.344673 ], [ -72.602713, 46.344565 ], [ -72.602796, 46.344506 ], [ -72.602957, 46.344613 ], [ -72.602874, 46.344673 ] ] ] } },
{ "type": "Feature", "properties": { }, "geometry": { "type": "Polygon", "coordinates": [ [ [ -72.602287, 46.345631 ], [ -72.602197, 46.345693 ], [ -72.602111, 46.345633 ], [ -72.602201, 46.345571 ], [ -72.602287, 46.345631 ] ] ] } },
{ "type": "Feature", "properties": { }, "geometry": { "type": "Polygon", "coordinates": [ [ [ -72.603408, 46.333602 ], [ -72.603521, 46.333679 ], [ -72.60345, 46.333729 ], [ -72.603337, 46.333651 ], [ -72.603408, 46.333602 ] ] ] } },
{ "type": "Feature", "properties": { }, "geometry": { "type": "Polygon", "coordinates": [ [ [ -72.60682, 46.337749 ], [ -72.606907, 46.337814 ], [ -72.606792, 46.337887 ], [ -72.606705, 46.337822 ], [ -72.60682, 46.337749 ] ] ] } },
{ "type": "Feature", "properties": { }, "geometry": { "type": "Polygon", "coordinates": [ [ [ -72.600838, 46.340258 ], [ -72.600925, 46.340329 ], [ -72.600752, 46.340431 ], [ -72.600664, 46.340359 ], [ -72.600838, 46.340258 ] ] ] } },
{ "type": "Feature", "properties": { }, "geometry": { "type": "Polygon", "coordinates": [ [ [ -72.608235, 46.343267 ], [ -72.608162, 46.343217 ], [ -72.608309, 46.343116 ], [ -72.608381, 46.343166 ], [ -72.608235, 46.343267 ] ] ] } },
{ "type": "Feature", "properties": { }, "geometry": { "type": "Polygon", "coordinates": [ [ [ -72.601305, 46.334528 ], [ -72.601182, 46.334613 ], [ -72.601085, 46.334546 ], [ -72.601209, 46.334461 ], [ -72.601305, 46.334528 ] ] ] } },
{ "type": "Feature", "properties": { }, "geometry": { "type": "Polygon", "coordinates": [ [ [ -72.593854, 46.339836 ], [ -72.593988, 46.339888 ], [ -72.593929, 46.339961 ], [ -72.593795, 46.339909 ], [ -72.593854, 46.339836 ] ] ] } },
{ "type": "Feature", "properties": { }, "geometry": { "type": "Polygon", "coordinates": [ [ [ -72.589949, 46.340032 ], [ -72.589733, 46.339979 ], [ -72.58977, 46.339905 ], [ -72.589987, 46.339957 ], [ -72.589949, 46.340032 ] ] ] } },
{ "type": "Feature", "properties": { }, "geometry": { "type": "Polygon", "coordinates": [ [ [ -72.590467, 46.336998 ], [ -72.590335, 46.337089 ], [ -72.590263, 46.337039 ], [ -72.590394, 46.336948 ], [ -72.590467, 46.336998 ] ] ] } },
{ "type": "Feature", "properties": { }, "geometry": { "type": "Polygon", "coordinates": [ [ [ -72.613525, 46.350429 ], [ -72.613673, 46.350478 ], [ -72.613614, 46.350563 ], [ -72.613466, 46.350514 ], [ -72.613525, 46.350429 ] ] ] } },
{ "type": "Feature", "properties": { }, "geometry": { "type": "Polygon", "coordinates": [ [ [ -72.601896, 46.348172 ], [ -72.601688, 46.348069 ], [ -72.601778, 46.347982 ], [ -72.601986, 46.348085 ], [ -72.601896, 46.348172 ] ] ] } },
{ "type": "Feature", "properties": { }, "geometry": { "type": "Polygon", "coordinates": [ [ [ -72.612978, 46.340872 ], [ -72.612844, 46.340806 ], [ -72.612935, 46.340718 ], [ -72.613011, 46.340755 ], [ -72.613037, 46.34073 ], [ -72.613139, 46.340779 ], [ -72.613056, 46.34086 ], [ -72.613012, 46.340839 ], [ -72.612978, 46.340872 ] ] ] } },
{ "type": "Feature", "properties": { }, "geometry": { "type": "Polygon", "coordinates": [ [ [ -72.615721, 46.343276 ], [ -72.615721, 46.343389 ], [ -72.615573, 46.343389 ], [ -72.615573, 46.343276 ], [ -72.615721, 46.343276 ] ] ] } },
{ "type": "Feature", "properties": { }, "geometry": { "type": "Polygon", "coordinates": [ [ [ -72.60095, 46.339456 ], [ -72.60095, 46.339627 ], [ -72.600821, 46.339627 ], [ -72.600821, 46.339456 ], [ -72.60095, 46.339456 ] ] ] } },
{ "type": "Feature", "properties": { }, "geometry": { "type": "Polygon", "coordinates": [ [ [ -72.609944, 46.338786 ], [ -72.610026, 46.338761 ], [ -72.610068, 46.338826 ], [ -72.609985, 46.338851 ], [ -72.609944, 46.338786 ] ] ] } },
{ "type": "Feature", "properties": { }, "geometry": { "type": "Polygon", "coordinates": [ [ [ -72.614548, 46.348881 ], [ -72.614431, 46.348845 ], [ -72.614501, 46.348736 ], [ -72.614619, 46.348772 ], [ -72.614548, 46.348881 ] ] ] } },
{ "type": "Feature", "properties": { }, "geometry": { "type": "Polygon", "coordinates": [ [ [ -72.606402, 46.349441 ], [ -72.606253, 46.349544 ], [ -72.60617, 46.349486 ], [ -72.606318, 46.349384 ], [ -72.606402, 46.349441 ] ] ] } },
{ "type": "Feature", "properties": { }, "geometry": { "type": "Polygon", "coordinates": [ [ [ -72.600119, 46.34223 ], [ -72.600042, 46.342283 ], [ -72.599856, 46.342154 ], [ -72.599932, 46.342101 ], [ -72.600119, 46.34223 ] ] ] } },
{ "type": "Feature", "properties": { }, "geometry": { "type": "Polygon", "coordinates": [ [ [ -72.599798, 46.346162 ], [ -72.599892, 46.346245 ], [ -72.599806, 46.346291 ], [ -72.599712, 46.346209 ], [ -72.599798, 46.346162 ] ] ] } },
{ "type": "Feature", "properties": { }, "geometry": { "type": "Polygon", "coordinates": [ [ [ -72.602436, 46.339823 ], [ -72.602557, 46.339823 ], [ -72.602557, 46.339982 ], [ -72.602436, 46.339982 ], [ -72.602436, 46.339823 ] ] ] } },
{ "type": "Feature", "properties": { }, "geometry": { "type": "Polygon", "coordinates": [ [ [ -72.606738, 46.341988 ], [ -72.606652, 46.342047 ], [ -72.606474, 46.341924 ], [ -72.60656, 46.341864 ], [ -72.606738, 46.341988 ] ] ] } },
{ "type": "Feature", "properties": { }, "geometry": { "type": "Polygon", "coordinates": [ [ [ -72.606458, 46.335147 ], [ -72.606516, 46.335118 ], [ -72.606577, 46.335176 ], [ -72.606534, 46.335198 ], [ -72.606604, 46.335264 ], [ -72.606509, 46.335312 ], [ -72.606407, 46.335218 ], [ -72.606489, 46.335176 ], [ -72.606458, 46.335147 ] ] ] } },
{ "type": "Feature", "properties": { }, "geometry": { "type": "Polygon", "coordinates": [ [ [ -72.610943, 46.351085 ], [ -72.610833, 46.351169 ], [ -72.610744, 46.351114 ], [ -72.610854, 46.35103 ], [ -72.610943, 46.351085 ] ] ] } },
{ "type": "Feature", "properties": { }, "geometry": { "type": "Polygon", "coordinates": [ [ [ -72.608211, 46.349794 ], [ -72.608181, 46.349768 ], [ -72.608275, 46.349716 ], [ -72.608305, 46.349742 ], [ -72.608211, 46.349794 ] ] ] } },
{ "type": "Feature", "properties": { }, "geometry": { "type": "Polygon", "coordinates": [ [ [ -72.602343, 46.34534 ], [ -72.602197, 46.345239 ], [ -72.602267, 46.345191 ], [ -72.602413, 46.345292 ], [ -72.602343, 46.34534 ] ] ] } },
{ "type": "Feature", "properties": { }, "geometry": { "type": "Polygon", "coordinates": [ [ [ -72.605891, 46.345754 ], [ -72.60606, 46.345754 ], [ -72.60606, 46.345828 ], [ -72.605891, 46.345828 ], [ -72.605891, 46.345754 ] ] ] } },
{ "type": "Feature", "properties": { }, "geometry": { "type": "Polygon", "coordinates": [ [ [ -72.604746, 46.346187 ], [ -72.604713, 46.346187 ], [ -72.604713, 46.346249 ], [ -72.604619, 46.346249 ], [ -72.60462, 46.346098 ], [ -72.604746, 46.346098 ], [ -72.604746, 46.346187 ] ] ] } },
{ "type": "Feature", "properties": { }, "geometry": { "type": "Polygon", "coordinates": [ [ [ -72.59508, 46.342762 ], [ -72.595004, 46.342807 ], [ -72.594927, 46.342745 ], [ -72.595003, 46.3427 ], [ -72.59508, 46.342762 ] ] ] } },
{ "type": "Feature", "properties": { }, "geometry": { "type": "Polygon", "coordinates": [ [ [ -72.591295, 46.338448 ], [ -72.591207, 46.338387 ], [ -72.591368, 46.338276 ], [ -72.591456, 46.338337 ], [ -72.591295, 46.338448 ] ] ] } },
{ "type": "Feature", "properties": { }, "geometry": { "type": "Polygon", "coordinates": [ [ [ -72.612631, 46.350249 ], [ -72.612784, 46.350165 ], [ -72.612878, 46.350246 ], [ -72.612768, 46.350306 ], [ -72.612735, 46.350278 ], [ -72.612692, 46.350302 ], [ -72.612631, 46.350249 ] ] ] } },
{ "type": "Feature", "properties": { }, "geometry": { "type": "Polygon", "coordinates": [ [ [ -72.614643, 46.350441 ], [ -72.614816, 46.350482 ], [ -72.614776, 46.350562 ], [ -72.614603, 46.350521 ], [ -72.614643, 46.350441 ] ] ] } },
{ "type": "Feature", "properties": { }, "geometry": { "type": "Polygon", "coordinates": [ [ [ -72.620271, 46.345409 ], [ -72.620252, 46.345563 ], [ -72.620117, 46.345555 ], [ -72.620135, 46.345401 ], [ -72.620271, 46.345409 ] ] ] } },
{ "type": "Feature", "properties": { }, "geometry": { "type": "Polygon", "coordinates": [ [ [ -72.614861, 46.341097 ], [ -72.614963, 46.34106 ], [ -72.61505, 46.341172 ], [ -72.614948, 46.34121 ], [ -72.614861, 46.341097 ] ] ] } },
{ "type": "Feature", "properties": { }, "geometry": { "type": "Polygon", "coordinates": [ [ [ -72.609452, 46.345605 ], [ -72.60944, 46.345524 ], [ -72.609544, 46.345517 ], [ -72.609555, 46.345598 ], [ -72.609452, 46.345605 ] ] ] } },
{ "type": "Feature", "properties": { }, "geometry": { "type": "Polygon", "coordinates": [ [ [ -72.613868, 46.346387 ], [ -72.613868, 46.346474 ], [ -72.613699, 46.346474 ], [ -72.613699, 46.346387 ], [ -72.613868, 46.346387 ] ] ] } },
{ "type": "Feature", "properties": { }, "geometry": { "type": "Polygon", "coordinates": [ [ [ -72.603549, 46.340134 ], [ -72.603383, 46.340019 ], [ -72.603471, 46.339958 ], [ -72.603638, 46.340073 ], [ -72.603549, 46.340134 ] ] ] } },
{ "type": "Feature", "properties": { }, "geometry": { "type": "Polygon", "coordinates": [ [ [ -72.607204, 46.340311 ], [ -72.607283, 46.340365 ], [ -72.607134, 46.340468 ], [ -72.607055, 46.340414 ], [ -72.607204, 46.340311 ] ] ] } },
{ "type": "Feature", "properties": { }, "geometry": { "type": "Polygon", "coordinates": [ [ [ -72.60095, 46.346163 ], [ -72.60092, 46.346079 ], [ -72.601082, 46.346051 ], [ -72.601112, 46.346135 ], [ -72.60095, 46.346163 ] ] ] } },
{ "type": "Feature", "properties": { }, "geometry": { "type": "Polygon", "coordinates": [ [ [ -72.603691, 46.339225 ], [ -72.603581, 46.339149 ], [ -72.603666, 46.339091 ], [ -72.603776, 46.339166 ], [ -72.603691, 46.339225 ] ] ] } },
{ "type": "Feature", "properties": { }, "geometry": { "type": "Polygon", "coordinates": [ [ [ -72.595972, 46.338543 ], [ -72.59609, 46.338543 ], [ -72.59609, 46.338677 ], [ -72.595972, 46.338677 ], [ -72.595972, 46.338543 ] ] ] } },
{ "type": "Feature", "properties": { }, "geometry": { "type": "Polygon", "coordinates": [ [ [ -72.617381, 46.350316 ], [ -72.617266, 46.350284 ], [ -72.617318, 46.350192 ], [ -72.617434, 46.350224 ], [ -72.617381, 46.350316 ] ] ] } },
{ "type": "Feature", "properties": { }, "geometry": { "type": "Polygon", "coordinates": [ [ [ -72.614425, 46.341918 ], [ -72.614565, 46.34188 ], [ -72.61462, 46.341975 ], [ -72.614585, 46.341984 ], [ -72.61462, 46.342043 ], [ -72.614515, 46.342072 ], [ -72.614425, 46.341918 ] ] ] } },
{ "type": "Feature", "properties": { }, "geometry": { "type": "Polygon", "coordinates": [ [ [ -72.601903, 46.342226 ], [ -72.60202, 46.342215 ], [ -72.602052, 46.342367 ], [ -72.601935, 46.342379 ], [ -72.601903, 46.342226 ] ] ] } },
{ "type": "Feature", "properties": { }, "geometry": { "type": "Polygon", "coordinates": [ [ [ -72.60552, 46.345922 ], [ -72.60563, 46.345922 ], [ -72.60563, 46.345965 ], [ -72.605644, 46.345965 ], [ -72.605644, 46.346078 ], [ -72.60552, 46.346078 ], [ -72.60552, 46.345922 ] ] ] } },
{ "type": "Feature", "properties": { }, "geometry": { "type": "Polygon", "coordinates": [ [ [ -72.602908, 46.333297 ], [ -72.602834, 46.333348 ], [ -72.602713, 46.333264 ], [ -72.602787, 46.333213 ], [ -72.602908, 46.333297 ] ] ] } },
{ "type": "Feature", "properties": { }, "geometry": { "type": "Polygon", "coordinates": [ [ [ -72.602938, 46.334259 ], [ -72.603066, 46.334356 ], [ -72.602974, 46.334413 ], [ -72.602846, 46.334316 ], [ -72.602938, 46.334259 ] ] ] } },
{ "type": "Feature", "properties": { }, "geometry": { "type": "Polygon", "coordinates": [ [ [ -72.600463, 46.337228 ], [ -72.600571, 46.337169 ], [ -72.600655, 46.337242 ], [ -72.600547, 46.337301 ], [ -72.600463, 46.337228 ] ] ] } },
{ "type": "Feature", "properties": { }, "geometry": { "type": "Polygon", "coordinates": [ [ [ -72.595226, 46.344666 ], [ -72.595192, 46.344641 ], [ -72.595018, 46.344753 ], [ -72.594906, 46.34467 ], [ -72.595077, 46.344561 ], [ -72.595121, 46.344593 ], [ -72.595283, 46.344489 ], [ -72.595384, 46.344565 ], [ -72.595226, 46.344666 ] ] ] } },
{ "type": "Feature", "properties": { }, "geometry": { "type": "Polygon", "coordinates": [ [ [ -72.590832, 46.339239 ], [ -72.59072, 46.339312 ], [ -72.590641, 46.339254 ], [ -72.590754, 46.339181 ], [ -72.590832, 46.339239 ] ] ] } },
{ "type": "Feature", "properties": { }, "geometry": { "type": "Polygon", "coordinates": [ [ [ -72.619622, 46.34602 ], [ -72.619804, 46.346023 ], [ -72.619801, 46.346114 ], [ -72.619619, 46.346111 ], [ -72.619622, 46.34602 ] ] ] } },
{ "type": "Feature", "properties": { }, "geometry": { "type": "Polygon", "coordinates": [ [ [ -72.6019, 46.340353 ], [ -72.602039, 46.340356 ], [ -72.602031, 46.340549 ], [ -72.601892, 46.340546 ], [ -72.6019, 46.340353 ] ] ] } },
{ "type": "Feature", "properties": { }, "geometry": { "type": "Polygon", "coordinates": [ [ [ -72.598061, 46.343902 ], [ -72.598138, 46.343955 ], [ -72.598017, 46.344038 ], [ -72.597941, 46.343985 ], [ -72.598061, 46.343902 ] ] ] } },
{ "type": "Feature", "properties": { }, "geometry": { "type": "Polygon", "coordinates": [ [ [ -72.603702, 46.346448 ], [ -72.603685, 46.346258 ], [ -72.603844, 46.346252 ], [ -72.603854, 46.346369 ], [ -72.603827, 46.34637 ], [ -72.603834, 46.346443 ], [ -72.603702, 46.346448 ] ] ] } },
{ "type": "Feature", "properties": { }, "geometry": { "type": "Polygon", "coordinates": [ [ [ -72.594181, 46.343329 ], [ -72.594029, 46.343224 ], [ -72.594101, 46.343174 ], [ -72.594254, 46.343279 ], [ -72.594181, 46.343329 ] ] ] } },
{ "type": "Feature", "properties": { }, "geometry": { "type": "Polygon", "coordinates": [ [ [ -72.595626, 46.332186 ], [ -72.595578, 46.332145 ], [ -72.595627, 46.332118 ], [ -72.595675, 46.332159 ], [ -72.595626, 46.332186 ] ] ] } },
{ "type": "Feature", "properties": { }, "geometry": { "type": "Polygon", "coordinates": [ [ [ -72.613909, 46.352498 ], [ -72.614053, 46.35257 ], [ -72.613977, 46.352641 ], [ -72.613833, 46.352569 ], [ -72.613909, 46.352498 ] ] ] } },
{ "type": "Feature", "properties": { }, "geometry": { "type": "Polygon", "coordinates": [ [ [ -72.614846, 46.343109 ], [ -72.614717, 46.343114 ], [ -72.614709, 46.343018 ], [ -72.614838, 46.343013 ], [ -72.614846, 46.343109 ] ] ] } },
{ "type": "Feature", "properties": { }, "geometry": { "type": "Polygon", "coordinates": [ [ [ -72.609546, 46.345091 ], [ -72.609428, 46.345091 ], [ -72.609428, 46.344941 ], [ -72.609546, 46.344941 ], [ -72.609546, 46.345091 ] ] ] } },
{ "type": "Feature", "properties": { }, "geometry": { "type": "Polygon", "coordinates": [ [ [ -72.612843, 46.345132 ], [ -72.612956, 46.345132 ], [ -72.612956, 46.345254 ], [ -72.612843, 46.345254 ], [ -72.612843, 46.345132 ] ] ] } },
{ "type": "Feature", "properties": { }, "geometry": { "type": "Polygon", "coordinates": [ [ [ -72.60439, 46.333785 ], [ -72.604312, 46.333839 ], [ -72.604195, 46.333758 ], [ -72.604273, 46.333704 ], [ -72.60439, 46.333785 ] ] ] } },
{ "type": "Feature", "properties": { }, "geometry": { "type": "Polygon", "coordinates": [ [ [ -72.602495, 46.338379 ], [ -72.602598, 46.33845 ], [ -72.60251, 46.338511 ], [ -72.602406, 46.33844 ], [ -72.602495, 46.338379 ] ] ] } },
{ "type": "Feature", "properties": { }, "geometry": { "type": "Polygon", "coordinates": [ [ [ -72.60987, 46.350724 ], [ -72.609787, 46.350781 ], [ -72.60966, 46.350694 ], [ -72.609744, 46.350637 ], [ -72.60987, 46.350724 ] ] ] } },
{ "type": "Feature", "properties": { }, "geometry": { "type": "Polygon", "coordinates": [ [ [ -72.60597, 46.350126 ], [ -72.606123, 46.350232 ], [ -72.606027, 46.350297 ], [ -72.605875, 46.350192 ], [ -72.60597, 46.350126 ] ] ] } },
{ "type": "Feature", "properties": { }, "geometry": { "type": "Polygon", "coordinates": [ [ [ -72.597904, 46.332446 ], [ -72.597799, 46.332531 ], [ -72.597673, 46.332457 ], [ -72.597778, 46.332372 ], [ -72.597904, 46.332446 ] ] ] } },
{ "type": "Feature", "properties": { }, "geometry": { "type": "Polygon", "coordinates": [ [ [ -72.603307, 46.337976 ], [ -72.603178, 46.338065 ], [ -72.603145, 46.338041 ], [ -72.603187, 46.338012 ], [ -72.603103, 46.337955 ], [ -72.603191, 46.337895 ], [ -72.603307, 46.337976 ] ] ] } },
{ "type": "Feature", "properties": { }, "geometry": { "type": "Polygon", "coordinates": [ [ [ -72.59325, 46.332826 ], [ -72.593077, 46.332993 ], [ -72.592956, 46.332933 ], [ -72.59313, 46.332766 ], [ -72.59325, 46.332826 ] ] ] } },
{ "type": "Feature", "properties": { }, "geometry": { "type": "Polygon", "coordinates": [ [ [ -72.614366, 46.347191 ], [ -72.614366, 46.347072 ], [ -72.614484, 46.347072 ], [ -72.614484, 46.347191 ], [ -72.614366, 46.347191 ] ] ] } },
{ "type": "Feature", "properties": { }, "geometry": { "type": "Polygon", "coordinates": [ [ [ -72.619076, 46.348087 ], [ -72.61897, 46.34816 ], [ -72.618878, 46.348096 ], [ -72.618984, 46.348023 ], [ -72.619076, 46.348087 ] ] ] } },
{ "type": "Feature", "properties": { }, "geometry": { "type": "Polygon", "coordinates": [ [ [ -72.610743, 46.351863 ], [ -72.610874, 46.351863 ], [ -72.610874, 46.351962 ], [ -72.610743, 46.351962 ], [ -72.610743, 46.351863 ] ] ] } },
{ "type": "Feature", "properties": { }, "geometry": { "type": "Polygon", "coordinates": [ [ [ -72.601682, 46.344796 ], [ -72.601598, 46.344855 ], [ -72.601493, 46.344783 ], [ -72.601578, 46.344724 ], [ -72.601682, 46.344796 ] ] ] } },
{ "type": "Feature", "properties": { }, "geometry": { "type": "Polygon", "coordinates": [ [ [ -72.600146, 46.338702 ], [ -72.600051, 46.338771 ], [ -72.599918, 46.338684 ], [ -72.600013, 46.338615 ], [ -72.600146, 46.338702 ] ] ] } },
{ "type": "Feature", "properties": { }, "geometry": { "type": "Polygon", "coordinates": [ [ [ -72.592508, 46.339542 ], [ -72.592411, 46.339609 ], [ -72.592336, 46.339557 ], [ -72.592433, 46.339491 ], [ -72.592508, 46.339542 ] ] ] } },
{ "type": "Feature", "properties": { }, "geometry": { "type": "Polygon", "coordinates": [ [ [ -72.609571, 46.350292 ], [ -72.609547, 46.350312 ], [ -72.609584, 46.350334 ], [ -72.609531, 46.350378 ], [ -72.609421, 46.350316 ], [ -72.609499, 46.350251 ], [ -72.609571, 46.350292 ] ] ] } },
{ "type": "Feature", "properties": { }, "geometry": { "type": "Polygon", "coordinates": [ [ [ -72.616908, 46.345479 ], [ -72.61703, 46.345653 ], [ -72.616918, 46.345691 ], [ -72.616796, 46.345517 ], [ -72.616908, 46.345479 ] ] ] } },
{ "type": "Feature", "properties": { }, "geometry": { "type": "Polygon", "coordinates": [ [ [ -72.608069, 46.345311 ], [ -72.607956, 46.345311 ], [ -72.607956, 46.345183 ], [ -72.608069, 46.345183 ], [ -72.608069, 46.345311 ] ] ] } },
{ "type": "Feature", "properties": { }, "geometry": { "type": "Polygon", "coordinates": [ [ [ -72.597231, 46.339218 ], [ -72.597109, 46.339134 ], [ -72.59719, 46.339079 ], [ -72.597312, 46.339163 ], [ -72.597231, 46.339218 ] ] ] } },
{ "type": "Feature", "properties": { }, "geometry": { "type": "Polygon", "coordinates": [ [ [ -72.616248, 46.351127 ], [ -72.616127, 46.351071 ], [ -72.616234, 46.350962 ], [ -72.616355, 46.351019 ], [ -72.616248, 46.351127 ] ] ] } },
{ "type": "Feature", "properties": { }, "geometry": { "type": "Polygon", "coordinates": [ [ [ -72.61169, 46.346467 ], [ -72.611472, 46.346467 ], [ -72.611472, 46.346394 ], [ -72.61169, 46.346394 ], [ -72.61169, 46.346467 ] ] ] } },
{ "type": "Feature", "properties": { }, "geometry": { "type": "Polygon", "coordinates": [ [ [ -72.603462, 46.342942 ], [ -72.603635, 46.343059 ], [ -72.60355, 46.34312 ], [ -72.603376, 46.343003 ], [ -72.603462, 46.342942 ] ] ] } },
{ "type": "Feature", "properties": { }, "geometry": { "type": "Polygon", "coordinates": [ [ [ -72.600602, 46.332136 ], [ -72.600761, 46.332168 ], [ -72.600731, 46.332239 ], [ -72.600573, 46.332207 ], [ -72.600602, 46.332136 ] ] ] } },
{ "type": "Feature", "properties": { }, "geometry": { "type": "Polygon", "coordinates": [ [ [ -72.605986, 46.337877 ], [ -72.605878, 46.337947 ], [ -72.605798, 46.337889 ], [ -72.605907, 46.337818 ], [ -72.605986, 46.337877 ] ] ] } },
{ "type": "Feature", "properties": { }, "geometry": { "type": "Polygon", "coordinates": [ [ [ -72.600883, 46.338314 ], [ -72.600791, 46.338367 ], [ -72.600659, 46.338255 ], [ -72.600751, 46.338203 ], [ -72.600883, 46.338314 ] ] ] } },
{ "type": "Feature", "properties": { }, "geometry": { "type": "Polygon", "coordinates": [ [ [ -72.590931, 46.33718 ], [ -72.59085, 46.337124 ], [ -72.591003, 46.337018 ], [ -72.591083, 46.337074 ], [ -72.590931, 46.33718 ] ] ] } },
{ "type": "Feature", "properties": { }, "geometry": { "type": "Polygon", "coordinates": [ [ [ -72.591666, 46.338218 ], [ -72.591492, 46.338328 ], [ -72.591408, 46.338264 ], [ -72.591582, 46.338154 ], [ -72.591666, 46.338218 ] ] ] } },
{ "type": "Feature", "properties": { }, "geometry": { "type": "Polygon", "coordinates": [ [ [ -72.611945, 46.347072 ], [ -72.611952, 46.347139 ], [ -72.611778, 46.347147 ], [ -72.611772, 46.34708 ], [ -72.611945, 46.347072 ] ] ] } },
{ "type": "Feature", "properties": { }, "geometry": { "type": "Polygon", "coordinates": [ [ [ -72.613744, 46.347226 ], [ -72.613744, 46.347116 ], [ -72.613862, 46.347116 ], [ -72.613862, 46.347226 ], [ -72.613744, 46.347226 ] ] ] } },
{ "type": "Feature", "properties": { }, "geometry": { "type": "Polygon", "coordinates": [ [ [ -72.608308, 46.343866 ], [ -72.608285, 46.34379 ], [ -72.6085, 46.343759 ], [ -72.608524, 46.343835 ], [ -72.608308, 46.343866 ] ] ] } },
{ "type": "Feature", "properties": { }, "geometry": { "type": "Polygon", "coordinates": [ [ [ -72.608534, 46.34512 ], [ -72.608541, 46.345291 ], [ -72.608433, 46.345293 ], [ -72.608426, 46.345122 ], [ -72.608534, 46.34512 ] ] ] } },
{ "type": "Feature", "properties": { }, "geometry": { "type": "Polygon", "coordinates": [ [ [ -72.600946, 46.338484 ], [ -72.600836, 46.338393 ], [ -72.600934, 46.338336 ], [ -72.601044, 46.338428 ], [ -72.600946, 46.338484 ] ] ] } },
{ "type": "Feature", "properties": { }, "geometry": { "type": "Polygon", "coordinates": [ [ [ -72.597587, 46.334254 ], [ -72.597675, 46.334316 ], [ -72.59751, 46.334429 ], [ -72.597422, 46.334368 ], [ -72.597587, 46.334254 ] ] ] } },
{ "type": "Feature", "properties": { }, "geometry": { "type": "Polygon", "coordinates": [ [ [ -72.606831, 46.348637 ], [ -72.606741, 46.348575 ], [ -72.606852, 46.348499 ], [ -72.606942, 46.348561 ], [ -72.606831, 46.348637 ] ] ] } },
{ "type": "Feature", "properties": { }, "geometry": { "type": "Polygon", "coordinates": [ [ [ -72.617258, 46.345009 ], [ -72.617413, 46.345009 ], [ -72.617413, 46.345117 ], [ -72.617258, 46.345117 ], [ -72.617258, 46.345009 ] ] ] } },
{ "type": "Feature", "properties": { }, "geometry": { "type": "Polygon", "coordinates": [ [ [ -72.615666, 46.345684 ], [ -72.615661, 46.345775 ], [ -72.61549, 46.345771 ], [ -72.615494, 46.34568 ], [ -72.615666, 46.345684 ] ] ] } },
{ "type": "Feature", "properties": { }, "geometry": { "type": "Polygon", "coordinates": [ [ [ -72.605733, 46.338534 ], [ -72.605657, 46.338598 ], [ -72.60549, 46.338505 ], [ -72.605566, 46.33844 ], [ -72.605733, 46.338534 ] ] ] } },
{ "type": "Feature", "properties": { }, "geometry": { "type": "Polygon", "coordinates": [ [ [ -72.605683, 46.339004 ], [ -72.60559, 46.33894 ], [ -72.60573, 46.338843 ], [ -72.605822, 46.338907 ], [ -72.605683, 46.339004 ] ] ] } },
{ "type": "Feature", "properties": { }, "geometry": { "type": "Polygon", "coordinates": [ [ [ -72.619693, 46.347245 ], [ -72.619655, 46.34724 ], [ -72.61967, 46.347184 ], [ -72.619833, 46.347205 ], [ -72.619786, 46.347379 ], [ -72.61966, 46.347363 ], [ -72.619693, 46.347245 ] ] ] } },
{ "type": "Feature", "properties": { }, "geometry": { "type": "Polygon", "coordinates": [ [ [ -72.61656, 46.347152 ], [ -72.61641, 46.347152 ], [ -72.61641, 46.347061 ], [ -72.61656, 46.347061 ], [ -72.61656, 46.347152 ] ] ] } },
{ "type": "Feature", "properties": { }, "geometry": { "type": "Polygon", "coordinates": [ [ [ -72.615229, 46.349515 ], [ -72.615188, 46.349583 ], [ -72.614977, 46.349522 ], [ -72.615025, 46.349443 ], [ -72.615164, 46.349482 ], [ -72.615157, 46.349494 ], [ -72.615229, 46.349515 ] ] ] } },
{ "type": "Feature", "properties": { }, "geometry": { "type": "Polygon", "coordinates": [ [ [ -72.613062, 46.352573 ], [ -72.613001, 46.352667 ], [ -72.612822, 46.352612 ], [ -72.612883, 46.352517 ], [ -72.613062, 46.352573 ] ] ] } },
{ "type": "Feature", "properties": { }, "geometry": { "type": "Polygon", "coordinates": [ [ [ -72.612929, 46.343245 ], [ -72.612929, 46.343343 ], [ -72.612789, 46.343343 ], [ -72.612789, 46.343245 ], [ -72.612929, 46.343245 ] ] ] } },
{ "type": "Feature", "properties": { }, "geometry": { "type": "Polygon", "coordinates": [ [ [ -72.613881, 46.345148 ], [ -72.613881, 46.345232 ], [ -72.613725, 46.345232 ], [ -72.613725, 46.345148 ], [ -72.613881, 46.345148 ] ] ] } },
{ "type": "Feature", "properties": { }, "geometry": { "type": "Polygon", "coordinates": [ [ [ -72.605628, 46.346657 ], [ -72.605602, 46.34656 ], [ -72.605697, 46.346548 ], [ -72.605724, 46.346644 ], [ -72.605628, 46.346657 ] ] ] } },
{ "type": "Feature", "properties": { }, "geometry": { "type": "Polygon", "coordinates": [ [ [ -72.600128, 46.333169 ], [ -72.600288, 46.333185 ], [ -72.600273, 46.333261 ], [ -72.600112, 46.333246 ], [ -72.600128, 46.333169 ] ] ] } },
{ "type": "Feature", "properties": { }, "geometry": { "type": "Polygon", "coordinates": [ [ [ -72.599336, 46.336958 ], [ -72.599287, 46.336887 ], [ -72.599503, 46.336816 ], [ -72.599552, 46.336887 ], [ -72.599336, 46.336958 ] ] ] } },
{ "type": "Feature", "properties": { }, "geometry": { "type": "Polygon", "coordinates": [ [ [ -72.596984, 46.335426 ], [ -72.597155, 46.335534 ], [ -72.597079, 46.335592 ], [ -72.596908, 46.335484 ], [ -72.596984, 46.335426 ] ] ] } },
{ "type": "Feature", "properties": { }, "geometry": { "type": "Polygon", "coordinates": [ [ [ -72.606427, 46.35002 ], [ -72.606343, 46.350078 ], [ -72.606211, 46.349987 ], [ -72.606296, 46.349929 ], [ -72.606427, 46.35002 ] ] ] } },
{ "type": "Feature", "properties": { }, "geometry": { "type": "Polygon", "coordinates": [ [ [ -72.599404, 46.338826 ], [ -72.599322, 46.338769 ], [ -72.599422, 46.3387 ], [ -72.599553, 46.33879 ], [ -72.599471, 46.338846 ], [ -72.599423, 46.338812 ], [ -72.599404, 46.338826 ] ] ] } },
{ "type": "Feature", "properties": { }, "geometry": { "type": "Polygon", "coordinates": [ [ [ -72.596267, 46.339392 ], [ -72.596185, 46.339454 ], [ -72.596017, 46.339348 ], [ -72.596099, 46.339286 ], [ -72.596267, 46.339392 ] ] ] } },
{ "type": "Feature", "properties": { }, "geometry": { "type": "Polygon", "coordinates": [ [ [ -72.592922, 46.334134 ], [ -72.593005, 46.334191 ], [ -72.592863, 46.33429 ], [ -72.59278, 46.334232 ], [ -72.592922, 46.334134 ] ] ] } },
{ "type": "Feature", "properties": { }, "geometry": { "type": "Polygon", "coordinates": [ [ [ -72.593198, 46.335186 ], [ -72.593072, 46.335105 ], [ -72.593152, 46.335046 ], [ -72.593278, 46.335127 ], [ -72.593198, 46.335186 ] ] ] } },
{ "type": "Feature", "properties": { }, "geometry": { "type": "Polygon", "coordinates": [ [ [ -72.599353, 46.34217 ], [ -72.599271, 46.342226 ], [ -72.599102, 46.34211 ], [ -72.599184, 46.342053 ], [ -72.599353, 46.34217 ] ] ] } },
{ "type": "Feature", "properties": { }, "geometry": { "type": "Polygon", "coordinates": [ [ [ -72.603344, 46.342295 ], [ -72.603259, 46.34224 ], [ -72.603357, 46.342169 ], [ -72.603323, 46.342146 ], [ -72.603363, 46.342117 ], [ -72.603393, 46.342137 ], [ -72.603415, 46.342121 ], [ -72.603504, 46.342179 ], [ -72.603344, 46.342295 ] ] ] } },
{ "type": "Feature", "properties": { }, "geometry": { "type": "Polygon", "coordinates": [ [ [ -72.599536, 46.346472 ], [ -72.599459, 46.346526 ], [ -72.599317, 46.346428 ], [ -72.599394, 46.346374 ], [ -72.599536, 46.346472 ] ] ] } },
{ "type": "Feature", "properties": { }, "geometry": { "type": "Polygon", "coordinates": [ [ [ -72.596616, 46.345043 ], [ -72.596504, 46.34512 ], [ -72.596345, 46.345009 ], [ -72.596456, 46.344933 ], [ -72.596616, 46.345043 ] ] ] } },
{ "type": "Feature", "properties": { }, "geometry": { "type": "Polygon", "coordinates": [ [ [ -72.594882, 46.338892 ], [ -72.5949, 46.338773 ], [ -72.595106, 46.338788 ], [ -72.595096, 46.338855 ], [ -72.594995, 46.338847 ], [ -72.594988, 46.338899 ], [ -72.594882, 46.338892 ] ] ] } },
{ "type": "Feature", "properties": { }, "geometry": { "type": "Polygon", "coordinates": [ [ [ -72.619272, 46.346978 ], [ -72.619272, 46.347089 ], [ -72.619157, 46.347089 ], [ -72.619157, 46.346978 ], [ -72.619272, 46.346978 ] ] ] } },
{ "type": "Feature", "properties": { }, "geometry": { "type": "Polygon", "coordinates": [ [ [ -72.617108, 46.343152 ], [ -72.617188, 46.343208 ], [ -72.617099, 46.343269 ], [ -72.617018, 46.343214 ], [ -72.617108, 46.343152 ] ] ] } },
{ "type": "Feature", "properties": { }, "geometry": { "type": "Polygon", "coordinates": [ [ [ -72.609975, 46.344873 ], [ -72.609871, 46.344788 ], [ -72.609942, 46.344747 ], [ -72.610046, 46.344832 ], [ -72.609975, 46.344873 ] ] ] } },
{ "type": "Feature", "properties": { }, "geometry": { "type": "Polygon", "coordinates": [ [ [ -72.603457, 46.341502 ], [ -72.603409, 46.341422 ], [ -72.603551, 46.341381 ], [ -72.603598, 46.341461 ], [ -72.603457, 46.341502 ] ] ] } },
{ "type": "Feature", "properties": { }, "geometry": { "type": "Polygon", "coordinates": [ [ [ -72.607791, 46.343126 ], [ -72.60773, 46.343232 ], [ -72.607619, 46.343202 ], [ -72.60768, 46.343095 ], [ -72.607791, 46.343126 ] ] ] } },
{ "type": "Feature", "properties": { }, "geometry": { "type": "Polygon", "coordinates": [ [ [ -72.607354, 46.34399 ], [ -72.607286, 46.343884 ], [ -72.60739, 46.343852 ], [ -72.607457, 46.343959 ], [ -72.607354, 46.34399 ] ] ] } },
{ "type": "Feature", "properties": { }, "geometry": { "type": "Polygon", "coordinates": [ [ [ -72.599813, 46.344147 ], [ -72.599813, 46.344232 ], [ -72.599652, 46.344232 ], [ -72.599652, 46.344147 ], [ -72.599813, 46.344147 ] ] ] } },
{ "type": "Feature", "properties": { }, "geometry": { "type": "Polygon", "coordinates": [ [ [ -72.607017, 46.339225 ], [ -72.606856, 46.339336 ], [ -72.60677, 46.339277 ], [ -72.606931, 46.339166 ], [ -72.607017, 46.339225 ] ] ] } },
{ "type": "Feature", "properties": { }, "geometry": { "type": "Polygon", "coordinates": [ [ [ -72.600905, 46.339347 ], [ -72.600949, 46.339336 ], [ -72.600979, 46.339395 ], [ -72.600789, 46.339441 ], [ -72.600706, 46.339276 ], [ -72.600852, 46.339241 ], [ -72.600905, 46.339347 ] ] ] } },
{ "type": "Feature", "properties": { }, "geometry": { "type": "Polygon", "coordinates": [ [ [ -72.597127, 46.336108 ], [ -72.597257, 46.336195 ], [ -72.597185, 46.336246 ], [ -72.597054, 46.336159 ], [ -72.597127, 46.336108 ] ] ] } },
{ "type": "Feature", "properties": { }, "geometry": { "type": "Polygon", "coordinates": [ [ [ -72.597326, 46.336231 ], [ -72.597492, 46.336339 ], [ -72.597415, 46.336395 ], [ -72.59725, 46.336286 ], [ -72.597326, 46.336231 ] ] ] } },
{ "type": "Feature", "properties": { }, "geometry": { "type": "Polygon", "coordinates": [ [ [ -72.613657, 46.34844 ], [ -72.613791, 46.348491 ], [ -72.613723, 46.348576 ], [ -72.613589, 46.348525 ], [ -72.613657, 46.34844 ] ] ] } },
{ "type": "Feature", "properties": { }, "geometry": { "type": "Polygon", "coordinates": [ [ [ -72.616426, 46.345565 ], [ -72.616426, 46.345711 ], [ -72.616287, 46.345711 ], [ -72.616287, 46.345565 ], [ -72.616426, 46.345565 ] ] ] } },
{ "type": "Feature", "properties": { }, "geometry": { "type": "Polygon", "coordinates": [ [ [ -72.606483, 46.343271 ], [ -72.606342, 46.343168 ], [ -72.606413, 46.343122 ], [ -72.606554, 46.343225 ], [ -72.606483, 46.343271 ] ] ] } },
{ "type": "Feature", "properties": { }, "geometry": { "type": "Polygon", "coordinates": [ [ [ -72.616014, 46.349378 ], [ -72.616115, 46.349452 ], [ -72.616032, 46.349506 ], [ -72.615931, 46.349431 ], [ -72.616014, 46.349378 ] ] ] } },
{ "type": "Feature", "properties": { }, "geometry": { "type": "Polygon", "coordinates": [ [ [ -72.611617, 46.35048 ], [ -72.611687, 46.350426 ], [ -72.611778, 46.350483 ], [ -72.611645, 46.350585 ], [ -72.611581, 46.350545 ], [ -72.611644, 46.350497 ], [ -72.611617, 46.35048 ] ] ] } },
{ "type": "Feature", "properties": { }, "geometry": { "type": "Polygon", "coordinates": [ [ [ -72.605957, 46.351186 ], [ -72.606114, 46.35129 ], [ -72.60599, 46.35138 ], [ -72.605832, 46.351275 ], [ -72.605957, 46.351186 ] ] ] } },
{ "type": "Feature", "properties": { }, "geometry": { "type": "Polygon", "coordinates": [ [ [ -72.598922, 46.342963 ], [ -72.598824, 46.342884 ], [ -72.598908, 46.342834 ], [ -72.599006, 46.342913 ], [ -72.598922, 46.342963 ] ] ] } },
{ "type": "Feature", "properties": { }, "geometry": { "type": "Polygon", "coordinates": [ [ [ -72.5998, 46.345067 ], [ -72.59971, 46.345011 ], [ -72.599815, 46.344931 ], [ -72.599905, 46.344988 ], [ -72.5998, 46.345067 ] ] ] } },
{ "type": "Feature", "properties": { }, "geometry": { "type": "Polygon", "coordinates": [ [ [ -72.60283, 46.337488 ], [ -72.60283, 46.337575 ], [ -72.602672, 46.337575 ], [ -72.602672, 46.337488 ], [ -72.60283, 46.337488 ] ] ] } },
{ "type": "Feature", "properties": { }, "geometry": { "type": "Polygon", "coordinates": [ [ [ -72.595261, 46.333202 ], [ -72.59514, 46.333292 ], [ -72.595069, 46.333246 ], [ -72.595189, 46.333156 ], [ -72.595261, 46.333202 ] ] ] } },
{ "type": "Feature", "properties": { }, "geometry": { "type": "Polygon", "coordinates": [ [ [ -72.597584, 46.337524 ], [ -72.597512, 46.337594 ], [ -72.597317, 46.337498 ], [ -72.597388, 46.337428 ], [ -72.597584, 46.337524 ] ] ] } },
{ "type": "Feature", "properties": { }, "geometry": { "type": "Polygon", "coordinates": [ [ [ -72.595465, 46.338563 ], [ -72.59564, 46.33855 ], [ -72.595648, 46.338597 ], [ -72.595597, 46.338601 ], [ -72.595608, 46.338669 ], [ -72.595483, 46.338678 ], [ -72.595465, 46.338563 ] ] ] } },
{ "type": "Feature", "properties": { }, "geometry": { "type": "Polygon", "coordinates": [ [ [ -72.61101, 46.349456 ], [ -72.610932, 46.349402 ], [ -72.611058, 46.349315 ], [ -72.611136, 46.349369 ], [ -72.61101, 46.349456 ] ] ] } },
{ "type": "Feature", "properties": { }, "geometry": { "type": "Polygon", "coordinates": [ [ [ -72.613144, 46.351952 ], [ -72.612956, 46.351883 ], [ -72.613026, 46.351791 ], [ -72.613214, 46.35186 ], [ -72.613144, 46.351952 ] ] ] } },
{ "type": "Feature", "properties": { }, "geometry": { "type": "Polygon", "coordinates": [ [ [ -72.605636, 46.339632 ], [ -72.605507, 46.339745 ], [ -72.605418, 46.339697 ], [ -72.605547, 46.339584 ], [ -72.605636, 46.339632 ] ] ] } },
{ "type": "Feature", "properties": { }, "geometry": { "type": "Polygon", "coordinates": [ [ [ -72.600076, 46.335969 ], [ -72.59996, 46.335949 ], [ -72.600001, 46.335838 ], [ -72.600117, 46.335858 ], [ -72.600076, 46.335969 ] ] ] } },
{ "type": "Feature", "properties": { }, "geometry": { "type": "Polygon", "coordinates": [ [ [ -72.616974, 46.348591 ], [ -72.616911, 46.348663 ], [ -72.616776, 46.348606 ], [ -72.61684, 46.348535 ], [ -72.616974, 46.348591 ] ] ] } },
{ "type": "Feature", "properties": { }, "geometry": { "type": "Polygon", "coordinates": [ [ [ -72.610023, 46.341724 ], [ -72.610146, 46.341803 ], [ -72.610064, 46.341864 ], [ -72.609941, 46.341785 ], [ -72.610023, 46.341724 ] ] ] } },
{ "type": "Feature", "properties": { }, "geometry": { "type": "Polygon", "coordinates": [ [ [ -72.617494, 46.34389 ], [ -72.61739, 46.343958 ], [ -72.617299, 46.343891 ], [ -72.617402, 46.343823 ], [ -72.617494, 46.34389 ] ] ] } },
{ "type": "Feature", "properties": { }, "geometry": { "type": "Polygon", "coordinates": [ [ [ -72.611963, 46.346465 ], [ -72.611749, 46.346465 ], [ -72.611749, 46.346396 ], [ -72.611963, 46.346396 ], [ -72.611963, 46.346465 ] ] ] } },
{ "type": "Feature", "properties": { }, "geometry": { "type": "Polygon", "coordinates": [ [ [ -72.602844, 46.343041 ], [ -72.60301, 46.343156 ], [ -72.602931, 46.343211 ], [ -72.602765, 46.343096 ], [ -72.602844, 46.343041 ] ] ] } },
{ "type": "Feature", "properties": { }, "geometry": { "type": "Polygon", "coordinates": [ [ [ -72.60675, 46.340744 ], [ -72.606666, 46.340686 ], [ -72.606781, 46.340606 ], [ -72.606866, 46.340665 ], [ -72.60675, 46.340744 ] ] ] } },
{ "type": "Feature", "properties": { }, "geometry": { "type": "Polygon", "coordinates": [ [ [ -72.602948, 46.337843 ], [ -72.603039, 46.33778 ], [ -72.603159, 46.337863 ], [ -72.603068, 46.337926 ], [ -72.602948, 46.337843 ] ] ] } },
{ "type": "Feature", "properties": { }, "geometry": { "type": "Polygon", "coordinates": [ [ [ -72.596464, 46.339533 ], [ -72.596375, 46.339594 ], [ -72.596209, 46.339479 ], [ -72.596298, 46.339418 ], [ -72.596464, 46.339533 ] ] ] } },
{ "type": "Feature", "properties": { }, "geometry": { "type": "Polygon", "coordinates": [ [ [ -72.597102, 46.33958 ], [ -72.597139, 46.339625 ], [ -72.597035, 46.339665 ], [ -72.596953, 46.339563 ], [ -72.597132, 46.339494 ], [ -72.597178, 46.339551 ], [ -72.597102, 46.33958 ] ] ] } },
{ "type": "Feature", "properties": { }, "geometry": { "type": "Polygon", "coordinates": [ [ [ -72.590913, 46.339856 ], [ -72.591073, 46.339872 ], [ -72.591058, 46.339945 ], [ -72.590898, 46.339929 ], [ -72.590913, 46.339856 ] ] ] } },
{ "type": "Feature", "properties": { }, "geometry": { "type": "Polygon", "coordinates": [ [ [ -72.591512, 46.340836 ], [ -72.591583, 46.340788 ], [ -72.591731, 46.340891 ], [ -72.591661, 46.34094 ], [ -72.591512, 46.340836 ] ] ] } },
{ "type": "Feature", "properties": { }, "geometry": { "type": "Polygon", "coordinates": [ [ [ -72.607468, 46.349107 ], [ -72.607527, 46.349023 ], [ -72.60764, 46.349061 ], [ -72.607591, 46.34913 ], [ -72.607537, 46.349112 ], [ -72.607526, 46.349126 ], [ -72.607468, 46.349107 ] ] ] } },
{ "type": "Feature", "properties": { }, "geometry": { "type": "Polygon", "coordinates": [ [ [ -72.609131, 46.344098 ], [ -72.608932, 46.344098 ], [ -72.608932, 46.344032 ], [ -72.609131, 46.344032 ], [ -72.609131, 46.344098 ] ] ] } },
{ "type": "Feature", "properties": { }, "geometry": { "type": "Polygon", "coordinates": [ [ [ -72.609061, 46.345111 ], [ -72.609061, 46.345269 ], [ -72.608956, 46.345269 ], [ -72.608956, 46.345111 ], [ -72.609061, 46.345111 ] ] ] } },
{ "type": "Feature", "properties": { }, "geometry": { "type": "Polygon", "coordinates": [ [ [ -72.601624, 46.339935 ], [ -72.601619, 46.339861 ], [ -72.601678, 46.339859 ], [ -72.601673, 46.339784 ], [ -72.601807, 46.33978 ], [ -72.601817, 46.339929 ], [ -72.601624, 46.339935 ] ] ] } },
{ "type": "Feature", "properties": { }, "geometry": { "type": "Polygon", "coordinates": [ [ [ -72.600391, 46.342896 ], [ -72.600287, 46.342967 ], [ -72.600176, 46.34289 ], [ -72.600279, 46.342819 ], [ -72.600391, 46.342896 ] ] ] } },
{ "type": "Feature", "properties": { }, "geometry": { "type": "Polygon", "coordinates": [ [ [ -72.597883, 46.332697 ], [ -72.597815, 46.332747 ], [ -72.597735, 46.332694 ], [ -72.597803, 46.332645 ], [ -72.597883, 46.332697 ] ] ] } },
{ "type": "Feature", "properties": { }, "geometry": { "type": "Polygon", "coordinates": [ [ [ -72.592673, 46.341571 ], [ -72.592785, 46.341649 ], [ -72.592713, 46.341699 ], [ -72.5926, 46.341621 ], [ -72.592673, 46.341571 ] ] ] } },
{ "type": "Feature", "properties": { }, "geometry": { "type": "Polygon", "coordinates": [ [ [ -72.592793, 46.333228 ], [ -72.592948, 46.333326 ], [ -72.592676, 46.333531 ], [ -72.592785, 46.3336 ], [ -72.592574, 46.33376 ], [ -72.592527, 46.333731 ], [ -72.592496, 46.333754 ], [ -72.592279, 46.333616 ], [ -72.592793, 46.333228 ] ] ] } },
{ "type": "Feature", "properties": { }, "geometry": { "type": "Polygon", "coordinates": [ [ [ -72.595946, 46.335954 ], [ -72.596025, 46.335904 ], [ -72.596127, 46.335979 ], [ -72.596048, 46.33603 ], [ -72.595946, 46.335954 ] ] ] } },
{ "type": "Feature", "properties": { }, "geometry": { "type": "Polygon", "coordinates": [ [ [ -72.612323, 46.347157 ], [ -72.612323, 46.347076 ], [ -72.612481, 46.347076 ], [ -72.612481, 46.347157 ], [ -72.612323, 46.347157 ] ] ] } },
{ "type": "Feature", "properties": { }, "geometry": { "type": "Polygon", "coordinates": [ [ [ -72.608708, 46.347353 ], [ -72.608519, 46.347213 ], [ -72.608598, 46.347163 ], [ -72.608787, 46.347303 ], [ -72.608708, 46.347353 ] ] ] } },
{ "type": "Feature", "properties": { }, "geometry": { "type": "Polygon", "coordinates": [ [ [ -72.618748, 46.348339 ], [ -72.618654, 46.348418 ], [ -72.618554, 46.34836 ], [ -72.618649, 46.348282 ], [ -72.618748, 46.348339 ] ] ] } },
{ "type": "Feature", "properties": { }, "geometry": { "type": "Polygon", "coordinates": [ [ [ -72.608188, 46.351215 ], [ -72.608189, 46.351193 ], [ -72.608356, 46.351197 ], [ -72.608352, 46.351284 ], [ -72.608265, 46.351282 ], [ -72.608263, 46.351322 ], [ -72.608191, 46.351321 ], [ -72.608192, 46.351285 ], [ -72.608133, 46.351284 ], [ -72.608137, 46.351214 ], [ -72.608188, 46.351215 ] ] ] } },
{ "type": "Feature", "properties": { }, "geometry": { "type": "Polygon", "coordinates": [ [ [ -72.599696, 46.342515 ], [ -72.599542, 46.342402 ], [ -72.599622, 46.34235 ], [ -72.599776, 46.342464 ], [ -72.599696, 46.342515 ] ] ] } },
{ "type": "Feature", "properties": { }, "geometry": { "type": "Polygon", "coordinates": [ [ [ -72.603703, 46.338685 ], [ -72.603615, 46.338746 ], [ -72.603489, 46.338659 ], [ -72.603577, 46.338598 ], [ -72.603703, 46.338685 ] ] ] } },
{ "type": "Feature", "properties": { }, "geometry": { "type": "Polygon", "coordinates": [ [ [ -72.613957, 46.348188 ], [ -72.613898, 46.348281 ], [ -72.613794, 46.34825 ], [ -72.613853, 46.348157 ], [ -72.613957, 46.348188 ] ] ] } },
{ "type": "Feature", "properties": { }, "geometry": { "type": "Polygon", "coordinates": [ [ [ -72.613936, 46.349344 ], [ -72.614031, 46.349397 ], [ -72.613936, 46.349478 ], [ -72.61384, 46.349425 ], [ -72.613936, 46.349344 ] ] ] } },
{ "type": "Feature", "properties": { }, "geometry": { "type": "Polygon", "coordinates": [ [ [ -72.601296, 46.347042 ], [ -72.601296, 46.347129 ], [ -72.60117, 46.347129 ], [ -72.60117, 46.347042 ], [ -72.601296, 46.347042 ] ] ] } },
{ "type": "Feature", "properties": { }, "geometry": { "type": "Polygon", "coordinates": [ [ [ -72.608878, 46.340619 ], [ -72.608944, 46.340686 ], [ -72.608796, 46.340756 ], [ -72.60873, 46.340689 ], [ -72.608878, 46.340619 ] ] ] } },
{ "type": "Feature", "properties": { }, "geometry": { "type": "Polygon", "coordinates": [ [ [ -72.59938, 46.339719 ], [ -72.599431, 46.339878 ], [ -72.599318, 46.339895 ], [ -72.599267, 46.339736 ], [ -72.59938, 46.339719 ] ] ] } },
{ "type": "Feature", "properties": { }, "geometry": { "type": "Polygon", "coordinates": [ [ [ -72.604276, 46.341851 ], [ -72.604375, 46.341851 ], [ -72.604375, 46.341908 ], [ -72.60419, 46.341908 ], [ -72.60419, 46.341806 ], [ -72.604276, 46.341806 ], [ -72.604276, 46.341851 ] ] ] } },
{ "type": "Feature", "properties": { }, "geometry": { "type": "Polygon", "coordinates": [ [ [ -72.60176, 46.346346 ], [ -72.60176, 46.34643 ], [ -72.601607, 46.34643 ], [ -72.601607, 46.346346 ], [ -72.60176, 46.346346 ] ] ] } },
{ "type": "Feature", "properties": { }, "geometry": { "type": "Polygon", "coordinates": [ [ [ -72.605837, 46.336354 ], [ -72.605776, 46.33628 ], [ -72.605953, 46.336211 ], [ -72.606014, 46.336285 ], [ -72.605837, 46.336354 ] ] ] } },
{ "type": "Feature", "properties": { }, "geometry": { "type": "Polygon", "coordinates": [ [ [ -72.60266, 46.33899 ], [ -72.602576, 46.339044 ], [ -72.602427, 46.338935 ], [ -72.602511, 46.33888 ], [ -72.60266, 46.33899 ] ] ] } },
{ "type": "Feature", "properties": { }, "geometry": { "type": "Polygon", "coordinates": [ [ [ -72.595446, 46.341949 ], [ -72.59537, 46.341896 ], [ -72.595484, 46.341817 ], [ -72.59556, 46.34187 ], [ -72.595446, 46.341949 ] ] ] } },
{ "type": "Feature", "properties": { }, "geometry": { "type": "Polygon", "coordinates": [ [ [ -72.615877, 46.349726 ], [ -72.615814, 46.349814 ], [ -72.615691, 46.349771 ], [ -72.615755, 46.349684 ], [ -72.615877, 46.349726 ] ] ] } },
{ "type": "Feature", "properties": { }, "geometry": { "type": "Polygon", "coordinates": [ [ [ -72.605136, 46.34827 ], [ -72.605212, 46.348338 ], [ -72.605094, 46.348401 ], [ -72.605018, 46.348332 ], [ -72.605136, 46.34827 ] ] ] } },
{ "type": "Feature", "properties": { }, "geometry": { "type": "Polygon", "coordinates": [ [ [ -72.611834, 46.343142 ], [ -72.61175, 46.343058 ], [ -72.611878, 46.342997 ], [ -72.611946, 46.343064 ], [ -72.611859, 46.343106 ], [ -72.611876, 46.343122 ], [ -72.611834, 46.343142 ] ] ] } },
{ "type": "Feature", "properties": { }, "geometry": { "type": "Polygon", "coordinates": [ [ [ -72.616115, 46.346802 ], [ -72.615906, 46.346802 ], [ -72.615906, 46.346724 ], [ -72.616115, 46.346724 ], [ -72.616115, 46.346802 ] ] ] } },
{ "type": "Feature", "properties": { }, "geometry": { "type": "Polygon", "coordinates": [ [ [ -72.600592, 46.34451 ], [ -72.60051, 46.344567 ], [ -72.600393, 46.344486 ], [ -72.600475, 46.34443 ], [ -72.600592, 46.34451 ] ] ] } },
{ "type": "Feature", "properties": { }, "geometry": { "type": "Polygon", "coordinates": [ [ [ -72.605511, 46.345748 ], [ -72.605762, 46.345751 ], [ -72.60576, 46.345845 ], [ -72.605682, 46.345844 ], [ -72.605682, 46.345878 ], [ -72.605621, 46.345878 ], [ -72.605622, 46.345844 ], [ -72.605509, 46.345843 ], [ -72.605511, 46.345748 ] ] ] } },
{ "type": "Feature", "properties": { }, "geometry": { "type": "Polygon", "coordinates": [ [ [ -72.596528, 46.34257 ], [ -72.596612, 46.342627 ], [ -72.596495, 46.342708 ], [ -72.596412, 46.34265 ], [ -72.596528, 46.34257 ] ] ] } },
{ "type": "Feature", "properties": { }, "geometry": { "type": "Polygon", "coordinates": [ [ [ -72.594788, 46.337255 ], [ -72.594651, 46.337255 ], [ -72.59465, 46.337142 ], [ -72.59476, 46.337142 ], [ -72.594761, 46.337227 ], [ -72.59497, 46.337226 ], [ -72.594971, 46.337341 ], [ -72.594788, 46.337342 ], [ -72.594788, 46.337255 ] ] ] } },
{ "type": "Feature", "properties": { }, "geometry": { "type": "Polygon", "coordinates": [ [ [ -72.60481, 46.347017 ], [ -72.604912, 46.346981 ], [ -72.605015, 46.34712 ], [ -72.604913, 46.347156 ], [ -72.60481, 46.347017 ] ] ] } },
{ "type": "Feature", "properties": { }, "geometry": { "type": "Polygon", "coordinates": [ [ [ -72.607096, 46.350014 ], [ -72.60701, 46.350081 ], [ -72.606894, 46.350011 ], [ -72.60698, 46.349944 ], [ -72.607096, 46.350014 ] ] ] } },
{ "type": "Feature", "properties": { }, "geometry": { "type": "Polygon", "coordinates": [ [ [ -72.614142, 46.342109 ], [ -72.614022, 46.342164 ], [ -72.613955, 46.342096 ], [ -72.614075, 46.34204 ], [ -72.614142, 46.342109 ] ] ] } },
{ "type": "Feature", "properties": { }, "geometry": { "type": "Polygon", "coordinates": [ [ [ -72.60873, 46.34228 ], [ -72.608844, 46.342338 ], [ -72.608772, 46.342405 ], [ -72.608658, 46.342346 ], [ -72.60873, 46.34228 ] ] ] } },
{ "type": "Feature", "properties": { }, "geometry": { "type": "Polygon", "coordinates": [ [ [ -72.618709, 46.346387 ], [ -72.618819, 46.346387 ], [ -72.618819, 46.346505 ], [ -72.618709, 46.346505 ], [ -72.618709, 46.346387 ] ] ] } },
{ "type": "Feature", "properties": { }, "geometry": { "type": "Polygon", "coordinates": [ [ [ -72.603676, 46.339742 ], [ -72.603554, 46.339658 ], [ -72.603639, 46.3396 ], [ -72.603761, 46.339684 ], [ -72.603676, 46.339742 ] ] ] } },
{ "type": "Feature", "properties": { }, "geometry": { "type": "Polygon", "coordinates": [ [ [ -72.599451, 46.343993 ], [ -72.599367, 46.343936 ], [ -72.599524, 46.343827 ], [ -72.599608, 46.343885 ], [ -72.599451, 46.343993 ] ] ] } },
{ "type": "Feature", "properties": { }, "geometry": { "type": "Polygon", "coordinates": [ [ [ -72.601494, 46.332347 ], [ -72.601326, 46.332347 ], [ -72.601326, 46.332271 ], [ -72.601494, 46.332271 ], [ -72.601494, 46.332347 ] ] ] } },
{ "type": "Feature", "properties": { }, "geometry": { "type": "Polygon", "coordinates": [ [ [ -72.60086, 46.332525 ], [ -72.600809, 46.332589 ], [ -72.600681, 46.33254 ], [ -72.600732, 46.332476 ], [ -72.60086, 46.332525 ] ] ] } },
{ "type": "Feature", "properties": { }, "geometry": { "type": "Polygon", "coordinates": [ [ [ -72.593507, 46.333167 ], [ -72.593396, 46.333246 ], [ -72.593276, 46.333167 ], [ -72.593359, 46.333106 ], [ -72.593422, 46.333148 ], [ -72.593449, 46.333129 ], [ -72.593507, 46.333167 ] ] ] } },
{ "type": "Feature", "properties": { }, "geometry": { "type": "Polygon", "coordinates": [ [ [ -72.592649, 46.334372 ], [ -72.592788, 46.33447 ], [ -72.592703, 46.334527 ], [ -72.592565, 46.334429 ], [ -72.592649, 46.334372 ] ] ] } },
{ "type": "Feature", "properties": { }, "geometry": { "type": "Polygon", "coordinates": [ [ [ -72.608344, 46.348952 ], [ -72.608234, 46.349028 ], [ -72.608148, 46.348969 ], [ -72.608258, 46.348893 ], [ -72.608344, 46.348952 ] ] ] } },
{ "type": "Feature", "properties": { }, "geometry": { "type": "Polygon", "coordinates": [ [ [ -72.610086, 46.344277 ], [ -72.610017, 46.344209 ], [ -72.610198, 46.344122 ], [ -72.610267, 46.34419 ], [ -72.610086, 46.344277 ] ] ] } },
{ "type": "Feature", "properties": { }, "geometry": { "type": "Polygon", "coordinates": [ [ [ -72.597637, 46.339618 ], [ -72.59773, 46.339679 ], [ -72.597654, 46.339734 ], [ -72.597697, 46.339763 ], [ -72.597623, 46.339817 ], [ -72.597487, 46.339727 ], [ -72.597637, 46.339618 ] ] ] } },
{ "type": "Feature", "properties": { }, "geometry": { "type": "Polygon", "coordinates": [ [ [ -72.613058, 46.35029 ], [ -72.61319, 46.350289 ], [ -72.613191, 46.350393 ], [ -72.613076, 46.350393 ], [ -72.613075, 46.350342 ], [ -72.613059, 46.350342 ], [ -72.613058, 46.35029 ] ] ] } },
{ "type": "Feature", "properties": { }, "geometry": { "type": "Polygon", "coordinates": [ [ [ -72.609795, 46.351441 ], [ -72.609713, 46.351501 ], [ -72.609583, 46.351418 ], [ -72.609666, 46.351357 ], [ -72.609795, 46.351441 ] ] ] } },
{ "type": "Feature", "properties": { }, "geometry": { "type": "Polygon", "coordinates": [ [ [ -72.602999, 46.346929 ], [ -72.602999, 46.347004 ], [ -72.60279, 46.347004 ], [ -72.60279, 46.346929 ], [ -72.602999, 46.346929 ] ] ] } },
{ "type": "Feature", "properties": { }, "geometry": { "type": "Polygon", "coordinates": [ [ [ -72.612916, 46.341889 ], [ -72.612781, 46.341816 ], [ -72.612883, 46.341725 ], [ -72.612982, 46.341778 ], [ -72.612953, 46.341804 ], [ -72.61299, 46.341823 ], [ -72.612916, 46.341889 ] ] ] } },
{ "type": "Feature", "properties": { }, "geometry": { "type": "Polygon", "coordinates": [ [ [ -72.600471, 46.345483 ], [ -72.600529, 46.345553 ], [ -72.600342, 46.345627 ], [ -72.600284, 46.345558 ], [ -72.600471, 46.345483 ] ] ] } },
{ "type": "Feature", "properties": { }, "geometry": { "type": "Polygon", "coordinates": [ [ [ -72.598136, 46.335152 ], [ -72.598052, 46.335213 ], [ -72.597898, 46.335111 ], [ -72.597981, 46.335051 ], [ -72.598136, 46.335152 ] ] ] } },
{ "type": "Feature", "properties": { }, "geometry": { "type": "Polygon", "coordinates": [ [ [ -72.598939, 46.335899 ], [ -72.598883, 46.336054 ], [ -72.598755, 46.336032 ], [ -72.598811, 46.335877 ], [ -72.598939, 46.335899 ] ] ] } },
{ "type": "Feature", "properties": { }, "geometry": { "type": "Polygon", "coordinates": [ [ [ -72.592204, 46.342937 ], [ -72.59237, 46.342828 ], [ -72.592568, 46.342972 ], [ -72.592403, 46.343081 ], [ -72.592204, 46.342937 ] ] ] } },
{ "type": "Feature", "properties": { }, "geometry": { "type": "Polygon", "coordinates": [ [ [ -72.606816, 46.33976 ], [ -72.606749, 46.339708 ], [ -72.606897, 46.339616 ], [ -72.606983, 46.339682 ], [ -72.60688, 46.339746 ], [ -72.606862, 46.339732 ], [ -72.606816, 46.33976 ] ] ] } },
{ "type": "Feature", "properties": { }, "geometry": { "type": "Polygon", "coordinates": [ [ [ -72.604772, 46.346439 ], [ -72.60463, 46.346442 ], [ -72.604624, 46.346292 ], [ -72.604766, 46.346289 ], [ -72.604772, 46.346439 ] ] ] } },
{ "type": "Feature", "properties": { }, "geometry": { "type": "Polygon", "coordinates": [ [ [ -72.609384, 46.337435 ], [ -72.609485, 46.337537 ], [ -72.60931, 46.33762 ], [ -72.609209, 46.337518 ], [ -72.609384, 46.337435 ] ] ] } },
{ "type": "Feature", "properties": { }, "geometry": { "type": "Polygon", "coordinates": [ [ [ -72.603222, 46.333469 ], [ -72.603347, 46.333552 ], [ -72.603299, 46.333587 ], [ -72.603329, 46.333607 ], [ -72.603291, 46.333634 ], [ -72.603136, 46.333532 ], [ -72.603222, 46.333469 ] ] ] } },
{ "type": "Feature", "properties": { }, "geometry": { "type": "Polygon", "coordinates": [ [ [ -72.596342, 46.339052 ], [ -72.596208, 46.338975 ], [ -72.596286, 46.338911 ], [ -72.596419, 46.338987 ], [ -72.596342, 46.339052 ] ] ] } },
{ "type": "Feature", "properties": { }, "geometry": { "type": "Polygon", "coordinates": [ [ [ -72.605132, 46.343535 ], [ -72.605022, 46.343588 ], [ -72.604839, 46.343407 ], [ -72.604948, 46.343354 ], [ -72.605132, 46.343535 ] ] ] } },
{ "type": "Feature", "properties": { }, "geometry": { "type": "Polygon", "coordinates": [ [ [ -72.605974, 46.346417 ], [ -72.605886, 46.346422 ], [ -72.605877, 46.346357 ], [ -72.605964, 46.346351 ], [ -72.605974, 46.346417 ] ] ] } },
{ "type": "Feature", "properties": { }, "geometry": { "type": "Polygon", "coordinates": [ [ [ -72.596374, 46.334567 ], [ -72.596333, 46.334542 ], [ -72.596406, 46.334484 ], [ -72.596526, 46.334555 ], [ -72.596409, 46.334649 ], [ -72.596331, 46.334602 ], [ -72.596374, 46.334567 ] ] ] } },
{ "type": "Feature", "properties": { }, "geometry": { "type": "Polygon", "coordinates": [ [ [ -72.590134, 46.338665 ], [ -72.590205, 46.338616 ], [ -72.590316, 46.338692 ], [ -72.590245, 46.338742 ], [ -72.590134, 46.338665 ] ] ] } },
{ "type": "Feature", "properties": { }, "geometry": { "type": "Polygon", "coordinates": [ [ [ -72.613358, 46.349455 ], [ -72.613464, 46.349528 ], [ -72.613371, 46.349592 ], [ -72.613265, 46.349519 ], [ -72.613358, 46.349455 ] ] ] } },
{ "type": "Feature", "properties": { }, "geometry": { "type": "Polygon", "coordinates": [ [ [ -72.605886, 46.348082 ], [ -72.605794, 46.348132 ], [ -72.605682, 46.348033 ], [ -72.605774, 46.347983 ], [ -72.605886, 46.348082 ] ] ] } },
{ "type": "Feature", "properties": { }, "geometry": { "type": "Polygon", "coordinates": [ [ [ -72.607107, 46.351095 ], [ -72.606805, 46.350881 ], [ -72.606935, 46.350794 ], [ -72.607237, 46.351008 ], [ -72.607107, 46.351095 ] ] ] } },
{ "type": "Feature", "properties": { }, "geometry": { "type": "Polygon", "coordinates": [ [ [ -72.602803, 46.339538 ], [ -72.602968, 46.339652 ], [ -72.602889, 46.339706 ], [ -72.602724, 46.339592 ], [ -72.602803, 46.339538 ] ] ] } },
{ "type": "Feature", "properties": { }, "geometry": { "type": "Polygon", "coordinates": [ [ [ -72.610791, 46.338001 ], [ -72.610963, 46.338001 ], [ -72.610963, 46.33814 ], [ -72.610791, 46.33814 ], [ -72.610791, 46.338001 ] ] ] } },
{ "type": "Feature", "properties": { }, "geometry": { "type": "Polygon", "coordinates": [ [ [ -72.603935, 46.3336 ], [ -72.60381, 46.333541 ], [ -72.603873, 46.333478 ], [ -72.603997, 46.333538 ], [ -72.603935, 46.3336 ] ] ] } },
{ "type": "Feature", "properties": { }, "geometry": { "type": "Polygon", "coordinates": [ [ [ -72.60046, 46.334974 ], [ -72.600543, 46.33503 ], [ -72.600394, 46.335136 ], [ -72.600311, 46.33508 ], [ -72.60046, 46.334974 ] ] ] } },
{ "type": "Feature", "properties": { }, "geometry": { "type": "Polygon", "coordinates": [ [ [ -72.609055, 46.34866 ], [ -72.608933, 46.348584 ], [ -72.609013, 46.348522 ], [ -72.609136, 46.348599 ], [ -72.609055, 46.34866 ] ] ] } },
{ "type": "Feature", "properties": { }, "geometry": { "type": "Polygon", "coordinates": [ [ [ -72.613121, 46.342 ], [ -72.613287, 46.341988 ], [ -72.613304, 46.342105 ], [ -72.613138, 46.342117 ], [ -72.613121, 46.342 ] ] ] } },
{ "type": "Feature", "properties": { }, "geometry": { "type": "Polygon", "coordinates": [ [ [ -72.613412, 46.346026 ], [ -72.613623, 46.346026 ], [ -72.613623, 46.346093 ], [ -72.613412, 46.346093 ], [ -72.613412, 46.346026 ] ] ] } },
{ "type": "Feature", "properties": { }, "geometry": { "type": "Polygon", "coordinates": [ [ [ -72.603542, 46.339546 ], [ -72.603459, 46.339604 ], [ -72.603275, 46.339477 ], [ -72.603359, 46.339419 ], [ -72.603542, 46.339546 ] ] ] } },
{ "type": "Feature", "properties": { }, "geometry": { "type": "Polygon", "coordinates": [ [ [ -72.606241, 46.340739 ], [ -72.606166, 46.34079 ], [ -72.606041, 46.340704 ], [ -72.606116, 46.340653 ], [ -72.606241, 46.340739 ] ] ] } },
{ "type": "Feature", "properties": { }, "geometry": { "type": "Polygon", "coordinates": [ [ [ -72.598364, 46.335242 ], [ -72.598307, 46.335323 ], [ -72.598105, 46.335255 ], [ -72.598162, 46.335174 ], [ -72.598364, 46.335242 ] ] ] } },
{ "type": "Feature", "properties": { }, "geometry": { "type": "Polygon", "coordinates": [ [ [ -72.595127, 46.339738 ], [ -72.595187, 46.33978 ], [ -72.595222, 46.339755 ], [ -72.595265, 46.339785 ], [ -72.595236, 46.339805 ], [ -72.595304, 46.339853 ], [ -72.59522, 46.339911 ], [ -72.595048, 46.339793 ], [ -72.595127, 46.339738 ] ] ] } },
{ "type": "Feature", "properties": { }, "geometry": { "type": "Polygon", "coordinates": [ [ [ -72.595303, 46.343583 ], [ -72.595197, 46.34351 ], [ -72.595277, 46.343454 ], [ -72.595383, 46.343527 ], [ -72.595303, 46.343583 ] ] ] } },
{ "type": "Feature", "properties": { }, "geometry": { "type": "Polygon", "coordinates": [ [ [ -72.599421, 46.341595 ], [ -72.599421, 46.341514 ], [ -72.599598, 46.341514 ], [ -72.599598, 46.341595 ], [ -72.599421, 46.341595 ] ] ] } },
{ "type": "Feature", "properties": { }, "geometry": { "type": "Polygon", "coordinates": [ [ [ -72.600504, 46.339082 ], [ -72.600326, 46.338964 ], [ -72.600429, 46.33889 ], [ -72.600607, 46.339007 ], [ -72.600504, 46.339082 ] ] ] } },
{ "type": "Feature", "properties": { }, "geometry": { "type": "Polygon", "coordinates": [ [ [ -72.603081, 46.339241 ], [ -72.602997, 46.339299 ], [ -72.602836, 46.339188 ], [ -72.60292, 46.339129 ], [ -72.603081, 46.339241 ] ] ] } },
{ "type": "Feature", "properties": { }, "geometry": { "type": "Polygon", "coordinates": [ [ [ -72.595769, 46.333153 ], [ -72.595682, 46.333093 ], [ -72.595826, 46.332994 ], [ -72.595913, 46.333054 ], [ -72.595769, 46.333153 ] ] ] } },
{ "type": "Feature", "properties": { }, "geometry": { "type": "Polygon", "coordinates": [ [ [ -72.610219, 46.347794 ], [ -72.610134, 46.347736 ], [ -72.610275, 46.347637 ], [ -72.61036, 46.347694 ], [ -72.610219, 46.347794 ] ] ] } },
{ "type": "Feature", "properties": { }, "geometry": { "type": "Polygon", "coordinates": [ [ [ -72.613237, 46.340186 ], [ -72.613162, 46.340126 ], [ -72.613281, 46.340056 ], [ -72.613355, 46.340116 ], [ -72.613237, 46.340186 ] ] ] } },
{ "type": "Feature", "properties": { }, "geometry": { "type": "Polygon", "coordinates": [ [ [ -72.603638, 46.341795 ], [ -72.603402, 46.341854 ], [ -72.603365, 46.341782 ], [ -72.6036, 46.341723 ], [ -72.603638, 46.341795 ] ] ] } },
{ "type": "Feature", "properties": { }, "geometry": { "type": "Polygon", "coordinates": [ [ [ -72.607406, 46.338593 ], [ -72.60728, 46.338657 ], [ -72.607202, 46.338584 ], [ -72.607328, 46.33852 ], [ -72.607406, 46.338593 ] ] ] } },
{ "type": "Feature", "properties": { }, "geometry": { "type": "Polygon", "coordinates": [ [ [ -72.594877, 46.341721 ], [ -72.594941, 46.341677 ], [ -72.59506, 46.34176 ], [ -72.594935, 46.341846 ], [ -72.594857, 46.341792 ], [ -72.594919, 46.34175 ], [ -72.594877, 46.341721 ] ] ] } },
{ "type": "Feature", "properties": { }, "geometry": { "type": "Polygon", "coordinates": [ [ [ -72.594741, 46.333838 ], [ -72.594851, 46.333914 ], [ -72.594768, 46.333971 ], [ -72.594658, 46.333895 ], [ -72.594741, 46.333838 ] ] ] } },
{ "type": "Feature", "properties": { }, "geometry": { "type": "Polygon", "coordinates": [ [ [ -72.61106, 46.340629 ], [ -72.610965, 46.340683 ], [ -72.610862, 46.340596 ], [ -72.610958, 46.340542 ], [ -72.61106, 46.340629 ] ] ] } },
{ "type": "Feature", "properties": { }, "geometry": { "type": "Polygon", "coordinates": [ [ [ -72.615207, 46.34197 ], [ -72.615096, 46.342047 ], [ -72.61505, 46.342015 ], [ -72.615093, 46.341986 ], [ -72.615029, 46.341941 ], [ -72.615097, 46.341894 ], [ -72.615207, 46.34197 ] ] ] } },
{ "type": "Feature", "properties": { }, "geometry": { "type": "Polygon", "coordinates": [ [ [ -72.589877, 46.339344 ], [ -72.589948, 46.339393 ], [ -72.58984, 46.339467 ], [ -72.589771, 46.339419 ], [ -72.589813, 46.33939 ], [ -72.58978, 46.339366 ], [ -72.589817, 46.339341 ], [ -72.58985, 46.339363 ], [ -72.589877, 46.339344 ] ] ] } },
{ "type": "Feature", "properties": { }, "geometry": { "type": "Polygon", "coordinates": [ [ [ -72.608787, 46.35196 ], [ -72.608915, 46.352048 ], [ -72.608829, 46.352107 ], [ -72.608702, 46.352019 ], [ -72.608787, 46.35196 ] ] ] } },
{ "type": "Feature", "properties": { }, "geometry": { "type": "Polygon", "coordinates": [ [ [ -72.602217, 46.348767 ], [ -72.602137, 46.348875 ], [ -72.601851, 46.348773 ], [ -72.601931, 46.348665 ], [ -72.602217, 46.348767 ] ] ] } },
{ "type": "Feature", "properties": { }, "geometry": { "type": "Polygon", "coordinates": [ [ [ -72.614775, 46.341485 ], [ -72.614896, 46.341596 ], [ -72.614807, 46.341642 ], [ -72.614686, 46.341532 ], [ -72.614775, 46.341485 ] ] ] } },
{ "type": "Feature", "properties": { }, "geometry": { "type": "Polygon", "coordinates": [ [ [ -72.61364, 46.342811 ], [ -72.613786, 46.342789 ], [ -72.61383, 46.342929 ], [ -72.613684, 46.342951 ], [ -72.61364, 46.342811 ] ] ] } },
{ "type": "Feature", "properties": { }, "geometry": { "type": "Polygon", "coordinates": [ [ [ -72.59641, 46.344256 ], [ -72.596337, 46.344313 ], [ -72.59622, 46.344241 ], [ -72.596294, 46.344185 ], [ -72.59641, 46.344256 ] ] ] } },
{ "type": "Feature", "properties": { }, "geometry": { "type": "Polygon", "coordinates": [ [ [ -72.597106, 46.339012 ], [ -72.597018, 46.339066 ], [ -72.59685, 46.338936 ], [ -72.596939, 46.338881 ], [ -72.597106, 46.339012 ] ] ] } }
]
}
