timestamp,temp_air,ghi
1989-12-31 19:00:00-05:00,-3.9700,0.0000
1989-12-31 20:00:00-05:00,-3.6200,0.0000
1989-12-31 21:00:00-05:00,-3.2700,0.0000
1989-12-31 22:00:00-05:00,-2.9200,0.0000
1989-12-31 23:00:00-05:00,-2.5700,0.0000
1990-01-01 00:00:00-05:00,-2.2200,0.0000
1990-01-01 01:00:00-05:00,-1.8700,0.0000
1990-01-01 02:00:00-05:00,-1.5300,0.0000
1990-01-01 03:00:00-05:00,-0.7300,0.0000
1990-01-01 04:00:00-05:00,-0.6300,0.0000
1990-01-01 05:00:00-05:00,-0.4600,0.0000
1990-01-01 06:00:00-05:00,-0.2400,0.0000
1990-01-01 07:00:00-05:00,-0.1400,0.0000
1990-01-01 08:00:00-05:00,-0.2900,36.2000
1990-01-01 09:00:00-05:00,-0.0100,126.3500
1990-01-01 10:00:00-05:00,0.2300,234.4500
1990-01-01 11:00:00-05:00,-0.1900,314.3500
1990-01-01 12:00:00-05:00,-0.8900,305.7000
1990-01-01 13:00:00-05:00,-1.9000,255.0000
1990-01-01 14:00:00-05:00,-3.2000,173.3500
1990-01-01 15:00:00-05:00,-4.4400,67.7500
1990-01-01 16:00:00-05:00,-6.0900,0.6000
1990-01-01 17:00:00-05:00,-7.7000,0.0000
1990-01-01 18:00:00-05:00,-9.1500,0.0000
1990-01-01 19:00:00-05:00,-10.4100,0.0000
1990-01-01 20:00:00-05:00,-11.8100,0.0000
1990-01-01 21:00:00-05:00,-13.0700,0.0000
1990-01-01 22:00:00-05:00,-14.2800,0.0000
1990-01-01 23:00:00-05:00,-15.2400,0.0000
1990-01-02 00:00:00-05:00,-16.1300,0.0000
1990-01-02 01:00:00-05:00,-17.5700,0.0000
1990-01-02 02:00:00-05:00,-19.2900,0.0000
1990-01-02 03:00:00-05:00,-20.3800,0.0000
1990-01-02 04:00:00-05:00,-21.2800,0.0000
1990-01-02 05:00:00-05:00,-21.9200,0.0000
1990-01-02 06:00:00-05:00,-22.0100,0.0000
1990-01-02 07:00:00-05:00,-21.6000,0.0000
1990-01-02 08:00:00-05:00,-20.2700,100.7000
1990-01-02 09:00:00-05:00,-19.9200,230.3500
1990-01-02 10:00:00-05:00,-19.0500,328.2500
1990-01-02 11:00:00-05:00,-17.7200,377.4000
1990-01-02 12:00:00-05:00,-16.7100,372.2000
1990-01-02 13:00:00-05:00,-15.4000,312.0000
1990-01-02 14:00:00-05:00,-15.4400,195.3000
1990-01-02 15:00:00-05:00,-15.2200,74.6000
1990-01-02 16:00:00-05:00,-15.5400,0.7500
1990-01-02 17:00:00-05:00,-19.3200,0.0000
1990-01-02 18:00:00-05:00,-20.2600,0.0000
1990-01-02 19:00:00-05:00,-19.6600,0.0000
1990-01-02 20:00:00-05:00,-19.1500,0.0000
1990-01-02 21:00:00-05:00,-18.7100,0.0000
1990-01-02 22:00:00-05:00,-18.3100,0.0000
1990-01-02 23:00:00-05:00,-17.9100,0.0000
1990-01-03 00:00:00-05:00,-17.2600,0.0000
1990-01-03 01:00:00-05:00,-16.4300,0.0000
1990-01-03 02:00:00-05:00,-16.0300,0.0000
1990-01-03 03:00:00-05:00,-15.2200,0.0000
1990-01-03 04:00:00-05:00,-14.6600,0.0000
1990-01-03 05:00:00-05:00,-14.2200,0.0000
1990-01-03 06:00:00-05:00,-13.8900,0.0000
1990-01-03 07:00:00-05:00,-13.8000,0.0000
1990-01-03 08:00:00-05:00,-14.0800,75.3500
1990-01-03 09:00:00-05:00,-13.7600,162.8000
1990-01-03 10:00:00-05:00,-12.7700,253.2500
1990-01-03 11:00:00-05:00,-11.4000,324.1500
1990-01-03 12:00:00-05:00,-9.8700,257.1000
1990-01-03 13:00:00-05:00,-8.6400,211.7500
1990-01-03 14:00:00-05:00,-8.4400,118.3000
1990-01-03 15:00:00-05:00,-8.3100,52.0500
1990-01-03 16:00:00-05:00,-8.7200,0.8500
1990-01-03 17:00:00-05:00,-9.2900,0.0000
1990-01-03 18:00:00-05:00,-9.4200,0.0000
1990-01-03 19:00:00-05:00,-9.4100,0.0000
1990-01-03 20:00:00-05:00,-9.7500,0.0000
1990-01-03 21:00:00-05:00,-9.0400,0.0000
1990-01-03 22:00:00-05:00,-8.4200,0.0000
1990-01-03 23:00:00-05:00,-8.2400,0.0000
1990-01-04 00:00:00-05:00,-7.4600,0.0000
1990-01-04 01:00:00-05:00,-6.6000,0.0000
1990-01-04 02:00:00-05:00,-5.6000,0.0000
1990-01-04 03:00:00-05:00,-4.5800,0.0000
1990-01-04 04:00:00-05:00,-3.7200,0.0000
1990-01-04 05:00:00-05:00,-3.1200,0.0000
1990-01-04 06:00:00-05:00,-2.4900,0.0000
1990-01-04 07:00:00-05:00,-1.8900,0.0000
1990-01-04 08:00:00-05:00,-1.3000,23.4500
1990-01-04 09:00:00-05:00,-0.5800,55.2000
1990-01-04 10:00:00-05:00,0.1000,82.3000
1990-01-04 11:00:00-05:00,0.6900,73.5000
1990-01-04 12:00:00-05:00,1.0300,87.6000
1990-01-04 13:00:00-05:00,1.3400,69.8500
1990-01-04 14:00:00-05:00,1.3200,27.2500
1990-01-04 15:00:00-05:00,1.2700,20.9500
1990-01-04 16:00:00-05:00,1.1900,0.3500
1990-01-04 17:00:00-05:00,1.1300,0.0000
1990-01-04 18:00:00-05:00,1.1400,0.0000
1990-01-04 19:00:00-05:00,1.1800,0.0000
1990-01-04 20:00:00-05:00,0.9900,0.0000
1990-01-04 21:00:00-05:00,0.9300,0.0000
1990-01-04 22:00:00-05:00,0.7400,0.0000
1990-01-04 23:00:00-05:00,0.5800,0.0000
1990-01-05 00:00:00-05:00,0.4600,0.0000
1990-01-05 01:00:00-05:00,0.3200,0.0000
1990-01-05 02:00:00-05:00,-0.3000,0.0000
1990-01-05 03:00:00-05:00,-0.4900,0.0000
1990-01-05 04:00:00-05:00,-0.6200,0.0000
1990-01-05 05:00:00-05:00,-0.7400,0.0000
1990-01-05 06:00:00-05:00,-0.7000,0.0000
1990-01-05 07:00:00-05:00,-0.6600,0.0000
1990-01-05 08:00:00-05:00,-0.6700,27.8000
1990-01-05 09:00:00-05:00,-0.2500,73.1000
1990-01-05 10:00:00-05:00,0.3200,141.0500
1990-01-05 11:00:00-05:00,0.7700,224.9000
1990-01-05 12:00:00-05:00,1.2300,214.2000
1990-01-05 13:00:00-05:00,1.4800,149.6000
1990-01-05 14:00:00-05:00,1.7500,107.9000
1990-01-05 15:00:00-05:00,1.5100,44.3500
1990-01-05 16:00:00-05:00,1.0600,0.9500
1990-01-05 17:00:00-05:00,0.1300,0.0000
1990-01-05 18:00:00-05:00,-0.0800,0.0000
1990-01-05 19:00:00-05:00,-0.1300,0.0000
1990-01-05 20:00:00-05:00,-0.6300,0.0000
1990-01-05 21:00:00-05:00,-1.0900,0.0000
1990-01-05 22:00:00-05:00,-1.1400,0.0000
1990-01-05 23:00:00-05:00,-1.1600,0.0000
1990-01-06 00:00:00-05:00,-1.2500,0.0000
1990-01-06 01:00:00-05:00,-1.4200,0.0000
1990-01-06 02:00:00-05:00,-1.6800,0.0000
1990-01-06 03:00:00-05:00,-2.1600,0.0000
1990-01-06 04:00:00-05:00,-2.2100,0.0000
1990-01-06 05:00:00-05:00,-2.1900,0.0000
1990-01-06 06:00:00-05:00,-2.1800,0.0000
1990-01-06 07:00:00-05:00,-2.2200,0.0000
1990-01-06 08:00:00-05:00,-2.0900,70.3000
1990-01-06 09:00:00-05:00,-1.7700,160.3500
1990-01-06 10:00:00-05:00,-1.8200,259.5500
1990-01-06 11:00:00-05:00,-2.2300,238.1500
1990-01-06 12:00:00-05:00,-3.2000,212.8500
1990-01-06 13:00:00-05:00,-4.1800,190.7000
1990-01-06 14:00:00-05:00,-5.5000,142.6000
1990-01-06 15:00:00-05:00,-6.3700,51.0000
1990-01-06 16:00:00-05:00,-7.2100,1.3500
1990-01-06 17:00:00-05:00,-7.8600,0.0000
1990-01-06 18:00:00-05:00,-8.4800,0.0000
1990-01-06 19:00:00-05:00,-9.2100,0.0000
1990-01-06 20:00:00-05:00,-10.1200,0.0000
1990-01-06 21:00:00-05:00,-10.9200,0.0000
1990-01-06 22:00:00-05:00,-11.7300,0.0000
1990-01-06 23:00:00-05:00,-12.4900,0.0000
1990-01-07 00:00:00-05:00,-13.2400,0.0000
1990-01-07 01:00:00-05:00,-13.9200,0.0000
1990-01-07 02:00:00-05:00,-15.2300,0.0000
1990-01-07 03:00:00-05:00,-15.7500,0.0000
1990-01-07 04:00:00-05:00,-16.2300,0.0000
1990-01-07 05:00:00-05:00,-16.6900,0.0000
1990-01-07 06:00:00-05:00,-17.1900,0.0000
1990-01-07 07:00:00-05:00,-17.6600,0.0000
1990-01-07 08:00:00-05:00,-17.9300,104.9500
1990-01-07 09:00:00-05:00,-17.2000,236.5000
1990-01-07 10:00:00-05:00,-16.0900,336.1000
1990-01-07 11:00:00-05:00,-14.8200,384.5000
1990-01-07 12:00:00-05:00,-13.7900,363.0500
1990-01-07 13:00:00-05:00,-12.6100,267.1000
1990-01-07 14:00:00-05:00,-12.6600,161.1000
1990-01-07 15:00:00-05:00,-12.6400,55.8500
1990-01-07 16:00:00-05:00,-13.3500,1.7000
1990-01-07 17:00:00-05:00,-13.7800,0.0000
1990-01-07 18:00:00-05:00,-13.6300,0.0000
1990-01-07 19:00:00-05:00,-13.8100,0.0000
1990-01-07 20:00:00-05:00,-13.4200,0.0000
1990-01-07 21:00:00-05:00,-13.0800,0.0000
1990-01-07 22:00:00-05:00,-12.6200,0.0000
1990-01-07 23:00:00-05:00,-12.0700,0.0000
1990-01-08 00:00:00-05:00,-11.3500,0.0000
1990-01-08 01:00:00-05:00,-10.5100,0.0000
1990-01-08 02:00:00-05:00,-9.3200,0.0000
1990-01-08 03:00:00-05:00,-8.2900,0.0000
1990-01-08 04:00:00-05:00,-7.3900,0.0000
1990-01-08 05:00:00-05:00,-6.6300,0.0000
1990-01-08 06:00:00-05:00,-5.9100,0.0000
1990-01-08 07:00:00-05:00,-5.2300,0.0000
1990-01-08 08:00:00-05:00,-4.5500,22.3500
1990-01-08 09:00:00-05:00,-3.7800,57.0000
1990-01-08 10:00:00-05:00,-2.8000,63.2500
1990-01-08 11:00:00-05:00,-1.9200,93.5000
1990-01-08 12:00:00-05:00,-1.0700,91.7000
1990-01-08 13:00:00-05:00,-0.2700,79.1500
1990-01-08 14:00:00-05:00,-0.0600,51.3500
1990-01-08 15:00:00-05:00,0.2800,25.4500
1990-01-08 16:00:00-05:00,0.2500,0.9000
1990-01-08 17:00:00-05:00,0.0000,0.0000
1990-01-08 18:00:00-05:00,0.0000,0.0000
1990-01-08 19:00:00-05:00,0.0400,0.0000
1990-01-08 20:00:00-05:00,0.1300,0.0000
1990-01-08 21:00:00-05:00,0.1500,0.0000
1990-01-08 22:00:00-05:00,0.0700,0.0000
1990-01-08 23:00:00-05:00,-0.0400,0.0000
1990-01-09 00:00:00-05:00,-0.2700,0.0000
1990-01-09 01:00:00-05:00,-0.4300,0.0000
1990-01-09 02:00:00-05:00,-1.3300,0.0000
1990-01-09 03:00:00-05:00,-1.2800,0.0000
1990-01-09 04:00:00-05:00,-1.1400,0.0000
1990-01-09 05:00:00-05:00,-0.9400,0.0000
1990-01-09 06:00:00-05:00,-0.6400,0.0000
1990-01-09 07:00:00-05:00,-0.3700,0.0000
1990-01-09 08:00:00-05:00,-0.3200,17.7500
1990-01-09 09:00:00-05:00,-0.2500,43.5500
1990-01-09 10:00:00-05:00,-0.2500,78.3000
1990-01-09 11:00:00-05:00,-0.3000,94.7500
1990-01-09 12:00:00-05:00,-0.3600,100.2500
1990-01-09 13:00:00-05:00,-0.3700,88.5500
1990-01-09 14:00:00-05:00,-0.0700,59.1000
1990-01-09 15:00:00-05:00,-0.0800,28.9500
1990-01-09 16:00:00-05:00,-0.3600,1.0000
1990-01-09 17:00:00-05:00,-0.7300,0.0000
1990-01-09 18:00:00-05:00,-1.0200,0.0000
1990-01-09 19:00:00-05:00,-1.3900,0.0000
1990-01-09 20:00:00-05:00,-1.5700,0.0000
1990-01-09 21:00:00-05:00,-1.7700,0.0000
1990-01-09 22:00:00-05:00,-1.9600,0.0000
1990-01-09 23:00:00-05:00,-2.0600,0.0000
1990-01-10 00:00:00-05:00,-2.2100,0.0000
1990-01-10 01:00:00-05:00,-2.3200,0.0000
1990-01-10 02:00:00-05:00,-2.2800,0.0000
1990-01-10 03:00:00-05:00,-2.6500,0.0000
1990-01-10 04:00:00-05:00,-2.8500,0.0000
1990-01-10 05:00:00-05:00,-2.9900,0.0000
1990-01-10 06:00:00-05:00,-3.0000,0.0000
1990-01-10 07:00:00-05:00,-3.1700,0.0000
1990-01-10 08:00:00-05:00,-3.1400,70.7000
1990-01-10 09:00:00-05:00,-2.7600,152.8000
1990-01-10 10:00:00-05:00,-2.1000,252.4500
1990-01-10 11:00:00-05:00,-1.7500,244.9000
1990-01-10 12:00:00-05:00,-2.0200,200.4500
1990-01-10 13:00:00-05:00,-2.4200,202.7500
1990-01-10 14:00:00-05:00,-4.0600,137.2000
1990-01-10 15:00:00-05:00,-4.8900,69.4000
1990-01-10 16:00:00-05:00,-6.1100,3.0500
1990-01-10 17:00:00-05:00,-7.4000,0.0000
1990-01-10 18:00:00-05:00,-8.6000,0.0000
1990-01-10 19:00:00-05:00,-9.5700,0.0000
1990-01-10 20:00:00-05:00,-10.5200,0.0000
1990-01-10 21:00:00-05:00,-11.1900,0.0000
1990-01-10 22:00:00-05:00,-11.8000,0.0000
1990-01-10 23:00:00-05:00,-12.5100,0.0000
1990-01-11 00:00:00-05:00,-13.0600,0.0000
1990-01-11 01:00:00-05:00,-13.7000,0.0000
1990-01-11 02:00:00-05:00,-15.0100,0.0000
1990-01-11 03:00:00-05:00,-15.6600,0.0000
1990-01-11 04:00:00-05:00,-16.2300,0.0000
1990-01-11 05:00:00-05:00,-16.7600,0.0000
1990-01-11 06:00:00-05:00,-17.2900,0.0000
1990-01-11 07:00:00-05:00,-17.9300,0.0000
1990-01-11 08:00:00-05:00,-18.3600,96.4000
1990-01-11 09:00:00-05:00,-18.1800,221.1000
1990-01-11 10:00:00-05:00,-17.8700,321.5500
1990-01-11 11:00:00-05:00,-17.3700,353.3000
1990-01-11 12:00:00-05:00,-16.8800,354.4000
1990-01-11 13:00:00-05:00,-16.3400,320.1500
1990-01-11 14:00:00-05:00,-15.5000,220.7500
1990-01-11 15:00:00-05:00,-15.3900,90.2500
1990-01-11 16:00:00-05:00,-15.8300,4.4500
1990-01-11 17:00:00-05:00,-16.6300,0.0000
1990-01-11 18:00:00-05:00,-17.2200,0.0000
1990-01-11 19:00:00-05:00,-17.8000,0.0000
1990-01-11 20:00:00-05:00,-18.3600,0.0000
1990-01-11 21:00:00-05:00,-18.9100,0.0000
1990-01-11 22:00:00-05:00,-19.3900,0.0000
1990-01-11 23:00:00-05:00,-19.8600,0.0000
1990-01-12 00:00:00-05:00,-20.2200,0.0000
1990-01-12 01:00:00-05:00,-20.6300,0.0000
1990-01-12 02:00:00-05:00,-20.4600,0.0000
1990-01-12 03:00:00-05:00,-20.8900,0.0000
1990-01-12 04:00:00-05:00,-21.0500,0.0000
1990-01-12 05:00:00-05:00,-21.2300,0.0000
1990-01-12 06:00:00-05:00,-21.5000,0.0000
1990-01-12 07:00:00-05:00,-21.7700,0.0000
1990-01-12 08:00:00-05:00,-21.9700,104.9000
1990-01-12 09:00:00-05:00,-21.1200,236.8500
1990-01-12 10:00:00-05:00,-19.5900,331.3000
1990-01-12 11:00:00-05:00,-18.3500,386.9000
1990-01-12 12:00:00-05:00,-17.2500,375.4500
1990-01-12 13:00:00-05:00,-16.3500,330.0500
1990-01-12 14:00:00-05:00,-15.2600,227.4500
1990-01-12 15:00:00-05:00,-14.9300,94.0000
1990-01-12 16:00:00-05:00,-15.5600,5.0500
1990-01-12 17:00:00-05:00,-16.8600,0.0000
1990-01-12 18:00:00-05:00,-17.8200,0.0000
1990-01-12 19:00:00-05:00,-18.4600,0.0000
1990-01-12 20:00:00-05:00,-19.0200,0.0000
1990-01-12 21:00:00-05:00,-19.5300,0.0000
1990-01-12 22:00:00-05:00,-19.9700,0.0000
1990-01-12 23:00:00-05:00,-20.3500,0.0000
1990-01-13 00:00:00-05:00,-20.7500,0.0000
1990-01-13 01:00:00-05:00,-21.1900,0.0000
1990-01-13 02:00:00-05:00,-21.3900,0.0000
1990-01-13 03:00:00-05:00,-21.9100,0.0000
1990-01-13 04:00:00-05:00,-22.4400,0.0000
1990-01-13 05:00:00-05:00,-22.8400,0.0000
1990-01-13 06:00:00-05:00,-23.1500,0.0000
1990-01-13 07:00:00-05:00,-23.3400,0.0000
1990-01-13 08:00:00-05:00,-23.5000,107.6500
1990-01-13 09:00:00-05:00,-21.2500,239.5500
1990-01-13 10:00:00-05:00,-19.8600,340.5500
1990-01-13 11:00:00-05:00,-18.3800,394.7500
1990-01-13 12:00:00-05:00,-16.5500,394.1500
1990-01-13 13:00:00-05:00,-15.4200,338.9500
1990-01-13 14:00:00-05:00,-14.1900,236.4000
1990-01-13 15:00:00-05:00,-14.2300,103.3500
1990-01-13 16:00:00-05:00,-15.1900,6.0500
1990-01-13 17:00:00-05:00,-16.6900,0.0000
1990-01-13 18:00:00-05:00,-17.4900,0.0000
1990-01-13 19:00:00-05:00,-18.2500,0.0000
1990-01-13 20:00:00-05:00,-18.9500,0.0000
1990-01-13 21:00:00-05:00,-19.6500,0.0000
1990-01-13 22:00:00-05:00,-20.2100,0.0000
1990-01-13 23:00:00-05:00,-20.7200,0.0000
1990-01-14 00:00:00-05:00,-21.2600,0.0000
1990-01-14 01:00:00-05:00,-21.8800,0.0000
1990-01-14 02:00:00-05:00,-21.7300,0.0000
1990-01-14 03:00:00-05:00,-22.7300,0.0000
1990-01-14 04:00:00-05:00,-23.1500,0.0000
1990-01-14 05:00:00-05:00,-23.1400,0.0000
1990-01-14 06:00:00-05:00,-23.0100,0.0000
1990-01-14 07:00:00-05:00,-23.4700,0.0000
1990-01-14 08:00:00-05:00,-23.7800,103.4000
1990-01-14 09:00:00-05:00,-21.6200,222.5500
1990-01-14 10:00:00-05:00,-19.5300,327.0000
1990-01-14 11:00:00-05:00,-17.5300,389.1000
1990-01-14 12:00:00-05:00,-15.2500,389.5500
1990-01-14 13:00:00-05:00,-13.7900,333.7000
1990-01-14 14:00:00-05:00,-12.9400,235.3500
1990-01-14 15:00:00-05:00,-12.7300,103.4000
1990-01-14 16:00:00-05:00,-13.4300,6.6500
1990-01-14 17:00:00-05:00,-14.5400,0.0000
1990-01-14 18:00:00-05:00,-14.7900,0.0000
1990-01-14 19:00:00-05:00,-14.6000,0.0000
1990-01-14 20:00:00-05:00,-14.3500,0.0000
1990-01-14 21:00:00-05:00,-14.1000,0.0000
1990-01-14 22:00:00-05:00,-13.7000,0.0000
1990-01-14 23:00:00-05:00,-13.3500,0.0000
1990-01-15 00:00:00-05:00,-12.9500,0.0000
1990-01-15 01:00:00-05:00,-12.5700,0.0000
1990-01-15 02:00:00-05:00,-12.1400,0.0000
1990-01-15 03:00:00-05:00,-12.0400,0.0000
1990-01-15 04:00:00-05:00,-11.9300,0.0000
1990-01-15 05:00:00-05:00,-12.2000,0.0000
1990-01-15 06:00:00-05:00,-13.0800,0.0000
1990-01-15 07:00:00-05:00,-14.2500,0.0000
1990-01-15 08:00:00-05:00,-14.4900,95.7000
1990-01-15 09:00:00-05:00,-12.6300,199.1500
1990-01-15 10:00:00-05:00,-11.0000,311.1000
1990-01-15 11:00:00-05:00,-10.0100,326.2500
1990-01-15 12:00:00-05:00,-9.0200,360.0000
1990-01-15 13:00:00-05:00,-8.3400,319.1000
1990-01-15 14:00:00-05:00,-7.4000,221.7500
1990-01-15 15:00:00-05:00,-7.5500,86.3000
1990-01-15 16:00:00-05:00,-7.8800,6.1000
1990-01-15 17:00:00-05:00,-9.1300,0.0000
1990-01-15 18:00:00-05:00,-10.4300,0.0000
1990-01-15 19:00:00-05:00,-11.2000,0.0000
1990-01-15 20:00:00-05:00,-10.9200,0.0000
1990-01-15 21:00:00-05:00,-10.2800,0.0000
1990-01-15 22:00:00-05:00,-9.2400,0.0000
1990-01-15 23:00:00-05:00,-8.2900,0.0000
1990-01-16 00:00:00-05:00,-7.4200,0.0000
1990-01-16 01:00:00-05:00,-6.4100,0.0000
1990-01-16 02:00:00-05:00,-5.1100,0.0000
1990-01-16 03:00:00-05:00,-3.9500,0.0000
1990-01-16 04:00:00-05:00,-3.0800,0.0000
1990-01-16 05:00:00-05:00,-2.5800,0.0000
1990-01-16 06:00:00-05:00,-2.3800,0.0000
1990-01-16 07:00:00-05:00,-2.3100,0.0000
1990-01-16 08:00:00-05:00,-2.2600,31.6500
1990-01-16 09:00:00-05:00,-2.0000,86.9500
1990-01-16 10:00:00-05:00,-1.6400,143.5000
1990-01-16 11:00:00-05:00,-0.9500,177.7500
1990-01-16 12:00:00-05:00,-0.4200,211.1500
1990-01-16 13:00:00-05:00,-0.2500,220.9500
1990-01-16 14:00:00-05:00,-1.0100,208.9500
1990-01-16 15:00:00-05:00,-2.5700,110.1000
1990-01-16 16:00:00-05:00,-4.7800,8.4500
1990-01-16 17:00:00-05:00,-7.6500,0.0000
1990-01-16 18:00:00-05:00,-9.8400,0.0000
1990-01-16 19:00:00-05:00,-11.4700,0.0000
1990-01-16 20:00:00-05:00,-12.9000,0.0000
1990-01-16 21:00:00-05:00,-14.1300,0.0000
1990-01-16 22:00:00-05:00,-15.2600,0.0000
1990-01-16 23:00:00-05:00,-16.3100,0.0000
1990-01-17 00:00:00-05:00,-17.3100,0.0000
1990-01-17 01:00:00-05:00,-18.2300,0.0000
1990-01-17 02:00:00-05:00,-19.8800,0.0000
1990-01-17 03:00:00-05:00,-20.6300,0.0000
1990-01-17 04:00:00-05:00,-21.2200,0.0000
1990-01-17 05:00:00-05:00,-21.7500,0.0000
1990-01-17 06:00:00-05:00,-22.2100,0.0000
1990-01-17 07:00:00-05:00,-22.7300,0.0000
1990-01-17 08:00:00-05:00,-23.2100,118.9500
1990-01-17 09:00:00-05:00,-22.7300,257.1000
1990-01-17 10:00:00-05:00,-20.5200,362.0500
1990-01-17 11:00:00-05:00,-19.8700,416.6000
1990-01-17 12:00:00-05:00,-18.6200,415.1500
1990-01-17 13:00:00-05:00,-17.7800,358.2500
1990-01-17 14:00:00-05:00,-17.8400,253.6000
1990-01-17 15:00:00-05:00,-17.6700,117.5500
1990-01-17 16:00:00-05:00,-18.3200,9.9000
1990-01-17 17:00:00-05:00,-19.8200,0.0000
1990-01-17 18:00:00-05:00,-20.3900,0.0000
1990-01-17 19:00:00-05:00,-20.0300,0.0000
1990-01-17 20:00:00-05:00,-20.9300,0.0000
1990-01-17 21:00:00-05:00,-20.9000,0.0000
1990-01-17 22:00:00-05:00,-20.3200,0.0000
1990-01-17 23:00:00-05:00,-19.9100,0.0000
1990-01-18 00:00:00-05:00,-19.8100,0.0000
1990-01-18 01:00:00-05:00,-19.6300,0.0000
1990-01-18 02:00:00-05:00,-19.0100,0.0000
1990-01-18 03:00:00-05:00,-18.5900,0.0000
1990-01-18 04:00:00-05:00,-18.2900,0.0000
1990-01-18 05:00:00-05:00,-18.3000,0.0000
1990-01-18 06:00:00-05:00,-18.2400,0.0000
1990-01-18 07:00:00-05:00,-17.6300,0.0000
1990-01-18 08:00:00-05:00,-16.9800,54.8500
1990-01-18 09:00:00-05:00,-15.5000,134.9000
1990-01-18 10:00:00-05:00,-13.1300,209.4000
1990-01-18 11:00:00-05:00,-10.8800,233.0500
1990-01-18 12:00:00-05:00,-9.6900,235.8000
1990-01-18 13:00:00-05:00,-8.1600,151.7000
1990-01-18 14:00:00-05:00,-7.2800,85.2500
1990-01-18 15:00:00-05:00,-7.3000,33.2500
1990-01-18 16:00:00-05:00,-7.4300,4.8500
1990-01-18 17:00:00-05:00,-7.6800,0.0000
1990-01-18 18:00:00-05:00,-8.2800,0.0000
1990-01-18 19:00:00-05:00,-9.3600,0.0000
1990-01-18 20:00:00-05:00,-10.7600,0.0000
1990-01-18 21:00:00-05:00,-11.8700,0.0000
1990-01-18 22:00:00-05:00,-12.3800,0.0000
1990-01-18 23:00:00-05:00,-13.4000,0.0000
1990-01-19 00:00:00-05:00,-14.9000,0.0000
1990-01-19 01:00:00-05:00,-16.5300,0.0000
1990-01-19 02:00:00-05:00,-19.4200,0.0000
1990-01-19 03:00:00-05:00,-20.7900,0.0000
1990-01-19 04:00:00-05:00,-21.9300,0.0000
1990-01-19 05:00:00-05:00,-22.8300,0.0000
1990-01-19 06:00:00-05:00,-23.7800,0.0000
1990-01-19 07:00:00-05:00,-24.4900,0.0000
1990-01-19 08:00:00-05:00,-24.8700,96.4000
1990-01-19 09:00:00-05:00,-24.8000,197.8000
1990-01-19 10:00:00-05:00,-24.3800,252.6500
1990-01-19 11:00:00-05:00,-23.8300,285.1000
1990-01-19 12:00:00-05:00,-23.1400,267.7000
1990-01-19 13:00:00-05:00,-22.5300,218.8500
1990-01-19 14:00:00-05:00,-23.6600,150.7000
1990-01-19 15:00:00-05:00,-23.2800,62.9500
1990-01-19 16:00:00-05:00,-23.1200,6.2000
1990-01-19 17:00:00-05:00,-23.1500,0.0000
1990-01-19 18:00:00-05:00,-23.1700,0.0000
1990-01-19 19:00:00-05:00,-23.1300,0.0000
1990-01-19 20:00:00-05:00,-23.0300,0.0000
1990-01-19 21:00:00-05:00,-22.9300,0.0000
1990-01-19 22:00:00-05:00,-22.7500,0.0000
1990-01-19 23:00:00-05:00,-22.4000,0.0000
1990-01-20 00:00:00-05:00,-21.7400,0.0000
1990-01-20 01:00:00-05:00,-20.8600,0.0000
1990-01-20 02:00:00-05:00,-19.6100,0.0000
1990-01-20 03:00:00-05:00,-18.6800,0.0000
1990-01-20 04:00:00-05:00,-18.0400,0.0000
1990-01-20 05:00:00-05:00,-17.7500,0.0000
1990-01-20 06:00:00-05:00,-17.6500,0.0000
1990-01-20 07:00:00-05:00,-17.8300,0.0000
1990-01-20 08:00:00-05:00,-18.0600,27.9000
1990-01-20 09:00:00-05:00,-18.0100,53.0000
1990-01-20 10:00:00-05:00,-17.9100,83.7000
1990-01-20 11:00:00-05:00,-17.4700,84.0000
1990-01-20 12:00:00-05:00,-17.1200,83.3000
1990-01-20 13:00:00-05:00,-16.8500,59.4000
1990-01-20 14:00:00-05:00,-17.0100,53.8500
1990-01-20 15:00:00-05:00,-16.6100,31.5500
1990-01-20 16:00:00-05:00,-16.3100,3.0500
1990-01-20 17:00:00-05:00,-16.3800,0.0000
1990-01-20 18:00:00-05:00,-16.7200,0.0000
1990-01-20 19:00:00-05:00,-17.3600,0.0000
1990-01-20 20:00:00-05:00,-18.1800,0.0000
1990-01-20 21:00:00-05:00,-18.8100,0.0000
1990-01-20 22:00:00-05:00,-19.1300,0.0000
1990-01-20 23:00:00-05:00,-19.1900,0.0000
1990-01-21 00:00:00-05:00,-19.1900,0.0000
1990-01-21 01:00:00-05:00,-19.1500,0.0000
1990-01-21 02:00:00-05:00,-19.8400,0.0000
1990-01-21 03:00:00-05:00,-19.8200,0.0000
1990-01-21 04:00:00-05:00,-19.7300,0.0000
1990-01-21 05:00:00-05:00,-19.7100,0.0000
1990-01-21 06:00:00-05:00,-19.7700,0.0000
1990-01-21 07:00:00-05:00,-19.9700,0.0000
1990-01-21 08:00:00-05:00,-20.1600,69.5500
1990-01-21 09:00:00-05:00,-20.0900,152.7500
1990-01-21 10:00:00-05:00,-19.5800,225.9500
1990-01-21 11:00:00-05:00,-18.8100,266.0000
1990-01-21 12:00:00-05:00,-18.1500,253.5500
1990-01-21 13:00:00-05:00,-17.6000,222.8000
1990-01-21 14:00:00-05:00,-16.8800,146.4000
1990-01-21 15:00:00-05:00,-16.4000,72.0000
1990-01-21 16:00:00-05:00,-16.3100,9.1000
1990-01-21 17:00:00-05:00,-16.3800,0.0000
1990-01-21 18:00:00-05:00,-16.4800,0.0000
1990-01-21 19:00:00-05:00,-16.8100,0.0000
1990-01-21 20:00:00-05:00,-17.3400,0.0000
1990-01-21 21:00:00-05:00,-17.8300,0.0000
1990-01-21 22:00:00-05:00,-18.5900,0.0000
1990-01-21 23:00:00-05:00,-19.3600,0.0000
1990-01-22 00:00:00-05:00,-19.9500,0.0000
1990-01-22 01:00:00-05:00,-20.3700,0.0000
1990-01-22 02:00:00-05:00,-20.6600,0.0000
1990-01-22 03:00:00-05:00,-21.0000,0.0000
1990-01-22 04:00:00-05:00,-21.4400,0.0000
1990-01-22 05:00:00-05:00,-21.8900,0.0000
1990-01-22 06:00:00-05:00,-22.3300,0.0000
1990-01-22 07:00:00-05:00,-22.6700,0.0000
1990-01-22 08:00:00-05:00,-22.9900,131.6000
1990-01-22 09:00:00-05:00,-21.9700,272.6000
1990-01-22 10:00:00-05:00,-20.9600,380.3500
1990-01-22 11:00:00-05:00,-19.2300,439.0000
1990-01-22 12:00:00-05:00,-17.3200,441.7000
1990-01-22 13:00:00-05:00,-15.9600,385.8500
1990-01-22 14:00:00-05:00,-15.8300,280.3500
1990-01-22 15:00:00-05:00,-16.0100,122.8500
1990-01-22 16:00:00-05:00,-16.7700,13.0000
1990-01-22 17:00:00-05:00,-17.5500,0.0000
1990-01-22 18:00:00-05:00,-18.1800,0.0000
1990-01-22 19:00:00-05:00,-18.1600,0.0000
1990-01-22 20:00:00-05:00,-18.7600,0.0000
1990-01-22 21:00:00-05:00,-19.0400,0.0000
1990-01-22 22:00:00-05:00,-18.5900,0.0000
1990-01-22 23:00:00-05:00,-18.0100,0.0000
1990-01-23 00:00:00-05:00,-17.4300,0.0000
1990-01-23 01:00:00-05:00,-16.9100,0.0000
1990-01-23 02:00:00-05:00,-16.0700,0.0000
1990-01-23 03:00:00-05:00,-15.4200,0.0000
1990-01-23 04:00:00-05:00,-14.8300,0.0000
1990-01-23 05:00:00-05:00,-14.1700,0.0000
1990-01-23 06:00:00-05:00,-13.7800,0.0000
1990-01-23 07:00:00-05:00,-12.7400,0.0000
1990-01-23 08:00:00-05:00,-12.3500,27.2000
1990-01-23 09:00:00-05:00,-12.0200,82.3500
1990-01-23 10:00:00-05:00,-9.6700,152.9000
1990-01-23 11:00:00-05:00,-7.7400,62.4500
1990-01-23 12:00:00-05:00,-9.0300,85.8500
1990-01-23 13:00:00-05:00,-8.5000,186.8500
1990-01-23 14:00:00-05:00,-7.5100,81.3500
1990-01-23 15:00:00-05:00,-6.9500,33.0500
1990-01-23 16:00:00-05:00,-6.5300,4.0000
1990-01-23 17:00:00-05:00,-6.2800,0.0000
1990-01-23 18:00:00-05:00,-5.9000,0.0000
1990-01-23 19:00:00-05:00,-5.3000,0.0000
1990-01-23 20:00:00-05:00,-4.4200,0.0000
1990-01-23 21:00:00-05:00,-3.6900,0.0000
1990-01-23 22:00:00-05:00,-3.0600,0.0000
1990-01-23 23:00:00-05:00,-2.3900,0.0000
1990-01-24 00:00:00-05:00,-1.4600,0.0000
1990-01-24 01:00:00-05:00,-0.6800,0.0000
1990-01-24 02:00:00-05:00,1.7600,0.0000
1990-01-24 03:00:00-05:00,3.0100,0.0000
1990-01-24 04:00:00-05:00,3.4200,0.0000
1990-01-24 05:00:00-05:00,3.4500,0.0000
1990-01-24 06:00:00-05:00,3.6200,0.0000
1990-01-24 07:00:00-05:00,3.4700,0.0000
1990-01-24 08:00:00-05:00,3.3500,14.0000
1990-01-24 09:00:00-05:00,2.9000,30.4500
1990-01-24 10:00:00-05:00,2.6100,38.8000
1990-01-24 11:00:00-05:00,3.6400,41.4000
1990-01-24 12:00:00-05:00,3.7300,41.0000
1990-01-24 13:00:00-05:00,3.4100,40.7000
1990-01-24 14:00:00-05:00,1.6100,32.3000
1990-01-24 15:00:00-05:00,1.2400,19.4500
1990-01-24 16:00:00-05:00,1.4200,2.7500
1990-01-24 17:00:00-05:00,1.3900,0.0000
1990-01-24 18:00:00-05:00,1.2400,0.0000
1990-01-24 19:00:00-05:00,0.8100,0.0000
1990-01-24 20:00:00-05:00,0.3400,0.0000
1990-01-24 21:00:00-05:00,-0.6100,0.0000
1990-01-24 22:00:00-05:00,-1.7200,0.0000
1990-01-24 23:00:00-05:00,-2.8600,0.0000
1990-01-25 00:00:00-05:00,-3.9100,0.0000
1990-01-25 01:00:00-05:00,-4.7700,0.0000
1990-01-25 02:00:00-05:00,-5.8800,0.0000
1990-01-25 03:00:00-05:00,-6.8000,0.0000
1990-01-25 04:00:00-05:00,-7.6300,0.0000
1990-01-25 05:00:00-05:00,-8.6700,0.0000
1990-01-25 06:00:00-05:00,-9.7100,0.0000
1990-01-25 07:00:00-05:00,-10.6000,0.0000
1990-01-25 08:00:00-05:00,-11.1700,132.4500
1990-01-25 09:00:00-05:00,-10.7500,274.6000
1990-01-25 10:00:00-05:00,-9.9800,328.8500
1990-01-25 11:00:00-05:00,-9.1100,325.7000
1990-01-25 12:00:00-05:00,-8.1300,272.1500
1990-01-25 13:00:00-05:00,-7.2700,262.4000
1990-01-25 14:00:00-05:00,-6.0900,214.2000
1990-01-25 15:00:00-05:00,-5.4900,111.1000
1990-01-25 16:00:00-05:00,-5.4700,18.5500
1990-01-25 17:00:00-05:00,-5.5300,0.0000
1990-01-25 18:00:00-05:00,-5.3900,0.0000
1990-01-25 19:00:00-05:00,-5.8900,0.0000
1990-01-25 20:00:00-05:00,-7.1700,0.0000
1990-01-25 21:00:00-05:00,-9.0400,0.0000
1990-01-25 22:00:00-05:00,-10.5000,0.0000
1990-01-25 23:00:00-05:00,-11.6900,0.0000
1990-01-26 00:00:00-05:00,-12.7000,0.0000
1990-01-26 01:00:00-05:00,-13.4400,0.0000
1990-01-26 02:00:00-05:00,-13.3600,0.0000
1990-01-26 03:00:00-05:00,-14.0600,0.0000
1990-01-26 04:00:00-05:00,-14.4700,0.0000
1990-01-26 05:00:00-05:00,-15.1800,0.0000
1990-01-26 06:00:00-05:00,-15.7500,0.0000
1990-01-26 07:00:00-05:00,-16.4100,0.0000
1990-01-26 08:00:00-05:00,-16.7200,107.5500
1990-01-26 09:00:00-05:00,-16.2800,211.7000
1990-01-26 10:00:00-05:00,-15.4900,304.3500
1990-01-26 11:00:00-05:00,-14.6200,364.2500
1990-01-26 12:00:00-05:00,-13.7900,364.9500
1990-01-26 13:00:00-05:00,-13.1600,367.6000
1990-01-26 14:00:00-05:00,-12.3800,271.5000
1990-01-26 15:00:00-05:00,-12.1400,140.3500
1990-01-26 16:00:00-05:00,-12.1900,23.0000
1990-01-26 17:00:00-05:00,-12.7300,0.0000
1990-01-26 18:00:00-05:00,-13.6100,0.0000
1990-01-26 19:00:00-05:00,-16.6000,0.0000
1990-01-26 20:00:00-05:00,-18.6100,0.0000
1990-01-26 21:00:00-05:00,-19.0700,0.0000
1990-01-26 22:00:00-05:00,-19.1800,0.0000
1990-01-26 23:00:00-05:00,-19.2700,0.0000
1990-01-27 00:00:00-05:00,-19.2700,0.0000
1990-01-27 01:00:00-05:00,-19.2300,0.0000
1990-01-27 02:00:00-05:00,-18.8300,0.0000
1990-01-27 03:00:00-05:00,-18.3400,0.0000
1990-01-27 04:00:00-05:00,-17.9800,0.0000
1990-01-27 05:00:00-05:00,-17.2500,0.0000
1990-01-27 06:00:00-05:00,-15.8700,0.0000
1990-01-27 07:00:00-05:00,-14.3000,0.0000
1990-01-27 08:00:00-05:00,-12.6800,76.1500
1990-01-27 09:00:00-05:00,-10.9100,113.1000
1990-01-27 10:00:00-05:00,-8.9400,115.3000
1990-01-27 11:00:00-05:00,-7.4500,113.2000
1990-01-27 12:00:00-05:00,-6.2200,113.2000
1990-01-27 13:00:00-05:00,-5.0200,203.2000
1990-01-27 14:00:00-05:00,-3.0900,180.6000
1990-01-27 15:00:00-05:00,-2.4000,88.4500
1990-01-27 16:00:00-05:00,-2.7300,16.7000
1990-01-27 17:00:00-05:00,-3.7900,0.0000
1990-01-27 18:00:00-05:00,-4.9100,0.0000
1990-01-27 19:00:00-05:00,-5.9600,0.0000
1990-01-27 20:00:00-05:00,-7.1600,0.0000
1990-01-27 21:00:00-05:00,-8.4700,0.0000
1990-01-27 22:00:00-05:00,-9.7700,0.0000
1990-01-27 23:00:00-05:00,-10.9600,0.0000
1990-01-28 00:00:00-05:00,-12.2100,0.0000
1990-01-28 01:00:00-05:00,-13.3400,0.0000
1990-01-28 02:00:00-05:00,-14.6800,0.0000
1990-01-28 03:00:00-05:00,-15.6500,0.0000
1990-01-28 04:00:00-05:00,-16.5700,0.0000
1990-01-28 05:00:00-05:00,-17.4300,0.0000
1990-01-28 06:00:00-05:00,-18.3500,0.0000
1990-01-28 07:00:00-05:00,-19.3400,0.0000
1990-01-28 08:00:00-05:00,-20.0500,156.3500
1990-01-28 09:00:00-05:00,-20.3800,303.2000
1990-01-28 10:00:00-05:00,-20.3300,412.1000
1990-01-28 11:00:00-05:00,-19.8800,471.9500
1990-01-28 12:00:00-05:00,-19.3400,474.5000
1990-01-28 13:00:00-05:00,-18.8100,417.0000
1990-01-28 14:00:00-05:00,-18.4200,310.5000
1990-01-28 15:00:00-05:00,-18.3700,167.1000
1990-01-28 16:00:00-05:00,-18.9500,29.2000
1990-01-28 17:00:00-05:00,-19.8600,0.0000
1990-01-28 18:00:00-05:00,-20.3200,0.0000
1990-01-28 19:00:00-05:00,-20.8900,0.0000
1990-01-28 20:00:00-05:00,-21.6300,0.0000
1990-01-28 21:00:00-05:00,-20.9900,0.0000
1990-01-28 22:00:00-05:00,-22.5100,0.0000
1990-01-28 23:00:00-05:00,-22.1400,0.0000
1990-01-29 00:00:00-05:00,-21.3500,0.0000
1990-01-29 01:00:00-05:00,-21.0100,0.0000
1990-01-29 02:00:00-05:00,-20.0800,0.0000
1990-01-29 03:00:00-05:00,-19.1800,0.0000
1990-01-29 04:00:00-05:00,-18.2900,0.0000
1990-01-29 05:00:00-05:00,-17.6300,0.0000
1990-01-29 06:00:00-05:00,-17.1300,0.0000
1990-01-29 07:00:00-05:00,-16.6800,0.0000
1990-01-29 08:00:00-05:00,-16.0700,70.9000
1990-01-29 09:00:00-05:00,-15.0400,109.5500
1990-01-29 10:00:00-05:00,-13.7300,126.4500
1990-01-29 11:00:00-05:00,-12.3300,172.1500
1990-01-29 12:00:00-05:00,-10.8400,122.5000
1990-01-29 13:00:00-05:00,-10.0900,108.1500
1990-01-29 14:00:00-05:00,-9.7100,124.3000
1990-01-29 15:00:00-05:00,-8.8500,65.1000
1990-01-29 16:00:00-05:00,-8.5000,10.8000
1990-01-29 17:00:00-05:00,-8.4500,0.0000
1990-01-29 18:00:00-05:00,-8.3600,0.0000
1990-01-29 19:00:00-05:00,-8.2100,0.0000
1990-01-29 20:00:00-05:00,-8.0300,0.0000
1990-01-29 21:00:00-05:00,-7.8900,0.0000
1990-01-29 22:00:00-05:00,-7.7400,0.0000
1990-01-29 23:00:00-05:00,-7.6300,0.0000
1990-01-30 00:00:00-05:00,-7.5600,0.0000
1990-01-30 01:00:00-05:00,-7.5500,0.0000
1990-01-30 02:00:00-05:00,-7.1800,0.0000
1990-01-30 03:00:00-05:00,-6.8700,0.0000
1990-01-30 04:00:00-05:00,-6.6900,0.0000
1990-01-30 05:00:00-05:00,-6.9500,0.0000
1990-01-30 06:00:00-05:00,-7.3600,0.0000
1990-01-30 07:00:00-05:00,-7.7900,0.0000
1990-01-30 08:00:00-05:00,-8.2300,56.9500
1990-01-30 09:00:00-05:00,-8.6200,133.4000
1990-01-30 10:00:00-05:00,-9.1500,227.9000
1990-01-30 11:00:00-05:00,-9.5200,349.7500
1990-01-30 12:00:00-05:00,-9.5000,418.3500
1990-01-30 13:00:00-05:00,-9.3500,425.2500
1990-01-30 14:00:00-05:00,-9.2400,315.9500
1990-01-30 15:00:00-05:00,-9.5000,174.7000
1990-01-30 16:00:00-05:00,-10.1300,33.8500
1990-01-30 17:00:00-05:00,-11.4300,0.0000
1990-01-30 18:00:00-05:00,-12.0800,0.0000
1990-01-30 19:00:00-05:00,-12.1300,0.0000
1990-01-30 20:00:00-05:00,-12.3600,0.0000
1990-01-30 21:00:00-05:00,-12.9500,0.0000
1990-01-30 22:00:00-05:00,-13.6600,0.0000
1990-01-30 23:00:00-05:00,-14.5900,0.0000
1990-01-31 00:00:00-05:00,-15.4900,0.0000
1990-01-31 01:00:00-05:00,-16.3900,0.0000
1990-01-31 02:00:00-05:00,-17.3700,0.0000
1990-01-31 03:00:00-05:00,-17.8100,0.0000
1990-01-31 04:00:00-05:00,-18.1500,0.0000
1990-01-31 05:00:00-05:00,-18.3700,0.0000
1990-01-31 06:00:00-05:00,-18.4100,0.0000
1990-01-31 07:00:00-05:00,-18.3400,0.0000
1990-01-31 08:00:00-05:00,-18.1700,103.5500
1990-01-31 09:00:00-05:00,-17.6600,250.1500
1990-01-31 10:00:00-05:00,-17.1900,363.7000
1990-01-31 11:00:00-05:00,-17.1000,431.7000
1990-01-31 12:00:00-05:00,-16.7100,449.0500
1990-01-31 13:00:00-05:00,-16.3200,384.4000
1990-01-31 14:00:00-05:00,-15.9300,283.0500
1990-01-31 15:00:00-05:00,-15.5500,157.4500
1990-01-31 16:00:00-05:00,-15.1600,32.8500
1990-01-31 17:00:00-05:00,-14.7700,0.0000
1990-01-31 18:00:00-05:00,-14.3800,0.0000
1990-01-31 19:00:00-05:00,-13.9900,0.0000
1990-01-31 20:00:00-05:00,-13.6100,0.0000
1990-01-31 21:00:00-05:00,-13.2200,0.0000
1990-01-31 22:00:00-05:00,-12.8300,0.0000
1990-01-31 23:00:00-05:00,-12.4400,0.0000
1990-02-01 00:00:00-05:00,-12.0500,0.0000
1990-02-01 01:00:00-05:00,-11.6600,0.0000
1990-02-01 02:00:00-05:00,-11.2800,0.0000
1990-02-01 03:00:00-05:00,-14.5400,0.0000
1990-02-01 04:00:00-05:00,-15.1300,0.0000
1990-02-01 05:00:00-05:00,-15.5400,0.0000
1990-02-01 06:00:00-05:00,-15.9100,0.0000
1990-02-01 07:00:00-05:00,-16.1800,0.0000
1990-02-01 08:00:00-05:00,-16.3900,122.5500
1990-02-01 09:00:00-05:00,-16.2900,265.0000
1990-02-01 10:00:00-05:00,-15.8100,352.6000
1990-02-01 11:00:00-05:00,-15.2100,402.6000
1990-02-01 12:00:00-05:00,-14.6400,366.5000
1990-02-01 13:00:00-05:00,-14.1000,384.5500
1990-02-01 14:00:00-05:00,-12.9700,284.0500
1990-02-01 15:00:00-05:00,-12.8100,167.6500
1990-02-01 16:00:00-05:00,-13.0000,37.5000
1990-02-01 17:00:00-05:00,-13.7000,0.0000
1990-02-01 18:00:00-05:00,-14.4300,0.0000
1990-02-01 19:00:00-05:00,-15.2600,0.0000
1990-02-01 20:00:00-05:00,-16.1200,0.0000
1990-02-01 21:00:00-05:00,-16.8800,0.0000
1990-02-01 22:00:00-05:00,-17.5200,0.0000
1990-02-01 23:00:00-05:00,-18.1100,0.0000
1990-02-02 00:00:00-05:00,-18.6100,0.0000
1990-02-02 01:00:00-05:00,-19.0800,0.0000
1990-02-02 02:00:00-05:00,-19.5700,0.0000
1990-02-02 03:00:00-05:00,-21.0000,0.0000
1990-02-02 04:00:00-05:00,-21.2200,0.0000
1990-02-02 05:00:00-05:00,-20.8200,0.0000
1990-02-02 06:00:00-05:00,-19.8800,0.0000
1990-02-02 07:00:00-05:00,-20.0900,0.0000
1990-02-02 08:00:00-05:00,-20.0900,137.2500
1990-02-02 09:00:00-05:00,-19.3600,247.6500
1990-02-02 10:00:00-05:00,-18.5200,329.8500
1990-02-02 11:00:00-05:00,-16.7300,344.8000
1990-02-02 12:00:00-05:00,-15.6600,340.7500
1990-02-02 13:00:00-05:00,-14.7200,308.5000
1990-02-02 14:00:00-05:00,-14.3200,222.4500
1990-02-02 15:00:00-05:00,-13.8400,119.7000
1990-02-02 16:00:00-05:00,-13.6100,28.6500
1990-02-02 17:00:00-05:00,-13.8600,0.0000
1990-02-02 18:00:00-05:00,-14.3300,0.0000
1990-02-02 19:00:00-05:00,-14.5400,0.0000
1990-02-02 20:00:00-05:00,-14.7300,0.0000
1990-02-02 21:00:00-05:00,-15.1500,0.0000
1990-02-02 22:00:00-05:00,-15.7600,0.0000
1990-02-02 23:00:00-05:00,-17.0400,0.0000
1990-02-03 00:00:00-05:00,-17.9500,0.0000
1990-02-03 01:00:00-05:00,-18.6100,0.0000
1990-02-03 02:00:00-05:00,-19.6200,0.0000
1990-02-03 03:00:00-05:00,-19.8300,0.0000
1990-02-03 04:00:00-05:00,-20.0400,0.0000
1990-02-03 05:00:00-05:00,-20.0200,0.0000
1990-02-03 06:00:00-05:00,-20.1000,0.0000
1990-02-03 07:00:00-05:00,-20.1100,0.0000
1990-02-03 08:00:00-05:00,-19.2800,136.3500
1990-02-03 09:00:00-05:00,-17.3500,276.9500
1990-02-03 10:00:00-05:00,-13.7600,386.5500
1990-02-03 11:00:00-05:00,-10.1500,428.8000
1990-02-03 12:00:00-05:00,-8.2000,432.6000
1990-02-03 13:00:00-05:00,-6.8100,400.2500
1990-02-03 14:00:00-05:00,-6.8400,302.6500
1990-02-03 15:00:00-05:00,-6.5800,158.1500
1990-02-03 16:00:00-05:00,-7.1300,38.8000
1990-02-03 17:00:00-05:00,-8.5900,0.0000
1990-02-03 18:00:00-05:00,-9.7700,0.0000
1990-02-03 19:00:00-05:00,-10.4500,0.0000
1990-02-03 20:00:00-05:00,-10.8700,0.0000
1990-02-03 21:00:00-05:00,-11.3400,0.0000
1990-02-03 22:00:00-05:00,-11.8200,0.0000
1990-02-03 23:00:00-05:00,-12.0600,0.0000
1990-02-04 00:00:00-05:00,-12.2500,0.0000
1990-02-04 01:00:00-05:00,-12.6200,0.0000
1990-02-04 02:00:00-05:00,-13.3300,0.0000
1990-02-04 03:00:00-05:00,-13.7100,0.0000
1990-02-04 04:00:00-05:00,-13.6400,0.0000
1990-02-04 05:00:00-05:00,-13.7300,0.0000
1990-02-04 06:00:00-05:00,-13.9700,0.0000
1990-02-04 07:00:00-05:00,-14.9000,0.0000
1990-02-04 08:00:00-05:00,-15.2800,171.9500
1990-02-04 09:00:00-05:00,-14.3600,319.4500
1990-02-04 10:00:00-05:00,-11.1500,413.9500
1990-02-04 11:00:00-05:00,-9.4000,421.8500
1990-02-04 12:00:00-05:00,-8.1900,360.3000
1990-02-04 13:00:00-05:00,-7.8500,322.5500
1990-02-04 14:00:00-05:00,-7.0400,290.8000
1990-02-04 15:00:00-05:00,-7.6300,178.4000
1990-02-04 16:00:00-05:00,-8.7100,47.1500
1990-02-04 17:00:00-05:00,-10.1700,0.0000
1990-02-04 18:00:00-05:00,-11.2700,0.0000
1990-02-04 19:00:00-05:00,-12.4000,0.0000
1990-02-04 20:00:00-05:00,-13.5400,0.0000
1990-02-04 21:00:00-05:00,-14.6600,0.0000
1990-02-04 22:00:00-05:00,-15.7200,0.0000
1990-02-04 23:00:00-05:00,-16.6500,0.0000
1990-02-05 00:00:00-05:00,-17.4800,0.0000
1990-02-05 01:00:00-05:00,-18.2300,0.0000
1990-02-05 02:00:00-05:00,-19.0000,0.0000
1990-02-05 03:00:00-05:00,-19.7100,0.0000
1990-02-05 04:00:00-05:00,-20.5900,0.0000
1990-02-05 05:00:00-05:00,-21.9500,0.0000
1990-02-05 06:00:00-05:00,-22.5300,0.0000
1990-02-05 07:00:00-05:00,-22.0000,0.0000
1990-02-05 08:00:00-05:00,-21.1200,187.1500
1990-02-05 09:00:00-05:00,-20.4600,336.4000
1990-02-05 10:00:00-05:00,-18.5500,448.0500
1990-02-05 11:00:00-05:00,-16.5000,508.7000
1990-02-05 12:00:00-05:00,-15.0600,512.9500
1990-02-05 13:00:00-05:00,-13.8200,458.2000
1990-02-05 14:00:00-05:00,-13.0500,352.7000
1990-02-05 15:00:00-05:00,-12.4900,207.5000
1990-02-05 16:00:00-05:00,-12.4100,52.2500
1990-02-05 17:00:00-05:00,-12.6300,0.0000
1990-02-05 18:00:00-05:00,-12.4700,0.0000
1990-02-05 19:00:00-05:00,-14.6800,0.0000
1990-02-05 20:00:00-05:00,-15.3400,0.0000
1990-02-05 21:00:00-05:00,-15.3100,0.0000
1990-02-05 22:00:00-05:00,-15.4800,0.0000
1990-02-05 23:00:00-05:00,-15.5500,0.0000
1990-02-06 00:00:00-05:00,-15.3000,0.0000
1990-02-06 01:00:00-05:00,-14.8400,0.0000
1990-02-06 02:00:00-05:00,-14.8700,0.0000
1990-02-06 03:00:00-05:00,-14.6200,0.0000
1990-02-06 04:00:00-05:00,-13.3500,0.0000
1990-02-06 05:00:00-05:00,-12.2700,0.0000
1990-02-06 06:00:00-05:00,-12.0300,0.0000
1990-02-06 07:00:00-05:00,-12.8200,0.0000
1990-02-06 08:00:00-05:00,-13.4400,92.5000
1990-02-06 09:00:00-05:00,-11.3300,186.2500
1990-02-06 10:00:00-05:00,-9.8300,340.7500
1990-02-06 11:00:00-05:00,-8.4200,447.3000
1990-02-06 12:00:00-05:00,-7.5900,468.8500
1990-02-06 13:00:00-05:00,-7.6400,421.6500
1990-02-06 14:00:00-05:00,-7.5200,337.3500
1990-02-06 15:00:00-05:00,-8.4300,194.2000
1990-02-06 16:00:00-05:00,-9.6100,57.4000
1990-02-06 17:00:00-05:00,-10.9800,0.0000
1990-02-06 18:00:00-05:00,-12.3100,0.0000
1990-02-06 19:00:00-05:00,-13.5400,0.0000
1990-02-06 20:00:00-05:00,-14.6900,0.0000
1990-02-06 21:00:00-05:00,-15.7200,0.0000
1990-02-06 22:00:00-05:00,-16.6400,0.0000
1990-02-06 23:00:00-05:00,-17.5600,0.0000
1990-02-07 00:00:00-05:00,-18.4400,0.0000
1990-02-07 01:00:00-05:00,-19.2800,0.0000
1990-02-07 02:00:00-05:00,-19.9900,0.0000
1990-02-07 03:00:00-05:00,-20.8700,0.0000
1990-02-07 04:00:00-05:00,-21.6700,0.0000
1990-02-07 05:00:00-05:00,-22.4300,0.0000
1990-02-07 06:00:00-05:00,-23.1600,0.0000
1990-02-07 07:00:00-05:00,-23.8400,0.0000
1990-02-07 08:00:00-05:00,-24.1200,198.8000
1990-02-07 09:00:00-05:00,-23.6000,350.7000
1990-02-07 10:00:00-05:00,-22.5000,464.3500
1990-02-07 11:00:00-05:00,-21.2200,526.6000
1990-02-07 12:00:00-05:00,-19.9400,531.2000
1990-02-07 13:00:00-05:00,-18.7800,478.7500
1990-02-07 14:00:00-05:00,-18.2900,371.4500
1990-02-07 15:00:00-05:00,-17.7300,223.1000
1990-02-07 16:00:00-05:00,-17.7200,63.4000
1990-02-07 17:00:00-05:00,-18.4800,0.0000
1990-02-07 18:00:00-05:00,-18.1200,0.0000
1990-02-07 19:00:00-05:00,-18.6200,0.0000
1990-02-07 20:00:00-05:00,-19.5600,0.0000
1990-02-07 21:00:00-05:00,-21.0600,0.0000
1990-02-07 22:00:00-05:00,-21.2800,0.0000
1990-02-07 23:00:00-05:00,-21.9700,0.0000
1990-02-08 00:00:00-05:00,-21.5600,0.0000
1990-02-08 01:00:00-05:00,-20.9500,0.0000
1990-02-08 02:00:00-05:00,-19.9400,0.0000
1990-02-08 03:00:00-05:00,-18.7600,0.0000
1990-02-08 04:00:00-05:00,-18.3200,0.0000
1990-02-08 05:00:00-05:00,-17.9000,0.0000
1990-02-08 06:00:00-05:00,-17.5200,0.0000
1990-02-08 07:00:00-05:00,-17.1500,0.0000
1990-02-08 08:00:00-05:00,-16.6300,75.5000
1990-02-08 09:00:00-05:00,-15.7100,141.2000
1990-02-08 10:00:00-05:00,-14.6200,177.8000
1990-02-08 11:00:00-05:00,-13.6600,186.5500
1990-02-08 12:00:00-05:00,-12.9100,233.2000
1990-02-08 13:00:00-05:00,-11.9500,201.8000
1990-02-08 14:00:00-05:00,-11.3100,158.1000
1990-02-08 15:00:00-05:00,-11.1400,78.9500
1990-02-08 16:00:00-05:00,-11.3800,22.7500
1990-02-08 17:00:00-05:00,-11.7300,0.0000
1990-02-08 18:00:00-05:00,-11.9800,0.0000
1990-02-08 19:00:00-05:00,-12.3100,0.0000
1990-02-08 20:00:00-05:00,-12.7500,0.0000
1990-02-08 21:00:00-05:00,-13.1000,0.0000
1990-02-08 22:00:00-05:00,-13.2600,0.0000
1990-02-08 23:00:00-05:00,-13.3500,0.0000
1990-02-09 00:00:00-05:00,-13.3300,0.0000
1990-02-09 01:00:00-05:00,-13.2700,0.0000
1990-02-09 02:00:00-05:00,-12.7300,0.0000
1990-02-09 03:00:00-05:00,-12.7300,0.0000
1990-02-09 04:00:00-05:00,-12.7100,0.0000
1990-02-09 05:00:00-05:00,-12.7000,0.0000
1990-02-09 06:00:00-05:00,-12.7700,0.0000
1990-02-09 07:00:00-05:00,-12.9300,0.0000
1990-02-09 08:00:00-05:00,-12.9600,121.3000
1990-02-09 09:00:00-05:00,-12.6600,250.5500
1990-02-09 10:00:00-05:00,-11.8500,397.0500
1990-02-09 11:00:00-05:00,-10.6800,471.6500
1990-02-09 12:00:00-05:00,-9.6700,455.1000
1990-02-09 13:00:00-05:00,-8.9400,383.7000
1990-02-09 14:00:00-05:00,-8.6600,332.9000
1990-02-09 15:00:00-05:00,-8.5100,207.1500
1990-02-09 16:00:00-05:00,-8.8600,65.8000
1990-02-09 17:00:00-05:00,-9.8600,0.0500
1990-02-09 18:00:00-05:00,-10.9800,0.0000
1990-02-09 19:00:00-05:00,-11.9000,0.0000
1990-02-09 20:00:00-05:00,-12.7600,0.0000
1990-02-09 21:00:00-05:00,-13.5800,0.0000
1990-02-09 22:00:00-05:00,-14.3400,0.0000
1990-02-09 23:00:00-05:00,-15.0100,0.0000
1990-02-10 00:00:00-05:00,-15.6300,0.0000
1990-02-10 01:00:00-05:00,-16.2500,0.0000
1990-02-10 02:00:00-05:00,-16.8600,0.0000
1990-02-10 03:00:00-05:00,-18.1300,0.0000
1990-02-10 04:00:00-05:00,-18.9500,0.0000
1990-02-10 05:00:00-05:00,-18.9000,0.0000
1990-02-10 06:00:00-05:00,-19.2600,0.0000
1990-02-10 07:00:00-05:00,-19.4000,0.0000
1990-02-10 08:00:00-05:00,-17.7500,212.9000
1990-02-10 09:00:00-05:00,-17.2500,346.0000
1990-02-10 10:00:00-05:00,-16.0100,451.5500
1990-02-10 11:00:00-05:00,-11.9800,480.3500
1990-02-10 12:00:00-05:00,-10.1500,473.0500
1990-02-10 13:00:00-05:00,-8.7200,477.6000
1990-02-10 14:00:00-05:00,-7.1300,374.6000
1990-02-10 15:00:00-05:00,-6.6800,229.5000
1990-02-10 16:00:00-05:00,-6.9800,70.4000
1990-02-10 17:00:00-05:00,-8.2800,0.1000
1990-02-10 18:00:00-05:00,-9.7600,0.0000
1990-02-10 19:00:00-05:00,-9.6800,0.0000
1990-02-10 20:00:00-05:00,-9.2800,0.0000
1990-02-10 21:00:00-05:00,-9.4900,0.0000
1990-02-10 22:00:00-05:00,-10.1300,0.0000
1990-02-10 23:00:00-05:00,-13.5900,0.0000
1990-02-11 00:00:00-05:00,-14.6900,0.0000
1990-02-11 01:00:00-05:00,-14.8500,0.0000
1990-02-11 02:00:00-05:00,-15.8900,0.0000
1990-02-11 03:00:00-05:00,-15.5700,0.0000
1990-02-11 04:00:00-05:00,-15.4100,0.0000
1990-02-11 05:00:00-05:00,-14.9900,0.0000
1990-02-11 06:00:00-05:00,-13.9800,0.0000
1990-02-11 07:00:00-05:00,-13.1600,0.0000
1990-02-11 08:00:00-05:00,-11.2900,60.6500
1990-02-11 09:00:00-05:00,-8.7800,111.9000
1990-02-11 10:00:00-05:00,-5.8500,243.1500
1990-02-11 11:00:00-05:00,-3.1600,196.2500
1990-02-11 12:00:00-05:00,-1.8100,138.5500
1990-02-11 13:00:00-05:00,-1.4600,115.0000
1990-02-11 14:00:00-05:00,-1.8300,104.8500
1990-02-11 15:00:00-05:00,-1.3100,44.0500
1990-02-11 16:00:00-05:00,-1.2200,14.9000
1990-02-11 17:00:00-05:00,-1.3600,0.0500
1990-02-11 18:00:00-05:00,-1.2900,0.0000
1990-02-11 19:00:00-05:00,-1.0900,0.0000
1990-02-11 20:00:00-05:00,-0.7800,0.0000
1990-02-11 21:00:00-05:00,-0.4900,0.0000
1990-02-11 22:00:00-05:00,0.0700,0.0000
1990-02-11 23:00:00-05:00,1.0300,0.0000
1990-02-12 00:00:00-05:00,1.1800,0.0000
1990-02-12 01:00:00-05:00,0.5300,0.0000
1990-02-12 02:00:00-05:00,0.1600,0.0000
1990-02-12 03:00:00-05:00,-0.2800,0.0000
1990-02-12 04:00:00-05:00,-0.6400,0.0000
1990-02-12 05:00:00-05:00,-0.8400,0.0000
1990-02-12 06:00:00-05:00,-0.7700,0.0000
1990-02-12 07:00:00-05:00,-0.7900,0.0000
1990-02-12 08:00:00-05:00,-0.5100,133.6000
1990-02-12 09:00:00-05:00,0.1700,215.7000
1990-02-12 10:00:00-05:00,1.1300,319.6000
1990-02-12 11:00:00-05:00,2.6100,307.0500
1990-02-12 12:00:00-05:00,3.5900,187.9000
1990-02-12 13:00:00-05:00,3.5300,135.4000
1990-02-12 14:00:00-05:00,3.1200,195.3000
1990-02-12 15:00:00-05:00,3.0200,184.7500
1990-02-12 16:00:00-05:00,2.4400,51.5500
1990-02-12 17:00:00-05:00,1.3200,0.3000
1990-02-12 18:00:00-05:00,0.5400,0.0000
1990-02-12 19:00:00-05:00,-0.0100,0.0000
1990-02-12 20:00:00-05:00,-0.7000,0.0000
1990-02-12 21:00:00-05:00,-1.2000,0.0000
1990-02-12 22:00:00-05:00,-1.7200,0.0000
1990-02-12 23:00:00-05:00,-1.9500,0.0000
1990-02-13 00:00:00-05:00,-2.3200,0.0000
1990-02-13 01:00:00-05:00,-2.7300,0.0000
1990-02-13 02:00:00-05:00,-3.3500,0.0000
1990-02-13 03:00:00-05:00,-3.8100,0.0000
1990-02-13 04:00:00-05:00,-4.2200,0.0000
1990-02-13 05:00:00-05:00,-4.8200,0.0000
1990-02-13 06:00:00-05:00,-5.4200,0.0000
1990-02-13 07:00:00-05:00,-5.8100,0.0000
1990-02-13 08:00:00-05:00,-5.8700,204.9500
1990-02-13 09:00:00-05:00,-5.1100,327.7500
1990-02-13 10:00:00-05:00,-4.3000,416.0000
1990-02-13 11:00:00-05:00,-3.4100,423.6000
1990-02-13 12:00:00-05:00,-2.5000,442.2000
1990-02-13 13:00:00-05:00,-1.8400,464.7500
1990-02-13 14:00:00-05:00,-0.6900,330.8500
1990-02-13 15:00:00-05:00,-0.5100,153.9500
1990-02-13 16:00:00-05:00,-0.6400,42.6000
1990-02-13 17:00:00-05:00,-1.4200,0.5000
1990-02-13 18:00:00-05:00,-2.5200,0.0000
1990-02-13 19:00:00-05:00,-2.6100,0.0000
1990-02-13 20:00:00-05:00,-3.4800,0.0000
1990-02-13 21:00:00-05:00,-3.9200,0.0000
1990-02-13 22:00:00-05:00,-3.3000,0.0000
1990-02-13 23:00:00-05:00,-2.2400,0.0000
1990-02-14 00:00:00-05:00,-2.7800,0.0000
1990-02-14 01:00:00-05:00,-3.1700,0.0000
1990-02-14 02:00:00-05:00,-3.1600,0.0000
1990-02-14 03:00:00-05:00,-3.4200,0.0000
1990-02-14 04:00:00-05:00,-3.7600,0.0000
1990-02-14 05:00:00-05:00,-4.0700,0.0000
1990-02-14 06:00:00-05:00,-4.2300,0.0000
1990-02-14 07:00:00-05:00,-4.4100,0.0000
1990-02-14 08:00:00-05:00,-4.1900,186.0000
1990-02-14 09:00:00-05:00,-2.9900,313.5000
1990-02-14 10:00:00-05:00,-3.0400,463.6000
1990-02-14 11:00:00-05:00,-0.4700,467.9500
1990-02-14 12:00:00-05:00,0.6000,461.9500
1990-02-14 13:00:00-05:00,1.2900,247.8500
1990-02-14 14:00:00-05:00,1.3900,185.2500
1990-02-14 15:00:00-05:00,1.4400,133.8000
1990-02-14 16:00:00-05:00,1.2100,52.0500
1990-02-14 17:00:00-05:00,0.3200,0.7500
1990-02-14 18:00:00-05:00,-0.5500,0.0000
1990-02-14 19:00:00-05:00,-0.7900,0.0000
1990-02-14 20:00:00-05:00,-1.1500,0.0000
1990-02-14 21:00:00-05:00,-1.5400,0.0000
1990-02-14 22:00:00-05:00,-2.0700,0.0000
1990-02-14 23:00:00-05:00,-2.8200,0.0000
1990-02-15 00:00:00-05:00,-3.2700,0.0000
1990-02-15 01:00:00-05:00,-3.5700,0.0000
1990-02-15 02:00:00-05:00,-4.0700,0.0000
1990-02-15 03:00:00-05:00,-4.0700,0.0000
1990-02-15 04:00:00-05:00,-3.8700,0.0000
1990-02-15 05:00:00-05:00,-3.5800,0.0000
1990-02-15 06:00:00-05:00,-2.6300,0.0000
1990-02-15 07:00:00-05:00,-1.6600,19.2500
1990-02-15 08:00:00-05:00,-1.2600,62.1500
1990-02-15 09:00:00-05:00,-0.6100,158.2500
1990-02-15 10:00:00-05:00,0.5700,278.0000
1990-02-15 11:00:00-05:00,2.0700,285.7500
1990-02-15 12:00:00-05:00,2.5600,250.4000
1990-02-15 13:00:00-05:00,2.6000,300.4500
1990-02-15 14:00:00-05:00,2.9000,165.2000
1990-02-15 15:00:00-05:00,2.3500,116.9000
1990-02-15 16:00:00-05:00,2.0900,52.9000
1990-02-15 17:00:00-05:00,1.7600,1.0000
1990-02-15 18:00:00-05:00,1.2000,0.0000
1990-02-15 19:00:00-05:00,0.6300,0.0000
1990-02-15 20:00:00-05:00,0.1200,0.0000
1990-02-15 21:00:00-05:00,-0.2900,0.0000
1990-02-15 22:00:00-05:00,-0.5800,0.0000
1990-02-15 23:00:00-05:00,-0.9200,0.0000
1990-02-16 00:00:00-05:00,-1.3500,0.0000
1990-02-16 01:00:00-05:00,-1.8300,0.0000
1990-02-16 02:00:00-05:00,-2.3200,0.0000
1990-02-16 03:00:00-05:00,-2.9900,0.0000
1990-02-16 04:00:00-05:00,-4.0500,0.0000
1990-02-16 05:00:00-05:00,-5.1100,0.0000
1990-02-16 06:00:00-05:00,-6.0400,0.0000
1990-02-16 07:00:00-05:00,-6.8200,27.6500
1990-02-16 08:00:00-05:00,-7.2400,191.0500
1990-02-16 09:00:00-05:00,-7.1500,290.4500
1990-02-16 10:00:00-05:00,-6.7000,404.4000
1990-02-16 11:00:00-05:00,-6.0700,484.0500
1990-02-16 12:00:00-05:00,-5.4300,493.0500
1990-02-16 13:00:00-05:00,-4.9500,451.1000
1990-02-16 14:00:00-05:00,-5.7200,371.4000
1990-02-16 15:00:00-05:00,-5.6000,241.5000
1990-02-16 16:00:00-05:00,-5.7700,93.4000
1990-02-16 17:00:00-05:00,-6.4400,1.5500
1990-02-16 18:00:00-05:00,-7.7600,0.0000
1990-02-16 19:00:00-05:00,-8.8500,0.0000
1990-02-16 20:00:00-05:00,-9.3600,0.0000
1990-02-16 21:00:00-05:00,-10.0800,0.0000
1990-02-16 22:00:00-05:00,-10.9300,0.0000
1990-02-16 23:00:00-05:00,-11.6200,0.0000
1990-02-17 00:00:00-05:00,-12.0700,0.0000
1990-02-17 01:00:00-05:00,-12.4800,0.0000
1990-02-17 02:00:00-05:00,-12.7000,0.0000
1990-02-17 03:00:00-05:00,-13.2700,0.0000
1990-02-17 04:00:00-05:00,-13.8000,0.0000
1990-02-17 05:00:00-05:00,-14.4200,0.0000
1990-02-17 06:00:00-05:00,-15.0700,0.0000
1990-02-17 07:00:00-05:00,-15.6400,38.6500
1990-02-17 08:00:00-05:00,-15.6800,172.2000
1990-02-17 09:00:00-05:00,-15.1500,269.4000
1990-02-17 10:00:00-05:00,-14.1100,394.1500
1990-02-17 11:00:00-05:00,-12.8900,425.6000
1990-02-17 12:00:00-05:00,-11.8800,424.1500
1990-02-17 13:00:00-05:00,-10.9600,353.1500
1990-02-17 14:00:00-05:00,-10.3200,318.9000
1990-02-17 15:00:00-05:00,-9.8100,223.4500
1990-02-17 16:00:00-05:00,-9.7300,82.4000
1990-02-17 17:00:00-05:00,-10.2600,2.0500
1990-02-17 18:00:00-05:00,-11.1000,0.0000
1990-02-17 19:00:00-05:00,-12.1000,0.0000
1990-02-17 20:00:00-05:00,-13.0700,0.0000
1990-02-17 21:00:00-05:00,-13.7400,0.0000
1990-02-17 22:00:00-05:00,-14.1600,0.0000
1990-02-17 23:00:00-05:00,-14.4800,0.0000
1990-02-18 00:00:00-05:00,-14.7300,0.0000
1990-02-18 01:00:00-05:00,-15.0100,0.0000
1990-02-18 02:00:00-05:00,-15.0600,0.0000
1990-02-18 03:00:00-05:00,-15.3200,0.0000
1990-02-18 04:00:00-05:00,-15.5100,0.0000
1990-02-18 05:00:00-05:00,-15.6900,0.0000
1990-02-18 06:00:00-05:00,-15.7200,0.0000
1990-02-18 07:00:00-05:00,-15.8600,37.6000
1990-02-18 08:00:00-05:00,-15.2800,230.5500
1990-02-18 09:00:00-05:00,-14.0900,364.9500
1990-02-18 10:00:00-05:00,-12.7000,516.5500
1990-02-18 11:00:00-05:00,-10.8000,581.2500
1990-02-18 12:00:00-05:00,-9.1200,578.4000
1990-02-18 13:00:00-05:00,-7.6700,529.5500
1990-02-18 14:00:00-05:00,-6.5900,422.3500
1990-02-18 15:00:00-05:00,-6.0400,273.2000
1990-02-18 16:00:00-05:00,-6.0800,105.2500
1990-02-18 17:00:00-05:00,-6.8500,3.2500
1990-02-18 18:00:00-05:00,-8.0000,0.0000
1990-02-18 19:00:00-05:00,-9.0100,0.0000
1990-02-18 20:00:00-05:00,-9.9000,0.0000
1990-02-18 21:00:00-05:00,-10.6800,0.0000
1990-02-18 22:00:00-05:00,-11.7200,0.0000
1990-02-18 23:00:00-05:00,-12.9200,0.0000
1990-02-19 00:00:00-05:00,-13.8200,0.0000
1990-02-19 01:00:00-05:00,-14.3800,0.0000
1990-02-19 02:00:00-05:00,-13.5900,0.0000
1990-02-19 03:00:00-05:00,-12.5200,0.0000
1990-02-19 04:00:00-05:00,-12.6600,0.0000
1990-02-19 05:00:00-05:00,-12.7300,0.0000
1990-02-19 06:00:00-05:00,-12.6500,0.0000
1990-02-19 07:00:00-05:00,-13.0700,29.9000
1990-02-19 08:00:00-05:00,-11.7900,196.9500
1990-02-19 09:00:00-05:00,-9.6100,351.1000
1990-02-19 10:00:00-05:00,-7.1800,442.1500
1990-02-19 11:00:00-05:00,-4.6000,412.6500
1990-02-19 12:00:00-05:00,-2.3100,354.6500
1990-02-19 13:00:00-05:00,-0.4100,299.8000
1990-02-19 14:00:00-05:00,0.6800,213.1500
1990-02-19 15:00:00-05:00,1.1700,146.2500
1990-02-19 16:00:00-05:00,1.3100,47.9000
1990-02-19 17:00:00-05:00,0.8600,1.7000
1990-02-19 18:00:00-05:00,0.3600,0.0000
1990-02-19 19:00:00-05:00,0.4000,0.0000
1990-02-19 20:00:00-05:00,0.4200,0.0000
1990-02-19 21:00:00-05:00,0.3000,0.0000
1990-02-19 22:00:00-05:00,-0.0900,0.0000
1990-02-19 23:00:00-05:00,-0.5400,0.0000
1990-02-20 00:00:00-05:00,-0.8800,0.0000
1990-02-20 01:00:00-05:00,-1.0700,0.0000
1990-02-20 02:00:00-05:00,-1.0500,0.0000
1990-02-20 03:00:00-05:00,-1.1800,0.0000
1990-02-20 04:00:00-05:00,-1.4800,0.0000
1990-02-20 05:00:00-05:00,-1.8300,0.0000
1990-02-20 06:00:00-05:00,-2.1700,0.0000
1990-02-20 07:00:00-05:00,-2.4300,33.1500
1990-02-20 08:00:00-05:00,-2.2200,94.6000
1990-02-20 09:00:00-05:00,-1.4000,155.8500
1990-02-20 10:00:00-05:00,-0.5200,174.2000
1990-02-20 11:00:00-05:00,0.1800,144.1500
1990-02-20 12:00:00-05:00,0.1500,186.9000
1990-02-20 13:00:00-05:00,-0.0400,179.7500
1990-02-20 14:00:00-05:00,-0.3500,108.9000
1990-02-20 15:00:00-05:00,-0.7300,83.4000
1990-02-20 16:00:00-05:00,-1.1500,33.9500
1990-02-20 17:00:00-05:00,-1.1100,2.0000
1990-02-20 18:00:00-05:00,-0.9200,0.0000
1990-02-20 19:00:00-05:00,-1.0900,0.0000
1990-02-20 20:00:00-05:00,-1.5900,0.0000
1990-02-20 21:00:00-05:00,-2.1100,0.0000
1990-02-20 22:00:00-05:00,-2.7200,0.0000
1990-02-20 23:00:00-05:00,-3.3400,0.0000
1990-02-21 00:00:00-05:00,-3.8600,0.0000
1990-02-21 01:00:00-05:00,-4.2600,0.0000
1990-02-21 02:00:00-05:00,-6.1300,0.0000
1990-02-21 03:00:00-05:00,-6.5900,0.0000
1990-02-21 04:00:00-05:00,-6.9100,0.0000
1990-02-21 05:00:00-05:00,-7.0700,0.0000
1990-02-21 06:00:00-05:00,-7.2300,0.0000
1990-02-21 07:00:00-05:00,-7.4700,41.2000
1990-02-21 08:00:00-05:00,-6.9700,136.9500
1990-02-21 09:00:00-05:00,-5.7600,209.9500
1990-02-21 10:00:00-05:00,-4.0500,254.7500
1990-02-21 11:00:00-05:00,-2.3000,333.6500
1990-02-21 12:00:00-05:00,-0.3700,325.3500
1990-02-21 13:00:00-05:00,0.9600,320.1500
1990-02-21 14:00:00-05:00,-0.0200,284.8000
1990-02-21 15:00:00-05:00,0.4800,186.0500
1990-02-21 16:00:00-05:00,0.3300,58.2000
1990-02-21 17:00:00-05:00,-0.0600,3.1000
1990-02-21 18:00:00-05:00,-0.3600,0.0000
1990-02-21 19:00:00-05:00,-0.5000,0.0000
1990-02-21 20:00:00-05:00,-1.2300,0.0000
1990-02-21 21:00:00-05:00,-2.5100,0.0000
1990-02-21 22:00:00-05:00,-4.2800,0.0000
1990-02-21 23:00:00-05:00,-5.1200,0.0000
1990-02-22 00:00:00-05:00,-4.6300,0.0000
1990-02-22 01:00:00-05:00,-5.5200,0.0000
1990-02-22 02:00:00-05:00,-8.3100,0.0000
1990-02-22 03:00:00-05:00,-8.4800,0.0000
1990-02-22 04:00:00-05:00,-9.3700,0.0000
1990-02-22 05:00:00-05:00,-8.2700,0.0000
1990-02-22 06:00:00-05:00,-9.0800,0.0000
1990-02-22 07:00:00-05:00,-10.5100,46.9500
1990-02-22 08:00:00-05:00,-10.4700,214.0000
1990-02-22 09:00:00-05:00,-8.7100,352.1500
1990-02-22 10:00:00-05:00,-6.6900,477.4000
1990-02-22 11:00:00-05:00,-3.7000,566.3500
1990-02-22 12:00:00-05:00,-1.5400,597.0000
1990-02-22 13:00:00-05:00,-0.2900,550.9500
1990-02-22 14:00:00-05:00,0.9300,424.6000
1990-02-22 15:00:00-05:00,0.9400,264.5000
1990-02-22 16:00:00-05:00,0.5800,98.8500
1990-02-22 17:00:00-05:00,-0.8100,5.7000
1990-02-22 18:00:00-05:00,-2.3800,0.0000
1990-02-22 19:00:00-05:00,-3.2900,0.0000
1990-02-22 20:00:00-05:00,-4.2500,0.0000
1990-02-22 21:00:00-05:00,-5.0200,0.0000
1990-02-22 22:00:00-05:00,-5.4600,0.0000
1990-02-22 23:00:00-05:00,-5.5800,0.0000
1990-02-23 00:00:00-05:00,-5.5800,0.0000
1990-02-23 01:00:00-05:00,-5.5700,0.0000
1990-02-23 02:00:00-05:00,-5.1700,0.0000
1990-02-23 03:00:00-05:00,-5.2500,0.0000
1990-02-23 04:00:00-05:00,-5.6000,0.0000
1990-02-23 05:00:00-05:00,-5.6800,0.0000
1990-02-23 06:00:00-05:00,-5.4900,0.0000
1990-02-23 07:00:00-05:00,-5.0700,37.6500
1990-02-23 08:00:00-05:00,-4.1600,104.3500
1990-02-23 09:00:00-05:00,-2.8400,160.1500
1990-02-23 10:00:00-05:00,-1.5200,199.4500
1990-02-23 11:00:00-05:00,-0.3300,206.4500
1990-02-23 12:00:00-05:00,0.5100,186.8000
1990-02-23 13:00:00-05:00,1.0000,130.6500
1990-02-23 14:00:00-05:00,0.5300,121.9500
1990-02-23 15:00:00-05:00,0.7700,70.5000
1990-02-23 16:00:00-05:00,0.5800,29.6000
1990-02-23 17:00:00-05:00,0.4200,1.8500
1990-02-23 18:00:00-05:00,0.2600,0.0000
1990-02-23 19:00:00-05:00,0.1900,0.0000
1990-02-23 20:00:00-05:00,0.1800,0.0000
1990-02-23 21:00:00-05:00,0.1600,0.0000
1990-02-23 22:00:00-05:00,0.1200,0.0000
1990-02-23 23:00:00-05:00,0.0600,0.0000
1990-02-24 00:00:00-05:00,0.0800,0.0000
1990-02-24 01:00:00-05:00,0.0400,0.0000
1990-02-24 02:00:00-05:00,0.0800,0.0000
1990-02-24 03:00:00-05:00,0.0400,0.0000
1990-02-24 04:00:00-05:00,0.0300,0.0000
1990-02-24 05:00:00-05:00,0.0100,0.0000
1990-02-24 06:00:00-05:00,-0.0400,0.0000
1990-02-24 07:00:00-05:00,-0.1200,24.6000
1990-02-24 08:00:00-05:00,0.0800,76.7500
1990-02-24 09:00:00-05:00,0.5000,126.9500
1990-02-24 10:00:00-05:00,0.9500,157.9500
1990-02-24 11:00:00-05:00,1.2800,144.4500
1990-02-24 12:00:00-05:00,1.4500,160.5500
1990-02-24 13:00:00-05:00,1.6300,173.5000
1990-02-24 14:00:00-05:00,1.8200,149.0000
1990-02-24 15:00:00-05:00,1.7900,109.6000
1990-02-24 16:00:00-05:00,1.6300,68.0500
1990-02-24 17:00:00-05:00,1.1300,5.1000
1990-02-24 18:00:00-05:00,0.2600,0.0000
1990-02-24 19:00:00-05:00,-0.0900,0.0000
1990-02-24 20:00:00-05:00,-0.3500,0.0000
1990-02-24 21:00:00-05:00,-0.6600,0.0000
1990-02-24 22:00:00-05:00,-0.9200,0.0000
1990-02-24 23:00:00-05:00,-1.3200,0.0000
1990-02-25 00:00:00-05:00,-2.0300,0.0000
1990-02-25 01:00:00-05:00,-2.8900,0.0000
1990-02-25 02:00:00-05:00,-2.8600,0.0000
1990-02-25 03:00:00-05:00,-3.2900,0.0000
1990-02-25 04:00:00-05:00,-3.9200,0.0000
1990-02-25 05:00:00-05:00,-4.4600,0.0000
1990-02-25 06:00:00-05:00,-4.8000,0.0000
1990-02-25 07:00:00-05:00,-5.5000,73.7500
1990-02-25 08:00:00-05:00,-4.6700,191.9500
1990-02-25 09:00:00-05:00,-2.8300,272.2500
1990-02-25 10:00:00-05:00,-1.0200,446.3000
1990-02-25 11:00:00-05:00,0.5000,539.8500
1990-02-25 12:00:00-05:00,1.1800,516.0500
1990-02-25 13:00:00-05:00,1.6700,395.6500
1990-02-25 14:00:00-05:00,2.0400,303.5500
1990-02-25 15:00:00-05:00,2.2300,180.0500
1990-02-25 16:00:00-05:00,2.2600,76.5000
1990-02-25 17:00:00-05:00,1.5900,7.1500
1990-02-25 18:00:00-05:00,0.7200,0.0000
1990-02-25 19:00:00-05:00,-0.3500,0.0000
1990-02-25 20:00:00-05:00,-1.0800,0.0000
1990-02-25 21:00:00-05:00,-1.5200,0.0000
1990-02-25 22:00:00-05:00,-1.7500,0.0000
1990-02-25 23:00:00-05:00,-2.3800,0.0000
1990-02-26 00:00:00-05:00,-3.4300,0.0000
1990-02-26 01:00:00-05:00,-4.6600,0.0000
1990-02-26 02:00:00-05:00,-6.0600,0.0000
1990-02-26 03:00:00-05:00,-6.5200,0.0000
1990-02-26 04:00:00-05:00,-6.9900,0.0000
1990-02-26 05:00:00-05:00,-6.9000,0.0000
1990-02-26 06:00:00-05:00,-7.7000,0.0000
1990-02-26 07:00:00-05:00,-8.4200,108.7000
1990-02-26 08:00:00-05:00,-6.7200,245.4000
1990-02-26 09:00:00-05:00,-4.1100,413.7500
1990-02-26 10:00:00-05:00,-1.3900,556.4500
1990-02-26 11:00:00-05:00,1.1600,604.7000
1990-02-26 12:00:00-05:00,2.5300,590.2000
1990-02-26 13:00:00-05:00,3.3400,441.2500
1990-02-26 14:00:00-05:00,3.5600,326.0000
1990-02-26 15:00:00-05:00,2.8800,212.6500
1990-02-26 16:00:00-05:00,2.5900,95.9000
1990-02-26 17:00:00-05:00,2.5000,8.3500
1990-02-26 18:00:00-05:00,1.2500,0.0000
1990-02-26 19:00:00-05:00,0.3400,0.0000
1990-02-26 20:00:00-05:00,-0.3200,0.0000
1990-02-26 21:00:00-05:00,-1.1500,0.0000
1990-02-26 22:00:00-05:00,-1.5500,0.0000
1990-02-26 23:00:00-05:00,-1.7800,0.0000
1990-02-27 00:00:00-05:00,-1.9300,0.0000
1990-02-27 01:00:00-05:00,-2.2600,0.0000
1990-02-27 02:00:00-05:00,-2.2700,0.0000
1990-02-27 03:00:00-05:00,-2.5400,0.0000
1990-02-27 04:00:00-05:00,-2.8100,0.0000
1990-02-27 05:00:00-05:00,-3.2200,0.0000
1990-02-27 06:00:00-05:00,-3.5000,0.0000
1990-02-27 07:00:00-05:00,-3.4500,107.1000
1990-02-27 08:00:00-05:00,-2.2600,251.1000
1990-02-27 09:00:00-05:00,-0.3300,328.6500
1990-02-27 10:00:00-05:00,1.1600,399.9000
1990-02-27 11:00:00-05:00,2.3800,456.1500
1990-02-27 12:00:00-05:00,3.3500,472.4000
1990-02-27 13:00:00-05:00,4.0400,322.8500
1990-02-27 14:00:00-05:00,4.6000,280.6000
1990-02-27 15:00:00-05:00,4.7200,139.9500
1990-02-27 16:00:00-05:00,4.0200,50.1000
1990-02-27 17:00:00-05:00,3.2300,3.8000
1990-02-27 18:00:00-05:00,2.2000,0.0000
1990-02-27 19:00:00-05:00,1.5900,0.0000
1990-02-27 20:00:00-05:00,1.0500,0.0000
1990-02-27 21:00:00-05:00,0.6300,0.0000
1990-02-27 22:00:00-05:00,0.3800,0.0000
1990-02-27 23:00:00-05:00,0.1900,0.0000
1990-02-28 00:00:00-05:00,0.0000,0.0000
1990-02-28 01:00:00-05:00,-0.2000,0.0000
1990-02-28 02:00:00-05:00,-0.2900,0.0000
1990-02-28 03:00:00-05:00,-0.5000,0.0000
1990-02-28 04:00:00-05:00,-0.6500,0.0000
1990-02-28 05:00:00-05:00,-0.7200,0.0000
1990-02-28 06:00:00-05:00,-0.7700,0.0000
1990-02-28 07:00:00-05:00,-0.7900,33.1000
1990-02-28 08:00:00-05:00,-0.6500,97.0500
1990-02-28 09:00:00-05:00,-0.3200,117.0500
1990-02-28 10:00:00-05:00,-0.1100,176.3500
1990-02-28 11:00:00-05:00,6.0500,252.3500
1990-02-28 12:00:00-05:00,4.1800,212.8500
1990-02-28 13:00:00-05:00,2.3000,275.5000
1990-02-28 14:00:00-05:00,0.4300,169.9500
1990-02-28 15:00:00-05:00,-1.4400,106.2000
1990-02-28 16:00:00-05:00,-3.3100,56.4000
1990-02-28 17:00:00-05:00,-5.1800,6.3500
1990-02-28 18:00:00-05:00,-7.0500,0.0000
1990-02-28 19:00:00-05:00,-8.9200,0.0000
1990-02-28 20:00:00-05:00,-10.7900,0.0000
1990-02-28 21:00:00-05:00,-12.6600,0.0000
1990-02-28 22:00:00-05:00,-14.5300,0.0000
1990-02-28 23:00:00-05:00,-16.4000,0.0000
1990-03-01 00:00:00-05:00,-18.2700,0.0000
1990-03-01 01:00:00-05:00,-20.1400,0.0000
1990-03-01 02:00:00-05:00,-22.0100,0.0000
1990-03-01 03:00:00-05:00,-19.0500,0.0000
1990-03-01 04:00:00-05:00,-18.5200,0.0000
1990-03-01 05:00:00-05:00,-18.1700,0.0000
1990-03-01 06:00:00-05:00,-17.9000,0.0000
1990-03-01 07:00:00-05:00,-17.4900,73.1000
1990-03-01 08:00:00-05:00,-16.0600,177.9500
1990-03-01 09:00:00-05:00,-13.9300,281.9500
1990-03-01 10:00:00-05:00,-11.7600,364.7000
1990-03-01 11:00:00-05:00,-9.8400,403.4500
1990-03-01 12:00:00-05:00,-8.3300,360.4500
1990-03-01 13:00:00-05:00,-7.3200,354.1000
1990-03-01 14:00:00-05:00,-6.2500,220.5000
1990-03-01 15:00:00-05:00,-5.9600,123.6000
1990-03-01 16:00:00-05:00,-5.9700,77.4000
1990-03-01 17:00:00-05:00,-6.1200,7.4000
1990-03-01 18:00:00-05:00,-6.2900,0.0000
1990-03-01 19:00:00-05:00,-6.5000,0.0000
1990-03-01 20:00:00-05:00,-6.4700,0.0000
1990-03-01 21:00:00-05:00,-6.4400,0.0000
1990-03-01 22:00:00-05:00,-6.2800,0.0000
1990-03-01 23:00:00-05:00,-6.1600,0.0000
1990-03-02 00:00:00-05:00,-6.0800,0.0000
1990-03-02 01:00:00-05:00,-6.4400,0.0000
1990-03-02 02:00:00-05:00,-7.4500,0.0000
1990-03-02 03:00:00-05:00,-8.8800,0.0000
1990-03-02 04:00:00-05:00,-10.1000,0.0000
1990-03-02 05:00:00-05:00,-11.3800,0.0000
1990-03-02 06:00:00-05:00,-12.7400,0.0000
1990-03-02 07:00:00-05:00,-13.9000,139.6500
1990-03-02 08:00:00-05:00,-14.1100,303.0500
1990-03-02 09:00:00-05:00,-13.8700,465.5000
1990-03-02 10:00:00-05:00,-13.1100,605.8500
1990-03-02 11:00:00-05:00,-12.1800,669.2500
1990-03-02 12:00:00-05:00,-11.3300,677.8500
1990-03-02 13:00:00-05:00,-10.7900,618.9500
1990-03-02 14:00:00-05:00,-10.0800,502.4500
1990-03-02 15:00:00-05:00,-9.8700,335.8000
1990-03-02 16:00:00-05:00,-9.9900,161.7000
1990-03-02 17:00:00-05:00,-10.9000,17.7000
1990-03-02 18:00:00-05:00,-12.4600,0.0000
1990-03-02 19:00:00-05:00,-13.6800,0.0000
1990-03-02 20:00:00-05:00,-15.0100,0.0000
1990-03-02 21:00:00-05:00,-16.2900,0.0000
1990-03-02 22:00:00-05:00,-16.6300,0.0000
1990-03-02 23:00:00-05:00,-17.1200,0.0000
1990-03-03 00:00:00-05:00,-17.6400,0.0000
1990-03-03 01:00:00-05:00,-18.1000,0.0000
1990-03-03 02:00:00-05:00,-18.7100,0.0000
1990-03-03 03:00:00-05:00,-19.4900,0.0000
1990-03-03 04:00:00-05:00,-20.1500,0.0000
1990-03-03 05:00:00-05:00,-20.4800,0.0000
1990-03-03 06:00:00-05:00,-20.4800,0.0000
1990-03-03 07:00:00-05:00,-20.3000,145.1500
1990-03-03 08:00:00-05:00,-18.9500,331.0500
1990-03-03 09:00:00-05:00,-17.4800,502.2500
1990-03-03 10:00:00-05:00,-16.6900,620.8500
1990-03-03 11:00:00-05:00,-16.0900,680.8500
1990-03-03 12:00:00-05:00,-15.4400,683.3500
1990-03-03 13:00:00-05:00,-14.8500,628.9500
1990-03-03 14:00:00-05:00,-14.1800,511.3500
1990-03-03 15:00:00-05:00,-13.7300,353.1000
1990-03-03 16:00:00-05:00,-13.5500,166.7000
1990-03-03 17:00:00-05:00,-13.9400,19.4000
1990-03-03 18:00:00-05:00,-15.2900,0.0000
1990-03-03 19:00:00-05:00,-16.2400,0.0000
1990-03-03 20:00:00-05:00,-16.9200,0.0000
1990-03-03 21:00:00-05:00,-17.5800,0.0000
1990-03-03 22:00:00-05:00,-18.1600,0.0000
1990-03-03 23:00:00-05:00,-18.6800,0.0000
1990-03-04 00:00:00-05:00,-19.1600,0.0000
1990-03-04 01:00:00-05:00,-19.6400,0.0000
1990-03-04 02:00:00-05:00,-20.0600,0.0000
1990-03-04 03:00:00-05:00,-20.2700,0.0000
1990-03-04 04:00:00-05:00,-20.4800,0.0000
1990-03-04 05:00:00-05:00,-20.7500,0.0000
1990-03-04 06:00:00-05:00,-21.0500,0.0000
1990-03-04 07:00:00-05:00,-21.1800,157.1500
1990-03-04 08:00:00-05:00,-19.9700,335.4500
1990-03-04 09:00:00-05:00,-18.1100,462.4000
1990-03-04 10:00:00-05:00,-16.3300,564.4000
1990-03-04 11:00:00-05:00,-14.7500,584.8000
1990-03-04 12:00:00-05:00,-13.6800,543.3500
1990-03-04 13:00:00-05:00,-12.8400,468.2500
1990-03-04 14:00:00-05:00,-11.2800,343.9500
1990-03-04 15:00:00-05:00,-11.0600,191.2000
1990-03-04 16:00:00-05:00,-11.0900,91.0000
1990-03-04 17:00:00-05:00,-11.4300,10.9500
1990-03-04 18:00:00-05:00,-12.1400,0.0000
1990-03-04 19:00:00-05:00,-12.5500,0.0000
1990-03-04 20:00:00-05:00,-13.0400,0.0000
1990-03-04 21:00:00-05:00,-13.5400,0.0000
1990-03-04 22:00:00-05:00,-13.8500,0.0000
1990-03-04 23:00:00-05:00,-15.5100,0.0000
1990-03-05 00:00:00-05:00,-15.7900,0.0000
1990-03-05 01:00:00-05:00,-16.3600,0.0000
1990-03-05 02:00:00-05:00,-16.7500,0.0000
1990-03-05 03:00:00-05:00,-17.1700,0.0000
1990-03-05 04:00:00-05:00,-17.4400,0.0000
1990-03-05 05:00:00-05:00,-17.5900,0.0000
1990-03-05 06:00:00-05:00,-17.8800,0.0000
1990-03-05 07:00:00-05:00,-18.1700,135.7000
1990-03-05 08:00:00-05:00,-17.4300,313.1500
1990-03-05 09:00:00-05:00,-16.1400,445.7000
1990-03-05 10:00:00-05:00,-14.6700,512.1500
1990-03-05 11:00:00-05:00,-13.3700,619.9500
1990-03-05 12:00:00-05:00,-12.2200,625.6500
1990-03-05 13:00:00-05:00,-11.6100,608.9500
1990-03-05 14:00:00-05:00,-11.2400,513.4000
1990-03-05 15:00:00-05:00,-11.1200,360.2500
1990-03-05 16:00:00-05:00,-11.4200,179.7000
1990-03-05 17:00:00-05:00,-12.2400,24.1000
1990-03-05 18:00:00-05:00,-13.8900,0.0000
1990-03-05 19:00:00-05:00,-15.2800,0.0000
1990-03-05 20:00:00-05:00,-16.5500,0.0000
1990-03-05 21:00:00-05:00,-17.5700,0.0000
1990-03-05 22:00:00-05:00,-18.4500,0.0000
1990-03-05 23:00:00-05:00,-19.2500,0.0000
1990-03-06 00:00:00-05:00,-19.9100,0.0000
1990-03-06 01:00:00-05:00,-20.4000,0.0000
1990-03-06 02:00:00-05:00,-20.6300,0.0000
1990-03-06 03:00:00-05:00,-21.1100,0.0000
1990-03-06 04:00:00-05:00,-21.5300,0.0000
1990-03-06 05:00:00-05:00,-21.9000,0.0000
1990-03-06 06:00:00-05:00,-22.3300,0.0000
1990-03-06 07:00:00-05:00,-22.9300,174.4500
1990-03-06 08:00:00-05:00,-21.1800,362.0000
1990-03-06 09:00:00-05:00,-19.4100,524.6000
1990-03-06 10:00:00-05:00,-16.7200,642.5000
1990-03-06 11:00:00-05:00,-14.8000,704.7000
1990-03-06 12:00:00-05:00,-13.1000,705.8500
1990-03-06 13:00:00-05:00,-11.8000,646.0000
1990-03-06 14:00:00-05:00,-10.7400,530.1000
1990-03-06 15:00:00-05:00,-10.3300,369.4500
1990-03-06 16:00:00-05:00,-10.3900,183.2000
1990-03-06 17:00:00-05:00,-11.4100,25.8500
1990-03-06 18:00:00-05:00,-13.5000,0.0000
1990-03-06 19:00:00-05:00,-14.9000,0.0000
1990-03-06 20:00:00-05:00,-16.1300,0.0000
1990-03-06 21:00:00-05:00,-16.7700,0.0000
1990-03-06 22:00:00-05:00,-15.8800,0.0000
1990-03-06 23:00:00-05:00,-16.6200,0.0000
1990-03-07 00:00:00-05:00,-18.4200,0.0000
1990-03-07 01:00:00-05:00,-19.3000,0.0000
1990-03-07 02:00:00-05:00,-20.1600,0.0000
1990-03-07 03:00:00-05:00,-20.1600,0.0000
1990-03-07 04:00:00-05:00,-20.1900,0.0000
1990-03-07 05:00:00-05:00,-19.7700,0.0000
1990-03-07 06:00:00-05:00,-17.8100,0.0000
1990-03-07 07:00:00-05:00,-19.8100,177.6500
1990-03-07 08:00:00-05:00,-17.5600,360.0000
1990-03-07 09:00:00-05:00,-14.6000,510.0500
1990-03-07 10:00:00-05:00,-9.7800,635.5000
1990-03-07 11:00:00-05:00,-7.1100,702.9500
1990-03-07 12:00:00-05:00,-5.0600,701.2000
1990-03-07 13:00:00-05:00,-3.6100,638.8500
1990-03-07 14:00:00-05:00,-2.2500,521.3000
1990-03-07 15:00:00-05:00,-1.6600,352.3000
1990-03-07 16:00:00-05:00,-1.6900,174.9500
1990-03-07 17:00:00-05:00,-2.4800,22.9000
1990-03-07 18:00:00-05:00,-4.1900,0.0000
1990-03-07 19:00:00-05:00,-5.1500,0.0000
1990-03-07 20:00:00-05:00,-5.8300,0.0000
1990-03-07 21:00:00-05:00,-7.2100,0.0000
1990-03-07 22:00:00-05:00,-7.8800,0.0000
1990-03-07 23:00:00-05:00,-7.9000,0.0000
1990-03-08 00:00:00-05:00,-7.4900,0.0000
1990-03-08 01:00:00-05:00,-7.0300,0.0000
1990-03-08 02:00:00-05:00,-7.0600,0.0000
1990-03-08 03:00:00-05:00,-6.9400,0.0000
1990-03-08 04:00:00-05:00,-6.5200,0.0000
1990-03-08 05:00:00-05:00,-5.9700,0.0000
1990-03-08 06:00:00-05:00,-5.7300,0.0000
1990-03-08 07:00:00-05:00,-5.5800,47.2000
1990-03-08 08:00:00-05:00,-4.8400,126.8500
1990-03-08 09:00:00-05:00,-3.2500,291.9000
1990-03-08 10:00:00-05:00,-2.1900,544.2000
1990-03-08 11:00:00-05:00,-1.6100,646.5500
1990-03-08 12:00:00-05:00,-1.1400,707.6500
1990-03-08 13:00:00-05:00,-0.4900,654.0000
1990-03-08 14:00:00-05:00,-0.3400,535.6500
1990-03-08 15:00:00-05:00,-0.5800,367.7500
1990-03-08 16:00:00-05:00,-1.1000,186.5000
1990-03-08 17:00:00-05:00,-2.0600,29.0500
1990-03-08 18:00:00-05:00,-3.8200,0.0000
1990-03-08 19:00:00-05:00,-5.2400,0.0000
1990-03-08 20:00:00-05:00,-6.3900,0.0000
1990-03-08 21:00:00-05:00,-7.3900,0.0000
1990-03-08 22:00:00-05:00,-8.2800,0.0000
1990-03-08 23:00:00-05:00,-9.1500,0.0000
1990-03-09 00:00:00-05:00,-9.9600,0.0000
1990-03-09 01:00:00-05:00,-10.7100,0.0000
1990-03-09 02:00:00-05:00,-11.6600,0.0000
1990-03-09 03:00:00-05:00,-12.4400,0.0000
1990-03-09 04:00:00-05:00,-13.2300,0.0000
1990-03-09 05:00:00-05:00,-13.8900,0.0000
1990-03-09 06:00:00-05:00,-14.4400,0.0000
1990-03-09 07:00:00-05:00,-14.5700,171.1000
1990-03-09 08:00:00-05:00,-13.3000,370.7000
1990-03-09 09:00:00-05:00,-11.4300,532.6000
1990-03-09 10:00:00-05:00,-9.7800,649.6500
1990-03-09 11:00:00-05:00,-8.3500,713.5000
1990-03-09 12:00:00-05:00,-7.1100,714.1000
1990-03-09 13:00:00-05:00,-6.0900,653.2000
1990-03-09 14:00:00-05:00,-5.4300,534.3000
1990-03-09 15:00:00-05:00,-4.9100,372.0000
1990-03-09 16:00:00-05:00,-4.7300,188.2500
1990-03-09 17:00:00-05:00,-5.4900,31.3000
1990-03-09 18:00:00-05:00,-7.2800,0.0000
1990-03-09 19:00:00-05:00,-8.0200,0.0000
1990-03-09 20:00:00-05:00,-7.9700,0.0000
1990-03-09 21:00:00-05:00,-8.0200,0.0000
1990-03-09 22:00:00-05:00,-8.0700,0.0000
1990-03-09 23:00:00-05:00,-8.1700,0.0000
1990-03-10 00:00:00-05:00,-8.2900,0.0000
1990-03-10 01:00:00-05:00,-8.3000,0.0000
1990-03-10 02:00:00-05:00,-8.5200,0.0000
1990-03-10 03:00:00-05:00,-8.4400,0.0000
1990-03-10 04:00:00-05:00,-8.3500,0.0000
1990-03-10 05:00:00-05:00,-8.3800,0.0000
1990-03-10 06:00:00-05:00,-8.3600,0.0000
1990-03-10 07:00:00-05:00,-8.4300,111.3500
1990-03-10 08:00:00-05:00,-7.3900,224.8000
1990-03-10 09:00:00-05:00,-5.7000,409.8500
1990-03-10 10:00:00-05:00,-4.0800,469.1500
1990-03-10 11:00:00-05:00,-2.8500,448.1000
1990-03-10 12:00:00-05:00,-2.0400,389.9500
1990-03-10 13:00:00-05:00,-1.5200,310.1500
1990-03-10 14:00:00-05:00,-0.9400,220.2000
1990-03-10 15:00:00-05:00,-0.7400,133.0500
1990-03-10 16:00:00-05:00,-0.7000,58.3000
1990-03-10 17:00:00-05:00,-0.9900,11.9000
1990-03-10 18:00:00-05:00,-1.6900,0.0000
1990-03-10 19:00:00-05:00,-1.8600,0.0000
1990-03-10 20:00:00-05:00,-1.9000,0.0000
1990-03-10 21:00:00-05:00,-1.9200,0.0000
1990-03-10 22:00:00-05:00,-1.9700,0.0000
1990-03-10 23:00:00-05:00,-1.8600,0.0000
1990-03-11 00:00:00-05:00,-1.7300,0.0000
1990-03-11 01:00:00-05:00,-1.5700,0.0000
1990-03-11 02:00:00-05:00,-0.9900,0.0000
1990-03-11 03:00:00-05:00,-0.6800,0.0000
1990-03-11 04:00:00-05:00,-0.4700,0.0000
1990-03-11 05:00:00-05:00,-0.6600,0.0000
1990-03-11 06:00:00-05:00,-0.7700,0.0000
1990-03-11 07:00:00-05:00,-0.7900,110.3000
1990-03-11 08:00:00-05:00,-0.1100,303.0000
1990-03-11 09:00:00-05:00,1.5200,424.8500
1990-03-11 10:00:00-05:00,2.5900,460.2000
1990-03-11 11:00:00-05:00,3.1400,437.7500
1990-03-11 12:00:00-05:00,3.4000,489.5500
1990-03-11 13:00:00-05:00,3.6000,481.3500
1990-03-11 14:00:00-05:00,4.4000,336.6000
1990-03-11 15:00:00-05:00,4.3400,296.1000
1990-03-11 16:00:00-05:00,4.1900,161.9000
1990-03-11 17:00:00-05:00,3.3100,28.0500
1990-03-11 18:00:00-05:00,1.8300,0.0000
1990-03-11 19:00:00-05:00,1.1500,0.0000
1990-03-11 20:00:00-05:00,0.5800,0.0000
1990-03-11 21:00:00-05:00,0.1100,0.0000
1990-03-11 22:00:00-05:00,-0.3200,0.0000
1990-03-11 23:00:00-05:00,-0.6900,0.0000
1990-03-12 00:00:00-05:00,-1.1700,0.0000
1990-03-12 01:00:00-05:00,-1.8200,0.0000
1990-03-12 02:00:00-05:00,-1.7400,0.0000
1990-03-12 03:00:00-05:00,-1.9700,0.0000
1990-03-12 04:00:00-05:00,-2.8500,0.0000
1990-03-12 05:00:00-05:00,-3.9000,0.0000
1990-03-12 06:00:00-05:00,-4.8600,0.0000
1990-03-12 07:00:00-05:00,-5.4800,175.9000
1990-03-12 08:00:00-05:00,-5.3800,291.9000
1990-03-12 09:00:00-05:00,-5.3300,383.4500
1990-03-12 10:00:00-05:00,-5.1300,354.2000
1990-03-12 11:00:00-05:00,-5.2500,310.7000
1990-03-12 12:00:00-05:00,-5.5500,284.1500
1990-03-12 13:00:00-05:00,-5.9200,238.2500
1990-03-12 14:00:00-05:00,-7.3600,173.4000
1990-03-12 15:00:00-05:00,-7.7300,110.5500
1990-03-12 16:00:00-05:00,-8.1300,44.6000
1990-03-12 17:00:00-05:00,-8.5900,7.8000
1990-03-12 18:00:00-05:00,-9.0100,0.0000
1990-03-12 19:00:00-05:00,-9.5600,0.0000
1990-03-12 20:00:00-05:00,-10.2000,0.0000
1990-03-12 21:00:00-05:00,-10.6200,0.0000
1990-03-12 22:00:00-05:00,-10.8500,0.0000
1990-03-12 23:00:00-05:00,-10.9900,0.0000
1990-03-13 00:00:00-05:00,-11.1500,0.0000
1990-03-13 01:00:00-05:00,-11.3800,0.0000
1990-03-13 02:00:00-05:00,-12.2500,0.0000
1990-03-13 03:00:00-05:00,-12.7100,0.0000
1990-03-13 04:00:00-05:00,-13.1500,0.0000
1990-03-13 05:00:00-05:00,-13.5400,0.0000
1990-03-13 06:00:00-05:00,-13.9900,0.0000
1990-03-13 07:00:00-05:00,-14.2100,112.1500
1990-03-13 08:00:00-05:00,-14.3600,200.7500
1990-03-13 09:00:00-05:00,-14.1900,346.2000
1990-03-13 10:00:00-05:00,-13.4800,483.8000
1990-03-13 11:00:00-05:00,-12.4800,587.7500
1990-03-13 12:00:00-05:00,-11.3100,623.7000
1990-03-13 13:00:00-05:00,-10.2000,573.0000
1990-03-13 14:00:00-05:00,-9.5700,494.4500
1990-03-13 15:00:00-05:00,-8.9400,364.1000
1990-03-13 16:00:00-05:00,-8.7000,192.5000
1990-03-13 17:00:00-05:00,-9.0300,40.3000
1990-03-13 18:00:00-05:00,-10.2400,0.0000
1990-03-13 19:00:00-05:00,-11.5300,0.0000
1990-03-13 20:00:00-05:00,-12.5700,0.0000
1990-03-13 21:00:00-05:00,-13.5500,0.0000
1990-03-13 22:00:00-05:00,-14.4800,0.0000
1990-03-13 23:00:00-05:00,-15.3100,0.0000
1990-03-14 00:00:00-05:00,-16.0800,0.0000
1990-03-14 01:00:00-05:00,-16.7500,0.0000
1990-03-14 02:00:00-05:00,-16.9100,0.0000
1990-03-14 03:00:00-05:00,-17.6200,0.0000
1990-03-14 04:00:00-05:00,-18.2600,0.0000
1990-03-14 05:00:00-05:00,-19.1000,0.0000
1990-03-14 06:00:00-05:00,-20.1500,0.0000
1990-03-14 07:00:00-05:00,-20.3500,218.6000
1990-03-14 08:00:00-05:00,-18.2100,404.3500
1990-03-14 09:00:00-05:00,-15.1400,553.4500
1990-03-14 10:00:00-05:00,-12.5600,671.3000
1990-03-14 11:00:00-05:00,-10.2300,675.8500
1990-03-14 12:00:00-05:00,-8.2100,459.3000
1990-03-14 13:00:00-05:00,-6.8900,197.4000
1990-03-14 14:00:00-05:00,-4.8400,159.4500
1990-03-14 15:00:00-05:00,-3.9900,80.4000
1990-03-14 16:00:00-05:00,-4.0400,46.7000
1990-03-14 17:00:00-05:00,-3.9200,15.7000
1990-03-14 18:00:00-05:00,-3.9000,0.0000
1990-03-14 19:00:00-05:00,-3.5700,0.0000
1990-03-14 20:00:00-05:00,-2.9900,0.0000
1990-03-14 21:00:00-05:00,-2.5400,0.0000
1990-03-14 22:00:00-05:00,-1.8000,0.0000
1990-03-14 23:00:00-05:00,-1.2800,0.0000
1990-03-15 00:00:00-05:00,-0.4200,0.0000
1990-03-15 01:00:00-05:00,0.9000,0.0000
1990-03-15 02:00:00-05:00,1.1800,0.0000
1990-03-15 03:00:00-05:00,1.9000,0.0000
1990-03-15 04:00:00-05:00,2.1100,0.0000
1990-03-15 05:00:00-05:00,2.1400,0.0000
1990-03-15 06:00:00-05:00,2.0900,0.0000
1990-03-15 07:00:00-05:00,2.3200,82.9500
1990-03-15 08:00:00-05:00,2.5000,152.7500
1990-03-15 09:00:00-05:00,2.7700,186.9000
1990-03-15 10:00:00-05:00,3.2900,333.7000
1990-03-15 11:00:00-05:00,3.9600,490.6500
1990-03-15 12:00:00-05:00,4.6500,577.1500
1990-03-15 13:00:00-05:00,4.8700,533.6500
1990-03-15 14:00:00-05:00,4.6000,378.0000
1990-03-15 15:00:00-05:00,4.1400,281.7000
1990-03-15 16:00:00-05:00,3.3600,128.1000
1990-03-15 17:00:00-05:00,2.0500,26.0000
1990-03-15 18:00:00-05:00,0.4500,0.0000
1990-03-15 19:00:00-05:00,-0.8500,0.0000
1990-03-15 20:00:00-05:00,-2.2100,0.0000
1990-03-15 21:00:00-05:00,-3.5200,0.0000
1990-03-15 22:00:00-05:00,-4.8300,0.0000
1990-03-15 23:00:00-05:00,-6.0300,0.0000
1990-03-16 00:00:00-05:00,-7.1100,0.0000
1990-03-16 01:00:00-05:00,-8.1700,0.0000
1990-03-16 02:00:00-05:00,-9.7800,0.0000
1990-03-16 03:00:00-05:00,-10.9500,0.0000
1990-03-16 04:00:00-05:00,-11.9600,0.0000
1990-03-16 05:00:00-05:00,-12.9500,0.0000
1990-03-16 06:00:00-05:00,-13.9400,0.0000
1990-03-16 07:00:00-05:00,-14.5000,226.8500
1990-03-16 08:00:00-05:00,-14.5800,411.1500
1990-03-16 09:00:00-05:00,-14.1900,557.6000
1990-03-16 10:00:00-05:00,-13.4800,678.9000
1990-03-16 11:00:00-05:00,-12.6700,752.8000
1990-03-16 12:00:00-05:00,-11.8600,746.4000
1990-03-16 13:00:00-05:00,-11.2100,681.4000
1990-03-16 14:00:00-05:00,-10.9900,530.0500
1990-03-16 15:00:00-05:00,-10.7900,352.8000
1990-03-16 16:00:00-05:00,-10.8100,195.9500
1990-03-16 17:00:00-05:00,-11.1200,46.9500
1990-03-16 18:00:00-05:00,-12.1500,0.0000
1990-03-16 19:00:00-05:00,-13.2000,0.0000
1990-03-16 20:00:00-05:00,-14.0400,0.0000
1990-03-16 21:00:00-05:00,-14.8200,0.0000
1990-03-16 22:00:00-05:00,-15.5500,0.0000
1990-03-16 23:00:00-05:00,-16.3200,0.0000
1990-03-17 00:00:00-05:00,-17.0500,0.0000
1990-03-17 01:00:00-05:00,-17.6400,0.0000
1990-03-17 02:00:00-05:00,-18.0800,0.0000
1990-03-17 03:00:00-05:00,-18.6600,0.0000
1990-03-17 04:00:00-05:00,-19.2300,0.0000
1990-03-17 05:00:00-05:00,-19.7200,0.0000
1990-03-17 06:00:00-05:00,-20.1800,0.0000
1990-03-17 07:00:00-05:00,-20.2900,243.5000
1990-03-17 08:00:00-05:00,-18.6000,434.4000
1990-03-17 09:00:00-05:00,-15.8100,596.5500
1990-03-17 10:00:00-05:00,-13.7300,709.3500
1990-03-17 11:00:00-05:00,-12.3400,755.5000
1990-03-17 12:00:00-05:00,-11.2300,753.3000
1990-03-17 13:00:00-05:00,-10.2800,686.5500
1990-03-17 14:00:00-05:00,-8.9000,569.9500
1990-03-17 15:00:00-05:00,-8.2500,411.6000
1990-03-17 16:00:00-05:00,-7.9400,229.7000
1990-03-17 17:00:00-05:00,-8.5000,54.7500
1990-03-17 18:00:00-05:00,-10.3400,0.0000
1990-03-17 19:00:00-05:00,-11.9900,0.0000
1990-03-17 20:00:00-05:00,-13.2300,0.0000
1990-03-17 21:00:00-05:00,-14.1600,0.0000
1990-03-17 22:00:00-05:00,-14.9300,0.0000
1990-03-17 23:00:00-05:00,-15.6500,0.0000
1990-03-18 00:00:00-05:00,-16.4100,0.0000
1990-03-18 01:00:00-05:00,-17.1400,0.0000
1990-03-18 02:00:00-05:00,-17.5100,0.0000
1990-03-18 03:00:00-05:00,-18.8000,0.0000
1990-03-18 04:00:00-05:00,-19.5100,0.0000
1990-03-18 05:00:00-05:00,-20.1200,0.0000
1990-03-18 06:00:00-05:00,-20.9900,0.0000
1990-03-18 07:00:00-05:00,-20.6400,243.5500
1990-03-18 08:00:00-05:00,-17.5900,425.7500
1990-03-18 09:00:00-05:00,-14.7400,593.9000
1990-03-18 10:00:00-05:00,-11.7200,706.2000
1990-03-18 11:00:00-05:00,-9.5800,766.7500
1990-03-18 12:00:00-05:00,-8.0500,764.4000
1990-03-18 13:00:00-05:00,-6.8300,703.5000
1990-03-18 14:00:00-05:00,-5.7400,585.3000
1990-03-18 15:00:00-05:00,-5.3800,422.6000
1990-03-18 16:00:00-05:00,-5.6300,233.4000
1990-03-18 17:00:00-05:00,-5.0400,56.0500
1990-03-18 18:00:00-05:00,-6.2200,0.0000
1990-03-18 19:00:00-05:00,-6.9900,0.0000
1990-03-18 20:00:00-05:00,-7.7100,0.0000
1990-03-18 21:00:00-05:00,-8.7000,0.0000
1990-03-18 22:00:00-05:00,-13.3400,0.0000
1990-03-18 23:00:00-05:00,-14.8700,0.0000
1990-03-19 00:00:00-05:00,-15.3800,0.0000
1990-03-19 01:00:00-05:00,-15.3500,0.0000
1990-03-19 02:00:00-05:00,-14.9800,0.0000
1990-03-19 03:00:00-05:00,-15.0900,0.0000
1990-03-19 04:00:00-05:00,-15.0500,0.0000
1990-03-19 05:00:00-05:00,-14.9000,0.0000
1990-03-19 06:00:00-05:00,-14.7800,0.0000
1990-03-19 07:00:00-05:00,-13.0900,163.3000
1990-03-19 08:00:00-05:00,-10.2100,229.5500
1990-03-19 09:00:00-05:00,-7.4800,327.1500
1990-03-19 10:00:00-05:00,-4.9900,435.9000
1990-03-19 11:00:00-05:00,-2.4000,508.3500
1990-03-19 12:00:00-05:00,-0.3000,541.9000
1990-03-19 13:00:00-05:00,1.4700,429.5000
1990-03-19 14:00:00-05:00,2.8400,199.1000
1990-03-19 15:00:00-05:00,2.6400,142.6000
1990-03-19 16:00:00-05:00,2.6200,76.3000
1990-03-19 17:00:00-05:00,1.9800,14.3000
1990-03-19 18:00:00-05:00,1.1400,0.0000
1990-03-19 19:00:00-05:00,0.4600,0.0000
1990-03-19 20:00:00-05:00,-0.0300,0.0000
1990-03-19 21:00:00-05:00,-0.3000,0.0000
1990-03-19 22:00:00-05:00,-0.4900,0.0000
1990-03-19 23:00:00-05:00,-0.5200,0.0000
1990-03-20 00:00:00-05:00,-0.5300,0.0000
1990-03-20 01:00:00-05:00,-0.5300,0.0000
1990-03-20 02:00:00-05:00,-0.3100,0.0000
1990-03-20 03:00:00-05:00,-0.3200,0.0000
1990-03-20 04:00:00-05:00,-0.3700,0.0000
1990-03-20 05:00:00-05:00,-0.3000,0.0000
1990-03-20 06:00:00-05:00,-0.1500,12.7500
1990-03-20 07:00:00-05:00,0.0600,41.2000
1990-03-20 08:00:00-05:00,0.3500,97.6500
1990-03-20 09:00:00-05:00,0.9700,176.2500
1990-03-20 10:00:00-05:00,1.5800,262.4500
1990-03-20 11:00:00-05:00,2.4400,261.9000
1990-03-20 12:00:00-05:00,3.0300,395.8000
1990-03-20 13:00:00-05:00,3.7400,251.1500
1990-03-20 14:00:00-05:00,3.4100,223.7000
1990-03-20 15:00:00-05:00,3.2400,193.1000
1990-03-20 16:00:00-05:00,3.1100,120.9000
1990-03-20 17:00:00-05:00,2.8500,28.8500
1990-03-20 18:00:00-05:00,2.3200,0.0000
1990-03-20 19:00:00-05:00,1.8100,0.0000
1990-03-20 20:00:00-05:00,1.3200,0.0000
1990-03-20 21:00:00-05:00,0.7900,0.0000
1990-03-20 22:00:00-05:00,0.4900,0.0000
1990-03-20 23:00:00-05:00,0.2100,0.0000
1990-03-21 00:00:00-05:00,0.2500,0.0000
1990-03-21 01:00:00-05:00,0.3300,0.0000
1990-03-21 02:00:00-05:00,0.2800,0.0000
1990-03-21 03:00:00-05:00,0.1800,0.0000
1990-03-21 04:00:00-05:00,-0.0700,0.0000
1990-03-21 05:00:00-05:00,-0.4200,0.0000
1990-03-21 06:00:00-05:00,-0.8500,32.7000
1990-03-21 07:00:00-05:00,-1.0900,140.5500
1990-03-21 08:00:00-05:00,-0.9900,248.2000
1990-03-21 09:00:00-05:00,-0.6300,396.8000
1990-03-21 10:00:00-05:00,-0.1200,392.7000
1990-03-21 11:00:00-05:00,0.1500,399.1500
1990-03-21 12:00:00-05:00,0.4700,424.7000
1990-03-21 13:00:00-05:00,0.9000,444.4000
1990-03-21 14:00:00-05:00,1.4200,369.0500
1990-03-21 15:00:00-05:00,1.9200,364.9000
1990-03-21 16:00:00-05:00,1.9900,231.9500
1990-03-21 17:00:00-05:00,1.3700,66.2000
1990-03-21 18:00:00-05:00,-0.2300,0.0000
1990-03-21 19:00:00-05:00,-1.5600,0.0000
1990-03-21 20:00:00-05:00,-2.6000,0.0000
1990-03-21 21:00:00-05:00,-3.6400,0.0000
1990-03-21 22:00:00-05:00,-4.5900,0.0000
1990-03-21 23:00:00-05:00,-5.4300,0.0000
1990-03-22 00:00:00-05:00,-6.1800,0.0000
1990-03-22 01:00:00-05:00,-6.8300,0.0000
1990-03-22 02:00:00-05:00,-7.4800,0.0000
1990-03-22 03:00:00-05:00,-7.3100,0.0000
1990-03-22 04:00:00-05:00,-9.1800,0.0000
1990-03-22 05:00:00-05:00,-11.0000,0.0000
1990-03-22 06:00:00-05:00,-10.7600,39.6500
1990-03-22 07:00:00-05:00,-9.9700,127.8500
1990-03-22 08:00:00-05:00,-8.2500,130.4000
1990-03-22 09:00:00-05:00,-6.8400,169.0000
1990-03-22 10:00:00-05:00,-5.6400,197.6000
1990-03-22 11:00:00-05:00,-4.7800,178.2000
1990-03-22 12:00:00-05:00,-4.4000,207.0000
1990-03-22 13:00:00-05:00,-3.7800,214.3500
1990-03-22 14:00:00-05:00,-2.9700,223.2500
1990-03-22 15:00:00-05:00,-2.3900,231.1500
1990-03-22 16:00:00-05:00,-1.7300,158.4000
1990-03-22 17:00:00-05:00,-1.3000,40.1500
1990-03-22 18:00:00-05:00,-1.9700,0.0000
1990-03-22 19:00:00-05:00,-3.0200,0.0000
1990-03-22 20:00:00-05:00,-4.1000,0.0000
1990-03-22 21:00:00-05:00,-4.6900,0.0000
1990-03-22 22:00:00-05:00,-4.8400,0.0000
1990-03-22 23:00:00-05:00,-4.8100,0.0000
1990-03-23 00:00:00-05:00,-4.8300,0.0000
1990-03-23 01:00:00-05:00,-4.8500,0.0000
1990-03-23 02:00:00-05:00,-4.1900,0.0000
1990-03-23 03:00:00-05:00,-5.6100,0.0000
1990-03-23 04:00:00-05:00,-7.6600,0.0000
1990-03-23 05:00:00-05:00,-9.5600,0.0000
1990-03-23 06:00:00-05:00,-10.9000,44.8000
1990-03-23 07:00:00-05:00,-11.5100,240.9000
1990-03-23 08:00:00-05:00,-11.5800,449.7000
1990-03-23 09:00:00-05:00,-11.1900,596.2500
1990-03-23 10:00:00-05:00,-10.5900,707.9000
1990-03-23 11:00:00-05:00,-9.9000,776.7500
1990-03-23 12:00:00-05:00,-9.3200,785.3500
1990-03-23 13:00:00-05:00,-8.8300,731.1500
1990-03-23 14:00:00-05:00,-9.0200,613.1000
1990-03-23 15:00:00-05:00,-8.6800,448.0000
1990-03-23 16:00:00-05:00,-8.6700,257.7000
1990-03-23 17:00:00-05:00,-9.1100,72.2500
1990-03-23 18:00:00-05:00,-10.2400,0.0500
1990-03-23 19:00:00-05:00,-11.5300,0.0000
1990-03-23 20:00:00-05:00,-12.5800,0.0000
1990-03-23 21:00:00-05:00,-13.5500,0.0000
1990-03-23 22:00:00-05:00,-14.3900,0.0000
1990-03-23 23:00:00-05:00,-15.1600,0.0000
1990-03-24 00:00:00-05:00,-15.8900,0.0000
1990-03-24 01:00:00-05:00,-16.5300,0.0000
1990-03-24 02:00:00-05:00,-17.1100,0.0000
1990-03-24 03:00:00-05:00,-17.5300,0.0000
1990-03-24 04:00:00-05:00,-18.0600,0.0000
1990-03-24 05:00:00-05:00,-18.5400,0.0000
1990-03-24 06:00:00-05:00,-18.9100,34.7000
1990-03-24 07:00:00-05:00,-18.8500,286.0500
1990-03-24 08:00:00-05:00,-17.2900,477.3000
1990-03-24 09:00:00-05:00,-14.6700,638.0000
1990-03-24 10:00:00-05:00,-12.0300,753.9000
1990-03-24 11:00:00-05:00,-10.3800,806.7500
1990-03-24 12:00:00-05:00,-9.2300,799.7000
1990-03-24 13:00:00-05:00,-8.2400,728.7000
1990-03-24 14:00:00-05:00,-6.7700,565.3000
1990-03-24 15:00:00-05:00,-6.0100,417.9500
1990-03-24 16:00:00-05:00,-5.5500,226.9000
1990-03-24 17:00:00-05:00,-5.9100,73.1500
1990-03-24 18:00:00-05:00,-7.6100,0.1000
1990-03-24 19:00:00-05:00,-9.3600,0.0000
1990-03-24 20:00:00-05:00,-10.5600,0.0000
1990-03-24 21:00:00-05:00,-11.5600,0.0000
1990-03-24 22:00:00-05:00,-12.7800,0.0000
1990-03-24 23:00:00-05:00,-14.2500,0.0000
1990-03-25 00:00:00-05:00,-14.1800,0.0000
1990-03-25 01:00:00-05:00,-13.8200,0.0000
1990-03-25 02:00:00-05:00,-13.6400,0.0000
1990-03-25 03:00:00-05:00,-13.9100,0.0000
1990-03-25 04:00:00-05:00,-14.2600,0.0000
1990-03-25 05:00:00-05:00,-14.6100,0.0000
1990-03-25 06:00:00-05:00,-14.8700,37.1000
1990-03-25 07:00:00-05:00,-14.2100,286.3500
1990-03-25 08:00:00-05:00,-12.4100,480.2000
1990-03-25 09:00:00-05:00,-10.4800,638.9000
1990-03-25 10:00:00-05:00,-8.6500,739.3500
1990-03-25 11:00:00-05:00,-6.9700,751.0500
1990-03-25 12:00:00-05:00,-5.6100,699.2000
1990-03-25 13:00:00-05:00,-4.6700,518.5500
1990-03-25 14:00:00-05:00,-3.7900,452.9000
1990-03-25 15:00:00-05:00,-3.3100,286.9000
1990-03-25 16:00:00-05:00,-3.0100,177.2500
1990-03-25 17:00:00-05:00,-3.2500,71.8000
1990-03-25 18:00:00-05:00,-4.6900,0.2000
1990-03-25 19:00:00-05:00,-6.3900,0.0000
1990-03-25 20:00:00-05:00,-7.4800,0.0000
1990-03-25 21:00:00-05:00,-8.1200,0.0000
1990-03-25 22:00:00-05:00,-8.5900,0.0000
1990-03-25 23:00:00-05:00,-8.7900,0.0000
1990-03-26 00:00:00-05:00,-8.5900,0.0000
1990-03-26 01:00:00-05:00,-8.3100,0.0000
1990-03-26 02:00:00-05:00,-9.8000,0.0000
1990-03-26 03:00:00-05:00,-10.2700,0.0000
1990-03-26 04:00:00-05:00,-10.1600,0.0000
1990-03-26 05:00:00-05:00,-9.5100,0.0000
1990-03-26 06:00:00-05:00,-9.7800,63.0000
1990-03-26 07:00:00-05:00,-10.1300,195.4000
1990-03-26 08:00:00-05:00,-8.0700,352.7500
1990-03-26 09:00:00-05:00,-6.5700,470.6000
1990-03-26 10:00:00-05:00,-5.1700,582.3500
1990-03-26 11:00:00-05:00,-3.8100,720.4500
1990-03-26 12:00:00-05:00,-2.4500,660.6000
1990-03-26 13:00:00-05:00,-1.6100,528.8500
1990-03-26 14:00:00-05:00,-1.7100,433.2500
1990-03-26 15:00:00-05:00,-2.1600,314.6500
1990-03-26 16:00:00-05:00,-2.7900,213.6500
1990-03-26 17:00:00-05:00,-3.5500,69.7000
1990-03-26 18:00:00-05:00,-4.7600,0.3000
1990-03-26 19:00:00-05:00,-6.1300,0.0000
1990-03-26 20:00:00-05:00,-7.5200,0.0000
1990-03-26 21:00:00-05:00,-8.7500,0.0000
1990-03-26 22:00:00-05:00,-9.7900,0.0000
1990-03-26 23:00:00-05:00,-10.6400,0.0000
1990-03-27 00:00:00-05:00,-11.3500,0.0000
1990-03-27 01:00:00-05:00,-11.9500,0.0000
1990-03-27 02:00:00-05:00,-12.7300,0.0000
1990-03-27 03:00:00-05:00,-13.5300,0.0000
1990-03-27 04:00:00-05:00,-14.2600,0.0000
1990-03-27 05:00:00-05:00,-14.8100,0.0000
1990-03-27 06:00:00-05:00,-15.2600,111.6000
1990-03-27 07:00:00-05:00,-14.9900,303.5000
1990-03-27 08:00:00-05:00,-12.7700,490.1500
1990-03-27 09:00:00-05:00,-10.2800,645.9500
1990-03-27 10:00:00-05:00,-8.3800,738.8500
1990-03-27 11:00:00-05:00,-6.7700,650.2500
1990-03-27 12:00:00-05:00,-5.6600,684.7000
1990-03-27 13:00:00-05:00,-4.8600,662.0000
1990-03-27 14:00:00-05:00,-3.6500,562.0000
1990-03-27 15:00:00-05:00,-3.2900,393.0000
1990-03-27 16:00:00-05:00,-3.2700,198.9500
1990-03-27 17:00:00-05:00,-3.7300,48.7000
1990-03-27 18:00:00-05:00,-4.3900,0.3500
1990-03-27 19:00:00-05:00,-4.8300,0.0000
1990-03-27 20:00:00-05:00,-5.0400,0.0000
1990-03-27 21:00:00-05:00,-5.2100,0.0000
1990-03-27 22:00:00-05:00,-5.3900,0.0000
1990-03-27 23:00:00-05:00,-5.3700,0.0000
1990-03-28 00:00:00-05:00,-5.0200,0.0000
1990-03-28 01:00:00-05:00,-4.7200,0.0000
1990-03-28 02:00:00-05:00,-4.9100,0.0000
1990-03-28 03:00:00-05:00,-4.3000,0.0000
1990-03-28 04:00:00-05:00,-3.9700,0.0000
1990-03-28 05:00:00-05:00,-3.4600,0.0000
1990-03-28 06:00:00-05:00,-3.1200,20.6000
1990-03-28 07:00:00-05:00,-2.4100,88.1500
1990-03-28 08:00:00-05:00,-1.5200,107.2000
1990-03-28 09:00:00-05:00,-0.4000,134.3000
1990-03-28 10:00:00-05:00,0.7200,141.9500
1990-03-28 11:00:00-05:00,1.7200,239.0000
1990-03-28 12:00:00-05:00,3.0600,212.2000
1990-03-28 13:00:00-05:00,3.7800,174.8000
1990-03-28 14:00:00-05:00,4.4200,142.7500
1990-03-28 15:00:00-05:00,4.5000,97.0500
1990-03-28 16:00:00-05:00,4.4700,61.5000
1990-03-28 17:00:00-05:00,4.4600,8.5500
1990-03-28 18:00:00-05:00,4.1400,0.1000
1990-03-28 19:00:00-05:00,3.8000,0.0000
1990-03-28 20:00:00-05:00,3.4500,0.0000
1990-03-28 21:00:00-05:00,3.0400,0.0000
1990-03-28 22:00:00-05:00,2.6800,0.0000
1990-03-28 23:00:00-05:00,2.5700,0.0000
1990-03-29 00:00:00-05:00,1.7800,0.0000
1990-03-29 01:00:00-05:00,0.7800,0.0000
1990-03-29 02:00:00-05:00,-0.0800,0.0000
1990-03-29 03:00:00-05:00,-0.7100,0.0000
1990-03-29 04:00:00-05:00,-1.2700,0.0000
1990-03-29 05:00:00-05:00,-1.5000,0.0000
1990-03-29 06:00:00-05:00,-1.7800,88.5000
1990-03-29 07:00:00-05:00,-1.7400,188.9000
1990-03-29 08:00:00-05:00,-0.6900,371.4500
1990-03-29 09:00:00-05:00,-0.1300,494.9000
1990-03-29 10:00:00-05:00,0.7100,549.1500
1990-03-29 11:00:00-05:00,1.2200,676.7500
1990-03-29 12:00:00-05:00,2.0800,666.8500
1990-03-29 13:00:00-05:00,2.7900,682.5500
1990-03-29 14:00:00-05:00,2.8900,489.0500
1990-03-29 15:00:00-05:00,3.0700,364.7500
1990-03-29 16:00:00-05:00,3.1700,208.3000
1990-03-29 17:00:00-05:00,2.6700,70.9000
1990-03-29 18:00:00-05:00,1.4600,1.0500
1990-03-29 19:00:00-05:00,0.3200,0.0000
1990-03-29 20:00:00-05:00,-0.1100,0.0000
1990-03-29 21:00:00-05:00,-0.1700,0.0000
1990-03-29 22:00:00-05:00,-0.2600,0.0000
1990-03-29 23:00:00-05:00,-0.1900,0.0000
1990-03-30 00:00:00-05:00,-0.1700,0.0000
1990-03-30 01:00:00-05:00,-0.2200,0.0000
1990-03-30 02:00:00-05:00,-0.4300,0.0000
1990-03-30 03:00:00-05:00,-0.6600,0.0000
1990-03-30 04:00:00-05:00,-0.9800,0.0000
1990-03-30 05:00:00-05:00,-1.3300,0.0000
1990-03-30 06:00:00-05:00,-1.5900,15.3000
1990-03-30 07:00:00-05:00,-1.6800,47.1500
1990-03-30 08:00:00-05:00,-1.6900,49.3000
1990-03-30 09:00:00-05:00,-1.6400,68.6500
1990-03-30 10:00:00-05:00,-1.5400,125.9000
1990-03-30 11:00:00-05:00,-1.2200,244.0000
1990-03-30 12:00:00-05:00,-0.5200,186.2000
1990-03-30 13:00:00-05:00,-0.5000,208.2000
1990-03-30 14:00:00-05:00,-0.2300,180.4500
1990-03-30 15:00:00-05:00,-0.1800,179.7000
1990-03-30 16:00:00-05:00,-0.1700,90.3500
1990-03-30 17:00:00-05:00,-0.3900,32.9500
1990-03-30 18:00:00-05:00,-0.8000,0.8000
1990-03-30 19:00:00-05:00,-1.0400,0.0000
1990-03-30 20:00:00-05:00,-1.2700,0.0000
1990-03-30 21:00:00-05:00,-1.5800,0.0000
1990-03-30 22:00:00-05:00,-1.6100,0.0000
1990-03-30 23:00:00-05:00,-1.6900,0.0000
1990-03-31 00:00:00-05:00,-2.0800,0.0000
1990-03-31 01:00:00-05:00,-2.5800,0.0000
1990-03-31 02:00:00-05:00,-3.0700,0.0000
1990-03-31 03:00:00-05:00,-3.3600,0.0000
1990-03-31 04:00:00-05:00,-3.6100,0.0000
1990-03-31 05:00:00-05:00,-3.7900,0.0000
1990-03-31 06:00:00-05:00,-3.8700,103.4000
1990-03-31 07:00:00-05:00,-3.0200,254.5500
1990-03-31 08:00:00-05:00,-1.6800,469.6000
1990-03-31 09:00:00-05:00,0.1200,631.3500
1990-03-31 10:00:00-05:00,1.6500,755.3500
1990-03-31 11:00:00-05:00,5.0300,805.7500
1990-03-31 12:00:00-05:00,5.0000,793.0000
1990-03-31 13:00:00-05:00,4.9700,744.9000
1990-03-31 14:00:00-05:00,4.9400,622.4000
1990-03-31 15:00:00-05:00,4.9100,475.4500
1990-03-31 16:00:00-05:00,4.8800,283.3500
1990-03-31 17:00:00-05:00,4.8500,96.2500
1990-03-31 18:00:00-05:00,4.8200,1.4000
1990-03-31 19:00:00-05:00,4.7900,0.0000
1990-03-31 20:00:00-05:00,4.7600,0.0000
1990-03-31 21:00:00-05:00,4.7300,0.0000
1990-03-31 22:00:00-05:00,4.7000,0.0000
1990-03-31 23:00:00-05:00,4.6700,0.0000
1990-04-01 00:00:00-05:00,4.6400,0.0000
1990-04-01 01:00:00-05:00,4.6100,0.0000
1990-04-01 03:00:00-04:00,4.5800,0.0000
1990-04-01 04:00:00-04:00,3.6000,0.0000
1990-04-01 05:00:00-04:00,3.3900,0.0000
1990-04-01 06:00:00-04:00,3.2400,0.0000
1990-04-01 07:00:00-04:00,3.1600,26.2000
1990-04-01 08:00:00-04:00,3.3400,55.9500
1990-04-01 09:00:00-04:00,3.7100,112.5500
1990-04-01 10:00:00-04:00,4.3300,167.6500
1990-04-01 11:00:00-04:00,5.2300,191.4500
1990-04-01 12:00:00-04:00,5.8500,128.5500
1990-04-01 13:00:00-04:00,5.1300,186.4000
1990-04-01 14:00:00-04:00,4.3700,255.7000
1990-04-01 15:00:00-04:00,5.1900,364.5500
1990-04-01 16:00:00-04:00,5.8400,294.7500
1990-04-01 17:00:00-04:00,5.3000,213.9000
1990-04-01 18:00:00-04:00,4.2600,94.0000
1990-04-01 19:00:00-04:00,2.6500,1.8500
1990-04-01 20:00:00-04:00,0.9500,0.0000
1990-04-01 21:00:00-04:00,-0.3900,0.0000
1990-04-01 22:00:00-04:00,-1.2400,0.0000
1990-04-01 23:00:00-04:00,-2.0500,0.0000
1990-04-02 00:00:00-04:00,-2.9100,0.0000
1990-04-02 01:00:00-04:00,-3.7000,0.0000
1990-04-02 02:00:00-04:00,-4.3500,0.0000
1990-04-02 03:00:00-04:00,-5.3900,0.0000
1990-04-02 04:00:00-04:00,-5.8800,0.0000
1990-04-02 05:00:00-04:00,-6.3200,0.0000
1990-04-02 06:00:00-04:00,-6.7100,0.0000
1990-04-02 07:00:00-04:00,-6.9800,127.7000
1990-04-02 08:00:00-04:00,-6.7900,310.9500
1990-04-02 09:00:00-04:00,-6.2600,457.7500
1990-04-02 10:00:00-04:00,-5.4900,526.7500
1990-04-02 11:00:00-04:00,-4.6000,518.5000
1990-04-02 12:00:00-04:00,-4.0200,540.0000
1990-04-02 13:00:00-04:00,-3.5000,501.5500
1990-04-02 14:00:00-04:00,-3.1200,501.1000
1990-04-02 15:00:00-04:00,-2.2400,371.9000
1990-04-02 16:00:00-04:00,-2.2100,227.0000
1990-04-02 17:00:00-04:00,-2.4700,120.7000
1990-04-02 18:00:00-04:00,-2.7800,49.9500
1990-04-02 19:00:00-04:00,-3.2200,1.9000
1990-04-02 20:00:00-04:00,-3.8000,0.0000
1990-04-02 21:00:00-04:00,-4.2700,0.0000
1990-04-02 22:00:00-04:00,-4.8000,0.0000
1990-04-02 23:00:00-04:00,-5.3000,0.0000
1990-04-03 00:00:00-04:00,-5.8000,0.0000
1990-04-03 01:00:00-04:00,-6.0900,0.0000
1990-04-03 02:00:00-04:00,-6.2300,0.0000
1990-04-03 03:00:00-04:00,-5.1900,0.0000
1990-04-03 04:00:00-04:00,-5.2300,0.0000
1990-04-03 05:00:00-04:00,-5.3200,0.0000
1990-04-03 06:00:00-04:00,-5.4500,0.0000
1990-04-03 07:00:00-04:00,-5.6100,73.7500
1990-04-03 08:00:00-04:00,-5.6400,151.5000
1990-04-03 09:00:00-04:00,-5.5400,274.3000
1990-04-03 10:00:00-04:00,-4.9900,452.2000
1990-04-03 11:00:00-04:00,-3.8500,486.5000
1990-04-03 12:00:00-04:00,-2.9000,609.0000
1990-04-03 13:00:00-04:00,-1.6700,631.3000
1990-04-03 14:00:00-04:00,-0.6000,532.3000
1990-04-03 15:00:00-04:00,0.5800,386.1500
1990-04-03 16:00:00-04:00,0.7600,279.0500
1990-04-03 17:00:00-04:00,0.6400,145.7500
1990-04-03 18:00:00-04:00,0.1200,54.9500
1990-04-03 19:00:00-04:00,-0.5200,2.2500
1990-04-03 20:00:00-04:00,-1.2500,0.0000
1990-04-03 21:00:00-04:00,-1.6500,0.0000
1990-04-03 22:00:00-04:00,-2.0400,0.0000
1990-04-03 23:00:00-04:00,-2.3700,0.0000
1990-04-04 00:00:00-04:00,-2.8300,0.0000
1990-04-04 01:00:00-04:00,-3.3100,0.0000
1990-04-04 02:00:00-04:00,-3.7500,0.0000
1990-04-04 03:00:00-04:00,-3.4200,0.0000
1990-04-04 04:00:00-04:00,-3.7000,0.0000
1990-04-04 05:00:00-04:00,-4.0900,0.0000
1990-04-04 06:00:00-04:00,-4.5200,0.0000
1990-04-04 07:00:00-04:00,-4.5900,155.2000
1990-04-04 08:00:00-04:00,-3.4400,340.3500
1990-04-04 09:00:00-04:00,-1.6600,470.9500
1990-04-04 10:00:00-04:00,-0.0900,643.7000
1990-04-04 11:00:00-04:00,1.7300,772.4500
1990-04-04 12:00:00-04:00,3.3500,813.1000
1990-04-04 13:00:00-04:00,4.6400,798.8000
1990-04-04 14:00:00-04:00,5.6200,748.7000
1990-04-04 15:00:00-04:00,6.6400,562.9000
1990-04-04 16:00:00-04:00,6.8900,242.0000
1990-04-04 17:00:00-04:00,6.3600,86.3000
1990-04-04 18:00:00-04:00,5.6500,25.0500
1990-04-04 19:00:00-04:00,5.0500,1.2500
1990-04-04 20:00:00-04:00,4.4800,0.0000
1990-04-04 21:00:00-04:00,3.9200,0.0000
1990-04-04 22:00:00-04:00,3.0600,0.0000
1990-04-04 23:00:00-04:00,2.6200,0.0000
1990-04-05 00:00:00-04:00,2.2300,0.0000
1990-04-05 01:00:00-04:00,1.7800,0.0000
1990-04-05 02:00:00-04:00,1.5400,0.0000
1990-04-05 03:00:00-04:00,1.4800,0.0000
1990-04-05 04:00:00-04:00,1.1100,0.0000
1990-04-05 05:00:00-04:00,0.8200,0.0000
1990-04-05 06:00:00-04:00,0.5100,0.0000
1990-04-05 07:00:00-04:00,0.1600,46.4000
1990-04-05 08:00:00-04:00,0.3900,98.3000
1990-04-05 09:00:00-04:00,0.9300,199.4000
1990-04-05 10:00:00-04:00,1.9400,399.1000
1990-04-05 11:00:00-04:00,3.3800,506.4500
1990-04-05 12:00:00-04:00,5.3000,498.5500
1990-04-05 13:00:00-04:00,5.9800,656.0000
1990-04-05 14:00:00-04:00,5.8500,576.5500
1990-04-05 15:00:00-04:00,5.6500,519.9000
1990-04-05 16:00:00-04:00,5.3300,479.1500
1990-04-05 17:00:00-04:00,4.6000,290.1000
1990-04-05 18:00:00-04:00,3.1800,108.7000
1990-04-05 19:00:00-04:00,1.6500,4.7500
1990-04-05 20:00:00-04:00,-0.0200,0.0000
1990-04-05 21:00:00-04:00,-1.2000,0.0000
1990-04-05 22:00:00-04:00,-2.1800,0.0000
1990-04-05 23:00:00-04:00,-3.0700,0.0000
1990-04-06 00:00:00-04:00,-3.8200,0.0000
1990-04-06 01:00:00-04:00,-4.4800,0.0000
1990-04-06 02:00:00-04:00,-5.0800,0.0000
1990-04-06 03:00:00-04:00,-6.1000,0.0000
1990-04-06 04:00:00-04:00,-6.5900,0.0000
1990-04-06 05:00:00-04:00,-7.0900,0.0000
1990-04-06 06:00:00-04:00,-7.5700,0.0000
1990-04-06 07:00:00-04:00,-7.8800,157.9000
1990-04-06 08:00:00-04:00,-7.5900,330.3000
1990-04-06 09:00:00-04:00,-6.8200,530.7000
1990-04-06 10:00:00-04:00,-5.4800,705.7000
1990-04-06 11:00:00-04:00,-3.9500,811.3500
1990-04-06 12:00:00-04:00,-2.4100,856.1000
1990-04-06 13:00:00-04:00,-0.7200,850.5000
1990-04-06 14:00:00-04:00,0.1600,783.1500
1990-04-06 15:00:00-04:00,0.3800,661.4500
1990-04-06 16:00:00-04:00,0.9000,498.0500
1990-04-06 17:00:00-04:00,1.0700,309.1000
1990-04-06 18:00:00-04:00,0.9100,119.8000
1990-04-06 19:00:00-04:00,-0.3500,5.7500
1990-04-06 20:00:00-04:00,-1.8900,0.0000
1990-04-06 21:00:00-04:00,-2.6700,0.0000
1990-04-06 22:00:00-04:00,-3.2300,0.0000
1990-04-06 23:00:00-04:00,-3.6800,0.0000
1990-04-07 00:00:00-04:00,-4.0000,0.0000
1990-04-07 01:00:00-04:00,-3.8200,0.0000
1990-04-07 02:00:00-04:00,-3.3400,0.0000
1990-04-07 03:00:00-04:00,-3.0700,0.0000
1990-04-07 04:00:00-04:00,-2.4700,0.0000
1990-04-07 05:00:00-04:00,-1.8900,0.0000
1990-04-07 06:00:00-04:00,-1.3900,0.0000
1990-04-07 07:00:00-04:00,-0.8400,37.1500
1990-04-07 08:00:00-04:00,0.1700,124.5500
1990-04-07 09:00:00-04:00,1.7400,245.0000
1990-04-07 10:00:00-04:00,3.8000,345.4000
1990-04-07 11:00:00-04:00,5.7000,342.1000
1990-04-07 12:00:00-04:00,6.9800,407.8500
1990-04-07 13:00:00-04:00,8.1000,360.1500
1990-04-07 14:00:00-04:00,8.9900,159.6500
1990-04-07 15:00:00-04:00,8.9100,147.2000
1990-04-07 16:00:00-04:00,8.6700,180.2000
1990-04-07 17:00:00-04:00,9.1900,142.8000
1990-04-07 18:00:00-04:00,9.9900,43.1500
1990-04-07 19:00:00-04:00,9.3500,2.3500
1990-04-07 20:00:00-04:00,8.1700,0.0000
1990-04-07 21:00:00-04:00,6.9500,0.0000
1990-04-07 22:00:00-04:00,6.6900,0.0000
1990-04-07 23:00:00-04:00,6.5200,0.0000
1990-04-08 00:00:00-04:00,6.0300,0.0000
1990-04-08 01:00:00-04:00,5.0200,0.0000
1990-04-08 02:00:00-04:00,4.0800,0.0000
1990-04-08 03:00:00-04:00,3.1400,0.0000
1990-04-08 04:00:00-04:00,2.5600,0.0000
1990-04-08 05:00:00-04:00,1.9900,0.0000
1990-04-08 06:00:00-04:00,1.4700,0.0000
1990-04-08 07:00:00-04:00,1.2500,92.0500
1990-04-08 08:00:00-04:00,1.5400,189.0000
1990-04-08 09:00:00-04:00,2.0200,323.3500
1990-04-08 10:00:00-04:00,2.8700,464.0000
1990-04-08 11:00:00-04:00,3.9200,587.6500
1990-04-08 12:00:00-04:00,5.2400,711.5000
1990-04-08 13:00:00-04:00,6.6800,746.8500
1990-04-08 14:00:00-04:00,7.6600,728.2000
1990-04-08 15:00:00-04:00,7.8000,614.8500
1990-04-08 16:00:00-04:00,8.0800,489.7500
1990-04-08 17:00:00-04:00,8.6300,300.6500
1990-04-08 18:00:00-04:00,8.2500,113.4000
1990-04-08 19:00:00-04:00,7.0600,6.0000
1990-04-08 20:00:00-04:00,6.1400,0.0000
1990-04-08 21:00:00-04:00,5.8300,0.0000
1990-04-08 22:00:00-04:00,3.5200,0.0000
1990-04-08 23:00:00-04:00,1.4600,0.0000
1990-04-09 00:00:00-04:00,1.5400,0.0000
1990-04-09 01:00:00-04:00,1.7200,0.0000
1990-04-09 02:00:00-04:00,2.1000,0.0000
1990-04-09 03:00:00-04:00,1.4400,0.0000
1990-04-09 04:00:00-04:00,1.3300,0.0000
1990-04-09 05:00:00-04:00,1.5100,0.0000
1990-04-09 06:00:00-04:00,1.7300,0.0000
1990-04-09 07:00:00-04:00,1.9100,14.4000
1990-04-09 08:00:00-04:00,2.0300,60.7000
1990-04-09 09:00:00-04:00,2.2600,97.5500
1990-04-09 10:00:00-04:00,2.5400,164.8000
1990-04-09 11:00:00-04:00,3.1100,284.3500
1990-04-09 12:00:00-04:00,4.2800,391.9500
1990-04-09 13:00:00-04:00,5.4800,310.8500
1990-04-09 14:00:00-04:00,6.0700,401.0500
1990-04-09 15:00:00-04:00,8.0100,392.7500
1990-04-09 16:00:00-04:00,9.0400,287.4500
1990-04-09 17:00:00-04:00,9.3200,145.6000
1990-04-09 18:00:00-04:00,8.4900,45.5500
1990-04-09 19:00:00-04:00,7.5000,3.0500
1990-04-09 20:00:00-04:00,6.4800,0.0000
1990-04-09 21:00:00-04:00,5.8900,0.0000
1990-04-09 22:00:00-04:00,5.6400,0.0000
1990-04-09 23:00:00-04:00,5.4200,0.0000
1990-04-10 00:00:00-04:00,5.0100,0.0000
1990-04-10 01:00:00-04:00,4.6200,0.0000
1990-04-10 02:00:00-04:00,4.1800,0.0000
1990-04-10 03:00:00-04:00,3.3300,0.0000
1990-04-10 04:00:00-04:00,2.8100,0.0000
1990-04-10 05:00:00-04:00,2.3200,0.0000
1990-04-10 06:00:00-04:00,1.7900,0.0000
1990-04-10 07:00:00-04:00,1.5400,157.3000
1990-04-10 08:00:00-04:00,2.7500,334.7500
1990-04-10 09:00:00-04:00,4.5200,468.8500
1990-04-10 10:00:00-04:00,5.7900,555.8500
1990-04-10 11:00:00-04:00,6.8900,609.2000
1990-04-10 12:00:00-04:00,8.0000,721.8500
1990-04-10 13:00:00-04:00,9.0000,699.6000
1990-04-10 14:00:00-04:00,9.6900,509.1000
1990-04-10 15:00:00-04:00,9.8000,435.7000
1990-04-10 16:00:00-04:00,9.8500,301.4500
1990-04-10 17:00:00-04:00,9.5700,182.6000
1990-04-10 18:00:00-04:00,8.9100,76.6500
1990-04-10 19:00:00-04:00,7.4200,6.7500
1990-04-10 20:00:00-04:00,5.4800,0.0000
1990-04-10 21:00:00-04:00,4.3300,0.0000
1990-04-10 22:00:00-04:00,3.2100,0.0000
1990-04-10 23:00:00-04:00,2.2400,0.0000
1990-04-11 00:00:00-04:00,1.3100,0.0000
1990-04-11 01:00:00-04:00,0.4900,0.0000
1990-04-11 02:00:00-04:00,-0.1900,0.0000
1990-04-11 03:00:00-04:00,-0.5200,0.0000
1990-04-11 04:00:00-04:00,-1.1600,0.0000
1990-04-11 05:00:00-04:00,-1.8400,0.0000
1990-04-11 06:00:00-04:00,-2.4300,0.0000
1990-04-11 07:00:00-04:00,-2.6300,195.8000
1990-04-11 08:00:00-04:00,-2.0700,392.1500
1990-04-11 09:00:00-04:00,-1.2100,573.2500
1990-04-11 10:00:00-04:00,-0.2000,726.0500
1990-04-11 11:00:00-04:00,0.9600,826.5000
1990-04-11 12:00:00-04:00,2.0700,874.3500
1990-04-11 13:00:00-04:00,3.0600,848.9500
1990-04-11 14:00:00-04:00,3.8500,798.9000
1990-04-11 15:00:00-04:00,3.4700,671.9500
1990-04-11 16:00:00-04:00,3.8600,485.9500
1990-04-11 17:00:00-04:00,3.7700,256.5500
1990-04-11 18:00:00-04:00,3.3700,102.4000
1990-04-11 19:00:00-04:00,2.6000,8.2000
1990-04-11 20:00:00-04:00,1.2700,0.0000
1990-04-11 21:00:00-04:00,0.2000,0.0000
1990-04-11 22:00:00-04:00,-0.5900,0.0000
1990-04-11 23:00:00-04:00,-1.1500,0.0000
1990-04-12 00:00:00-04:00,-1.4900,0.0000
1990-04-12 01:00:00-04:00,-1.6800,0.0000
1990-04-12 02:00:00-04:00,-1.8000,0.0000
1990-04-12 03:00:00-04:00,-1.6800,0.0000
1990-04-12 04:00:00-04:00,-1.6000,0.0000
1990-04-12 05:00:00-04:00,-1.6300,0.0000
1990-04-12 06:00:00-04:00,-1.5600,0.0000
1990-04-12 07:00:00-04:00,-1.1400,77.9000
1990-04-12 08:00:00-04:00,-0.2000,150.2500
1990-04-12 09:00:00-04:00,0.7700,127.2500
1990-04-12 10:00:00-04:00,0.9600,111.3500
1990-04-12 11:00:00-04:00,0.9200,176.7000
1990-04-12 12:00:00-04:00,1.2300,173.3000
1990-04-12 13:00:00-04:00,1.4400,198.7000
1990-04-12 14:00:00-04:00,1.7200,92.6500
1990-04-12 15:00:00-04:00,1.6800,58.5000
1990-04-12 16:00:00-04:00,0.8700,53.3000
1990-04-12 17:00:00-04:00,0.3500,51.3000
1990-04-12 18:00:00-04:00,0.2800,19.2500
1990-04-12 19:00:00-04:00,0.3800,1.3500
1990-04-12 20:00:00-04:00,0.3500,0.0000
1990-04-12 21:00:00-04:00,0.1500,0.0000
1990-04-12 22:00:00-04:00,-0.0100,0.0000
1990-04-12 23:00:00-04:00,-0.1400,0.0000
1990-04-13 00:00:00-04:00,-0.2900,0.0000
1990-04-13 01:00:00-04:00,-0.3200,0.0000
1990-04-13 02:00:00-04:00,-0.2800,0.0000
1990-04-13 03:00:00-04:00,-0.3300,0.0000
1990-04-13 04:00:00-04:00,-0.2100,0.0000
1990-04-13 05:00:00-04:00,-0.2500,0.0000
1990-04-13 06:00:00-04:00,-0.2100,0.0000
1990-04-13 07:00:00-04:00,-0.0800,30.5000
1990-04-13 08:00:00-04:00,0.1900,65.8500
1990-04-13 09:00:00-04:00,0.7500,106.5000
1990-04-13 10:00:00-04:00,1.2600,170.3500
1990-04-13 11:00:00-04:00,2.2800,234.1500
1990-04-13 12:00:00-04:00,3.1200,268.3000
1990-04-13 13:00:00-04:00,3.7400,263.1000
1990-04-13 14:00:00-04:00,3.7800,331.5500
1990-04-13 15:00:00-04:00,5.8700,343.0000
1990-04-13 16:00:00-04:00,6.2000,190.6000
1990-04-13 17:00:00-04:00,6.5500,163.0000
1990-04-13 18:00:00-04:00,6.5700,35.6500
1990-04-13 19:00:00-04:00,4.9400,2.6000
1990-04-13 20:00:00-04:00,3.7800,0.0000
1990-04-13 21:00:00-04:00,3.3000,0.0000
1990-04-13 22:00:00-04:00,3.0800,0.0000
1990-04-13 23:00:00-04:00,3.1200,0.0000
1990-04-14 00:00:00-04:00,2.9300,0.0000
1990-04-14 01:00:00-04:00,2.6000,0.0000
1990-04-14 02:00:00-04:00,2.2200,0.0000
1990-04-14 03:00:00-04:00,2.1400,0.0000
1990-04-14 04:00:00-04:00,1.9900,0.0000
1990-04-14 05:00:00-04:00,1.8200,0.0000
1990-04-14 06:00:00-04:00,1.5200,0.0000
1990-04-14 07:00:00-04:00,1.3200,103.0500
1990-04-14 08:00:00-04:00,1.7900,215.9000
1990-04-14 09:00:00-04:00,2.6900,366.4000
1990-04-14 10:00:00-04:00,3.8300,500.0000
1990-04-14 11:00:00-04:00,4.2800,604.7500
1990-04-14 12:00:00-04:00,6.1200,609.7500
1990-04-14 13:00:00-04:00,5.8800,647.1500
1990-04-14 14:00:00-04:00,6.6000,681.6000
1990-04-14 15:00:00-04:00,7.3300,556.2500
1990-04-14 16:00:00-04:00,7.5400,381.9000
1990-04-14 17:00:00-04:00,8.8600,215.0500
1990-04-14 18:00:00-04:00,8.3200,118.3500
1990-04-14 19:00:00-04:00,7.1700,13.6500
1990-04-14 20:00:00-04:00,5.4400,0.0000
1990-04-14 21:00:00-04:00,3.7300,0.0000
1990-04-14 22:00:00-04:00,2.2400,0.0000
1990-04-14 23:00:00-04:00,1.1600,0.0000
1990-04-15 00:00:00-04:00,0.3800,0.0000
1990-04-15 01:00:00-04:00,-0.4100,0.0000
1990-04-15 02:00:00-04:00,-0.7600,0.0000
1990-04-15 03:00:00-04:00,0.0200,0.0000
1990-04-15 04:00:00-04:00,-0.0900,0.0000
1990-04-15 05:00:00-04:00,-0.4500,0.0000
1990-04-15 06:00:00-04:00,-0.8100,0.0000
1990-04-15 07:00:00-04:00,-0.5900,188.7500
1990-04-15 08:00:00-04:00,1.2600,380.9500
1990-04-15 09:00:00-04:00,3.0800,523.1000
1990-04-15 10:00:00-04:00,5.2700,694.6500
1990-04-15 11:00:00-04:00,6.9800,797.0000
1990-04-15 12:00:00-04:00,8.3900,798.2000
1990-04-15 13:00:00-04:00,10.1200,717.0000
1990-04-15 14:00:00-04:00,11.2400,621.1500
1990-04-15 15:00:00-04:00,11.3900,568.0000
1990-04-15 16:00:00-04:00,12.0800,436.9500
1990-04-15 17:00:00-04:00,12.4100,272.8000
1990-04-15 18:00:00-04:00,12.3600,107.1500
1990-04-15 19:00:00-04:00,11.3300,12.5000
1990-04-15 20:00:00-04:00,8.8000,0.0000
1990-04-15 21:00:00-04:00,7.3700,0.0000
1990-04-15 22:00:00-04:00,6.4600,0.0000
1990-04-15 23:00:00-04:00,5.3100,0.0000
1990-04-16 00:00:00-04:00,4.6500,0.0000
1990-04-16 01:00:00-04:00,4.5500,0.0000
1990-04-16 02:00:00-04:00,4.9700,0.0000
1990-04-16 03:00:00-04:00,6.4300,0.0000
1990-04-16 04:00:00-04:00,7.0000,0.0000
1990-04-16 05:00:00-04:00,7.2400,0.0000
1990-04-16 06:00:00-04:00,7.4400,0.0000
1990-04-16 07:00:00-04:00,7.9400,76.5000
1990-04-16 08:00:00-04:00,8.4300,78.1500
1990-04-16 09:00:00-04:00,8.3800,70.5500
1990-04-16 10:00:00-04:00,7.6200,60.0000
1990-04-16 11:00:00-04:00,7.5900,184.2000
1990-04-16 12:00:00-04:00,8.6600,144.6500
1990-04-16 13:00:00-04:00,9.5000,110.9500
1990-04-16 14:00:00-04:00,10.0600,78.9000
1990-04-16 15:00:00-04:00,10.8500,66.8000
1990-04-16 16:00:00-04:00,11.1800,38.6000
1990-04-16 17:00:00-04:00,11.2800,34.8500
1990-04-16 18:00:00-04:00,11.3500,13.5000
1990-04-16 19:00:00-04:00,11.1900,5.5500
1990-04-16 20:00:00-04:00,9.9000,0.0000
1990-04-16 21:00:00-04:00,8.0300,0.0000
1990-04-16 22:00:00-04:00,6.8200,0.0000
1990-04-16 23:00:00-04:00,5.7200,0.0000
1990-04-17 00:00:00-04:00,4.5600,0.0000
1990-04-17 01:00:00-04:00,3.5600,0.0000
1990-04-17 02:00:00-04:00,2.8000,0.0000
1990-04-17 03:00:00-04:00,2.7200,0.0000
1990-04-17 04:00:00-04:00,2.3700,0.0000
1990-04-17 05:00:00-04:00,2.2500,0.0000
1990-04-17 06:00:00-04:00,2.1600,0.0000
1990-04-17 07:00:00-04:00,2.3600,177.4500
1990-04-17 08:00:00-04:00,3.4100,369.1000
1990-04-17 09:00:00-04:00,4.6100,526.9000
1990-04-17 10:00:00-04:00,5.8600,635.1000
1990-04-17 11:00:00-04:00,7.0900,771.6500
1990-04-17 12:00:00-04:00,8.3100,868.8000
1990-04-17 13:00:00-04:00,9.2800,867.1500
1990-04-17 14:00:00-04:00,10.0900,809.8500
1990-04-17 15:00:00-04:00,10.6200,689.2500
1990-04-17 16:00:00-04:00,10.6800,535.6500
1990-04-17 17:00:00-04:00,10.4400,349.7500
1990-04-17 18:00:00-04:00,9.8200,159.2500
1990-04-17 19:00:00-04:00,8.4800,18.6000
1990-04-17 20:00:00-04:00,6.4000,0.0000
1990-04-17 21:00:00-04:00,4.7100,0.0000
1990-04-17 22:00:00-04:00,3.4100,0.0000
1990-04-17 23:00:00-04:00,2.4000,0.0000
1990-04-18 00:00:00-04:00,1.5900,0.0000
1990-04-18 01:00:00-04:00,0.8600,0.0000
1990-04-18 02:00:00-04:00,0.1400,0.0000
1990-04-18 03:00:00-04:00,0.3500,0.0000
1990-04-18 04:00:00-04:00,0.6900,0.0000
1990-04-18 05:00:00-04:00,0.9000,0.0000
1990-04-18 06:00:00-04:00,1.1300,0.0000
1990-04-18 07:00:00-04:00,1.3700,45.2000
1990-04-18 08:00:00-04:00,1.9900,166.4500
1990-04-18 09:00:00-04:00,3.8900,299.9500
1990-04-18 10:00:00-04:00,6.3300,369.2500
1990-04-18 11:00:00-04:00,8.5200,334.0500
1990-04-18 12:00:00-04:00,9.8500,154.7000
1990-04-18 13:00:00-04:00,9.4200,78.0500
1990-04-18 14:00:00-04:00,7.8000,74.4000
1990-04-18 15:00:00-04:00,6.7700,60.9000
1990-04-18 16:00:00-04:00,6.7800,67.5000
1990-04-18 17:00:00-04:00,7.4200,122.6000
1990-04-18 18:00:00-04:00,8.3400,55.9500
1990-04-18 19:00:00-04:00,8.8800,7.6000
1990-04-18 20:00:00-04:00,9.6300,0.0000
1990-04-18 21:00:00-04:00,11.4300,0.0000
1990-04-18 22:00:00-04:00,12.1300,0.0000
1990-04-18 23:00:00-04:00,12.2500,0.0000
1990-04-19 00:00:00-04:00,12.1000,0.0000
1990-04-19 01:00:00-04:00,11.9200,0.0000
1990-04-19 02:00:00-04:00,11.6300,0.0000
1990-04-19 03:00:00-04:00,11.5000,0.0000
1990-04-19 04:00:00-04:00,11.3900,0.0000
1990-04-19 05:00:00-04:00,11.3300,0.0000
1990-04-19 06:00:00-04:00,11.3800,0.0000
1990-04-19 07:00:00-04:00,11.8700,151.4000
1990-04-19 08:00:00-04:00,13.2200,312.4000
1990-04-19 09:00:00-04:00,15.1000,404.4000
1990-04-19 10:00:00-04:00,16.6600,400.5500
1990-04-19 11:00:00-04:00,17.6800,417.2000
1990-04-19 12:00:00-04:00,18.8700,447.6500
1990-04-19 13:00:00-04:00,19.9200,585.6000
1990-04-19 14:00:00-04:00,21.3300,423.7500
1990-04-19 15:00:00-04:00,22.1500,222.9500
1990-04-19 16:00:00-04:00,21.3900,149.0500
1990-04-19 17:00:00-04:00,20.6800,121.1500
1990-04-19 18:00:00-04:00,20.2100,66.5000
1990-04-19 19:00:00-04:00,19.4600,6.5500
1990-04-19 20:00:00-04:00,18.5600,0.0000
1990-04-19 21:00:00-04:00,17.7600,0.0000
1990-04-19 22:00:00-04:00,16.0000,0.0000
1990-04-19 23:00:00-04:00,12.6600,0.0000
1990-04-20 00:00:00-04:00,10.3300,0.0000
1990-04-20 01:00:00-04:00,9.0100,0.0000
1990-04-20 02:00:00-04:00,8.0700,0.0000
1990-04-20 03:00:00-04:00,6.5600,0.0000
1990-04-20 04:00:00-04:00,6.2600,0.0000
1990-04-20 05:00:00-04:00,5.8000,0.0000
1990-04-20 06:00:00-04:00,5.1900,26.9000
1990-04-20 07:00:00-04:00,4.9900,134.1500
1990-04-20 08:00:00-04:00,5.1200,270.1500
1990-04-20 09:00:00-04:00,5.7200,385.9500
1990-04-20 10:00:00-04:00,6.4800,603.6500
1990-04-20 11:00:00-04:00,7.6200,793.8000
1990-04-20 12:00:00-04:00,8.5900,735.0000
1990-04-20 13:00:00-04:00,8.9400,774.8000
1990-04-20 14:00:00-04:00,9.1800,696.3500
1990-04-20 15:00:00-04:00,9.0000,595.0000
1990-04-20 16:00:00-04:00,8.2700,434.4000
1990-04-20 17:00:00-04:00,8.0500,289.8500
1990-04-20 18:00:00-04:00,7.4600,130.1000
1990-04-20 19:00:00-04:00,5.6800,17.2000
1990-04-20 20:00:00-04:00,4.6900,0.0000
1990-04-20 21:00:00-04:00,3.8400,0.0000
1990-04-20 22:00:00-04:00,2.9700,0.0000
1990-04-20 23:00:00-04:00,2.0500,0.0000
1990-04-21 00:00:00-04:00,1.1600,0.0000
1990-04-21 01:00:00-04:00,0.4300,0.0000
1990-04-21 02:00:00-04:00,-0.0200,0.0000
1990-04-21 03:00:00-04:00,-0.3700,0.0000
1990-04-21 04:00:00-04:00,-0.7700,0.0000
1990-04-21 05:00:00-04:00,-1.1800,0.0000
1990-04-21 06:00:00-04:00,-1.6200,23.7500
1990-04-21 07:00:00-04:00,-1.6100,241.1500
1990-04-21 08:00:00-04:00,-1.0200,437.7500
1990-04-21 09:00:00-04:00,-0.2000,615.3500
1990-04-21 10:00:00-04:00,0.8500,746.0000
1990-04-21 11:00:00-04:00,2.0600,865.5000
1990-04-21 12:00:00-04:00,3.3600,913.2500
1990-04-21 13:00:00-04:00,4.5800,901.7000
1990-04-21 14:00:00-04:00,5.6500,833.8500
1990-04-21 15:00:00-04:00,6.0600,714.2000
1990-04-21 16:00:00-04:00,6.6400,553.3500
1990-04-21 17:00:00-04:00,6.8500,366.0500
1990-04-21 18:00:00-04:00,6.7600,173.7000
1990-04-21 19:00:00-04:00,6.3000,25.1000
1990-04-21 20:00:00-04:00,4.9300,0.0000
1990-04-21 21:00:00-04:00,3.1100,0.0000
1990-04-21 22:00:00-04:00,1.8200,0.0000
1990-04-21 23:00:00-04:00,0.8100,0.0000
1990-04-22 00:00:00-04:00,-0.1300,0.0000
1990-04-22 01:00:00-04:00,-0.8900,0.0000
1990-04-22 02:00:00-04:00,-0.5300,0.0000
1990-04-22 03:00:00-04:00,-0.4700,0.0000
1990-04-22 04:00:00-04:00,-1.4800,0.0000
1990-04-22 05:00:00-04:00,-2.3200,0.0000
1990-04-22 06:00:00-04:00,-2.4900,25.2000
1990-04-22 07:00:00-04:00,-1.0900,247.7000
1990-04-22 08:00:00-04:00,2.2200,441.2500
1990-04-22 09:00:00-04:00,4.6600,618.7000
1990-04-22 10:00:00-04:00,6.6700,762.3500
1990-04-22 11:00:00-04:00,8.3500,859.8000
1990-04-22 12:00:00-04:00,9.6100,904.5000
1990-04-22 13:00:00-04:00,10.6300,892.4500
1990-04-22 14:00:00-04:00,11.5200,825.9500
1990-04-22 15:00:00-04:00,12.3600,707.6000
1990-04-22 16:00:00-04:00,12.8100,548.7000
1990-04-22 17:00:00-04:00,12.8900,364.3500
1990-04-22 18:00:00-04:00,12.5400,174.8000
1990-04-22 19:00:00-04:00,11.1500,26.5000
1990-04-22 20:00:00-04:00,8.8500,0.0000
1990-04-22 21:00:00-04:00,6.9600,0.0000
1990-04-22 22:00:00-04:00,5.7600,0.0000
1990-04-22 23:00:00-04:00,4.8600,0.0000
1990-04-23 00:00:00-04:00,4.1300,0.0000
1990-04-23 01:00:00-04:00,3.3100,0.0000
1990-04-23 02:00:00-04:00,2.5000,0.0000
1990-04-23 03:00:00-04:00,2.4400,0.0000
1990-04-23 04:00:00-04:00,1.6000,0.0000
1990-04-23 05:00:00-04:00,0.8100,0.0000
1990-04-23 06:00:00-04:00,0.2800,26.3500
1990-04-23 07:00:00-04:00,0.8200,250.4000
1990-04-23 08:00:00-04:00,2.7700,431.6500
1990-04-23 09:00:00-04:00,4.4400,622.1000
1990-04-23 10:00:00-04:00,6.1900,765.4500
1990-04-23 11:00:00-04:00,7.8900,855.4500
1990-04-23 12:00:00-04:00,9.4300,910.7000
1990-04-23 13:00:00-04:00,10.9200,896.6500
1990-04-23 14:00:00-04:00,12.1700,826.7000
1990-04-23 15:00:00-04:00,13.8800,704.9500
1990-04-23 16:00:00-04:00,14.4500,544.3500
1990-04-23 17:00:00-04:00,14.6000,364.3000
1990-04-23 18:00:00-04:00,14.2100,176.0000
1990-04-23 19:00:00-04:00,12.8600,27.3500
1990-04-23 20:00:00-04:00,10.8200,0.0000
1990-04-23 21:00:00-04:00,8.9100,0.0000
1990-04-23 22:00:00-04:00,7.6300,0.0000
1990-04-23 23:00:00-04:00,6.6200,0.0000
1990-04-24 00:00:00-04:00,5.7900,0.0000
1990-04-24 01:00:00-04:00,5.2100,0.0000
1990-04-24 02:00:00-04:00,4.8300,0.0000
1990-04-24 03:00:00-04:00,4.7600,0.0000
1990-04-24 04:00:00-04:00,4.1600,0.0000
1990-04-24 05:00:00-04:00,3.8100,0.0000
1990-04-24 06:00:00-04:00,3.5000,29.4000
1990-04-24 07:00:00-04:00,4.2600,206.4000
1990-04-24 08:00:00-04:00,6.2200,377.8000
1990-04-24 09:00:00-04:00,8.5400,506.0500
1990-04-24 10:00:00-04:00,10.6900,636.7500
1990-04-24 11:00:00-04:00,12.5900,790.6500
1990-04-24 12:00:00-04:00,14.6700,721.1000
1990-04-24 13:00:00-04:00,15.9900,691.5000
1990-04-24 14:00:00-04:00,17.2300,800.7500
1990-04-24 15:00:00-04:00,19.4500,690.7000
1990-04-24 16:00:00-04:00,20.0700,509.7000
1990-04-24 17:00:00-04:00,20.1800,282.6000
1990-04-24 18:00:00-04:00,19.7100,96.5500
1990-04-24 19:00:00-04:00,17.8300,10.5000
1990-04-24 20:00:00-04:00,15.9400,0.0000
1990-04-24 21:00:00-04:00,14.3800,0.0000
1990-04-24 22:00:00-04:00,13.7400,0.0000
1990-04-24 23:00:00-04:00,12.9200,0.0000
1990-04-25 00:00:00-04:00,12.0700,0.0000
1990-04-25 01:00:00-04:00,12.6300,0.0000
1990-04-25 02:00:00-04:00,11.8200,0.0000
1990-04-25 03:00:00-04:00,8.8900,0.0000
1990-04-25 04:00:00-04:00,7.0700,0.0000
1990-04-25 05:00:00-04:00,5.7500,0.0000
1990-04-25 06:00:00-04:00,4.9400,29.7500
1990-04-25 07:00:00-04:00,4.5100,163.8000
1990-04-25 08:00:00-04:00,4.7000,310.6500
1990-04-25 09:00:00-04:00,5.2500,404.1000
1990-04-25 10:00:00-04:00,6.1600,517.8500
1990-04-25 11:00:00-04:00,7.3200,450.5500
1990-04-25 12:00:00-04:00,7.8200,550.2000
1990-04-25 13:00:00-04:00,8.8900,594.0500
1990-04-25 14:00:00-04:00,10.0800,660.7500
1990-04-25 15:00:00-04:00,10.8800,682.5500
1990-04-25 16:00:00-04:00,11.7400,521.6500
1990-04-25 17:00:00-04:00,11.7800,344.7000
1990-04-25 18:00:00-04:00,11.3700,186.0500
1990-04-25 19:00:00-04:00,10.5300,32.1000
1990-04-25 20:00:00-04:00,9.3600,0.0000
1990-04-25 21:00:00-04:00,9.3000,0.0000
1990-04-25 22:00:00-04:00,6.7700,0.0000
1990-04-25 23:00:00-04:00,5.2100,0.0000
1990-04-26 00:00:00-04:00,3.9100,0.0000
1990-04-26 01:00:00-04:00,2.4800,0.0000
1990-04-26 02:00:00-04:00,2.6900,0.0000
1990-04-26 03:00:00-04:00,1.4300,0.0000
1990-04-26 04:00:00-04:00,1.2800,0.0000
1990-04-26 05:00:00-04:00,1.4100,0.0000
1990-04-26 06:00:00-04:00,1.2300,40.8500
1990-04-26 07:00:00-04:00,1.8000,140.0000
1990-04-26 08:00:00-04:00,3.0400,221.4500
1990-04-26 09:00:00-04:00,4.3600,315.5500
1990-04-26 10:00:00-04:00,5.8800,449.3000
1990-04-26 11:00:00-04:00,7.5100,532.3500
1990-04-26 12:00:00-04:00,8.7200,677.9500
1990-04-26 13:00:00-04:00,9.9300,720.3000
1990-04-26 14:00:00-04:00,10.7600,653.8500
1990-04-26 15:00:00-04:00,11.8900,557.5500
1990-04-26 16:00:00-04:00,12.0600,435.7000
1990-04-26 17:00:00-04:00,11.9300,310.6500
1990-04-26 18:00:00-04:00,11.6100,172.8000
1990-04-26 19:00:00-04:00,10.6700,31.5000
1990-04-26 20:00:00-04:00,9.1400,0.0000
1990-04-26 21:00:00-04:00,7.8000,0.0000
1990-04-26 22:00:00-04:00,6.7500,0.0000
1990-04-26 23:00:00-04:00,5.5300,0.0000
1990-04-27 00:00:00-04:00,6.0600,0.0000
1990-04-27 01:00:00-04:00,6.1800,0.0000
1990-04-27 02:00:00-04:00,5.7700,0.0000
1990-04-27 03:00:00-04:00,3.4900,0.0000
1990-04-27 04:00:00-04:00,4.8500,0.0000
1990-04-27 05:00:00-04:00,3.6800,0.0000
1990-04-27 06:00:00-04:00,2.8700,36.8500
1990-04-27 07:00:00-04:00,3.2000,246.1500
1990-04-27 08:00:00-04:00,5.7000,420.1000
1990-04-27 09:00:00-04:00,7.7700,536.6500
1990-04-27 10:00:00-04:00,9.4600,572.0000
1990-04-27 11:00:00-04:00,10.7000,674.5500
1990-04-27 12:00:00-04:00,11.8400,728.0000
1990-04-27 13:00:00-04:00,12.7300,605.5500
1990-04-27 14:00:00-04:00,13.1000,585.1500
1990-04-27 15:00:00-04:00,13.9900,524.4500
1990-04-27 16:00:00-04:00,14.2100,353.9000
1990-04-27 17:00:00-04:00,14.0100,215.2000
1990-04-27 18:00:00-04:00,13.5900,151.3000
1990-04-27 19:00:00-04:00,12.7100,32.8500
1990-04-27 20:00:00-04:00,11.1100,0.0000
1990-04-27 21:00:00-04:00,9.6600,0.0000
1990-04-27 22:00:00-04:00,8.3400,0.0000
1990-04-27 23:00:00-04:00,7.0500,0.0000
1990-04-28 00:00:00-04:00,7.9100,0.0000
1990-04-28 01:00:00-04:00,7.5800,0.0000
1990-04-28 02:00:00-04:00,5.7500,0.0000
1990-04-28 03:00:00-04:00,4.5700,0.0000
1990-04-28 04:00:00-04:00,3.8400,0.0000
1990-04-28 05:00:00-04:00,3.4500,0.0000
1990-04-28 06:00:00-04:00,2.9400,32.9000
1990-04-28 07:00:00-04:00,4.0700,241.2000
1990-04-28 08:00:00-04:00,6.6300,426.6500
1990-04-28 09:00:00-04:00,9.8200,590.8000
1990-04-28 10:00:00-04:00,12.5400,693.9000
1990-04-28 11:00:00-04:00,14.4100,774.2000
1990-04-28 12:00:00-04:00,15.7700,793.7000
1990-04-28 13:00:00-04:00,16.7600,771.1500
1990-04-28 14:00:00-04:00,17.5000,773.6000
1990-04-28 15:00:00-04:00,18.3700,686.1500
1990-04-28 16:00:00-04:00,18.6600,557.9500
1990-04-28 17:00:00-04:00,18.7500,377.4500
1990-04-28 18:00:00-04:00,18.4000,189.0500
1990-04-28 19:00:00-04:00,17.1800,36.5000
1990-04-28 20:00:00-04:00,15.0900,0.0000
1990-04-28 21:00:00-04:00,12.3400,0.0000
1990-04-28 22:00:00-04:00,10.9300,0.0000
1990-04-28 23:00:00-04:00,9.9800,0.0000
1990-04-29 00:00:00-04:00,9.0200,0.0000
1990-04-29 01:00:00-04:00,8.1300,0.0000
1990-04-29 02:00:00-04:00,7.5300,0.0000
1990-04-29 03:00:00-04:00,7.3600,0.0000
1990-04-29 04:00:00-04:00,6.7300,0.0000
1990-04-29 05:00:00-04:00,6.1400,0.0000
1990-04-29 06:00:00-04:00,5.8000,75.7500
1990-04-29 07:00:00-04:00,6.8700,229.5500
1990-04-29 08:00:00-04:00,10.3300,377.4500
1990-04-29 09:00:00-04:00,12.2900,564.8000
1990-04-29 10:00:00-04:00,14.2000,684.5500
1990-04-29 11:00:00-04:00,15.8900,792.6500
1990-04-29 12:00:00-04:00,17.4500,816.8500
1990-04-29 13:00:00-04:00,18.6200,825.9500
1990-04-29 14:00:00-04:00,19.6000,751.7000
1990-04-29 15:00:00-04:00,20.2500,599.5500
1990-04-29 16:00:00-04:00,20.5300,397.0500
1990-04-29 17:00:00-04:00,20.3200,292.4500
1990-04-29 18:00:00-04:00,19.6900,101.2500
1990-04-29 19:00:00-04:00,17.8300,24.4000
1990-04-29 20:00:00-04:00,15.7100,0.0000
1990-04-29 21:00:00-04:00,14.5100,0.0000
1990-04-29 22:00:00-04:00,13.7700,0.0000
1990-04-29 23:00:00-04:00,13.0400,0.0000
1990-04-30 00:00:00-04:00,12.6800,0.0000
1990-04-30 01:00:00-04:00,12.2900,0.0000
1990-04-30 02:00:00-04:00,11.8200,0.0000
1990-04-30 03:00:00-04:00,11.2600,0.0000
1990-04-30 04:00:00-04:00,10.8400,0.0000
1990-04-30 05:00:00-04:00,10.3000,0.0000
1990-04-30 06:00:00-04:00,9.7500,73.3500
1990-04-30 07:00:00-04:00,10.2400,196.4500
1990-04-30 08:00:00-04:00,11.9600,299.6000
1990-04-30 09:00:00-04:00,13.2100,503.9000
1990-04-30 10:00:00-04:00,14.6500,621.6500
1990-04-30 11:00:00-04:00,15.9300,743.7500
1990-04-30 12:00:00-04:00,22.1000,842.1000
1990-04-30 13:00:00-04:00,20.8000,661.5000
1990-04-30 14:00:00-04:00,19.5100,380.3000
1990-04-30 15:00:00-04:00,18.2200,361.4500
1990-04-30 16:00:00-04:00,16.9300,353.7000
1990-04-30 17:00:00-04:00,15.6400,289.9000
1990-04-30 18:00:00-04:00,14.3500,158.6000
1990-04-30 19:00:00-04:00,13.0500,32.8000
1990-04-30 20:00:00-04:00,11.7600,0.0000
1990-04-30 21:00:00-04:00,10.4700,0.0000
1990-04-30 22:00:00-04:00,9.1800,0.0000
1990-04-30 23:00:00-04:00,7.8900,0.0000
1990-05-01 00:00:00-04:00,6.5900,0.0000
1990-05-01 01:00:00-04:00,5.3000,0.0000
1990-05-01 02:00:00-04:00,4.0100,0.0000
1990-05-01 03:00:00-04:00,2.7200,0.0000
1990-05-01 04:00:00-04:00,3.2700,0.0000
1990-05-01 05:00:00-04:00,2.6700,0.0000
1990-05-01 06:00:00-04:00,2.2400,67.1500
1990-05-01 07:00:00-04:00,3.7500,180.1500
1990-05-01 08:00:00-04:00,6.0000,330.8000
1990-05-01 09:00:00-04:00,7.8200,471.6000
1990-05-01 10:00:00-04:00,9.4800,610.2000
1990-05-01 11:00:00-04:00,11.3100,666.1000
1990-05-01 12:00:00-04:00,12.8300,728.2500
1990-05-01 13:00:00-04:00,14.3700,695.6000
1990-05-01 14:00:00-04:00,15.1000,384.0500
1990-05-01 15:00:00-04:00,15.0400,421.8500
1990-05-01 16:00:00-04:00,15.5900,412.6000
1990-05-01 17:00:00-04:00,15.9800,333.1000
1990-05-01 18:00:00-04:00,15.9700,166.3500
1990-05-01 19:00:00-04:00,14.9800,40.5500
1990-05-01 20:00:00-04:00,13.1900,0.0000
1990-05-01 21:00:00-04:00,12.0300,0.0000
1990-05-01 22:00:00-04:00,11.3600,0.0000
1990-05-01 23:00:00-04:00,10.6200,0.0000
1990-05-02 00:00:00-04:00,10.0900,0.0000
1990-05-02 01:00:00-04:00,9.5900,0.0000
1990-05-02 02:00:00-04:00,9.1600,0.0000
1990-05-02 03:00:00-04:00,9.5800,0.0000
1990-05-02 04:00:00-04:00,9.4600,0.0000
1990-05-02 05:00:00-04:00,9.6300,0.0000
1990-05-02 06:00:00-04:00,9.7300,72.0000
1990-05-02 07:00:00-04:00,10.4400,219.2000
1990-05-02 08:00:00-04:00,12.0900,361.4500
1990-05-02 09:00:00-04:00,14.0900,460.5000
1990-05-02 10:00:00-04:00,16.0700,538.1500
1990-05-02 11:00:00-04:00,17.1500,531.6000
1990-05-02 12:00:00-04:00,18.5800,681.3500
1990-05-02 13:00:00-04:00,20.2800,831.2500
1990-05-02 14:00:00-04:00,21.8700,615.4000
1990-05-02 15:00:00-04:00,23.0000,206.5000
1990-05-02 16:00:00-04:00,21.2700,113.3500
1990-05-02 17:00:00-04:00,19.4800,39.0500
1990-05-02 18:00:00-04:00,17.6000,17.3500
1990-05-02 19:00:00-04:00,16.4500,7.0500
1990-05-02 20:00:00-04:00,15.0800,0.0000
1990-05-02 21:00:00-04:00,14.5600,0.0000
1990-05-02 22:00:00-04:00,13.9300,0.0000
1990-05-02 23:00:00-04:00,13.0400,0.0000
1990-05-03 00:00:00-04:00,12.4200,0.0000
1990-05-03 01:00:00-04:00,11.5600,0.0000
1990-05-03 02:00:00-04:00,10.5900,0.0000
1990-05-03 03:00:00-04:00,10.2700,0.0000
1990-05-03 04:00:00-04:00,9.1500,0.0000
1990-05-03 05:00:00-04:00,8.9200,0.0000
1990-05-03 06:00:00-04:00,8.6100,52.6500
1990-05-03 07:00:00-04:00,9.3100,140.5000
1990-05-03 08:00:00-04:00,10.8700,148.0500
1990-05-03 09:00:00-04:00,11.6200,261.1000
1990-05-03 10:00:00-04:00,12.9900,244.5000
1990-05-03 11:00:00-04:00,13.9100,273.0500
1990-05-03 12:00:00-04:00,14.7400,253.5500
1990-05-03 13:00:00-04:00,15.1800,211.4000
1990-05-03 14:00:00-04:00,15.3000,128.5500
1990-05-03 15:00:00-04:00,15.0300,56.7000
1990-05-03 16:00:00-04:00,14.1600,26.7000
1990-05-03 17:00:00-04:00,13.2000,19.8500
1990-05-03 18:00:00-04:00,12.6000,10.0500
1990-05-03 19:00:00-04:00,12.1900,3.3000
1990-05-03 20:00:00-04:00,11.6600,0.0000
1990-05-03 21:00:00-04:00,11.6900,0.0000
1990-05-03 22:00:00-04:00,11.0700,0.0000
1990-05-03 23:00:00-04:00,10.7000,0.0000
1990-05-04 00:00:00-04:00,10.6800,0.0000
1990-05-04 01:00:00-04:00,10.4700,0.0000
1990-05-04 02:00:00-04:00,10.1700,0.0000
1990-05-04 03:00:00-04:00,8.6900,0.0000
1990-05-04 04:00:00-04:00,8.3000,0.0000
1990-05-04 05:00:00-04:00,7.6100,0.0000
1990-05-04 06:00:00-04:00,6.6600,72.8500
1990-05-04 07:00:00-04:00,7.0300,231.7500
1990-05-04 08:00:00-04:00,8.3000,373.8000
1990-05-04 09:00:00-04:00,9.6100,423.3500
1990-05-04 10:00:00-04:00,10.8300,252.8000
1990-05-04 11:00:00-04:00,11.1000,477.9000
1990-05-04 12:00:00-04:00,12.2300,463.8500
1990-05-04 13:00:00-04:00,13.5100,399.2500
1990-05-04 14:00:00-04:00,13.9500,292.9000
1990-05-04 15:00:00-04:00,14.8400,99.2500
1990-05-04 16:00:00-04:00,13.7000,97.7500
1990-05-04 17:00:00-04:00,13.2700,43.4500
1990-05-04 18:00:00-04:00,13.1600,40.0500
1990-05-04 19:00:00-04:00,13.5200,12.6000
1990-05-04 20:00:00-04:00,14.5800,0.0000
1990-05-04 21:00:00-04:00,15.8000,0.0000
1990-05-04 22:00:00-04:00,16.6800,0.0000
1990-05-04 23:00:00-04:00,15.6700,0.0000
1990-05-05 00:00:00-04:00,13.5500,0.0000
1990-05-05 01:00:00-04:00,12.2800,0.0000
1990-05-05 02:00:00-04:00,10.9600,0.0000
1990-05-05 03:00:00-04:00,7.6500,0.0000
1990-05-05 04:00:00-04:00,6.9000,0.0000
1990-05-05 05:00:00-04:00,6.2900,0.0000
1990-05-05 06:00:00-04:00,5.9200,108.0500
1990-05-05 07:00:00-04:00,6.2700,255.0000
1990-05-05 08:00:00-04:00,7.2700,369.6500
1990-05-05 09:00:00-04:00,8.3600,460.5000
1990-05-05 10:00:00-04:00,9.7400,460.2000
1990-05-05 11:00:00-04:00,11.3400,604.5500
1990-05-05 12:00:00-04:00,13.6600,710.3000
1990-05-05 13:00:00-04:00,15.9800,517.4000
1990-05-05 14:00:00-04:00,17.0000,578.7000
1990-05-05 15:00:00-04:00,17.6400,496.4000
1990-05-05 16:00:00-04:00,18.2300,318.8500
1990-05-05 17:00:00-04:00,18.0800,159.4500
1990-05-05 18:00:00-04:00,17.1100,81.6000
1990-05-05 19:00:00-04:00,16.1600,19.9000
1990-05-05 20:00:00-04:00,14.7900,0.0000
1990-05-05 21:00:00-04:00,13.9400,0.0000
1990-05-05 22:00:00-04:00,13.0400,0.0000
1990-05-05 23:00:00-04:00,12.3000,0.0000
1990-05-06 00:00:00-04:00,10.4800,0.0000
1990-05-06 01:00:00-04:00,9.5000,0.0000
1990-05-06 02:00:00-04:00,9.0200,0.0000
1990-05-06 03:00:00-04:00,8.9500,0.0000
1990-05-06 04:00:00-04:00,8.3100,0.0000
1990-05-06 05:00:00-04:00,7.8400,0.0000
1990-05-06 06:00:00-04:00,7.3800,80.0000
1990-05-06 07:00:00-04:00,7.6300,202.7000
1990-05-06 08:00:00-04:00,8.2600,378.8000
1990-05-06 09:00:00-04:00,9.4900,538.7500
1990-05-06 10:00:00-04:00,10.9300,701.9000
1990-05-06 11:00:00-04:00,12.3900,791.1500
1990-05-06 12:00:00-04:00,13.6200,875.8500
1990-05-06 13:00:00-04:00,14.7800,880.3500
1990-05-06 14:00:00-04:00,15.7100,820.3000
1990-05-06 15:00:00-04:00,16.3600,642.3000
1990-05-06 16:00:00-04:00,16.5900,524.2500
1990-05-06 17:00:00-04:00,16.6400,329.1500
1990-05-06 18:00:00-04:00,16.0500,163.9500
1990-05-06 19:00:00-04:00,14.7000,41.3000
1990-05-06 20:00:00-04:00,12.9200,0.0000
1990-05-06 21:00:00-04:00,11.5200,0.0000
1990-05-06 22:00:00-04:00,10.5300,0.0000
1990-05-06 23:00:00-04:00,9.3900,0.0000
1990-05-07 00:00:00-04:00,8.2900,0.0000
1990-05-07 01:00:00-04:00,7.3000,0.0000
1990-05-07 02:00:00-04:00,6.2500,0.0000
1990-05-07 03:00:00-04:00,5.7900,0.0000
1990-05-07 04:00:00-04:00,4.8100,0.0000
1990-05-07 05:00:00-04:00,4.0100,0.0000
1990-05-07 06:00:00-04:00,3.4500,115.6000
1990-05-07 07:00:00-04:00,3.6700,301.7500
1990-05-07 08:00:00-04:00,4.7800,492.3500
1990-05-07 09:00:00-04:00,6.4200,665.6000
1990-05-07 10:00:00-04:00,7.9100,808.2000
1990-05-07 11:00:00-04:00,9.1900,904.2000
1990-05-07 12:00:00-04:00,10.2900,947.9000
1990-05-07 13:00:00-04:00,11.2600,934.9500
1990-05-07 14:00:00-04:00,12.1100,869.5000
1990-05-07 15:00:00-04:00,12.2900,751.9500
1990-05-07 16:00:00-04:00,12.7100,594.6500
1990-05-07 17:00:00-04:00,12.9100,411.5000
1990-05-07 18:00:00-04:00,12.9100,221.2000
1990-05-07 19:00:00-04:00,12.2600,57.4500
1990-05-07 20:00:00-04:00,10.7500,0.0000
1990-05-07 21:00:00-04:00,9.4600,0.0000
1990-05-07 22:00:00-04:00,8.7100,0.0000
1990-05-07 23:00:00-04:00,8.1400,0.0000
1990-05-08 00:00:00-04:00,7.6200,0.0000
1990-05-08 01:00:00-04:00,7.1300,0.0000
1990-05-08 02:00:00-04:00,6.6900,0.0000
1990-05-08 03:00:00-04:00,6.2300,0.0000
1990-05-08 04:00:00-04:00,5.9200,0.0000
1990-05-08 05:00:00-04:00,5.6800,0.0000
1990-05-08 06:00:00-04:00,5.5600,124.4500
1990-05-08 07:00:00-04:00,6.8600,300.7500
1990-05-08 08:00:00-04:00,9.3100,490.1000
1990-05-08 09:00:00-04:00,11.7700,663.5500
1990-05-08 10:00:00-04:00,14.0300,795.2500
1990-05-08 11:00:00-04:00,15.9300,880.6000
1990-05-08 12:00:00-04:00,17.4400,921.1500
1990-05-08 13:00:00-04:00,18.6100,907.5500
1990-05-08 14:00:00-04:00,19.4100,842.0000
1990-05-08 15:00:00-04:00,19.9200,727.3500
1990-05-08 16:00:00-04:00,20.0400,576.3500
1990-05-08 17:00:00-04:00,19.9100,401.3500
1990-05-08 18:00:00-04:00,19.3300,218.4000
1990-05-08 19:00:00-04:00,18.0400,56.2500
1990-05-08 20:00:00-04:00,16.2500,0.0500
1990-05-08 21:00:00-04:00,14.9400,0.0000
1990-05-08 22:00:00-04:00,14.0500,0.0000
1990-05-08 23:00:00-04:00,13.1700,0.0000
1990-05-09 00:00:00-04:00,12.0000,0.0000
1990-05-09 01:00:00-04:00,11.0100,0.0000
1990-05-09 02:00:00-04:00,10.1400,0.0000
1990-05-09 03:00:00-04:00,9.2400,0.0000
1990-05-09 04:00:00-04:00,9.0200,0.0000
1990-05-09 05:00:00-04:00,8.2700,0.0000
1990-05-09 06:00:00-04:00,8.0400,120.2000
1990-05-09 07:00:00-04:00,9.0300,291.2000
1990-05-09 08:00:00-04:00,11.2900,472.6000
1990-05-09 09:00:00-04:00,13.4200,636.9000
1990-05-09 10:00:00-04:00,15.4700,765.2000
1990-05-09 11:00:00-04:00,17.4300,855.3500
1990-05-09 12:00:00-04:00,19.2100,893.8000
1990-05-09 13:00:00-04:00,20.7600,885.2500
1990-05-09 14:00:00-04:00,22.0400,828.0000
1990-05-09 15:00:00-04:00,22.6100,708.3500
1990-05-09 16:00:00-04:00,23.1500,557.5500
1990-05-09 17:00:00-04:00,23.4500,387.6500
1990-05-09 18:00:00-04:00,23.2700,208.7000
1990-05-09 19:00:00-04:00,21.7100,58.2500
1990-05-09 20:00:00-04:00,18.6900,0.0500
1990-05-09 21:00:00-04:00,16.4300,0.0000
1990-05-09 22:00:00-04:00,14.9900,0.0000
1990-05-09 23:00:00-04:00,14.5700,0.0000
1990-05-10 00:00:00-04:00,15.0600,0.0000
1990-05-10 01:00:00-04:00,15.2900,0.0000
1990-05-10 02:00:00-04:00,15.1000,0.0000
1990-05-10 03:00:00-04:00,15.1200,0.0000
1990-05-10 04:00:00-04:00,14.8100,0.0000
1990-05-10 05:00:00-04:00,14.6400,0.0000
1990-05-10 06:00:00-04:00,14.3600,110.5500
1990-05-10 07:00:00-04:00,14.9900,283.4000
1990-05-10 08:00:00-04:00,16.3600,469.9000
1990-05-10 09:00:00-04:00,17.9900,636.0500
1990-05-10 10:00:00-04:00,19.8200,753.5000
1990-05-10 11:00:00-04:00,21.4300,821.8500
1990-05-10 12:00:00-04:00,22.6800,655.8000
1990-05-10 13:00:00-04:00,21.9800,395.8000
1990-05-10 14:00:00-04:00,19.8800,15.3000
1990-05-10 15:00:00-04:00,17.2900,135.1500
1990-05-10 16:00:00-04:00,17.7500,309.0500
1990-05-10 17:00:00-04:00,19.5600,221.6500
1990-05-10 18:00:00-04:00,18.6400,107.4000
1990-05-10 19:00:00-04:00,17.4000,20.8000
1990-05-10 20:00:00-04:00,16.2900,0.0500
1990-05-10 21:00:00-04:00,15.1200,0.0000
1990-05-10 22:00:00-04:00,12.2300,0.0000
1990-05-10 23:00:00-04:00,8.9200,0.0000
1990-05-11 00:00:00-04:00,6.9600,0.0000
1990-05-11 01:00:00-04:00,5.7700,0.0000
1990-05-11 02:00:00-04:00,5.1900,0.0000
1990-05-11 03:00:00-04:00,4.3300,0.0000
1990-05-11 04:00:00-04:00,4.0400,0.0000
1990-05-11 05:00:00-04:00,3.7400,0.0000
1990-05-11 06:00:00-04:00,3.4700,125.8000
1990-05-11 07:00:00-04:00,3.4900,310.0500
1990-05-11 08:00:00-04:00,4.2400,459.5000
1990-05-11 09:00:00-04:00,5.0700,659.6000
1990-05-11 10:00:00-04:00,6.1800,794.3500
1990-05-11 11:00:00-04:00,7.2300,896.0500
1990-05-11 12:00:00-04:00,8.3600,937.9000
1990-05-11 13:00:00-04:00,9.4200,931.1000
1990-05-11 14:00:00-04:00,10.6500,800.9000
1990-05-11 15:00:00-04:00,10.5500,724.2500
1990-05-11 16:00:00-04:00,11.1200,581.7000
1990-05-11 17:00:00-04:00,11.3600,391.2500
1990-05-11 18:00:00-04:00,11.1700,225.3500
1990-05-11 19:00:00-04:00,10.5400,63.2000
1990-05-11 20:00:00-04:00,9.3800,0.3000
1990-05-11 21:00:00-04:00,8.1900,0.0000
1990-05-11 22:00:00-04:00,7.1300,0.0000
1990-05-11 23:00:00-04:00,5.9900,0.0000
1990-05-12 00:00:00-04:00,4.9300,0.0000
1990-05-12 01:00:00-04:00,4.1100,0.0000
1990-05-12 02:00:00-04:00,3.2900,0.0000
1990-05-12 03:00:00-04:00,2.8100,0.0000
1990-05-12 04:00:00-04:00,2.1700,0.0000
1990-05-12 05:00:00-04:00,1.7000,0.0000
1990-05-12 06:00:00-04:00,2.3100,122.3500
1990-05-12 07:00:00-04:00,4.0100,307.4500
1990-05-12 08:00:00-04:00,6.3300,487.8000
1990-05-12 09:00:00-04:00,8.4000,632.8500
1990-05-12 10:00:00-04:00,10.3200,727.8000
1990-05-12 11:00:00-04:00,11.8600,804.5500
1990-05-12 12:00:00-04:00,12.8400,869.7000
1990-05-12 13:00:00-04:00,13.8600,872.6000
1990-05-12 14:00:00-04:00,14.9500,849.8500
1990-05-12 15:00:00-04:00,15.7100,623.6000
1990-05-12 16:00:00-04:00,16.0000,384.3000
1990-05-12 17:00:00-04:00,15.9600,345.3500
1990-05-12 18:00:00-04:00,15.9100,225.0000
1990-05-12 19:00:00-04:00,15.0600,67.4500
1990-05-12 20:00:00-04:00,13.3700,0.4000
1990-05-12 21:00:00-04:00,11.6700,0.0000
1990-05-12 22:00:00-04:00,10.4000,0.0000
1990-05-12 23:00:00-04:00,9.1500,0.0000
1990-05-13 00:00:00-04:00,7.6200,0.0000
1990-05-13 01:00:00-04:00,7.1600,0.0000
1990-05-13 02:00:00-04:00,6.6700,0.0000
1990-05-13 03:00:00-04:00,6.2000,0.0000
1990-05-13 04:00:00-04:00,5.3100,0.0000
1990-05-13 05:00:00-04:00,5.1000,0.0000
1990-05-13 06:00:00-04:00,4.6300,138.8000
1990-05-13 07:00:00-04:00,6.1900,317.7000
1990-05-13 08:00:00-04:00,8.9000,502.2500
1990-05-13 09:00:00-04:00,11.1200,670.0500
1990-05-13 10:00:00-04:00,13.3300,805.1000
1990-05-13 11:00:00-04:00,15.3200,896.0000
1990-05-13 12:00:00-04:00,16.9200,936.8500
1990-05-13 13:00:00-04:00,18.0900,924.9500
1990-05-13 14:00:00-04:00,18.7800,862.2000
1990-05-13 15:00:00-04:00,19.0600,748.1000
1990-05-13 16:00:00-04:00,19.1700,596.1500
1990-05-13 17:00:00-04:00,19.0700,418.3000
1990-05-13 18:00:00-04:00,18.6800,233.0000
1990-05-13 19:00:00-04:00,17.5100,70.1500
1990-05-13 20:00:00-04:00,15.7700,0.5500
1990-05-13 21:00:00-04:00,14.3200,0.0000
1990-05-13 22:00:00-04:00,13.3500,0.0000
1990-05-13 23:00:00-04:00,12.6300,0.0000
1990-05-14 00:00:00-04:00,11.9900,0.0000
1990-05-14 01:00:00-04:00,11.4400,0.0000
1990-05-14 02:00:00-04:00,11.0000,0.0000
1990-05-14 03:00:00-04:00,11.1700,0.0000
1990-05-14 04:00:00-04:00,10.9400,0.0000
1990-05-14 05:00:00-04:00,10.6800,0.0000
1990-05-14 06:00:00-04:00,10.5200,131.5500
1990-05-14 07:00:00-04:00,11.3300,294.1000
1990-05-14 08:00:00-04:00,12.8500,432.9000
1990-05-14 09:00:00-04:00,14.2900,571.6500
1990-05-14 10:00:00-04:00,15.7800,774.1500
1990-05-14 11:00:00-04:00,17.5900,880.1500
1990-05-14 12:00:00-04:00,19.2700,918.2000
1990-05-14 13:00:00-04:00,20.6800,907.2000
1990-05-14 14:00:00-04:00,21.7500,851.1000
1990-05-14 15:00:00-04:00,22.8900,736.2000
1990-05-14 16:00:00-04:00,23.2600,586.0500
1990-05-14 17:00:00-04:00,23.1000,419.1000
1990-05-14 18:00:00-04:00,22.4600,236.2500
1990-05-14 19:00:00-04:00,21.0900,65.1000
1990-05-14 20:00:00-04:00,19.3700,0.6500
1990-05-14 21:00:00-04:00,18.1200,0.0000
1990-05-14 22:00:00-04:00,17.2800,0.0000
1990-05-14 23:00:00-04:00,16.5900,0.0000
1990-05-15 00:00:00-04:00,15.6800,0.0000
1990-05-15 01:00:00-04:00,14.7400,0.0000
1990-05-15 02:00:00-04:00,13.9700,0.0000
1990-05-15 03:00:00-04:00,13.9100,0.0000
1990-05-15 04:00:00-04:00,13.5400,0.0000
1990-05-15 05:00:00-04:00,13.1200,0.0000
1990-05-15 06:00:00-04:00,12.9300,90.5500
1990-05-15 07:00:00-04:00,13.7100,170.3500
1990-05-15 08:00:00-04:00,14.8500,204.5500
1990-05-15 09:00:00-04:00,15.4800,222.6000
1990-05-15 10:00:00-04:00,15.7400,179.6000
1990-05-15 11:00:00-04:00,15.2000,188.4000
1990-05-15 12:00:00-04:00,14.4800,194.5000
1990-05-15 13:00:00-04:00,13.3800,240.9000
1990-05-15 14:00:00-04:00,13.5500,488.9500
1990-05-15 15:00:00-04:00,17.3000,423.1000
1990-05-15 16:00:00-04:00,17.4800,399.2000
1990-05-15 17:00:00-04:00,17.2300,399.8000
1990-05-15 18:00:00-04:00,16.6900,234.3000
1990-05-15 19:00:00-04:00,15.3200,74.5500
1990-05-15 20:00:00-04:00,13.2800,0.8500
1990-05-15 21:00:00-04:00,11.2900,0.0000
1990-05-15 22:00:00-04:00,9.6900,0.0000
1990-05-15 23:00:00-04:00,8.3500,0.0000
1990-05-16 00:00:00-04:00,7.3100,0.0000
1990-05-16 01:00:00-04:00,6.4000,0.0000
1990-05-16 02:00:00-04:00,5.5800,0.0000
1990-05-16 03:00:00-04:00,5.1800,0.0000
1990-05-16 04:00:00-04:00,4.5400,0.0000
1990-05-16 05:00:00-04:00,3.9600,0.0000
1990-05-16 06:00:00-04:00,3.6800,141.9500
1990-05-16 07:00:00-04:00,4.3600,319.6000
1990-05-16 08:00:00-04:00,5.7500,497.2000
1990-05-16 09:00:00-04:00,7.3600,671.6000
1990-05-16 10:00:00-04:00,9.1000,808.8000
1990-05-16 11:00:00-04:00,10.8700,911.5000
1990-05-16 12:00:00-04:00,12.6700,958.5000
1990-05-16 13:00:00-04:00,14.3900,936.9000
1990-05-16 14:00:00-04:00,16.0300,861.9500
1990-05-16 15:00:00-04:00,17.2800,672.2000
1990-05-16 16:00:00-04:00,18.2100,417.3000
1990-05-16 17:00:00-04:00,18.6900,302.0500
1990-05-16 18:00:00-04:00,18.9100,217.0000
1990-05-16 19:00:00-04:00,18.7000,67.2000
1990-05-16 20:00:00-04:00,17.6900,0.8500
1990-05-16 21:00:00-04:00,16.8200,0.0000
1990-05-16 22:00:00-04:00,16.3500,0.0000
1990-05-16 23:00:00-04:00,15.9200,0.0000
1990-05-17 00:00:00-04:00,15.1100,0.0000
1990-05-17 01:00:00-04:00,14.7800,0.0000
1990-05-17 02:00:00-04:00,14.4100,0.0000
1990-05-17 03:00:00-04:00,13.5100,0.0000
1990-05-17 04:00:00-04:00,12.0100,0.0000
1990-05-17 05:00:00-04:00,10.4800,0.0000
1990-05-17 06:00:00-04:00,9.0400,58.3000
1990-05-17 07:00:00-04:00,8.2800,154.8000
1990-05-17 08:00:00-04:00,7.8100,170.5500
1990-05-17 09:00:00-04:00,7.5300,222.4000
1990-05-17 10:00:00-04:00,7.5900,423.4000
1990-05-17 11:00:00-04:00,8.4600,590.6000
1990-05-17 12:00:00-04:00,9.5500,865.7500
1990-05-17 13:00:00-04:00,10.9600,955.4000
1990-05-17 14:00:00-04:00,12.0800,871.2500
1990-05-17 15:00:00-04:00,12.8100,760.9500
1990-05-17 16:00:00-04:00,13.1000,579.4000
1990-05-17 17:00:00-04:00,13.1000,386.7500
1990-05-17 18:00:00-04:00,12.8300,241.6000
1990-05-17 19:00:00-04:00,12.3000,80.9500
1990-05-17 20:00:00-04:00,11.1700,1.3000
1990-05-17 21:00:00-04:00,9.9100,0.0000
1990-05-17 22:00:00-04:00,8.8800,0.0000
1990-05-17 23:00:00-04:00,8.0600,0.0000
1990-05-18 00:00:00-04:00,7.3400,0.0000
1990-05-18 01:00:00-04:00,6.6400,0.0000
1990-05-18 02:00:00-04:00,5.9500,0.0000
1990-05-18 03:00:00-04:00,5.2500,0.0000
1990-05-18 04:00:00-04:00,4.6500,0.0000
1990-05-18 05:00:00-04:00,4.0900,0.0000
1990-05-18 06:00:00-04:00,3.8400,156.0000
1990-05-18 07:00:00-04:00,4.4300,338.7500
1990-05-18 08:00:00-04:00,5.3800,525.0500
1990-05-18 09:00:00-04:00,6.5300,693.5500
1990-05-18 10:00:00-04:00,7.8600,829.3500
1990-05-18 11:00:00-04:00,9.3300,921.4500
1990-05-18 12:00:00-04:00,10.7300,961.8000
1990-05-18 13:00:00-04:00,11.9700,947.4500
1990-05-18 14:00:00-04:00,13.0000,883.2000
1990-05-18 15:00:00-04:00,14.0100,768.6000
1990-05-18 16:00:00-04:00,14.4700,614.9500
1990-05-18 17:00:00-04:00,14.6500,434.5500
1990-05-18 18:00:00-04:00,14.5100,248.2000
1990-05-18 19:00:00-04:00,14.0100,81.7000
1990-05-18 20:00:00-04:00,12.8100,2.0000
1990-05-18 21:00:00-04:00,10.9000,0.0000
1990-05-18 22:00:00-04:00,10.7700,0.0000
1990-05-18 23:00:00-04:00,11.5700,0.0000
1990-05-19 00:00:00-04:00,9.7000,0.0000
1990-05-19 01:00:00-04:00,8.3600,0.0000
1990-05-19 02:00:00-04:00,6.0900,0.0000
1990-05-19 03:00:00-04:00,5.5100,0.0000
1990-05-19 04:00:00-04:00,5.4000,0.0000
1990-05-19 05:00:00-04:00,5.3500,0.0000
1990-05-19 06:00:00-04:00,5.3500,138.9500
1990-05-19 07:00:00-04:00,6.9800,297.4000
1990-05-19 08:00:00-04:00,9.9000,461.3500
1990-05-19 09:00:00-04:00,12.2000,582.4000
1990-05-19 10:00:00-04:00,14.3200,668.9500
1990-05-19 11:00:00-04:00,16.3000,651.2500
1990-05-19 12:00:00-04:00,17.7300,620.0500
1990-05-19 13:00:00-04:00,18.8000,539.6000
1990-05-19 14:00:00-04:00,19.5100,544.9500
1990-05-19 15:00:00-04:00,21.1800,316.1500
1990-05-19 16:00:00-04:00,20.3400,142.1500
1990-05-19 17:00:00-04:00,18.6700,103.4500
1990-05-19 18:00:00-04:00,16.6900,30.0500
1990-05-19 19:00:00-04:00,13.3500,4.6500
1990-05-19 20:00:00-04:00,11.8300,0.1500
1990-05-19 21:00:00-04:00,11.2800,0.0000
1990-05-19 22:00:00-04:00,11.1700,0.0000
1990-05-19 23:00:00-04:00,11.3300,0.0000
1990-05-20 00:00:00-04:00,11.6000,0.0000
1990-05-20 01:00:00-04:00,11.9100,0.0000
1990-05-20 02:00:00-04:00,12.1600,0.0000
1990-05-20 03:00:00-04:00,12.3700,0.0000
1990-05-20 04:00:00-04:00,12.4300,0.0000
1990-05-20 05:00:00-04:00,12.4600,0.0000
1990-05-20 06:00:00-04:00,12.4500,7.4500
1990-05-20 07:00:00-04:00,12.4700,34.8000
1990-05-20 08:00:00-04:00,12.7500,107.3000
1990-05-20 09:00:00-04:00,13.2600,213.7500
1990-05-20 10:00:00-04:00,13.7000,330.8500
1990-05-20 11:00:00-04:00,13.8400,693.1500
1990-05-20 12:00:00-04:00,15.0500,780.2500
1990-05-20 13:00:00-04:00,15.9300,841.5500
1990-05-20 14:00:00-04:00,16.9100,886.6000
1990-05-20 15:00:00-04:00,18.1500,763.3000
1990-05-20 16:00:00-04:00,18.5100,618.2500
1990-05-20 17:00:00-04:00,18.6100,442.0000
1990-05-20 18:00:00-04:00,18.3600,256.1000
1990-05-20 19:00:00-04:00,17.4800,88.2000
1990-05-20 20:00:00-04:00,15.9700,2.7000
1990-05-20 21:00:00-04:00,14.2900,0.0000
1990-05-20 22:00:00-04:00,12.9600,0.0000
1990-05-20 23:00:00-04:00,11.9300,0.0000
1990-05-21 00:00:00-04:00,11.2000,0.0000
1990-05-21 01:00:00-04:00,10.5700,0.0000
1990-05-21 02:00:00-04:00,10.0600,0.0000
1990-05-21 03:00:00-04:00,9.5300,0.0000
1990-05-21 04:00:00-04:00,9.0900,0.0000
1990-05-21 05:00:00-04:00,8.7700,0.0000
1990-05-21 06:00:00-04:00,8.8000,155.8000
1990-05-21 07:00:00-04:00,10.2600,332.2000
1990-05-21 08:00:00-04:00,12.6000,511.9000
1990-05-21 09:00:00-04:00,14.8600,674.4000
1990-05-21 10:00:00-04:00,17.1400,805.5500
1990-05-21 11:00:00-04:00,19.1700,894.9500
1990-05-21 12:00:00-04:00,20.7500,875.9000
1990-05-21 13:00:00-04:00,21.7900,776.6000
1990-05-21 14:00:00-04:00,22.3800,522.6500
1990-05-21 15:00:00-04:00,22.8400,704.7500
1990-05-21 16:00:00-04:00,23.1400,559.9500
1990-05-21 17:00:00-04:00,22.7100,406.4500
1990-05-21 18:00:00-04:00,22.0500,241.5000
1990-05-21 19:00:00-04:00,20.6100,85.5000
1990-05-21 20:00:00-04:00,18.5300,3.0000
1990-05-21 21:00:00-04:00,16.4100,0.0000
1990-05-21 22:00:00-04:00,14.6200,0.0000
1990-05-21 23:00:00-04:00,13.2200,0.0000
1990-05-22 00:00:00-04:00,11.8900,0.0000
1990-05-22 01:00:00-04:00,12.4700,0.0000
1990-05-22 02:00:00-04:00,12.0800,0.0000
1990-05-22 03:00:00-04:00,10.7600,0.0000
1990-05-22 04:00:00-04:00,10.6400,0.0000
1990-05-22 05:00:00-04:00,10.4100,0.0000
1990-05-22 06:00:00-04:00,9.8200,89.6500
1990-05-22 07:00:00-04:00,11.6200,232.1500
1990-05-22 08:00:00-04:00,13.8500,334.4000
1990-05-22 09:00:00-04:00,15.5700,419.3000
1990-05-22 10:00:00-04:00,17.2900,586.2000
1990-05-22 11:00:00-04:00,19.1500,761.6500
1990-05-22 12:00:00-04:00,21.0400,843.2000
1990-05-22 13:00:00-04:00,22.3700,699.6500
1990-05-22 14:00:00-04:00,22.6000,687.7000
1990-05-22 15:00:00-04:00,22.5300,465.9500
1990-05-22 16:00:00-04:00,21.3500,235.3500
1990-05-22 17:00:00-04:00,20.2200,139.6500
1990-05-22 18:00:00-04:00,19.1800,123.3500
1990-05-22 19:00:00-04:00,18.3200,44.4500
1990-05-22 20:00:00-04:00,17.0800,1.2500
1990-05-22 21:00:00-04:00,16.0100,0.0000
1990-05-22 22:00:00-04:00,15.3600,0.0000
1990-05-22 23:00:00-04:00,14.6200,0.0000
1990-05-23 00:00:00-04:00,13.7000,0.0000
1990-05-23 01:00:00-04:00,13.1000,0.0000
1990-05-23 02:00:00-04:00,12.6000,0.0000
1990-05-23 03:00:00-04:00,12.2200,0.0000
1990-05-23 04:00:00-04:00,11.6800,0.0000
1990-05-23 05:00:00-04:00,11.4500,0.0000
1990-05-23 06:00:00-04:00,11.5400,156.7000
1990-05-23 07:00:00-04:00,12.8100,308.4000
1990-05-23 08:00:00-04:00,14.5100,444.0500
1990-05-23 09:00:00-04:00,15.4900,520.1500
1990-05-23 10:00:00-04:00,15.7700,711.6500
1990-05-23 11:00:00-04:00,16.2200,753.4500
1990-05-23 12:00:00-04:00,16.8000,860.9000
1990-05-23 13:00:00-04:00,17.7100,881.8500
1990-05-23 14:00:00-04:00,18.4200,831.7000
1990-05-23 15:00:00-04:00,18.9400,674.9000
1990-05-23 16:00:00-04:00,19.0000,552.1500
1990-05-23 17:00:00-04:00,19.0100,329.0000
1990-05-23 18:00:00-04:00,18.4300,161.8500
1990-05-23 19:00:00-04:00,17.2900,55.0500
1990-05-23 20:00:00-04:00,15.9200,3.5500
1990-05-23 21:00:00-04:00,14.1400,0.0000
1990-05-23 22:00:00-04:00,12.6700,0.0000
1990-05-23 23:00:00-04:00,12.8600,0.0000
1990-05-24 00:00:00-04:00,12.5800,0.0000
1990-05-24 01:00:00-04:00,12.0500,0.0000
1990-05-24 02:00:00-04:00,11.2900,0.0000
1990-05-24 03:00:00-04:00,10.4300,0.0000
1990-05-24 04:00:00-04:00,9.6600,0.0000
1990-05-24 05:00:00-04:00,8.8500,0.0000
1990-05-24 06:00:00-04:00,8.3300,166.3500
1990-05-24 07:00:00-04:00,8.9100,345.4000
1990-05-24 08:00:00-04:00,10.1400,526.4000
1990-05-24 09:00:00-04:00,11.5300,683.1000
1990-05-24 10:00:00-04:00,12.9000,815.6500
1990-05-24 11:00:00-04:00,14.3300,900.9000
1990-05-24 12:00:00-04:00,15.6900,943.9000
1990-05-24 13:00:00-04:00,17.0100,856.2500
1990-05-24 14:00:00-04:00,18.0900,876.0500
1990-05-24 15:00:00-04:00,19.3100,720.4000
1990-05-24 16:00:00-04:00,20.0200,515.7000
1990-05-24 17:00:00-04:00,20.4100,381.7000
1990-05-24 18:00:00-04:00,20.3100,238.5000
1990-05-24 19:00:00-04:00,19.3900,93.9500
1990-05-24 20:00:00-04:00,17.9800,4.2500
1990-05-24 21:00:00-04:00,16.7600,0.0000
1990-05-24 22:00:00-04:00,16.1100,0.0000
1990-05-24 23:00:00-04:00,16.0300,0.0000
1990-05-25 00:00:00-04:00,16.0700,0.0000
1990-05-25 01:00:00-04:00,16.1800,0.0000
1990-05-25 02:00:00-04:00,16.3200,0.0000
1990-05-25 03:00:00-04:00,16.1200,0.0000
1990-05-25 04:00:00-04:00,16.0700,0.0000
1990-05-25 05:00:00-04:00,15.9100,0.0000
1990-05-25 06:00:00-04:00,16.0200,152.3500
1990-05-25 07:00:00-04:00,17.1300,328.5000
1990-05-25 08:00:00-04:00,18.7800,507.6000
1990-05-25 09:00:00-04:00,20.5500,664.5000
1990-05-25 10:00:00-04:00,22.3400,782.5500
1990-05-25 11:00:00-04:00,24.0100,847.8000
1990-05-25 12:00:00-04:00,25.4100,853.3000
1990-05-25 13:00:00-04:00,26.4900,829.5000
1990-05-25 14:00:00-04:00,27.2700,686.0000
1990-05-25 15:00:00-04:00,27.2000,589.2000
1990-05-25 16:00:00-04:00,26.9900,424.4000
1990-05-25 17:00:00-04:00,26.4900,273.1500
1990-05-25 18:00:00-04:00,25.7000,126.8500
1990-05-25 19:00:00-04:00,24.4100,50.4500
1990-05-25 20:00:00-04:00,23.4000,2.8500
1990-05-25 21:00:00-04:00,22.4500,0.0000
1990-05-25 22:00:00-04:00,21.4800,0.0000
1990-05-25 23:00:00-04:00,20.5400,0.0000
1990-05-26 00:00:00-04:00,19.7900,0.0000
1990-05-26 01:00:00-04:00,19.1100,0.0000
1990-05-26 02:00:00-04:00,18.5900,0.0000
1990-05-26 03:00:00-04:00,18.0500,0.0000
1990-05-26 04:00:00-04:00,17.6200,0.0000
1990-05-26 05:00:00-04:00,16.9000,0.0000
1990-05-26 06:00:00-04:00,16.1000,38.9500
1990-05-26 07:00:00-04:00,15.1600,139.1500
1990-05-26 08:00:00-04:00,14.9000,213.0000
1990-05-26 09:00:00-04:00,15.7500,364.8000
1990-05-26 10:00:00-04:00,17.1900,406.8000
1990-05-26 11:00:00-04:00,18.1900,511.3000
1990-05-26 12:00:00-04:00,19.0000,657.7500
1990-05-26 13:00:00-04:00,19.9000,709.5000
1990-05-26 14:00:00-04:00,20.5900,824.5000
1990-05-26 15:00:00-04:00,21.9300,729.8000
1990-05-26 16:00:00-04:00,22.1900,584.9500
1990-05-26 17:00:00-04:00,22.0100,388.9000
1990-05-26 18:00:00-04:00,21.3700,228.9500
1990-05-26 19:00:00-04:00,20.2000,79.4500
1990-05-26 20:00:00-04:00,18.5700,4.8000
1990-05-26 21:00:00-04:00,17.0100,0.0000
1990-05-26 22:00:00-04:00,15.8700,0.0000
1990-05-26 23:00:00-04:00,15.1900,0.0000
1990-05-27 00:00:00-04:00,14.5500,0.0000
1990-05-27 01:00:00-04:00,13.8700,0.0000
1990-05-27 02:00:00-04:00,13.2100,0.0000
1990-05-27 03:00:00-04:00,12.5300,0.0000
1990-05-27 04:00:00-04:00,12.1000,0.0000
1990-05-27 05:00:00-04:00,11.7300,0.0000
1990-05-27 06:00:00-04:00,11.7000,153.4000
1990-05-27 07:00:00-04:00,12.7300,305.6000
1990-05-27 08:00:00-04:00,14.3600,487.0000
1990-05-27 09:00:00-04:00,16.2300,599.8500
1990-05-27 10:00:00-04:00,17.8700,598.4000
1990-05-27 11:00:00-04:00,19.1100,482.3500
1990-05-27 12:00:00-04:00,19.8800,485.1500
1990-05-27 13:00:00-04:00,19.9100,458.4500
1990-05-27 14:00:00-04:00,18.9900,545.5000
1990-05-27 15:00:00-04:00,21.8300,305.2000
1990-05-27 16:00:00-04:00,20.7600,208.9500
1990-05-27 17:00:00-04:00,19.3000,138.4000
1990-05-27 18:00:00-04:00,18.8300,40.2000
1990-05-27 19:00:00-04:00,18.2500,19.8000
1990-05-27 20:00:00-04:00,17.6500,1.2500
1990-05-27 21:00:00-04:00,16.9100,0.0000
1990-05-27 22:00:00-04:00,16.2100,0.0000
1990-05-27 23:00:00-04:00,15.6900,0.0000
1990-05-28 00:00:00-04:00,15.1800,0.0000
1990-05-28 01:00:00-04:00,14.6500,0.0000
1990-05-28 02:00:00-04:00,14.1700,0.0000
1990-05-28 03:00:00-04:00,13.4000,0.0000
1990-05-28 04:00:00-04:00,13.0900,0.0000
1990-05-28 05:00:00-04:00,12.9200,0.0000
1990-05-28 06:00:00-04:00,12.9100,119.4000
1990-05-28 07:00:00-04:00,13.5200,249.3500
1990-05-28 08:00:00-04:00,14.5400,339.6500
1990-05-28 09:00:00-04:00,15.8300,346.0000
1990-05-28 10:00:00-04:00,16.8700,456.0000
1990-05-28 11:00:00-04:00,18.3200,357.6000
1990-05-28 12:00:00-04:00,18.9100,233.8500
1990-05-28 13:00:00-04:00,18.5900,294.9500
1990-05-28 14:00:00-04:00,19.0800,190.0000
1990-05-28 15:00:00-04:00,18.7400,164.6500
1990-05-28 16:00:00-04:00,18.7800,204.3500
1990-05-28 17:00:00-04:00,19.3100,211.6500
1990-05-28 18:00:00-04:00,19.8800,138.9500
1990-05-28 19:00:00-04:00,19.6000,77.4500
1990-05-28 20:00:00-04:00,19.0400,5.0000
1990-05-28 21:00:00-04:00,18.1400,0.0000
1990-05-28 22:00:00-04:00,17.7200,0.0000
1990-05-28 23:00:00-04:00,17.4700,0.0000
1990-05-29 00:00:00-04:00,17.2800,0.0000
1990-05-29 01:00:00-04:00,17.3000,0.0000
1990-05-29 02:00:00-04:00,17.3200,0.0000
1990-05-29 03:00:00-04:00,16.5200,0.0000
1990-05-29 04:00:00-04:00,16.2100,0.0000
1990-05-29 05:00:00-04:00,15.7100,0.0000
1990-05-29 06:00:00-04:00,15.3800,146.8000
1990-05-29 07:00:00-04:00,15.6000,267.8500
1990-05-29 08:00:00-04:00,15.6400,367.9500
1990-05-29 09:00:00-04:00,15.7900,460.1000
1990-05-29 10:00:00-04:00,16.0900,701.1500
1990-05-29 11:00:00-04:00,17.1400,834.8500
1990-05-29 12:00:00-04:00,18.4400,961.6000
1990-05-29 13:00:00-04:00,19.8000,947.0000
1990-05-29 14:00:00-04:00,20.8900,886.1000
1990-05-29 15:00:00-04:00,22.5400,776.9500
1990-05-29 16:00:00-04:00,22.8300,629.6500
1990-05-29 17:00:00-04:00,22.8100,456.3500
1990-05-29 18:00:00-04:00,22.4400,273.8500
1990-05-29 19:00:00-04:00,21.3200,106.1500
1990-05-29 20:00:00-04:00,19.6100,7.0500
1990-05-29 21:00:00-04:00,17.8400,0.0000
1990-05-29 22:00:00-04:00,16.4800,0.0000
1990-05-29 23:00:00-04:00,15.3600,0.0000
1990-05-30 00:00:00-04:00,14.3200,0.0000
1990-05-30 01:00:00-04:00,13.4100,0.0000
1990-05-30 02:00:00-04:00,12.6400,0.0000
1990-05-30 03:00:00-04:00,11.9500,0.0000
1990-05-30 04:00:00-04:00,11.4200,0.0000
1990-05-30 05:00:00-04:00,11.0500,0.0000
1990-05-30 06:00:00-04:00,11.0800,156.5000
1990-05-30 07:00:00-04:00,12.6400,332.4500
1990-05-30 08:00:00-04:00,15.0000,521.8500
1990-05-30 09:00:00-04:00,17.3100,680.5500
1990-05-30 10:00:00-04:00,19.5200,810.2500
1990-05-30 11:00:00-04:00,21.4800,902.3000
1990-05-30 12:00:00-04:00,23.1600,940.1500
1990-05-30 13:00:00-04:00,24.5300,929.4000
1990-05-30 14:00:00-04:00,25.5400,864.9000
1990-05-30 15:00:00-04:00,26.4000,757.3500
1990-05-30 16:00:00-04:00,26.8500,614.3500
1990-05-30 17:00:00-04:00,27.0000,432.4000
1990-05-30 18:00:00-04:00,26.7500,264.9500
1990-05-30 19:00:00-04:00,25.7400,97.5000
1990-05-30 20:00:00-04:00,23.9000,6.6000
1990-05-30 21:00:00-04:00,21.7400,0.0000
1990-05-30 22:00:00-04:00,20.1400,0.0000
1990-05-30 23:00:00-04:00,19.3200,0.0000
1990-05-31 00:00:00-04:00,19.0600,0.0000
1990-05-31 01:00:00-04:00,19.0900,0.0000
1990-05-31 02:00:00-04:00,19.1000,0.0000
1990-05-31 03:00:00-04:00,18.8600,0.0000
1990-05-31 04:00:00-04:00,18.7600,0.0000
1990-05-31 05:00:00-04:00,18.3500,0.0000
1990-05-31 06:00:00-04:00,18.2700,141.2000
1990-05-31 07:00:00-04:00,19.2800,320.7500
1990-05-31 08:00:00-04:00,20.9600,495.5500
1990-05-31 09:00:00-04:00,22.3700,631.2000
1990-05-31 10:00:00-04:00,23.6900,758.7000
1990-05-31 11:00:00-04:00,25.0900,870.5000
1990-05-31 12:00:00-04:00,31.6600,916.1500
1990-05-31 13:00:00-04:00,30.3400,907.8000
1990-05-31 14:00:00-04:00,29.0200,854.1500
1990-05-31 15:00:00-04:00,27.7000,704.4500
1990-05-31 16:00:00-04:00,26.3800,576.8000
1990-05-31 17:00:00-04:00,25.0600,354.2500
1990-05-31 18:00:00-04:00,23.7400,157.9500
1990-05-31 19:00:00-04:00,22.4200,48.3500
1990-05-31 20:00:00-04:00,21.1000,5.9500
1990-05-31 21:00:00-04:00,19.7800,0.0000
1990-05-31 22:00:00-04:00,18.4600,0.0000
1990-05-31 23:00:00-04:00,17.1400,0.0000
1990-06-01 00:00:00-04:00,15.8200,0.0000
1990-06-01 01:00:00-04:00,14.5000,0.0000
1990-06-01 02:00:00-04:00,13.1800,0.0000
1990-06-01 03:00:00-04:00,11.8600,0.0000
1990-06-01 04:00:00-04:00,13.2600,0.0000
1990-06-01 05:00:00-04:00,13.0200,0.0000
1990-06-01 06:00:00-04:00,13.1400,114.9500
1990-06-01 07:00:00-04:00,13.9200,258.2500
1990-06-01 08:00:00-04:00,14.9300,365.7500
1990-06-01 09:00:00-04:00,15.6400,556.1500
1990-06-01 10:00:00-04:00,16.4200,651.8000
1990-06-01 11:00:00-04:00,16.9200,699.4500
1990-06-01 12:00:00-04:00,17.3500,832.5500
1990-06-01 13:00:00-04:00,18.0300,860.2500
1990-06-01 14:00:00-04:00,18.5900,722.7500
1990-06-01 15:00:00-04:00,18.2000,577.0000
1990-06-01 16:00:00-04:00,17.7300,498.8500
1990-06-01 17:00:00-04:00,17.3000,361.3500
1990-06-01 18:00:00-04:00,16.6300,211.5000
1990-06-01 19:00:00-04:00,15.3400,73.7500
1990-06-01 20:00:00-04:00,13.7900,5.6000
1990-06-01 21:00:00-04:00,12.8800,0.0000
1990-06-01 22:00:00-04:00,12.5000,0.0000
1990-06-01 23:00:00-04:00,11.8600,0.0000
1990-06-02 00:00:00-04:00,11.4300,0.0000
1990-06-02 01:00:00-04:00,10.9300,0.0000
1990-06-02 02:00:00-04:00,10.3100,0.0000
1990-06-02 03:00:00-04:00,9.9700,0.0000
1990-06-02 04:00:00-04:00,9.5400,0.0000
1990-06-02 05:00:00-04:00,9.1400,0.0000
1990-06-02 06:00:00-04:00,9.2500,142.5000
1990-06-02 07:00:00-04:00,9.8300,254.7500
1990-06-02 08:00:00-04:00,10.6800,306.9000
1990-06-02 09:00:00-04:00,11.3900,346.0500
1990-06-02 10:00:00-04:00,12.0000,412.2500
1990-06-02 11:00:00-04:00,12.6000,509.1000
1990-06-02 12:00:00-04:00,13.5000,513.6000
1990-06-02 13:00:00-04:00,13.9400,542.3500
1990-06-02 14:00:00-04:00,14.4100,487.2000
1990-06-02 15:00:00-04:00,14.7200,497.7000
1990-06-02 16:00:00-04:00,15.2400,413.3000
1990-06-02 17:00:00-04:00,14.8400,316.1000
1990-06-02 18:00:00-04:00,14.3800,197.3000
1990-06-02 19:00:00-04:00,13.2800,67.0000
1990-06-02 20:00:00-04:00,12.1000,4.9500
1990-06-02 21:00:00-04:00,11.2300,0.0000
1990-06-02 22:00:00-04:00,10.6400,0.0000
1990-06-02 23:00:00-04:00,10.3300,0.0000
1990-06-03 00:00:00-04:00,10.1700,0.0000
1990-06-03 01:00:00-04:00,9.9700,0.0000
1990-06-03 02:00:00-04:00,9.8700,0.0000
1990-06-03 03:00:00-04:00,9.8500,0.0000
1990-06-03 04:00:00-04:00,9.7800,0.0000
1990-06-03 05:00:00-04:00,9.7500,0.0000
1990-06-03 06:00:00-04:00,9.7900,39.4500
1990-06-03 07:00:00-04:00,9.9000,81.4000
1990-06-03 08:00:00-04:00,10.1200,93.8000
1990-06-03 09:00:00-04:00,10.2300,120.8500
1990-06-03 10:00:00-04:00,10.1300,106.6500
1990-06-03 11:00:00-04:00,10.1200,125.9500
1990-06-03 12:00:00-04:00,10.4700,257.2000
1990-06-03 13:00:00-04:00,11.5300,287.4000
1990-06-03 14:00:00-04:00,12.3800,260.7000
1990-06-03 15:00:00-04:00,13.2700,230.8000
1990-06-03 16:00:00-04:00,13.9300,196.6000
1990-06-03 17:00:00-04:00,14.4700,127.7000
1990-06-03 18:00:00-04:00,14.5800,90.2500
1990-06-03 19:00:00-04:00,14.5100,45.2500
1990-06-03 20:00:00-04:00,14.0600,4.4500
1990-06-03 21:00:00-04:00,13.5700,0.0000
1990-06-03 22:00:00-04:00,13.2500,0.0000
1990-06-03 23:00:00-04:00,12.9300,0.0000
1990-06-04 00:00:00-04:00,12.4300,0.0000
1990-06-04 01:00:00-04:00,11.9100,0.0000
1990-06-04 02:00:00-04:00,11.1900,0.0000
1990-06-04 03:00:00-04:00,11.2600,0.0000
1990-06-04 04:00:00-04:00,10.5300,0.0000
1990-06-04 05:00:00-04:00,9.6900,0.0000
1990-06-04 06:00:00-04:00,9.5600,162.4500
1990-06-04 07:00:00-04:00,12.1900,286.8000
1990-06-04 08:00:00-04:00,13.6100,457.5000
1990-06-04 09:00:00-04:00,15.1400,571.5000
1990-06-04 10:00:00-04:00,16.4400,642.6000
1990-06-04 11:00:00-04:00,17.7100,554.5500
1990-06-04 12:00:00-04:00,18.3600,583.2500
1990-06-04 13:00:00-04:00,18.9800,676.5000
1990-06-04 14:00:00-04:00,19.7100,612.9000
1990-06-04 15:00:00-04:00,20.4400,616.2000
1990-06-04 16:00:00-04:00,20.8600,431.2500
1990-06-04 17:00:00-04:00,20.5500,229.5500
1990-06-04 18:00:00-04:00,19.7300,167.8000
1990-06-04 19:00:00-04:00,18.8600,56.7000
1990-06-04 20:00:00-04:00,17.7300,5.2000
1990-06-04 21:00:00-04:00,16.2800,0.0000
1990-06-04 22:00:00-04:00,15.1100,0.0000
1990-06-04 23:00:00-04:00,14.4100,0.0000
1990-06-05 00:00:00-04:00,13.7700,0.0000
1990-06-05 01:00:00-04:00,13.3600,0.0000
1990-06-05 02:00:00-04:00,12.8600,0.0000
1990-06-05 03:00:00-04:00,12.5900,0.0000
1990-06-05 04:00:00-04:00,12.2600,0.0000
1990-06-05 05:00:00-04:00,12.3800,0.0000
1990-06-05 06:00:00-04:00,12.6100,92.3500
1990-06-05 07:00:00-04:00,13.3400,168.4000
1990-06-05 08:00:00-04:00,14.3400,210.5500
1990-06-05 09:00:00-04:00,15.3400,302.8500
1990-06-05 10:00:00-04:00,16.4400,269.2000
1990-06-05 11:00:00-04:00,16.8300,371.4500
1990-06-05 12:00:00-04:00,17.4200,295.4500
1990-06-05 13:00:00-04:00,17.4900,256.4000
1990-06-05 14:00:00-04:00,16.9500,171.5500
1990-06-05 15:00:00-04:00,15.2400,125.9000
1990-06-05 16:00:00-04:00,14.6800,124.6000
1990-06-05 17:00:00-04:00,14.1800,74.1500
1990-06-05 18:00:00-04:00,13.5600,34.7500
1990-06-05 19:00:00-04:00,12.9900,10.1000
1990-06-05 20:00:00-04:00,12.6800,1.9000
1990-06-05 21:00:00-04:00,12.2500,0.0000
1990-06-05 22:00:00-04:00,12.0700,0.0000
1990-06-05 23:00:00-04:00,11.9600,0.0000
1990-06-06 00:00:00-04:00,11.9400,0.0000
1990-06-06 01:00:00-04:00,11.9500,0.0000
1990-06-06 02:00:00-04:00,12.0200,0.0000
1990-06-06 03:00:00-04:00,11.8600,0.0000
1990-06-06 04:00:00-04:00,11.7100,0.0000
1990-06-06 05:00:00-04:00,11.4600,0.0000
1990-06-06 06:00:00-04:00,11.2700,57.8500
1990-06-06 07:00:00-04:00,11.3100,130.3000
1990-06-06 08:00:00-04:00,11.4600,293.1000
1990-06-06 09:00:00-04:00,12.1300,305.3000
1990-06-06 10:00:00-04:00,12.9000,395.1000
1990-06-06 11:00:00-04:00,14.1300,603.3000
1990-06-06 12:00:00-04:00,15.8300,757.5000
1990-06-06 13:00:00-04:00,17.3800,694.3000
1990-06-06 14:00:00-04:00,18.2600,566.8000
1990-06-06 15:00:00-04:00,17.7200,483.1500
1990-06-06 16:00:00-04:00,18.2900,365.9500
1990-06-06 17:00:00-04:00,18.4800,226.2500
1990-06-06 18:00:00-04:00,18.0300,165.6500
1990-06-06 19:00:00-04:00,17.4900,92.6500
1990-06-06 20:00:00-04:00,16.5900,10.0500
1990-06-06 21:00:00-04:00,15.2500,0.0000
1990-06-06 22:00:00-04:00,13.7400,0.0000
1990-06-06 23:00:00-04:00,12.3200,0.0000
1990-06-07 00:00:00-04:00,11.5700,0.0000
1990-06-07 01:00:00-04:00,10.6900,0.0000
1990-06-07 02:00:00-04:00,12.4400,0.0000
1990-06-07 03:00:00-04:00,12.6900,0.0000
1990-06-07 04:00:00-04:00,11.1100,0.0000
1990-06-07 05:00:00-04:00,9.6600,0.0000
1990-06-07 06:00:00-04:00,8.9400,174.6500
1990-06-07 07:00:00-04:00,11.7700,343.8000
1990-06-07 08:00:00-04:00,14.2900,522.0500
1990-06-07 09:00:00-04:00,16.5500,681.2000
1990-06-07 10:00:00-04:00,18.6900,808.5000
1990-06-07 11:00:00-04:00,20.6400,883.7000
1990-06-07 12:00:00-04:00,22.2100,903.0500
1990-06-07 13:00:00-04:00,23.4800,828.8500
1990-06-07 14:00:00-04:00,24.3300,774.2000
1990-06-07 15:00:00-04:00,25.2700,657.9000
1990-06-07 16:00:00-04:00,25.4500,496.5000
1990-06-07 17:00:00-04:00,24.9200,385.3500
1990-06-07 18:00:00-04:00,24.0200,208.5500
1990-06-07 19:00:00-04:00,22.5600,92.3500
1990-06-07 20:00:00-04:00,21.1500,10.1500
1990-06-07 21:00:00-04:00,19.6800,0.0000
1990-06-07 22:00:00-04:00,18.5800,0.0000
1990-06-07 23:00:00-04:00,17.6600,0.0000
1990-06-08 00:00:00-04:00,16.7500,0.0000
1990-06-08 01:00:00-04:00,15.9400,0.0000
1990-06-08 02:00:00-04:00,15.0300,0.0000
1990-06-08 03:00:00-04:00,14.4400,0.0000
1990-06-08 04:00:00-04:00,14.0400,0.0000
1990-06-08 05:00:00-04:00,13.7700,0.0000
1990-06-08 06:00:00-04:00,13.7800,167.4500
1990-06-08 07:00:00-04:00,15.1800,325.5500
1990-06-08 08:00:00-04:00,16.8400,512.1000
1990-06-08 09:00:00-04:00,18.5500,653.1000
1990-06-08 10:00:00-04:00,20.2200,770.0500
1990-06-08 11:00:00-04:00,21.8000,881.5000
1990-06-08 12:00:00-04:00,23.3300,855.8000
1990-06-08 13:00:00-04:00,24.3200,871.7000
1990-06-08 14:00:00-04:00,25.2900,830.1000
1990-06-08 15:00:00-04:00,26.3400,680.1500
1990-06-08 16:00:00-04:00,26.4000,506.2500
1990-06-08 17:00:00-04:00,26.0400,305.7000
1990-06-08 18:00:00-04:00,25.0400,178.3500
1990-06-08 19:00:00-04:00,23.7000,72.7000
1990-06-08 20:00:00-04:00,22.2700,8.2500
1990-06-08 21:00:00-04:00,20.9600,0.0000
1990-06-08 22:00:00-04:00,19.9300,0.0000
1990-06-08 23:00:00-04:00,18.9200,0.0000
1990-06-09 00:00:00-04:00,18.1100,0.0000
1990-06-09 01:00:00-04:00,17.4300,0.0000
1990-06-09 02:00:00-04:00,17.0200,0.0000
1990-06-09 03:00:00-04:00,17.1900,0.0000
1990-06-09 04:00:00-04:00,16.8300,0.0000
1990-06-09 05:00:00-04:00,16.5400,0.0000
1990-06-09 06:00:00-04:00,16.4900,100.8500
1990-06-09 07:00:00-04:00,17.1500,241.1500
1990-06-09 08:00:00-04:00,18.3300,350.9500
1990-06-09 09:00:00-04:00,19.3100,495.0000
1990-06-09 10:00:00-04:00,20.6300,720.8000
1990-06-09 11:00:00-04:00,22.2300,616.7500
1990-06-09 12:00:00-04:00,22.9900,780.2500
1990-06-09 13:00:00-04:00,24.3400,793.7500
1990-06-09 14:00:00-04:00,25.0100,627.6500
1990-06-09 15:00:00-04:00,22.9500,487.2000
1990-06-09 16:00:00-04:00,21.6700,407.4500
1990-06-09 17:00:00-04:00,21.5100,313.2500
1990-06-09 18:00:00-04:00,21.5400,243.8500
1990-06-09 19:00:00-04:00,21.0400,115.0500
1990-06-09 20:00:00-04:00,19.7200,13.2000
1990-06-09 21:00:00-04:00,18.1900,0.0000
1990-06-09 22:00:00-04:00,17.0100,0.0000
1990-06-09 23:00:00-04:00,16.0200,0.0000
1990-06-10 00:00:00-04:00,15.1700,0.0000
1990-06-10 01:00:00-04:00,14.3000,0.0000
1990-06-10 02:00:00-04:00,13.4800,0.0000
1990-06-10 03:00:00-04:00,12.7200,0.0000
1990-06-10 04:00:00-04:00,11.9400,0.0000
1990-06-10 05:00:00-04:00,11.2600,0.0000
1990-06-10 06:00:00-04:00,11.0900,180.5000
1990-06-10 07:00:00-04:00,13.2700,351.2000
1990-06-10 08:00:00-04:00,15.0000,541.1500
1990-06-10 09:00:00-04:00,16.2400,703.1500
1990-06-10 10:00:00-04:00,17.5100,833.6000
1990-06-10 11:00:00-04:00,18.7400,920.0500
1990-06-10 12:00:00-04:00,19.8700,958.2000
1990-06-10 13:00:00-04:00,20.9200,949.9000
1990-06-10 14:00:00-04:00,21.7700,884.4000
1990-06-10 15:00:00-04:00,22.5700,772.7000
1990-06-10 16:00:00-04:00,23.0300,618.5500
1990-06-10 17:00:00-04:00,23.1800,433.2000
1990-06-10 18:00:00-04:00,22.9900,241.1500
1990-06-10 19:00:00-04:00,22.0800,80.5500
1990-06-10 20:00:00-04:00,20.9200,8.5500
1990-06-10 21:00:00-04:00,19.9800,0.0000
1990-06-10 22:00:00-04:00,19.6400,0.0000
1990-06-10 23:00:00-04:00,19.7500,0.0000
1990-06-11 00:00:00-04:00,19.4700,0.0000
1990-06-11 01:00:00-04:00,19.1900,0.0000
1990-06-11 02:00:00-04:00,18.9300,0.0000
1990-06-11 03:00:00-04:00,18.9000,0.0000
1990-06-11 04:00:00-04:00,18.9800,0.0000
1990-06-11 05:00:00-04:00,19.2500,0.0000
1990-06-11 06:00:00-04:00,19.7400,109.5000
1990-06-11 07:00:00-04:00,20.5800,288.0500
1990-06-11 08:00:00-04:00,21.8600,483.0000
1990-06-11 09:00:00-04:00,23.2600,625.4000
1990-06-11 10:00:00-04:00,24.4500,757.7000
1990-06-11 11:00:00-04:00,25.6200,813.6500
1990-06-11 12:00:00-04:00,26.6500,891.2500
1990-06-11 13:00:00-04:00,27.7300,847.5500
1990-06-11 14:00:00-04:00,28.4700,750.5000
1990-06-11 15:00:00-04:00,29.7700,769.2000
1990-06-11 16:00:00-04:00,30.3800,607.0500
1990-06-11 17:00:00-04:00,30.3500,412.2000
1990-06-11 18:00:00-04:00,29.6400,258.1000
1990-06-11 19:00:00-04:00,28.3100,109.9500
1990-06-11 20:00:00-04:00,26.3100,12.2500
1990-06-11 21:00:00-04:00,24.2300,0.0000
1990-06-11 22:00:00-04:00,22.5100,0.0000
1990-06-11 23:00:00-04:00,21.3000,0.0000
1990-06-12 00:00:00-04:00,20.2600,0.0000
1990-06-12 01:00:00-04:00,19.4000,0.0000
1990-06-12 02:00:00-04:00,18.5400,0.0000
1990-06-12 03:00:00-04:00,18.4600,0.0000
1990-06-12 04:00:00-04:00,18.3600,0.0000
1990-06-12 05:00:00-04:00,17.0000,0.0000
1990-06-12 06:00:00-04:00,17.1100,61.6500
1990-06-12 07:00:00-04:00,18.1500,90.5000
1990-06-12 08:00:00-04:00,18.7400,188.6500
1990-06-12 09:00:00-04:00,19.7200,345.6500
1990-06-12 10:00:00-04:00,21.1800,476.9500
1990-06-12 11:00:00-04:00,22.8100,448.0500
1990-06-12 12:00:00-04:00,23.8600,534.2500
1990-06-12 13:00:00-04:00,24.9400,563.8000
1990-06-12 14:00:00-04:00,26.1600,530.8500
1990-06-12 15:00:00-04:00,27.7900,629.0500
1990-06-12 16:00:00-04:00,28.6900,457.5500
1990-06-12 17:00:00-04:00,28.6100,320.0500
1990-06-12 18:00:00-04:00,26.2800,215.2000
1990-06-12 19:00:00-04:00,25.8900,97.1000
1990-06-12 20:00:00-04:00,25.3700,10.4000
1990-06-12 21:00:00-04:00,24.6200,0.0000
1990-06-12 22:00:00-04:00,24.2600,0.0000
1990-06-12 23:00:00-04:00,23.7900,0.0000
1990-06-13 00:00:00-04:00,23.4200,0.0000
1990-06-13 01:00:00-04:00,22.9400,0.0000
1990-06-13 02:00:00-04:00,22.5500,0.0000
1990-06-13 03:00:00-04:00,21.9800,0.0000
1990-06-13 04:00:00-04:00,21.2700,0.0000
1990-06-13 05:00:00-04:00,20.6500,0.0000
1990-06-13 06:00:00-04:00,20.5000,147.7500
1990-06-13 07:00:00-04:00,20.7200,333.1000
1990-06-13 08:00:00-04:00,20.4900,461.9000
1990-06-13 09:00:00-04:00,20.6600,593.3000
1990-06-13 10:00:00-04:00,21.0700,621.2500
1990-06-13 11:00:00-04:00,21.3600,726.8000
1990-06-13 12:00:00-04:00,21.9700,567.8500
1990-06-13 13:00:00-04:00,22.1000,759.9000
1990-06-13 14:00:00-04:00,23.0300,712.3500
1990-06-13 15:00:00-04:00,24.1700,727.8000
1990-06-13 16:00:00-04:00,24.7100,651.9500
1990-06-13 17:00:00-04:00,24.7900,479.3000
1990-06-13 18:00:00-04:00,24.3400,293.8000
1990-06-13 19:00:00-04:00,23.2400,126.6500
1990-06-13 20:00:00-04:00,21.7200,14.8500
1990-06-13 21:00:00-04:00,20.2500,0.0000
1990-06-13 22:00:00-04:00,19.0800,0.0000
1990-06-13 23:00:00-04:00,17.9800,0.0000
1990-06-14 00:00:00-04:00,16.9200,0.0000
1990-06-14 01:00:00-04:00,15.8200,0.0000
1990-06-14 02:00:00-04:00,14.6000,0.0000
1990-06-14 03:00:00-04:00,13.6600,0.0000
1990-06-14 04:00:00-04:00,12.6300,0.0000
1990-06-14 05:00:00-04:00,11.8000,0.0000
1990-06-14 06:00:00-04:00,11.4000,181.5500
1990-06-14 07:00:00-04:00,11.6100,358.9000
1990-06-14 08:00:00-04:00,12.3500,549.7000
1990-06-14 09:00:00-04:00,13.3900,701.8500
1990-06-14 10:00:00-04:00,14.4400,852.6000
1990-06-14 11:00:00-04:00,15.5600,936.4500
1990-06-14 12:00:00-04:00,16.5300,960.0000
1990-06-14 13:00:00-04:00,17.3800,968.2500
1990-06-14 14:00:00-04:00,18.0900,888.5000
1990-06-14 15:00:00-04:00,17.9900,776.1500
1990-06-14 16:00:00-04:00,18.2500,654.6500
1990-06-14 17:00:00-04:00,18.2700,471.4000
1990-06-14 18:00:00-04:00,17.9400,290.6000
1990-06-14 19:00:00-04:00,17.3500,123.3500
1990-06-14 20:00:00-04:00,16.3300,15.3500
1990-06-14 21:00:00-04:00,15.0900,0.0000
1990-06-14 22:00:00-04:00,14.1400,0.0000
1990-06-14 23:00:00-04:00,13.3000,0.0000
1990-06-15 00:00:00-04:00,12.5500,0.0000
1990-06-15 01:00:00-04:00,11.8500,0.0000
1990-06-15 02:00:00-04:00,11.2100,0.0000
1990-06-15 03:00:00-04:00,10.9000,0.0000
1990-06-15 04:00:00-04:00,10.4200,0.0000
1990-06-15 05:00:00-04:00,10.1100,0.0000
1990-06-15 06:00:00-04:00,10.1300,170.6500
1990-06-15 07:00:00-04:00,11.4100,345.8000
1990-06-15 08:00:00-04:00,13.2000,521.0000
1990-06-15 09:00:00-04:00,14.9900,685.2000
1990-06-15 10:00:00-04:00,16.5000,816.7000
1990-06-15 11:00:00-04:00,17.6900,907.2000
1990-06-15 12:00:00-04:00,18.6900,950.2000
1990-06-15 13:00:00-04:00,19.5800,921.0000
1990-06-15 14:00:00-04:00,20.3400,873.1500
1990-06-15 15:00:00-04:00,20.9600,755.5000
1990-06-15 16:00:00-04:00,21.3400,562.1500
1990-06-15 17:00:00-04:00,21.3600,341.3500
1990-06-15 18:00:00-04:00,21.0200,178.1500
1990-06-15 19:00:00-04:00,20.0000,66.6500
1990-06-15 20:00:00-04:00,18.6600,9.6000
1990-06-15 21:00:00-04:00,17.4800,0.0000
1990-06-15 22:00:00-04:00,16.8800,0.0000
1990-06-15 23:00:00-04:00,16.4200,0.0000
1990-06-16 00:00:00-04:00,15.9800,0.0000
1990-06-16 01:00:00-04:00,15.6100,0.0000
1990-06-16 02:00:00-04:00,15.5900,0.0000
1990-06-16 03:00:00-04:00,16.2000,0.0000
1990-06-16 04:00:00-04:00,15.6500,0.0000
1990-06-16 05:00:00-04:00,14.6000,0.0000
1990-06-16 06:00:00-04:00,14.4200,11.2000
1990-06-16 07:00:00-04:00,14.3400,16.4500
1990-06-16 08:00:00-04:00,14.2600,21.9000
1990-06-16 09:00:00-04:00,14.2200,36.6000
1990-06-16 10:00:00-04:00,14.3300,58.8500
1990-06-16 11:00:00-04:00,14.6100,100.8500
1990-06-16 12:00:00-04:00,15.0500,162.1500
1990-06-16 13:00:00-04:00,15.7700,187.3000
1990-06-16 14:00:00-04:00,16.3800,180.8000
1990-06-16 15:00:00-04:00,16.8300,165.6500
1990-06-16 16:00:00-04:00,17.1600,96.2500
1990-06-16 17:00:00-04:00,17.1300,66.6000
1990-06-16 18:00:00-04:00,17.1300,32.4000
1990-06-16 19:00:00-04:00,16.8800,14.3000
1990-06-16 20:00:00-04:00,16.7700,2.0500
1990-06-16 21:00:00-04:00,16.7000,0.0000
1990-06-16 22:00:00-04:00,16.6500,0.0000
1990-06-16 23:00:00-04:00,16.6200,0.0000
1990-06-17 00:00:00-04:00,16.5900,0.0000
1990-06-17 01:00:00-04:00,16.4800,0.0000
1990-06-17 02:00:00-04:00,16.4100,0.0000
1990-06-17 03:00:00-04:00,16.1100,0.0000
1990-06-17 04:00:00-04:00,16.0400,0.0000
1990-06-17 05:00:00-04:00,15.9500,0.0000
1990-06-17 06:00:00-04:00,15.9100,67.4000
1990-06-17 07:00:00-04:00,16.3700,133.8000
1990-06-17 08:00:00-04:00,17.0300,179.4500
1990-06-17 09:00:00-04:00,17.5900,250.4000
1990-06-17 10:00:00-04:00,18.5800,345.8000
1990-06-17 11:00:00-04:00,19.8300,506.0500
1990-06-17 12:00:00-04:00,21.5900,550.1500
1990-06-17 13:00:00-04:00,23.1300,647.6000
1990-06-17 14:00:00-04:00,24.6400,604.2000
1990-06-17 15:00:00-04:00,25.2000,398.2500
1990-06-17 16:00:00-04:00,25.4300,345.5500
1990-06-17 17:00:00-04:00,25.6000,265.3500
1990-06-17 18:00:00-04:00,25.5200,185.7000
1990-06-17 19:00:00-04:00,25.2800,81.1500
1990-06-17 20:00:00-04:00,24.5900,11.8500
1990-06-17 21:00:00-04:00,23.1400,0.0000
1990-06-17 22:00:00-04:00,21.8400,0.0000
1990-06-17 23:00:00-04:00,21.2900,0.0000
1990-06-18 00:00:00-04:00,20.9600,0.0000
1990-06-18 01:00:00-04:00,20.5700,0.0000
1990-06-18 02:00:00-04:00,20.2600,0.0000
1990-06-18 03:00:00-04:00,20.1200,0.0000
1990-06-18 04:00:00-04:00,19.9400,0.0000
1990-06-18 05:00:00-04:00,19.7800,0.0000
1990-06-18 06:00:00-04:00,19.9900,111.9500
1990-06-18 07:00:00-04:00,20.7800,197.8500
1990-06-18 08:00:00-04:00,21.8400,323.9500
1990-06-18 09:00:00-04:00,22.9900,500.5000
1990-06-18 10:00:00-04:00,24.4200,607.2000
1990-06-18 11:00:00-04:00,25.7300,640.4500
1990-06-18 12:00:00-04:00,26.7800,677.6000
1990-06-18 13:00:00-04:00,27.9000,739.2500
1990-06-18 14:00:00-04:00,28.7300,728.4000
1990-06-18 15:00:00-04:00,29.9900,641.6500
1990-06-18 16:00:00-04:00,30.0900,488.9000
1990-06-18 17:00:00-04:00,29.6400,292.6500
1990-06-18 18:00:00-04:00,28.7100,221.7000
1990-06-18 19:00:00-04:00,28.0600,91.7500
1990-06-18 20:00:00-04:00,27.2100,12.0000
1990-06-18 21:00:00-04:00,26.2800,0.0000
1990-06-18 22:00:00-04:00,25.6000,0.0000
1990-06-18 23:00:00-04:00,25.0200,0.0000
1990-06-19 00:00:00-04:00,24.1600,0.0000
1990-06-19 01:00:00-04:00,22.9100,0.0000
1990-06-19 02:00:00-04:00,22.2500,0.0000
1990-06-19 03:00:00-04:00,21.9100,0.0000
1990-06-19 04:00:00-04:00,22.0500,0.0000
1990-06-19 05:00:00-04:00,21.8400,0.0000
1990-06-19 06:00:00-04:00,21.5800,43.5000
1990-06-19 07:00:00-04:00,21.5700,56.4500
1990-06-19 08:00:00-04:00,21.6100,165.0000
1990-06-19 09:00:00-04:00,22.0200,366.7000
1990-06-19 10:00:00-04:00,22.8800,547.8500
1990-06-19 11:00:00-04:00,24.0400,603.6000
1990-06-19 12:00:00-04:00,24.8600,470.8500
1990-06-19 13:00:00-04:00,24.9200,271.3000
1990-06-19 14:00:00-04:00,23.9700,305.7000
1990-06-19 15:00:00-04:00,24.4400,222.0500
1990-06-19 16:00:00-04:00,23.9900,236.6500
1990-06-19 17:00:00-04:00,23.5200,191.0000
1990-06-19 18:00:00-04:00,23.2000,60.1500
1990-06-19 19:00:00-04:00,22.2900,50.9500
1990-06-19 20:00:00-04:00,21.6900,11.5000
1990-06-19 21:00:00-04:00,20.9600,0.0000
1990-06-19 22:00:00-04:00,20.2600,0.0000
1990-06-19 23:00:00-04:00,19.6700,0.0000
1990-06-20 00:00:00-04:00,19.2500,0.0000
1990-06-20 01:00:00-04:00,18.7600,0.0000
1990-06-20 02:00:00-04:00,18.4100,0.0000
1990-06-20 03:00:00-04:00,18.6100,0.0000
1990-06-20 04:00:00-04:00,18.4600,0.0000
1990-06-20 05:00:00-04:00,18.2800,0.0000
1990-06-20 06:00:00-04:00,18.3400,78.5000
1990-06-20 07:00:00-04:00,18.7600,138.0500
1990-06-20 08:00:00-04:00,19.2900,131.1500
1990-06-20 09:00:00-04:00,19.3800,218.0500
1990-06-20 10:00:00-04:00,19.3700,443.0500
1990-06-20 11:00:00-04:00,19.5400,603.3500
1990-06-20 12:00:00-04:00,20.2500,572.8000
1990-06-20 13:00:00-04:00,21.2500,608.2500
1990-06-20 14:00:00-04:00,22.1300,507.6000
1990-06-20 15:00:00-04:00,22.0200,647.3000
1990-06-20 16:00:00-04:00,22.7500,469.4500
1990-06-20 17:00:00-04:00,22.6200,313.6500
1990-06-20 18:00:00-04:00,21.0500,161.8000
1990-06-20 19:00:00-04:00,20.3100,93.8500
1990-06-20 20:00:00-04:00,20.0600,13.6500
1990-06-20 21:00:00-04:00,19.4000,0.0000
1990-06-20 22:00:00-04:00,18.9500,0.0000
1990-06-20 23:00:00-04:00,18.4800,0.0000
1990-06-21 00:00:00-04:00,18.1200,0.0000
1990-06-21 01:00:00-04:00,17.7700,0.0000
1990-06-21 02:00:00-04:00,17.5400,0.0000
1990-06-21 03:00:00-04:00,17.4000,0.0000
1990-06-21 04:00:00-04:00,17.1500,0.0000
1990-06-21 05:00:00-04:00,16.7700,0.0000
1990-06-21 06:00:00-04:00,16.7100,144.9000
1990-06-21 07:00:00-04:00,16.8200,236.7500
1990-06-21 08:00:00-04:00,17.1900,310.3500
1990-06-21 09:00:00-04:00,17.2500,490.1500
1990-06-21 10:00:00-04:00,18.4100,611.1000
1990-06-21 11:00:00-04:00,19.4000,580.1500
1990-06-21 12:00:00-04:00,20.0300,616.2000
1990-06-21 13:00:00-04:00,20.5400,495.5500
1990-06-21 14:00:00-04:00,20.1800,646.9500
1990-06-21 15:00:00-04:00,21.3200,472.4000
1990-06-21 16:00:00-04:00,21.0300,340.4500
1990-06-21 17:00:00-04:00,20.5700,242.3500
1990-06-21 18:00:00-04:00,20.3200,197.4000
1990-06-21 19:00:00-04:00,19.7800,85.3000
1990-06-21 20:00:00-04:00,19.0800,13.5000
1990-06-21 21:00:00-04:00,18.1400,0.0000
1990-06-21 22:00:00-04:00,17.1700,0.0000
1990-06-21 23:00:00-04:00,16.5600,0.0000
1990-06-22 00:00:00-04:00,15.8800,0.0000
1990-06-22 01:00:00-04:00,15.4300,0.0000
1990-06-22 02:00:00-04:00,15.0800,0.0000
1990-06-22 03:00:00-04:00,14.7700,0.0000
1990-06-22 04:00:00-04:00,14.4200,0.0000
1990-06-22 05:00:00-04:00,14.0700,0.0000
1990-06-22 06:00:00-04:00,14.0700,164.4000
1990-06-22 07:00:00-04:00,15.3600,313.7500
1990-06-22 08:00:00-04:00,16.8400,487.0000
1990-06-22 09:00:00-04:00,18.3900,678.6500
1990-06-22 10:00:00-04:00,20.0900,820.1500
1990-06-22 11:00:00-04:00,21.6900,748.8500
1990-06-22 12:00:00-04:00,22.6900,581.4000
1990-06-22 13:00:00-04:00,22.9200,587.2500
1990-06-22 14:00:00-04:00,23.2400,331.5500
1990-06-22 15:00:00-04:00,21.9700,305.0000
1990-06-22 16:00:00-04:00,21.9200,259.9500
1990-06-22 17:00:00-04:00,21.8700,278.5000
1990-06-22 18:00:00-04:00,21.9100,167.3500
1990-06-22 19:00:00-04:00,21.3000,82.3000
1990-06-22 20:00:00-04:00,20.4100,13.2000
1990-06-22 21:00:00-04:00,19.3600,0.0000
1990-06-22 22:00:00-04:00,18.4700,0.0000
1990-06-22 23:00:00-04:00,17.9600,0.0000
1990-06-23 00:00:00-04:00,17.6800,0.0000
1990-06-23 01:00:00-04:00,17.2600,0.0000
1990-06-23 02:00:00-04:00,16.8300,0.0000
1990-06-23 03:00:00-04:00,16.8200,0.0000
1990-06-23 04:00:00-04:00,16.7700,0.0000
1990-06-23 05:00:00-04:00,16.7200,0.0000
1990-06-23 06:00:00-04:00,16.7400,48.3000
1990-06-23 07:00:00-04:00,17.1500,148.2000
1990-06-23 08:00:00-04:00,18.2000,270.4000
1990-06-23 09:00:00-04:00,19.5100,230.7000
1990-06-23 10:00:00-04:00,19.9700,143.5000
1990-06-23 11:00:00-04:00,19.5900,147.0500
1990-06-23 12:00:00-04:00,19.8100,224.8000
1990-06-23 13:00:00-04:00,20.5400,243.1000
1990-06-23 14:00:00-04:00,21.6500,194.7500
1990-06-23 15:00:00-04:00,21.6800,286.0500
1990-06-23 16:00:00-04:00,22.2900,419.6000
1990-06-23 17:00:00-04:00,23.1800,287.9000
1990-06-23 18:00:00-04:00,23.4400,99.4000
1990-06-23 19:00:00-04:00,22.8000,46.2500
1990-06-23 20:00:00-04:00,21.8500,5.3000
1990-06-23 21:00:00-04:00,21.3100,0.0000
1990-06-23 22:00:00-04:00,21.1200,0.0000
1990-06-23 23:00:00-04:00,20.9300,0.0000
1990-06-24 00:00:00-04:00,20.6500,0.0000
1990-06-24 01:00:00-04:00,20.5700,0.0000
1990-06-24 02:00:00-04:00,20.5100,0.0000
1990-06-24 03:00:00-04:00,20.4700,0.0000
1990-06-24 04:00:00-04:00,20.2000,0.0000
1990-06-24 05:00:00-04:00,19.7300,0.0000
1990-06-24 06:00:00-04:00,19.1400,45.3500
1990-06-24 07:00:00-04:00,18.8200,201.3500
1990-06-24 08:00:00-04:00,19.3400,410.3000
1990-06-24 09:00:00-04:00,20.2900,394.8500
1990-06-24 10:00:00-04:00,20.9900,588.1500
1990-06-24 11:00:00-04:00,22.1800,837.5000
1990-06-24 12:00:00-04:00,23.5600,775.5500
1990-06-24 13:00:00-04:00,24.3500,796.0500
1990-06-24 14:00:00-04:00,24.8200,661.6500
1990-06-24 15:00:00-04:00,23.8200,503.0000
1990-06-24 16:00:00-04:00,22.4500,473.0000
1990-06-24 17:00:00-04:00,21.8700,344.0500
1990-06-24 18:00:00-04:00,22.2200,170.1500
1990-06-24 19:00:00-04:00,21.7100,83.7000
1990-06-24 20:00:00-04:00,20.6800,10.6000
1990-06-24 21:00:00-04:00,19.5000,0.0000
1990-06-24 22:00:00-04:00,18.9500,0.0000
1990-06-24 23:00:00-04:00,18.3400,0.0000
1990-06-25 00:00:00-04:00,17.6500,0.0000
1990-06-25 01:00:00-04:00,17.0100,0.0000
1990-06-25 02:00:00-04:00,16.3700,0.0000
1990-06-25 03:00:00-04:00,15.4600,0.0000
1990-06-25 04:00:00-04:00,14.9800,0.0000
1990-06-25 05:00:00-04:00,14.4700,0.0000
1990-06-25 06:00:00-04:00,14.2400,166.4000
1990-06-25 07:00:00-04:00,15.7600,335.7500
1990-06-25 08:00:00-04:00,16.9300,505.5000
1990-06-25 09:00:00-04:00,18.1200,675.4000
1990-06-25 10:00:00-04:00,19.3900,728.6000
1990-06-25 11:00:00-04:00,20.3800,648.1500
1990-06-25 12:00:00-04:00,20.8600,604.6500
1990-06-25 13:00:00-04:00,21.1200,675.5000
1990-06-25 14:00:00-04:00,21.5300,654.7500
1990-06-25 15:00:00-04:00,21.6500,561.3000
1990-06-25 16:00:00-04:00,21.3400,392.9000
1990-06-25 17:00:00-04:00,19.2700,192.5500
1990-06-25 18:00:00-04:00,17.6900,118.4500
1990-06-25 19:00:00-04:00,17.1700,62.5500
1990-06-25 20:00:00-04:00,16.7600,11.2000
1990-06-25 21:00:00-04:00,16.2300,0.0000
1990-06-25 22:00:00-04:00,15.6900,0.0000
1990-06-25 23:00:00-04:00,15.3100,0.0000
1990-06-26 00:00:00-04:00,14.6000,0.0000
1990-06-26 01:00:00-04:00,14.4000,0.0000
1990-06-26 02:00:00-04:00,14.5100,0.0000
1990-06-26 03:00:00-04:00,14.5800,0.0000
1990-06-26 04:00:00-04:00,14.5200,0.0000
1990-06-26 05:00:00-04:00,14.4500,0.0000
1990-06-26 06:00:00-04:00,14.3300,123.3000
1990-06-26 07:00:00-04:00,14.7300,288.0000
1990-06-26 08:00:00-04:00,15.3300,469.9500
1990-06-26 09:00:00-04:00,16.1500,628.9000
1990-06-26 10:00:00-04:00,17.1700,792.5500
1990-06-26 11:00:00-04:00,18.3100,853.2000
1990-06-26 12:00:00-04:00,19.3000,757.0500
1990-06-26 13:00:00-04:00,19.8500,725.6000
1990-06-26 14:00:00-04:00,20.5500,650.1500
1990-06-26 15:00:00-04:00,20.5000,586.8000
1990-06-26 16:00:00-04:00,20.7800,501.0000
1990-06-26 17:00:00-04:00,20.7400,420.3000
1990-06-26 18:00:00-04:00,20.6800,233.8000
1990-06-26 19:00:00-04:00,19.9400,115.3000
1990-06-26 20:00:00-04:00,18.9500,17.1500
1990-06-26 21:00:00-04:00,17.3100,0.0000
1990-06-26 22:00:00-04:00,16.0600,0.0000
1990-06-26 23:00:00-04:00,15.4900,0.0000
1990-06-27 00:00:00-04:00,14.6500,0.0000
1990-06-27 01:00:00-04:00,14.1200,0.0000
1990-06-27 02:00:00-04:00,14.1700,0.0000
1990-06-27 03:00:00-04:00,13.6200,0.0000
1990-06-27 04:00:00-04:00,13.7700,0.0000
1990-06-27 05:00:00-04:00,13.7500,0.0000
1990-06-27 06:00:00-04:00,13.6400,88.3000
1990-06-27 07:00:00-04:00,14.0900,176.2500
1990-06-27 08:00:00-04:00,14.9200,267.5000
1990-06-27 09:00:00-04:00,15.7500,354.3000
1990-06-27 10:00:00-04:00,16.6500,408.1500
1990-06-27 11:00:00-04:00,17.2800,586.7000
1990-06-27 12:00:00-04:00,18.2700,585.0000
1990-06-27 13:00:00-04:00,19.0200,637.1000
1990-06-27 14:00:00-04:00,19.6900,549.8000
1990-06-27 15:00:00-04:00,19.7600,436.3000
1990-06-27 16:00:00-04:00,19.3300,314.7500
1990-06-27 17:00:00-04:00,17.5700,198.4500
1990-06-27 18:00:00-04:00,16.9000,186.4000
1990-06-27 19:00:00-04:00,16.8400,86.6000
1990-06-27 20:00:00-04:00,16.4400,12.7500
1990-06-27 21:00:00-04:00,15.5800,0.0000
1990-06-27 22:00:00-04:00,15.0600,0.0000
1990-06-27 23:00:00-04:00,14.5800,0.0000
1990-06-28 00:00:00-04:00,14.2000,0.0000
1990-06-28 01:00:00-04:00,13.9000,0.0000
1990-06-28 02:00:00-04:00,13.5600,0.0000
1990-06-28 03:00:00-04:00,13.2900,0.0000
1990-06-28 04:00:00-04:00,13.0400,0.0000
1990-06-28 05:00:00-04:00,12.7600,0.0000
1990-06-28 06:00:00-04:00,12.8800,147.4000
1990-06-28 07:00:00-04:00,13.8600,300.4000
1990-06-28 08:00:00-04:00,15.2400,419.6000
1990-06-28 09:00:00-04:00,16.4300,617.3500
1990-06-28 10:00:00-04:00,17.7800,719.5000
1990-06-28 11:00:00-04:00,19.0200,819.0000
1990-06-28 12:00:00-04:00,20.2000,544.1500
1990-06-28 13:00:00-04:00,20.1700,657.6500
1990-06-28 14:00:00-04:00,20.5800,717.6000
1990-06-28 15:00:00-04:00,21.0400,551.9000
1990-06-28 16:00:00-04:00,19.1600,364.3500
1990-06-28 17:00:00-04:00,18.2100,208.7000
1990-06-28 18:00:00-04:00,18.5200,215.4000
1990-06-28 19:00:00-04:00,18.8500,106.3000
1990-06-28 20:00:00-04:00,18.4300,14.2000
1990-06-28 21:00:00-04:00,17.5500,0.0000
1990-06-28 22:00:00-04:00,16.8300,0.0000
1990-06-28 23:00:00-04:00,16.2500,0.0000
1990-06-29 00:00:00-04:00,16.0000,0.0000
1990-06-29 01:00:00-04:00,15.6700,0.0000
1990-06-29 02:00:00-04:00,15.2700,0.0000
1990-06-29 03:00:00-04:00,14.8800,0.0000
1990-06-29 04:00:00-04:00,14.6900,0.0000
1990-06-29 05:00:00-04:00,14.3500,0.0000
1990-06-29 06:00:00-04:00,14.4800,151.9500
1990-06-29 07:00:00-04:00,15.4600,278.8000
1990-06-29 08:00:00-04:00,16.5900,477.5500
1990-06-29 09:00:00-04:00,18.1100,578.6000
1990-06-29 10:00:00-04:00,19.3900,742.4500
1990-06-29 11:00:00-04:00,20.9400,839.7500
1990-06-29 12:00:00-04:00,22.3100,796.1000
1990-06-29 13:00:00-04:00,23.0600,726.1500
1990-06-29 14:00:00-04:00,23.3400,586.5500
1990-06-29 15:00:00-04:00,21.7700,450.2000
1990-06-29 16:00:00-04:00,20.8800,346.3500
1990-06-29 17:00:00-04:00,20.2400,294.9500
1990-06-29 18:00:00-04:00,19.7000,171.5500
1990-06-29 19:00:00-04:00,18.9300,59.2500
1990-06-29 20:00:00-04:00,18.1000,7.9500
1990-06-29 21:00:00-04:00,17.3400,0.0000
1990-06-29 22:00:00-04:00,16.9100,0.0000
1990-06-29 23:00:00-04:00,16.6400,0.0000
1990-06-30 00:00:00-04:00,16.5700,0.0000
1990-06-30 01:00:00-04:00,16.5000,0.0000
1990-06-30 02:00:00-04:00,16.3800,0.0000
1990-06-30 03:00:00-04:00,15.8600,0.0000
1990-06-30 04:00:00-04:00,15.5800,0.0000
1990-06-30 05:00:00-04:00,15.3100,0.0000
1990-06-30 06:00:00-04:00,15.1600,112.3500
1990-06-30 07:00:00-04:00,16.0700,231.1500
1990-06-30 08:00:00-04:00,17.3000,300.5500
1990-06-30 09:00:00-04:00,18.3000,348.4000
1990-06-30 10:00:00-04:00,19.2900,419.5000
1990-06-30 11:00:00-04:00,20.5700,312.9500
1990-06-30 12:00:00-04:00,22.6100,283.1500
1990-06-30 13:00:00-04:00,22.3600,310.3500
1990-06-30 14:00:00-04:00,22.1000,267.4500
1990-06-30 15:00:00-04:00,21.8400,232.4000
1990-06-30 16:00:00-04:00,21.5900,169.5000
1990-06-30 17:00:00-04:00,21.3300,120.4000
1990-06-30 18:00:00-04:00,21.0700,75.4500
1990-06-30 19:00:00-04:00,20.8200,34.7000
1990-06-30 20:00:00-04:00,20.5600,12.2500
1990-06-30 21:00:00-04:00,20.3000,0.0000
1990-06-30 22:00:00-04:00,20.0500,0.0000
1990-06-30 23:00:00-04:00,19.7900,0.0000
1990-07-01 00:00:00-04:00,19.5300,0.0000
1990-07-01 01:00:00-04:00,19.2800,0.0000
1990-07-01 02:00:00-04:00,19.0200,0.0000
1990-07-01 03:00:00-04:00,18.7600,0.0000
1990-07-01 04:00:00-04:00,17.2300,0.0000
1990-07-01 05:00:00-04:00,16.8000,0.0000
1990-07-01 06:00:00-04:00,16.5900,120.3000
1990-07-01 07:00:00-04:00,17.1800,291.1000
1990-07-01 08:00:00-04:00,18.2400,488.8500
1990-07-01 09:00:00-04:00,19.2600,624.3000
1990-07-01 10:00:00-04:00,20.3800,655.9500
1990-07-01 11:00:00-04:00,21.2800,488.2500
1990-07-01 12:00:00-04:00,21.6500,386.9500
1990-07-01 13:00:00-04:00,21.8600,403.6000
1990-07-01 14:00:00-04:00,22.1700,524.9000
1990-07-01 15:00:00-04:00,22.8700,593.0500
1990-07-01 16:00:00-04:00,23.3900,403.4000
1990-07-01 17:00:00-04:00,23.3000,318.9000
1990-07-01 18:00:00-04:00,23.2400,177.6500
1990-07-01 19:00:00-04:00,22.5500,92.1000
1990-07-01 20:00:00-04:00,21.7000,14.7000
1990-07-01 21:00:00-04:00,20.6400,0.0000
1990-07-01 22:00:00-04:00,19.7100,0.0000
1990-07-01 23:00:00-04:00,19.1100,0.0000
1990-07-02 00:00:00-04:00,18.6300,0.0000
1990-07-02 01:00:00-04:00,18.3500,0.0000
1990-07-02 02:00:00-04:00,17.8800,0.0000
1990-07-02 03:00:00-04:00,17.3900,0.0000
1990-07-02 04:00:00-04:00,17.0200,0.0000
1990-07-02 05:00:00-04:00,16.7300,0.0000
1990-07-02 06:00:00-04:00,16.7000,134.5500
1990-07-02 07:00:00-04:00,17.6400,289.8000
1990-07-02 08:00:00-04:00,18.9700,417.5000
1990-07-02 09:00:00-04:00,20.0300,537.4000
1990-07-02 10:00:00-04:00,21.0400,665.4000
1990-07-02 11:00:00-04:00,22.0600,739.0000
1990-07-02 12:00:00-04:00,22.8900,719.8500
1990-07-02 13:00:00-04:00,23.4200,818.3000
1990-07-02 14:00:00-04:00,24.1900,665.0500
1990-07-02 15:00:00-04:00,24.6500,499.4500
1990-07-02 16:00:00-04:00,24.6900,372.7500
1990-07-02 17:00:00-04:00,24.4600,371.6500
1990-07-02 18:00:00-04:00,22.8200,160.7500
1990-07-02 19:00:00-04:00,21.8600,86.7500
1990-07-02 20:00:00-04:00,21.2000,11.1000
1990-07-02 21:00:00-04:00,20.4100,0.0000
1990-07-02 22:00:00-04:00,19.5900,0.0000
1990-07-02 23:00:00-04:00,18.8800,0.0000
1990-07-03 00:00:00-04:00,18.2000,0.0000
1990-07-03 01:00:00-04:00,17.5600,0.0000
1990-07-03 02:00:00-04:00,16.8900,0.0000
1990-07-03 03:00:00-04:00,16.2800,0.0000
1990-07-03 04:00:00-04:00,15.6800,0.0000
1990-07-03 05:00:00-04:00,15.1900,0.0000
1990-07-03 06:00:00-04:00,15.0600,156.2500
1990-07-03 07:00:00-04:00,16.1500,327.1000
1990-07-03 08:00:00-04:00,17.7000,505.6500
1990-07-03 09:00:00-04:00,19.2200,661.0500
1990-07-03 10:00:00-04:00,20.3900,710.6500
1990-07-03 11:00:00-04:00,21.4000,759.9500
1990-07-03 12:00:00-04:00,22.4900,767.0500
1990-07-03 13:00:00-04:00,23.5900,582.0000
1990-07-03 14:00:00-04:00,24.0800,635.5500
1990-07-03 15:00:00-04:00,24.9000,589.2500
1990-07-03 16:00:00-04:00,25.2400,512.8000
1990-07-03 17:00:00-04:00,25.2900,380.7500
1990-07-03 18:00:00-04:00,24.9300,215.2500
1990-07-03 19:00:00-04:00,24.0000,84.6000
1990-07-03 20:00:00-04:00,22.8300,11.2500
1990-07-03 21:00:00-04:00,21.7600,0.0000
1990-07-03 22:00:00-04:00,21.0800,0.0000
1990-07-03 23:00:00-04:00,20.5500,0.0000
1990-07-04 00:00:00-04:00,20.2200,0.0000
1990-07-04 01:00:00-04:00,19.8600,0.0000
1990-07-04 02:00:00-04:00,19.5400,0.0000
1990-07-04 03:00:00-04:00,18.6100,0.0000
1990-07-04 04:00:00-04:00,17.7900,0.0000
1990-07-04 05:00:00-04:00,17.4100,0.0000
1990-07-04 06:00:00-04:00,17.4000,10.8500
1990-07-04 07:00:00-04:00,17.4900,56.2000
1990-07-04 08:00:00-04:00,18.1200,146.2500
1990-07-04 09:00:00-04:00,19.3700,298.3500
1990-07-04 10:00:00-04:00,21.2500,419.0500
1990-07-04 11:00:00-04:00,22.8500,523.6000
1990-07-04 12:00:00-04:00,24.1300,522.1000
1990-07-04 13:00:00-04:00,24.7800,582.8500
1990-07-04 14:00:00-04:00,25.3400,450.3000
1990-07-04 15:00:00-04:00,24.8200,393.7000
1990-07-04 16:00:00-04:00,25.1800,435.3000
1990-07-04 17:00:00-04:00,25.8200,311.7000
1990-07-04 18:00:00-04:00,24.9900,163.1500
1990-07-04 19:00:00-04:00,22.9300,52.1500
1990-07-04 20:00:00-04:00,21.9700,10.0500
1990-07-04 21:00:00-04:00,20.9300,0.0000
1990-07-04 22:00:00-04:00,19.9400,0.0000
1990-07-04 23:00:00-04:00,19.1900,0.0000
1990-07-05 00:00:00-04:00,18.6300,0.0000
1990-07-05 01:00:00-04:00,18.1700,0.0000
1990-07-05 02:00:00-04:00,17.8200,0.0000
1990-07-05 03:00:00-04:00,18.4200,0.0000
1990-07-05 04:00:00-04:00,18.0800,0.0000
1990-07-05 05:00:00-04:00,17.8800,0.0000
1990-07-05 06:00:00-04:00,17.7600,112.8000
1990-07-05 07:00:00-04:00,18.2400,223.9000
1990-07-05 08:00:00-04:00,19.0900,311.4000
1990-07-05 09:00:00-04:00,20.2000,463.4500
1990-07-05 10:00:00-04:00,21.4400,373.2500
1990-07-05 11:00:00-04:00,21.9700,422.7000
1990-07-05 12:00:00-04:00,22.5700,437.1500
1990-07-05 13:00:00-04:00,23.0700,459.9500
1990-07-05 14:00:00-04:00,23.5700,461.5500
1990-07-05 15:00:00-04:00,23.9300,388.5000
1990-07-05 16:00:00-04:00,24.0500,349.3000
1990-07-05 17:00:00-04:00,24.0200,295.2500
1990-07-05 18:00:00-04:00,23.9400,210.9000
1990-07-05 19:00:00-04:00,23.5200,124.0000
1990-07-05 20:00:00-04:00,22.8200,15.0500
1990-07-05 21:00:00-04:00,21.7500,0.0000
1990-07-05 22:00:00-04:00,20.3600,0.0000
1990-07-05 23:00:00-04:00,18.9500,0.0000
1990-07-06 00:00:00-04:00,18.1500,0.0000
1990-07-06 01:00:00-04:00,17.5100,0.0000
1990-07-06 02:00:00-04:00,17.3000,0.0000
1990-07-06 03:00:00-04:00,17.7400,0.0000
1990-07-06 04:00:00-04:00,17.7900,0.0000
1990-07-06 05:00:00-04:00,16.4600,0.0000
1990-07-06 06:00:00-04:00,15.8500,150.5500
1990-07-06 07:00:00-04:00,18.3200,308.4500
1990-07-06 08:00:00-04:00,20.3200,482.8500
1990-07-06 09:00:00-04:00,21.9600,611.9500
1990-07-06 10:00:00-04:00,23.3400,715.2500
1990-07-06 11:00:00-04:00,24.5300,795.3500
1990-07-06 12:00:00-04:00,25.5900,801.4000
1990-07-06 13:00:00-04:00,26.3200,736.2000
1990-07-06 14:00:00-04:00,26.8400,618.8000
1990-07-06 15:00:00-04:00,27.9700,385.2000
1990-07-06 16:00:00-04:00,27.8700,428.3000
1990-07-06 17:00:00-04:00,28.3400,229.5500
1990-07-06 18:00:00-04:00,27.3100,127.8000
1990-07-06 19:00:00-04:00,25.9900,50.9500
1990-07-06 20:00:00-04:00,25.2100,6.4000
1990-07-06 21:00:00-04:00,24.4800,0.0000
1990-07-06 22:00:00-04:00,23.8600,0.0000
1990-07-06 23:00:00-04:00,23.3700,0.0000
1990-07-07 00:00:00-04:00,22.9600,0.0000
1990-07-07 01:00:00-04:00,22.6500,0.0000
1990-07-07 02:00:00-04:00,22.3100,0.0000
1990-07-07 03:00:00-04:00,22.8300,0.0000
1990-07-07 04:00:00-04:00,22.5500,0.0000
1990-07-07 05:00:00-04:00,21.9500,0.0000
1990-07-07 06:00:00-04:00,21.5400,52.8500
1990-07-07 07:00:00-04:00,21.4100,164.8000
1990-07-07 08:00:00-04:00,22.2400,318.1500
1990-07-07 09:00:00-04:00,23.4500,493.9500
1990-07-07 10:00:00-04:00,24.6600,613.2000
1990-07-07 11:00:00-04:00,25.4300,590.7500
1990-07-07 12:00:00-04:00,25.7900,664.0500
1990-07-07 13:00:00-04:00,26.3500,704.3000
1990-07-07 14:00:00-04:00,26.8800,683.7000
1990-07-07 15:00:00-04:00,27.4900,622.0000
1990-07-07 16:00:00-04:00,27.4700,466.3000
1990-07-07 17:00:00-04:00,26.9400,348.5500
1990-07-07 18:00:00-04:00,26.2800,232.3500
1990-07-07 19:00:00-04:00,25.2500,111.0000
1990-07-07 20:00:00-04:00,23.9100,13.9000
1990-07-07 21:00:00-04:00,22.6600,0.0000
1990-07-07 22:00:00-04:00,21.5400,0.0000
1990-07-07 23:00:00-04:00,20.6800,0.0000
1990-07-08 00:00:00-04:00,19.9000,0.0000
1990-07-08 01:00:00-04:00,19.1300,0.0000
1990-07-08 02:00:00-04:00,18.4300,0.0000
1990-07-08 03:00:00-04:00,17.9500,0.0000
1990-07-08 04:00:00-04:00,17.4300,0.0000
1990-07-08 05:00:00-04:00,16.9600,0.0000
1990-07-08 06:00:00-04:00,16.7500,152.1000
1990-07-08 07:00:00-04:00,16.9000,315.4000
1990-07-08 08:00:00-04:00,17.1600,467.4500
1990-07-08 09:00:00-04:00,18.0300,532.0500
1990-07-08 10:00:00-04:00,18.9300,576.2000
1990-07-08 11:00:00-04:00,19.7900,573.2500
1990-07-08 12:00:00-04:00,20.3600,544.6500
1990-07-08 13:00:00-04:00,20.7200,588.9000
1990-07-08 14:00:00-04:00,21.2600,575.9500
1990-07-08 15:00:00-04:00,21.6700,578.7500
1990-07-08 16:00:00-04:00,21.9200,480.9500
1990-07-08 17:00:00-04:00,22.1100,382.2500
1990-07-08 18:00:00-04:00,22.0600,263.7500
1990-07-08 19:00:00-04:00,21.6000,122.3000
1990-07-08 20:00:00-04:00,20.6200,14.8500
1990-07-08 21:00:00-04:00,19.1900,0.0000
1990-07-08 22:00:00-04:00,17.8100,0.0000
1990-07-08 23:00:00-04:00,17.3200,0.0000
1990-07-09 00:00:00-04:00,16.6800,0.0000
1990-07-09 01:00:00-04:00,16.0000,0.0000
1990-07-09 02:00:00-04:00,15.6500,0.0000
1990-07-09 03:00:00-04:00,14.7900,0.0000
1990-07-09 04:00:00-04:00,14.3800,0.0000
1990-07-09 05:00:00-04:00,13.9600,0.0000
1990-07-09 06:00:00-04:00,13.8200,152.4500
1990-07-09 07:00:00-04:00,14.8600,323.0000
1990-07-09 08:00:00-04:00,16.1500,499.4500
1990-07-09 09:00:00-04:00,17.2700,661.8000
1990-07-09 10:00:00-04:00,18.5100,798.0000
1990-07-09 11:00:00-04:00,19.8700,889.3500
1990-07-09 12:00:00-04:00,21.1600,886.3500
1990-07-09 13:00:00-04:00,22.2500,707.8500
1990-07-09 14:00:00-04:00,22.7200,497.6000
1990-07-09 15:00:00-04:00,22.7900,491.9500
1990-07-09 16:00:00-04:00,23.0400,451.4000
1990-07-09 17:00:00-04:00,23.0300,283.4500
1990-07-09 18:00:00-04:00,22.4700,199.5000
1990-07-09 19:00:00-04:00,21.5700,98.5500
1990-07-09 20:00:00-04:00,20.6300,10.8500
1990-07-09 21:00:00-04:00,19.4700,0.0000
1990-07-09 22:00:00-04:00,18.4600,0.0000
1990-07-09 23:00:00-04:00,17.6200,0.0000
1990-07-10 00:00:00-04:00,16.8700,0.0000
1990-07-10 01:00:00-04:00,16.2100,0.0000
1990-07-10 02:00:00-04:00,15.6800,0.0000
1990-07-10 03:00:00-04:00,15.3400,0.0000
1990-07-10 04:00:00-04:00,14.9100,0.0000
1990-07-10 05:00:00-04:00,14.5100,0.0000
1990-07-10 06:00:00-04:00,14.4600,142.6000
1990-07-10 07:00:00-04:00,15.6200,309.8500
1990-07-10 08:00:00-04:00,17.6600,473.6500
1990-07-10 09:00:00-04:00,19.1700,624.3000
1990-07-10 10:00:00-04:00,20.4300,745.3500
1990-07-10 11:00:00-04:00,21.6600,809.0500
1990-07-10 12:00:00-04:00,22.6400,766.1000
1990-07-10 13:00:00-04:00,23.1500,756.7000
1990-07-10 14:00:00-04:00,23.7500,750.2500
1990-07-10 15:00:00-04:00,24.5200,709.5000
1990-07-10 16:00:00-04:00,24.9200,541.3000
1990-07-10 17:00:00-04:00,24.8300,402.0000
1990-07-10 18:00:00-04:00,24.3400,270.0000
1990-07-10 19:00:00-04:00,23.1900,113.8000
1990-07-10 20:00:00-04:00,21.6100,14.0000
1990-07-10 21:00:00-04:00,19.9100,0.0000
1990-07-10 22:00:00-04:00,18.5300,0.0000
1990-07-10 23:00:00-04:00,16.9100,0.0000
1990-07-11 00:00:00-04:00,17.9200,0.0000
1990-07-11 01:00:00-04:00,17.7100,0.0000
1990-07-11 02:00:00-04:00,16.9400,0.0000
1990-07-11 03:00:00-04:00,16.0700,0.0000
1990-07-11 04:00:00-04:00,15.4300,0.0000
1990-07-11 05:00:00-04:00,14.4900,0.0000
1990-07-11 06:00:00-04:00,14.6000,148.0500
1990-07-11 07:00:00-04:00,14.6400,317.9000
1990-07-11 08:00:00-04:00,17.4500,494.9500
1990-07-11 09:00:00-04:00,19.6600,658.7000
1990-07-11 10:00:00-04:00,21.5500,791.8000
1990-07-11 11:00:00-04:00,22.9500,885.8500
1990-07-11 12:00:00-04:00,23.9300,942.9500
1990-07-11 13:00:00-04:00,24.7800,925.5000
1990-07-11 14:00:00-04:00,25.4600,863.2000
1990-07-11 15:00:00-04:00,25.6800,759.0000
1990-07-11 16:00:00-04:00,25.9700,594.2000
1990-07-11 17:00:00-04:00,26.0000,427.2500
1990-07-11 18:00:00-04:00,25.7500,272.5000
1990-07-11 19:00:00-04:00,24.7400,117.0000
1990-07-11 20:00:00-04:00,23.2100,12.9000
1990-07-11 21:00:00-04:00,21.6800,0.0000
1990-07-11 22:00:00-04:00,20.7800,0.0000
1990-07-11 23:00:00-04:00,20.0400,0.0000
1990-07-12 00:00:00-04:00,19.3900,0.0000
1990-07-12 01:00:00-04:00,18.8000,0.0000
1990-07-12 02:00:00-04:00,18.2400,0.0000
1990-07-12 03:00:00-04:00,17.6800,0.0000
1990-07-12 04:00:00-04:00,17.4200,0.0000
1990-07-12 05:00:00-04:00,17.1200,0.0000
1990-07-12 06:00:00-04:00,17.0000,135.9500
1990-07-12 07:00:00-04:00,17.9900,279.7000
1990-07-12 08:00:00-04:00,19.6500,421.9000
1990-07-12 09:00:00-04:00,21.3000,607.6500
1990-07-12 10:00:00-04:00,23.3100,752.9500
1990-07-12 11:00:00-04:00,25.2900,864.8500
1990-07-12 12:00:00-04:00,26.9400,916.8000
1990-07-12 13:00:00-04:00,28.1600,915.0500
1990-07-12 14:00:00-04:00,28.9700,849.9000
1990-07-12 15:00:00-04:00,29.4200,753.0500
1990-07-12 16:00:00-04:00,29.6300,597.7500
1990-07-12 17:00:00-04:00,29.5000,422.0500
1990-07-12 18:00:00-04:00,28.9700,264.8500
1990-07-12 19:00:00-04:00,27.8500,114.4000
1990-07-12 20:00:00-04:00,26.1700,12.1500
1990-07-12 21:00:00-04:00,24.7700,0.0000
1990-07-12 22:00:00-04:00,23.7100,0.0000
1990-07-12 23:00:00-04:00,22.9400,0.0000
1990-07-13 00:00:00-04:00,22.2100,0.0000
1990-07-13 01:00:00-04:00,21.5200,0.0000
1990-07-13 02:00:00-04:00,20.9500,0.0000
1990-07-13 03:00:00-04:00,20.1900,0.0000
1990-07-13 04:00:00-04:00,19.5800,0.0000
1990-07-13 05:00:00-04:00,19.0900,0.0000
1990-07-13 06:00:00-04:00,18.8400,125.2500
1990-07-13 07:00:00-04:00,19.6500,295.7000
1990-07-13 08:00:00-04:00,21.4000,452.7500
1990-07-13 09:00:00-04:00,23.0400,617.9500
1990-07-13 10:00:00-04:00,24.8700,750.0500
1990-07-13 11:00:00-04:00,26.6400,825.3500
1990-07-13 12:00:00-04:00,28.2200,856.0500
1990-07-13 13:00:00-04:00,29.5200,761.4500
1990-07-13 14:00:00-04:00,30.2500,786.8000
1990-07-13 15:00:00-04:00,30.7300,609.4500
1990-07-13 16:00:00-04:00,30.7400,579.0000
1990-07-13 17:00:00-04:00,30.8900,388.2000
1990-07-13 18:00:00-04:00,30.3000,236.3500
1990-07-13 19:00:00-04:00,29.1700,96.1000
1990-07-13 20:00:00-04:00,27.5300,9.7000
1990-07-13 21:00:00-04:00,26.0700,0.0000
1990-07-13 22:00:00-04:00,25.1000,0.0000
1990-07-13 23:00:00-04:00,24.3300,0.0000
1990-07-14 00:00:00-04:00,23.5900,0.0000
1990-07-14 01:00:00-04:00,23.0100,0.0000
1990-07-14 02:00:00-04:00,22.3800,0.0000
1990-07-14 03:00:00-04:00,21.8500,0.0000
1990-07-14 04:00:00-04:00,21.2500,0.0000
1990-07-14 05:00:00-04:00,20.7600,0.0000
1990-07-14 06:00:00-04:00,20.5000,120.5500
1990-07-14 07:00:00-04:00,21.4300,262.2000
1990-07-14 08:00:00-04:00,23.0000,437.6500
1990-07-14 09:00:00-04:00,24.5400,576.0500
1990-07-14 10:00:00-04:00,26.0300,710.5000
1990-07-14 11:00:00-04:00,27.6500,809.5000
1990-07-14 12:00:00-04:00,29.2700,839.5000
1990-07-14 13:00:00-04:00,30.6300,828.1500
1990-07-14 14:00:00-04:00,31.8000,829.3500
1990-07-14 15:00:00-04:00,32.6500,719.3000
1990-07-14 16:00:00-04:00,32.9700,532.5000
1990-07-14 17:00:00-04:00,32.7100,398.2000
1990-07-14 18:00:00-04:00,32.1500,264.6500
1990-07-14 19:00:00-04:00,30.8800,105.8500
1990-07-14 20:00:00-04:00,29.0000,10.0500
1990-07-14 21:00:00-04:00,27.4100,0.0000
1990-07-14 22:00:00-04:00,26.3700,0.0000
1990-07-14 23:00:00-04:00,25.4800,0.0000
1990-07-15 00:00:00-04:00,24.6300,0.0000
1990-07-15 01:00:00-04:00,23.7900,0.0000
1990-07-15 02:00:00-04:00,23.1000,0.0000
1990-07-15 03:00:00-04:00,22.3200,0.0000
1990-07-15 04:00:00-04:00,21.8800,0.0000
1990-07-15 05:00:00-04:00,21.4200,0.0000
1990-07-15 06:00:00-04:00,21.1900,125.5500
1990-07-15 07:00:00-04:00,22.1100,271.1000
1990-07-15 08:00:00-04:00,23.7600,406.8000
1990-07-15 09:00:00-04:00,25.2100,587.5000
1990-07-15 10:00:00-04:00,26.9300,689.9500
1990-07-15 11:00:00-04:00,28.4300,712.9000
1990-07-15 12:00:00-04:00,29.6200,767.2000
1990-07-15 13:00:00-04:00,30.6100,754.8500
1990-07-15 14:00:00-04:00,31.2600,707.2500
1990-07-15 15:00:00-04:00,31.1300,552.0500
1990-07-15 16:00:00-04:00,31.1100,405.2000
1990-07-15 17:00:00-04:00,29.4900,196.9000
1990-07-15 18:00:00-04:00,28.7600,106.9500
1990-07-15 19:00:00-04:00,27.8800,65.7500
1990-07-15 20:00:00-04:00,26.9600,6.4500
1990-07-15 21:00:00-04:00,25.7900,0.0000
1990-07-15 22:00:00-04:00,24.7800,0.0000
1990-07-15 23:00:00-04:00,24.0300,0.0000
1990-07-16 00:00:00-04:00,23.3000,0.0000
1990-07-16 01:00:00-04:00,22.8200,0.0000
1990-07-16 02:00:00-04:00,22.4300,0.0000
1990-07-16 03:00:00-04:00,21.4700,0.0000
1990-07-16 04:00:00-04:00,21.1700,0.0000
1990-07-16 05:00:00-04:00,20.6400,0.0000
1990-07-16 06:00:00-04:00,21.0200,112.4000
1990-07-16 07:00:00-04:00,21.5200,223.7000
1990-07-16 08:00:00-04:00,22.5200,354.4000
1990-07-16 09:00:00-04:00,23.5100,390.4500
1990-07-16 10:00:00-04:00,24.4200,553.8500
1990-07-16 11:00:00-04:00,25.5700,532.5000
1990-07-16 12:00:00-04:00,26.0700,814.4500
1990-07-16 13:00:00-04:00,27.2200,663.8500
1990-07-16 14:00:00-04:00,27.5100,679.1000
1990-07-16 15:00:00-04:00,27.6400,505.2000
1990-07-16 16:00:00-04:00,27.5500,445.9000
1990-07-16 17:00:00-04:00,27.5500,266.3000
1990-07-16 18:00:00-04:00,27.0800,121.7500
1990-07-16 19:00:00-04:00,26.4100,33.5500
1990-07-16 20:00:00-04:00,25.4400,3.0500
1990-07-16 21:00:00-04:00,24.1800,0.0000
1990-07-16 22:00:00-04:00,23.6600,0.0000
1990-07-16 23:00:00-04:00,23.2000,0.0000
1990-07-17 00:00:00-04:00,23.0000,0.0000
1990-07-17 01:00:00-04:00,22.5400,0.0000
1990-07-17 02:00:00-04:00,21.3600,0.0000
1990-07-17 03:00:00-04:00,21.1800,0.0000
1990-07-17 04:00:00-04:00,20.5500,0.0000
1990-07-17 05:00:00-04:00,20.5500,0.0000
1990-07-17 06:00:00-04:00,20.2800,8.1000
1990-07-17 07:00:00-04:00,20.5900,27.9500
1990-07-17 08:00:00-04:00,20.8800,89.7000
1990-07-17 09:00:00-04:00,21.3900,126.7000
1990-07-17 10:00:00-04:00,21.6800,108.7500
1990-07-17 11:00:00-04:00,21.6100,142.7500
1990-07-17 12:00:00-04:00,21.8900,160.5500
1990-07-17 13:00:00-04:00,22.4900,74.6000
1990-07-17 14:00:00-04:00,22.5600,389.3500
1990-07-17 15:00:00-04:00,24.3600,347.3000
1990-07-17 16:00:00-04:00,24.7300,313.4500
1990-07-17 17:00:00-04:00,24.8600,274.1000
1990-07-17 18:00:00-04:00,24.8800,173.7000
1990-07-17 19:00:00-04:00,24.5000,58.3000
1990-07-17 20:00:00-04:00,23.6400,5.4000
1990-07-17 21:00:00-04:00,22.5400,0.0000
1990-07-17 22:00:00-04:00,21.8200,0.0000
1990-07-17 23:00:00-04:00,21.1300,0.0000
1990-07-18 00:00:00-04:00,20.5800,0.0000
1990-07-18 01:00:00-04:00,19.9900,0.0000
1990-07-18 02:00:00-04:00,19.5600,0.0000
1990-07-18 03:00:00-04:00,18.6900,0.0000
1990-07-18 04:00:00-04:00,18.3100,0.0000
1990-07-18 05:00:00-04:00,17.9600,0.0000
1990-07-18 06:00:00-04:00,17.7400,130.1000
1990-07-18 07:00:00-04:00,18.3900,299.6000
1990-07-18 08:00:00-04:00,19.2700,467.8000
1990-07-18 09:00:00-04:00,20.1200,638.3000
1990-07-18 10:00:00-04:00,21.1700,722.4500
1990-07-18 11:00:00-04:00,22.1500,715.7500
1990-07-18 12:00:00-04:00,22.5800,847.1000
1990-07-18 13:00:00-04:00,23.2200,807.6000
1990-07-18 14:00:00-04:00,23.3800,777.8500
1990-07-18 15:00:00-04:00,22.5400,562.4500
1990-07-18 16:00:00-04:00,22.3400,529.8000
1990-07-18 17:00:00-04:00,22.3100,387.7000
1990-07-18 18:00:00-04:00,21.9400,219.7000
1990-07-18 19:00:00-04:00,21.1700,79.5000
1990-07-18 20:00:00-04:00,20.2800,6.7000
1990-07-18 21:00:00-04:00,19.4700,0.0000
1990-07-18 22:00:00-04:00,18.7800,0.0000
1990-07-18 23:00:00-04:00,18.0300,0.0000
1990-07-19 00:00:00-04:00,17.3400,0.0000
1990-07-19 01:00:00-04:00,16.5000,0.0000
1990-07-19 02:00:00-04:00,15.8100,0.0000
1990-07-19 03:00:00-04:00,15.3700,0.0000
1990-07-19 04:00:00-04:00,14.7400,0.0000
1990-07-19 05:00:00-04:00,14.2300,0.0000
1990-07-19 06:00:00-04:00,13.9800,129.3500
1990-07-19 07:00:00-04:00,14.7900,297.8500
1990-07-19 08:00:00-04:00,15.9600,480.6000
1990-07-19 09:00:00-04:00,17.0000,563.5500
1990-07-19 10:00:00-04:00,17.6100,502.1000
1990-07-19 11:00:00-04:00,17.7700,438.9500
1990-07-19 12:00:00-04:00,17.8400,525.2500
1990-07-19 13:00:00-04:00,18.5300,606.7000
1990-07-19 14:00:00-04:00,19.3700,585.5000
1990-07-19 15:00:00-04:00,20.3700,530.1000
1990-07-19 16:00:00-04:00,20.6400,448.0000
1990-07-19 17:00:00-04:00,20.6700,365.7000
1990-07-19 18:00:00-04:00,20.6200,250.2000
1990-07-19 19:00:00-04:00,20.2300,97.8500
1990-07-19 20:00:00-04:00,19.3800,8.4000
1990-07-19 21:00:00-04:00,18.3200,0.0000
1990-07-19 22:00:00-04:00,17.2500,0.0000
1990-07-19 23:00:00-04:00,16.6700,0.0000
1990-07-20 00:00:00-04:00,15.8900,0.0000
1990-07-20 01:00:00-04:00,15.1400,0.0000
1990-07-20 02:00:00-04:00,14.6200,0.0000
1990-07-20 03:00:00-04:00,13.8900,0.0000
1990-07-20 04:00:00-04:00,13.4200,0.0000
1990-07-20 05:00:00-04:00,13.0700,0.0000
1990-07-20 06:00:00-04:00,12.9000,129.5000
1990-07-20 07:00:00-04:00,13.8200,298.6500
1990-07-20 08:00:00-04:00,15.3500,477.1500
1990-07-20 09:00:00-04:00,16.9200,642.6500
1990-07-20 10:00:00-04:00,18.5500,780.0500
1990-07-20 11:00:00-04:00,20.0200,809.9500
1990-07-20 12:00:00-04:00,21.0100,871.6500
1990-07-20 13:00:00-04:00,22.0700,770.8500
1990-07-20 14:00:00-04:00,22.6400,739.9500
1990-07-20 15:00:00-04:00,23.1600,679.9000
1990-07-20 16:00:00-04:00,23.6100,520.3500
1990-07-20 17:00:00-04:00,23.6300,373.0000
1990-07-20 18:00:00-04:00,23.3400,203.7500
1990-07-20 19:00:00-04:00,22.6300,85.9500
1990-07-20 20:00:00-04:00,21.5200,7.0500
1990-07-20 21:00:00-04:00,19.9900,0.0000
1990-07-20 22:00:00-04:00,19.2900,0.0000
1990-07-20 23:00:00-04:00,19.3600,0.0000
1990-07-21 00:00:00-04:00,18.5900,0.0000
1990-07-21 01:00:00-04:00,17.8700,0.0000
1990-07-21 02:00:00-04:00,17.2200,0.0000
1990-07-21 03:00:00-04:00,15.0600,0.0000
1990-07-21 04:00:00-04:00,14.8800,0.0000
1990-07-21 05:00:00-04:00,14.6500,0.0000
1990-07-21 06:00:00-04:00,14.2100,118.9500
1990-07-21 07:00:00-04:00,14.9500,290.7500
1990-07-21 08:00:00-04:00,17.9300,469.6000
1990-07-21 09:00:00-04:00,19.9600,633.5000
1990-07-21 10:00:00-04:00,21.8600,761.3500
1990-07-21 11:00:00-04:00,23.4800,750.5000
1990-07-21 12:00:00-04:00,24.3400,784.5500
1990-07-21 13:00:00-04:00,24.9700,622.8000
1990-07-21 14:00:00-04:00,24.9900,599.4000
1990-07-21 15:00:00-04:00,25.3100,441.1500
1990-07-21 16:00:00-04:00,25.2500,348.8500
1990-07-21 17:00:00-04:00,25.0500,304.8000
1990-07-21 18:00:00-04:00,24.8100,128.0000
1990-07-21 19:00:00-04:00,23.4300,36.2000
1990-07-21 20:00:00-04:00,22.5300,3.7500
1990-07-21 21:00:00-04:00,20.7700,0.0000
1990-07-21 22:00:00-04:00,20.0600,0.0000
1990-07-21 23:00:00-04:00,19.7900,0.0000
1990-07-22 00:00:00-04:00,19.4900,0.0000
1990-07-22 01:00:00-04:00,19.1300,0.0000
1990-07-22 02:00:00-04:00,18.6000,0.0000
1990-07-22 03:00:00-04:00,18.8300,0.0000
1990-07-22 04:00:00-04:00,18.7800,0.0000
1990-07-22 05:00:00-04:00,18.7900,0.0000
1990-07-22 06:00:00-04:00,18.9200,54.0000
1990-07-22 07:00:00-04:00,19.2400,155.2000
1990-07-22 08:00:00-04:00,20.1900,275.7000
1990-07-22 09:00:00-04:00,21.2800,452.6000
1990-07-22 10:00:00-04:00,22.5100,608.0000
1990-07-22 11:00:00-04:00,23.9300,713.0500
1990-07-22 12:00:00-04:00,25.3800,767.3000
1990-07-22 13:00:00-04:00,26.6200,736.6500
1990-07-22 14:00:00-04:00,27.4100,532.3000
1990-07-22 15:00:00-04:00,27.3500,486.3500
1990-07-22 16:00:00-04:00,27.4900,361.8500
1990-07-22 17:00:00-04:00,27.2600,282.4500
1990-07-22 18:00:00-04:00,27.0200,195.8000
1990-07-22 19:00:00-04:00,26.4100,73.2000
1990-07-22 20:00:00-04:00,25.1700,5.8500
1990-07-22 21:00:00-04:00,24.0600,0.0000
1990-07-22 22:00:00-04:00,23.2100,0.0000
1990-07-22 23:00:00-04:00,22.6100,0.0000
1990-07-23 00:00:00-04:00,22.0700,0.0000
1990-07-23 01:00:00-04:00,21.7000,0.0000
1990-07-23 02:00:00-04:00,21.5100,0.0000
1990-07-23 03:00:00-04:00,20.8700,0.0000
1990-07-23 04:00:00-04:00,20.5400,0.0000
1990-07-23 05:00:00-04:00,20.3700,0.0000
1990-07-23 06:00:00-04:00,20.3300,77.8000
1990-07-23 07:00:00-04:00,21.0300,200.3500
1990-07-23 08:00:00-04:00,22.1300,365.4000
1990-07-23 09:00:00-04:00,23.3700,546.9500
1990-07-23 10:00:00-04:00,24.6400,710.1000
1990-07-23 11:00:00-04:00,26.0000,808.7500
1990-07-23 12:00:00-04:00,27.3700,852.0000
1990-07-23 13:00:00-04:00,28.6000,807.1500
1990-07-23 14:00:00-04:00,29.3000,710.0500
1990-07-23 15:00:00-04:00,29.0200,663.3500
1990-07-23 16:00:00-04:00,29.2700,560.2500
1990-07-23 17:00:00-04:00,29.4300,374.4000
1990-07-23 18:00:00-04:00,29.1500,172.9000
1990-07-23 19:00:00-04:00,27.8300,37.8500
1990-07-23 20:00:00-04:00,25.5100,2.2500
1990-07-23 21:00:00-04:00,24.0700,0.0000
1990-07-23 22:00:00-04:00,23.2200,0.0000
1990-07-23 23:00:00-04:00,22.0300,0.0000
1990-07-24 00:00:00-04:00,21.2500,0.0000
1990-07-24 01:00:00-04:00,20.7400,0.0000
1990-07-24 02:00:00-04:00,20.5800,0.0000
1990-07-24 03:00:00-04:00,20.5700,0.0000
1990-07-24 04:00:00-04:00,20.6900,0.0000
1990-07-24 05:00:00-04:00,20.6500,0.0000
1990-07-24 06:00:00-04:00,20.0200,52.0500
1990-07-24 07:00:00-04:00,20.4000,83.9500
1990-07-24 08:00:00-04:00,20.5200,223.2500
1990-07-24 09:00:00-04:00,20.8800,345.3500
1990-07-24 10:00:00-04:00,21.2300,443.7500
1990-07-24 11:00:00-04:00,21.1700,493.2500
1990-07-24 12:00:00-04:00,21.3500,514.8500
1990-07-24 13:00:00-04:00,21.9100,638.5500
1990-07-24 14:00:00-04:00,22.6400,728.8500
1990-07-24 15:00:00-04:00,23.4400,640.7000
1990-07-24 16:00:00-04:00,23.2700,478.2500
1990-07-24 17:00:00-04:00,22.7600,273.3000
1990-07-24 18:00:00-04:00,22.2200,235.5000
1990-07-24 19:00:00-04:00,21.7500,91.4500
1990-07-24 20:00:00-04:00,20.9500,5.5000
1990-07-24 21:00:00-04:00,20.0400,0.0000
1990-07-24 22:00:00-04:00,19.4400,0.0000
1990-07-24 23:00:00-04:00,18.8700,0.0000
1990-07-25 00:00:00-04:00,18.3900,0.0000
1990-07-25 01:00:00-04:00,17.9000,0.0000
1990-07-25 02:00:00-04:00,17.4000,0.0000
1990-07-25 03:00:00-04:00,16.7500,0.0000
1990-07-25 04:00:00-04:00,16.3500,0.0000
1990-07-25 05:00:00-04:00,15.9600,0.0000
1990-07-25 06:00:00-04:00,15.5900,115.8000
1990-07-25 07:00:00-04:00,15.9000,286.9500
1990-07-25 08:00:00-04:00,16.7800,468.2000
1990-07-25 09:00:00-04:00,17.9400,637.3000
1990-07-25 10:00:00-04:00,19.3800,782.8500
1990-07-25 11:00:00-04:00,20.8700,846.7000
1990-07-25 12:00:00-04:00,22.4000,811.1000
1990-07-25 13:00:00-04:00,23.5800,724.7000
1990-07-25 14:00:00-04:00,24.3600,506.7500
1990-07-25 15:00:00-04:00,23.6500,535.4500
1990-07-25 16:00:00-04:00,24.1700,472.1000
1990-07-25 17:00:00-04:00,24.6700,297.8500
1990-07-25 18:00:00-04:00,24.3900,149.7500
1990-07-25 19:00:00-04:00,23.4400,55.8000
1990-07-25 20:00:00-04:00,22.1600,3.0500
1990-07-25 21:00:00-04:00,21.1600,0.0000
1990-07-25 22:00:00-04:00,20.5000,0.0000
1990-07-25 23:00:00-04:00,19.9400,0.0000
1990-07-26 00:00:00-04:00,19.4900,0.0000
1990-07-26 01:00:00-04:00,19.1900,0.0000
1990-07-26 02:00:00-04:00,19.1200,0.0000
1990-07-26 03:00:00-04:00,18.7000,0.0000
1990-07-26 04:00:00-04:00,18.5700,0.0000
1990-07-26 05:00:00-04:00,18.4200,0.0000
1990-07-26 06:00:00-04:00,18.3100,38.6000
1990-07-26 07:00:00-04:00,18.4400,89.4000
1990-07-26 08:00:00-04:00,18.9500,158.5000
1990-07-26 09:00:00-04:00,19.6800,256.7000
1990-07-26 10:00:00-04:00,20.5200,423.1500
1990-07-26 11:00:00-04:00,21.5800,456.5000
1990-07-26 12:00:00-04:00,22.2200,458.4000
1990-07-26 13:00:00-04:00,22.7600,674.2000
1990-07-26 14:00:00-04:00,23.7100,196.7500
1990-07-26 15:00:00-04:00,21.6000,236.8500
1990-07-26 16:00:00-04:00,21.7500,237.2500
1990-07-26 17:00:00-04:00,21.8100,240.5500
1990-07-26 18:00:00-04:00,21.9600,104.7500
1990-07-26 19:00:00-04:00,21.7000,49.2500
1990-07-26 20:00:00-04:00,21.1300,3.2000
1990-07-26 21:00:00-04:00,21.3300,0.0000
1990-07-26 22:00:00-04:00,20.1500,0.0000
1990-07-26 23:00:00-04:00,19.9600,0.0000
1990-07-27 00:00:00-04:00,20.0400,0.0000
1990-07-27 01:00:00-04:00,19.7100,0.0000
1990-07-27 02:00:00-04:00,19.1300,0.0000
1990-07-27 03:00:00-04:00,17.7300,0.0000
1990-07-27 04:00:00-04:00,17.9900,0.0000
1990-07-27 05:00:00-04:00,17.5200,0.0000
1990-07-27 06:00:00-04:00,17.2500,72.9000
1990-07-27 07:00:00-04:00,17.4000,176.0000
1990-07-27 08:00:00-04:00,17.8100,347.7500
1990-07-27 09:00:00-04:00,18.8900,470.9000
1990-07-27 10:00:00-04:00,19.9600,704.1000
1990-07-27 11:00:00-04:00,21.4600,792.9000
1990-07-27 12:00:00-04:00,22.6100,799.4000
1990-07-27 13:00:00-04:00,23.4800,787.2000
1990-07-27 14:00:00-04:00,24.1400,790.3000
1990-07-27 15:00:00-04:00,25.3300,679.9500
1990-07-27 16:00:00-04:00,25.5100,571.5000
1990-07-27 17:00:00-04:00,25.5300,411.4000
1990-07-27 18:00:00-04:00,25.1100,228.8500
1990-07-27 19:00:00-04:00,24.1000,90.1500
1990-07-27 20:00:00-04:00,22.6200,4.1000
1990-07-27 21:00:00-04:00,21.0900,0.0000
1990-07-27 22:00:00-04:00,19.9200,0.0000
1990-07-27 23:00:00-04:00,18.8100,0.0000
1990-07-28 00:00:00-04:00,17.8500,0.0000
1990-07-28 01:00:00-04:00,17.1200,0.0000
1990-07-28 02:00:00-04:00,16.5100,0.0000
1990-07-28 03:00:00-04:00,15.7300,0.0000
1990-07-28 04:00:00-04:00,15.3500,0.0000
1990-07-28 05:00:00-04:00,15.1200,0.0000
1990-07-28 06:00:00-04:00,15.0300,85.5500
1990-07-28 07:00:00-04:00,15.7500,218.0500
1990-07-28 08:00:00-04:00,17.2500,348.3000
1990-07-28 09:00:00-04:00,18.9300,492.2500
1990-07-28 10:00:00-04:00,20.4900,626.7000
1990-07-28 11:00:00-04:00,21.9800,801.5500
1990-07-28 12:00:00-04:00,23.5600,874.8500
1990-07-28 13:00:00-04:00,24.7300,898.1500
1990-07-28 14:00:00-04:00,25.6000,837.1000
1990-07-28 15:00:00-04:00,25.7600,743.2000
1990-07-28 16:00:00-04:00,25.9600,571.3000
1990-07-28 17:00:00-04:00,25.8800,381.8000
1990-07-28 18:00:00-04:00,25.4200,212.7000
1990-07-28 19:00:00-04:00,24.4100,86.7500
1990-07-28 20:00:00-04:00,23.0000,3.4500
1990-07-28 21:00:00-04:00,21.5400,0.0000
1990-07-28 22:00:00-04:00,20.3800,0.0000
1990-07-28 23:00:00-04:00,19.4900,0.0000
1990-07-29 00:00:00-04:00,18.7600,0.0000
1990-07-29 01:00:00-04:00,18.1600,0.0000
1990-07-29 02:00:00-04:00,17.6700,0.0000
1990-07-29 03:00:00-04:00,17.1600,0.0000
1990-07-29 04:00:00-04:00,16.9800,0.0000
1990-07-29 05:00:00-04:00,16.8100,0.0000
1990-07-29 06:00:00-04:00,16.7500,88.3000
1990-07-29 07:00:00-04:00,17.3100,232.0500
1990-07-29 08:00:00-04:00,18.5900,417.0500
1990-07-29 09:00:00-04:00,20.2700,559.0500
1990-07-29 10:00:00-04:00,21.9600,688.7500
1990-07-29 11:00:00-04:00,23.6000,819.4000
1990-07-29 12:00:00-04:00,25.1300,812.7000
1990-07-29 13:00:00-04:00,25.9800,837.6000
1990-07-29 14:00:00-04:00,26.7100,707.4000
1990-07-29 15:00:00-04:00,26.6900,524.9000
1990-07-29 16:00:00-04:00,26.7500,455.7000
1990-07-29 17:00:00-04:00,26.6900,341.6500
1990-07-29 18:00:00-04:00,26.4400,194.9000
1990-07-29 19:00:00-04:00,25.7000,63.9000
1990-07-29 20:00:00-04:00,24.3000,2.7500
1990-07-29 21:00:00-04:00,22.8600,0.0000
1990-07-29 22:00:00-04:00,21.8700,0.0000
1990-07-29 23:00:00-04:00,20.9900,0.0000
1990-07-30 00:00:00-04:00,20.1100,0.0000
1990-07-30 01:00:00-04:00,19.2400,0.0000
1990-07-30 02:00:00-04:00,18.7100,0.0000
1990-07-30 03:00:00-04:00,17.9300,0.0000
1990-07-30 04:00:00-04:00,17.8000,0.0000
1990-07-30 05:00:00-04:00,17.8200,0.0000
1990-07-30 06:00:00-04:00,17.6200,95.5000
1990-07-30 07:00:00-04:00,18.7400,252.8500
1990-07-30 08:00:00-04:00,20.6400,432.5500
1990-07-30 09:00:00-04:00,22.3200,581.2000
1990-07-30 10:00:00-04:00,23.8900,722.7000
1990-07-30 11:00:00-04:00,25.4100,750.3500
1990-07-30 12:00:00-04:00,26.5700,729.7500
1990-07-30 13:00:00-04:00,27.2900,763.8000
1990-07-30 14:00:00-04:00,27.9100,742.2000
1990-07-30 15:00:00-04:00,28.1800,667.7000
1990-07-30 16:00:00-04:00,28.4300,508.7000
1990-07-30 17:00:00-04:00,28.3600,394.5000
1990-07-30 18:00:00-04:00,28.1200,237.0000
1990-07-30 19:00:00-04:00,27.1600,80.3500
1990-07-30 20:00:00-04:00,25.7700,2.3500
1990-07-30 21:00:00-04:00,24.2800,0.0000
1990-07-30 22:00:00-04:00,23.2400,0.0000
1990-07-30 23:00:00-04:00,22.4500,0.0000
1990-07-31 00:00:00-04:00,21.8900,0.0000
1990-07-31 01:00:00-04:00,21.3600,0.0000
1990-07-31 02:00:00-04:00,20.7900,0.0000
1990-07-31 03:00:00-04:00,20.1000,0.0000
1990-07-31 04:00:00-04:00,19.7300,0.0000
1990-07-31 05:00:00-04:00,19.4500,0.0000
1990-07-31 06:00:00-04:00,19.2300,96.8000
1990-07-31 07:00:00-04:00,20.0000,250.9000
1990-07-31 08:00:00-04:00,21.7000,406.3000
1990-07-31 09:00:00-04:00,23.2600,571.5500
1990-07-31 10:00:00-04:00,24.7800,711.1500
1990-07-31 11:00:00-04:00,26.2400,812.7000
1990-07-31 12:00:00-04:00,30.1400,743.8000
1990-07-31 13:00:00-04:00,29.4800,672.0500
1990-07-31 14:00:00-04:00,28.8200,657.6000
1990-07-31 15:00:00-04:00,28.1700,627.0000
1990-07-31 16:00:00-04:00,27.5100,498.5000
1990-07-31 17:00:00-04:00,26.8500,303.3000
1990-07-31 18:00:00-04:00,26.2000,185.1500
1990-07-31 19:00:00-04:00,25.5400,70.1000
1990-07-31 20:00:00-04:00,24.8800,0.5000
1990-07-31 21:00:00-04:00,24.2200,0.0000
1990-07-31 22:00:00-04:00,23.5700,0.0000
1990-07-31 23:00:00-04:00,22.9100,0.0000
1990-08-01 00:00:00-04:00,22.2500,0.0000
1990-08-01 01:00:00-04:00,21.6000,0.0000
1990-08-01 02:00:00-04:00,20.9400,0.0000
1990-08-01 03:00:00-04:00,20.2800,0.0000
1990-08-01 04:00:00-04:00,20.2800,0.0000
1990-08-01 05:00:00-04:00,20.0900,0.0000
1990-08-01 06:00:00-04:00,20.2100,10.2000
1990-08-01 07:00:00-04:00,20.3800,45.7500
1990-08-01 08:00:00-04:00,20.8400,226.9000
1990-08-01 09:00:00-04:00,22.1800,290.9000
1990-08-01 10:00:00-04:00,23.2000,181.3500
1990-08-01 11:00:00-04:00,23.3100,300.7000
1990-08-01 12:00:00-04:00,24.1800,420.4500
1990-08-01 13:00:00-04:00,25.6600,423.0500
1990-08-01 14:00:00-04:00,26.9000,325.8500
1990-08-01 15:00:00-04:00,27.8300,288.9000
1990-08-01 16:00:00-04:00,28.5000,315.2000
1990-08-01 17:00:00-04:00,29.2400,235.8000
1990-08-01 18:00:00-04:00,29.4700,123.8000
1990-08-01 19:00:00-04:00,28.7600,34.2000
1990-08-01 20:00:00-04:00,26.8600,0.2000
1990-08-01 21:00:00-04:00,25.1200,0.0000
1990-08-01 22:00:00-04:00,24.6300,0.0000
1990-08-01 23:00:00-04:00,24.3800,0.0000
1990-08-02 00:00:00-04:00,24.5200,0.0000
1990-08-02 01:00:00-04:00,24.1500,0.0000
1990-08-02 02:00:00-04:00,23.5300,0.0000
1990-08-02 03:00:00-04:00,23.0000,0.0000
1990-08-02 04:00:00-04:00,22.7500,0.0000
1990-08-02 05:00:00-04:00,22.5500,0.0000
1990-08-02 06:00:00-04:00,22.5000,48.9500
1990-08-02 07:00:00-04:00,22.8600,115.1500
1990-08-02 08:00:00-04:00,23.5800,260.4500
1990-08-02 09:00:00-04:00,24.4700,453.0000
1990-08-02 10:00:00-04:00,25.3300,483.1000
1990-08-02 11:00:00-04:00,25.8600,410.8500
1990-08-02 12:00:00-04:00,26.0900,482.7500
1990-08-02 13:00:00-04:00,26.5400,428.9000
1990-08-02 14:00:00-04:00,26.7200,362.3500
1990-08-02 15:00:00-04:00,26.2400,175.0000
1990-08-02 16:00:00-04:00,25.5200,81.1500
1990-08-02 17:00:00-04:00,24.8200,42.4000
1990-08-02 18:00:00-04:00,24.1000,23.9000
1990-08-02 19:00:00-04:00,23.0800,5.6500
1990-08-02 20:00:00-04:00,22.2700,0.1000
1990-08-02 21:00:00-04:00,21.8200,0.0000
1990-08-02 22:00:00-04:00,21.1300,0.0000
1990-08-02 23:00:00-04:00,20.6200,0.0000
1990-08-03 00:00:00-04:00,20.3300,0.0000
1990-08-03 01:00:00-04:00,20.1900,0.0000
1990-08-03 02:00:00-04:00,19.8800,0.0000
1990-08-03 03:00:00-04:00,19.6900,0.0000
1990-08-03 04:00:00-04:00,19.7300,0.0000
1990-08-03 05:00:00-04:00,19.8300,0.0000
1990-08-03 06:00:00-04:00,19.7700,15.8000
1990-08-03 07:00:00-04:00,19.9500,147.9500
1990-08-03 08:00:00-04:00,20.8000,347.6000
1990-08-03 09:00:00-04:00,21.9100,526.3000
1990-08-03 10:00:00-04:00,22.9300,675.9500
1990-08-03 11:00:00-04:00,24.0700,750.0500
1990-08-03 12:00:00-04:00,24.9800,684.3500
1990-08-03 13:00:00-04:00,25.5000,697.5500
1990-08-03 14:00:00-04:00,26.1400,670.0000
1990-08-03 15:00:00-04:00,26.5600,603.8500
1990-08-03 16:00:00-04:00,26.9400,429.2000
1990-08-03 17:00:00-04:00,26.8100,316.7500
1990-08-03 18:00:00-04:00,26.5000,194.8000
1990-08-03 19:00:00-04:00,25.9200,50.6000
1990-08-03 20:00:00-04:00,24.6900,0.9500
1990-08-03 21:00:00-04:00,23.6900,0.0000
1990-08-03 22:00:00-04:00,23.0400,0.0000
1990-08-03 23:00:00-04:00,22.6000,0.0000
1990-08-04 00:00:00-04:00,22.1600,0.0000
1990-08-04 01:00:00-04:00,21.7000,0.0000
1990-08-04 02:00:00-04:00,20.9800,0.0000
1990-08-04 03:00:00-04:00,20.9600,0.0000
1990-08-04 04:00:00-04:00,20.7000,0.0000
1990-08-04 05:00:00-04:00,20.3100,0.0000
1990-08-04 06:00:00-04:00,19.7500,62.9000
1990-08-04 07:00:00-04:00,20.4300,168.0000
1990-08-04 08:00:00-04:00,21.6500,326.4000
1990-08-04 09:00:00-04:00,22.8900,504.2000
1990-08-04 10:00:00-04:00,24.1500,555.2000
1990-08-04 11:00:00-04:00,24.8300,645.7500
1990-08-04 12:00:00-04:00,25.3400,769.3500
1990-08-04 13:00:00-04:00,25.9500,692.2000
1990-08-04 14:00:00-04:00,26.2100,604.3500
1990-08-04 15:00:00-04:00,26.0400,595.3500
1990-08-04 16:00:00-04:00,25.4400,496.9500
1990-08-04 17:00:00-04:00,25.5900,335.0500
1990-08-04 18:00:00-04:00,23.9700,86.3000
1990-08-04 19:00:00-04:00,21.4000,27.1500
1990-08-04 20:00:00-04:00,20.9400,0.8000
1990-08-04 21:00:00-04:00,20.2200,0.0000
1990-08-04 22:00:00-04:00,19.6000,0.0000
1990-08-04 23:00:00-04:00,19.1000,0.0000
1990-08-05 00:00:00-04:00,18.5900,0.0000
1990-08-05 01:00:00-04:00,18.1700,0.0000
1990-08-05 02:00:00-04:00,17.7000,0.0000
1990-08-05 03:00:00-04:00,16.6200,0.0000
1990-08-05 04:00:00-04:00,16.0600,0.0000
1990-08-05 05:00:00-04:00,15.5800,0.0000
1990-08-05 06:00:00-04:00,15.1900,91.1000
1990-08-05 07:00:00-04:00,15.4100,256.0500
1990-08-05 08:00:00-04:00,16.1400,441.2500
1990-08-05 09:00:00-04:00,16.8900,585.3000
1990-08-05 10:00:00-04:00,17.7500,714.4000
1990-08-05 11:00:00-04:00,18.7500,770.2000
1990-08-05 12:00:00-04:00,19.8200,826.3500
1990-08-05 13:00:00-04:00,20.8800,708.7500
1990-08-05 14:00:00-04:00,21.5200,495.8000
1990-08-05 15:00:00-04:00,21.6200,498.4500
1990-08-05 16:00:00-04:00,21.9300,430.4000
1990-08-05 17:00:00-04:00,21.9700,275.0500
1990-08-05 18:00:00-04:00,21.7300,172.5500
1990-08-05 19:00:00-04:00,21.3900,60.4000
1990-08-05 20:00:00-04:00,20.6400,0.6000
1990-08-05 21:00:00-04:00,19.5200,0.0000
1990-08-05 22:00:00-04:00,18.3600,0.0000
1990-08-05 23:00:00-04:00,17.4300,0.0000
1990-08-06 00:00:00-04:00,16.7100,0.0000
1990-08-06 01:00:00-04:00,16.0900,0.0000
1990-08-06 02:00:00-04:00,15.4300,0.0000
1990-08-06 03:00:00-04:00,14.9200,0.0000
1990-08-06 04:00:00-04:00,14.7800,0.0000
1990-08-06 05:00:00-04:00,14.8200,0.0000
1990-08-06 06:00:00-04:00,14.7300,86.1000
1990-08-06 07:00:00-04:00,15.7500,248.2000
1990-08-06 08:00:00-04:00,17.5300,403.7500
1990-08-06 09:00:00-04:00,19.2700,547.7500
1990-08-06 10:00:00-04:00,20.9300,706.6500
1990-08-06 11:00:00-04:00,22.4000,825.1500
1990-08-06 12:00:00-04:00,23.5500,860.6000
1990-08-06 13:00:00-04:00,24.2300,857.7000
1990-08-06 14:00:00-04:00,24.6900,800.3500
1990-08-06 15:00:00-04:00,24.7100,703.5500
1990-08-06 16:00:00-04:00,24.7500,556.5500
1990-08-06 17:00:00-04:00,24.5600,396.2500
1990-08-06 18:00:00-04:00,24.0900,214.8500
1990-08-06 19:00:00-04:00,23.1400,62.9500
1990-08-06 20:00:00-04:00,22.0000,0.4500
1990-08-06 21:00:00-04:00,21.0700,0.0000
1990-08-06 22:00:00-04:00,20.4200,0.0000
1990-08-06 23:00:00-04:00,19.9000,0.0000
1990-08-07 00:00:00-04:00,19.6000,0.0000
1990-08-07 01:00:00-04:00,19.4300,0.0000
1990-08-07 02:00:00-04:00,19.3600,0.0000
1990-08-07 03:00:00-04:00,19.6200,0.0000
1990-08-07 04:00:00-04:00,19.9200,0.0000
1990-08-07 05:00:00-04:00,20.2200,0.0000
1990-08-07 06:00:00-04:00,20.2700,49.6500
1990-08-07 07:00:00-04:00,20.7200,156.9000
1990-08-07 08:00:00-04:00,21.4900,285.8000
1990-08-07 09:00:00-04:00,22.3600,406.6000
1990-08-07 10:00:00-04:00,23.2800,465.4000
1990-08-07 11:00:00-04:00,24.2500,578.5500
1990-08-07 12:00:00-04:00,25.1000,686.2000
1990-08-07 13:00:00-04:00,26.0700,635.8500
1990-08-07 14:00:00-04:00,26.4400,617.5500
1990-08-07 15:00:00-04:00,26.7300,543.1000
1990-08-07 16:00:00-04:00,26.9000,412.3500
1990-08-07 17:00:00-04:00,26.3500,228.2500
1990-08-07 18:00:00-04:00,25.4800,186.2500
1990-08-07 19:00:00-04:00,24.5600,48.2000
1990-08-07 20:00:00-04:00,23.3400,0.2500
1990-08-07 21:00:00-04:00,22.3400,0.0000
1990-08-07 22:00:00-04:00,21.6100,0.0000
1990-08-07 23:00:00-04:00,20.9800,0.0000
1990-08-08 00:00:00-04:00,20.4200,0.0000
1990-08-08 01:00:00-04:00,19.8500,0.0000
1990-08-08 02:00:00-04:00,19.1600,0.0000
1990-08-08 03:00:00-04:00,17.7700,0.0000
1990-08-08 04:00:00-04:00,17.3900,0.0000
1990-08-08 05:00:00-04:00,17.1800,0.0000
1990-08-08 06:00:00-04:00,16.9800,77.1500
1990-08-08 07:00:00-04:00,17.2000,234.4500
1990-08-08 08:00:00-04:00,17.9700,413.0500
1990-08-08 09:00:00-04:00,18.8900,594.8500
1990-08-08 10:00:00-04:00,19.9200,726.0000
1990-08-08 11:00:00-04:00,20.9200,811.6000
1990-08-08 12:00:00-04:00,21.6900,826.8500
1990-08-08 13:00:00-04:00,22.1800,777.2500
1990-08-08 14:00:00-04:00,22.4900,834.4000
1990-08-08 15:00:00-04:00,23.7500,684.9000
1990-08-08 16:00:00-04:00,23.9100,561.8500
1990-08-08 17:00:00-04:00,23.9200,390.7500
1990-08-08 18:00:00-04:00,23.5000,220.1000
1990-08-08 19:00:00-04:00,22.6100,61.8500
1990-08-08 20:00:00-04:00,21.3200,0.2000
1990-08-08 21:00:00-04:00,20.0100,0.0000
1990-08-08 22:00:00-04:00,18.9300,0.0000
1990-08-08 23:00:00-04:00,18.1000,0.0000
1990-08-09 00:00:00-04:00,17.3600,0.0000
1990-08-09 01:00:00-04:00,16.6900,0.0000
1990-08-09 02:00:00-04:00,15.9300,0.0000
1990-08-09 03:00:00-04:00,15.2500,0.0000
1990-08-09 04:00:00-04:00,14.4700,0.0000
1990-08-09 05:00:00-04:00,13.9700,0.0000
1990-08-09 06:00:00-04:00,14.2900,29.9000
1990-08-09 07:00:00-04:00,15.9300,239.6000
1990-08-09 08:00:00-04:00,17.1400,416.5000
1990-08-09 09:00:00-04:00,18.8600,582.3000
1990-08-09 10:00:00-04:00,20.5900,720.0500
1990-08-09 11:00:00-04:00,22.0000,815.9500
1990-08-09 12:00:00-04:00,23.0100,865.5000
1990-08-09 13:00:00-04:00,23.7500,862.6500
1990-08-09 14:00:00-04:00,24.3000,818.9000
1990-08-09 15:00:00-04:00,24.4600,695.2000
1990-08-09 16:00:00-04:00,24.7300,437.5000
1990-08-09 17:00:00-04:00,24.4500,252.2500
1990-08-09 18:00:00-04:00,23.7100,157.5500
1990-08-09 19:00:00-04:00,22.8100,52.5500
1990-08-09 20:00:00-04:00,21.7200,0.0500
1990-08-09 21:00:00-04:00,20.7700,0.0000
1990-08-09 22:00:00-04:00,20.0600,0.0000
1990-08-09 23:00:00-04:00,19.5800,0.0000
1990-08-10 00:00:00-04:00,19.3900,0.0000
1990-08-10 01:00:00-04:00,19.2700,0.0000
1990-08-10 02:00:00-04:00,19.0400,0.0000
1990-08-10 03:00:00-04:00,18.4200,0.0000
1990-08-10 04:00:00-04:00,18.0800,0.0000
1990-08-10 05:00:00-04:00,17.7000,0.0000
1990-08-10 06:00:00-04:00,16.7400,16.9000
1990-08-10 07:00:00-04:00,16.7100,30.4000
1990-08-10 08:00:00-04:00,16.8000,41.4500
1990-08-10 09:00:00-04:00,16.9800,28.8000
1990-08-10 10:00:00-04:00,16.9200,47.8500
1990-08-10 11:00:00-04:00,16.9500,278.6500
1990-08-10 12:00:00-04:00,17.7500,468.3000
1990-08-10 13:00:00-04:00,18.7400,611.2000
1990-08-10 14:00:00-04:00,20.0700,459.7500
1990-08-10 15:00:00-04:00,20.2300,500.9000
1990-08-10 16:00:00-04:00,20.7000,459.5500
1990-08-10 17:00:00-04:00,20.9100,300.2000
1990-08-10 18:00:00-04:00,19.6800,132.3000
1990-08-10 19:00:00-04:00,18.5700,43.9500
1990-08-10 20:00:00-04:00,18.0300,0.0000
1990-08-10 21:00:00-04:00,17.5500,0.0000
1990-08-10 22:00:00-04:00,16.9200,0.0000
1990-08-10 23:00:00-04:00,16.3500,0.0000
1990-08-11 00:00:00-04:00,15.7500,0.0000
1990-08-11 01:00:00-04:00,15.2100,0.0000
1990-08-11 02:00:00-04:00,14.7300,0.0000
1990-08-11 03:00:00-04:00,13.7700,0.0000
1990-08-11 04:00:00-04:00,13.3400,0.0000
1990-08-11 05:00:00-04:00,12.9800,0.0000
1990-08-11 06:00:00-04:00,12.6800,29.1500
1990-08-11 07:00:00-04:00,12.9300,237.9500
1990-08-11 08:00:00-04:00,13.8500,404.5500
1990-08-11 09:00:00-04:00,14.9500,515.4000
1990-08-11 10:00:00-04:00,15.9400,698.1500
1990-08-11 11:00:00-04:00,17.0700,731.2500
1990-08-11 12:00:00-04:00,17.8300,667.8500
1990-08-11 13:00:00-04:00,18.3800,694.7500
1990-08-11 14:00:00-04:00,18.9500,800.4500
1990-08-11 15:00:00-04:00,19.9000,628.7000
1990-08-11 16:00:00-04:00,19.9600,516.5000
1990-08-11 17:00:00-04:00,19.3300,326.5000
1990-08-11 18:00:00-04:00,17.5800,142.3500
1990-08-11 19:00:00-04:00,16.7200,42.0000
1990-08-11 20:00:00-04:00,16.0800,0.0000
1990-08-11 21:00:00-04:00,15.3500,0.0000
1990-08-11 22:00:00-04:00,14.8600,0.0000
1990-08-11 23:00:00-04:00,14.2900,0.0000
1990-08-12 00:00:00-04:00,13.8100,0.0000
1990-08-12 01:00:00-04:00,13.4500,0.0000
1990-08-12 02:00:00-04:00,13.0700,0.0000
1990-08-12 03:00:00-04:00,12.2000,0.0000
1990-08-12 04:00:00-04:00,11.9500,0.0000
1990-08-12 05:00:00-04:00,11.8300,0.0000
1990-08-12 06:00:00-04:00,11.7700,28.9500
1990-08-12 07:00:00-04:00,12.2500,233.3000
1990-08-12 08:00:00-04:00,13.6500,415.7000
1990-08-12 09:00:00-04:00,14.9400,561.4500
1990-08-12 10:00:00-04:00,15.9800,603.1000
1990-08-12 11:00:00-04:00,16.6900,667.2000
1990-08-12 12:00:00-04:00,17.3200,636.3000
1990-08-12 13:00:00-04:00,17.7300,662.9000
1990-08-12 14:00:00-04:00,18.0100,596.9000
1990-08-12 15:00:00-04:00,18.8100,504.4000
1990-08-12 16:00:00-04:00,19.0600,411.8500
1990-08-12 17:00:00-04:00,18.9800,239.1000
1990-08-12 18:00:00-04:00,18.4300,157.5000
1990-08-12 19:00:00-04:00,17.7500,38.3000
1990-08-12 20:00:00-04:00,16.7200,0.0000
1990-08-12 21:00:00-04:00,15.9800,0.0000
1990-08-12 22:00:00-04:00,15.4000,0.0000
1990-08-12 23:00:00-04:00,14.7700,0.0000
1990-08-13 00:00:00-04:00,14.1000,0.0000
1990-08-13 01:00:00-04:00,13.6300,0.0000
1990-08-13 02:00:00-04:00,13.1600,0.0000
1990-08-13 03:00:00-04:00,12.8800,0.0000
1990-08-13 04:00:00-04:00,12.6200,0.0000
1990-08-13 05:00:00-04:00,12.2300,0.0000
1990-08-13 06:00:00-04:00,11.8500,27.8000
1990-08-13 07:00:00-04:00,12.1700,233.2500
1990-08-13 08:00:00-04:00,13.4000,413.8000
1990-08-13 09:00:00-04:00,14.7100,586.7500
1990-08-13 10:00:00-04:00,15.9900,710.8500
1990-08-13 11:00:00-04:00,17.2400,680.4000
1990-08-13 12:00:00-04:00,18.1100,746.1500
1990-08-13 13:00:00-04:00,19.0200,661.6500
1990-08-13 14:00:00-04:00,19.6500,598.2500
1990-08-13 15:00:00-04:00,20.6900,576.8500
1990-08-13 16:00:00-04:00,21.3100,445.0000
1990-08-13 17:00:00-04:00,21.1900,374.2000
1990-08-13 18:00:00-04:00,20.9800,203.9500
1990-08-13 19:00:00-04:00,19.9500,45.8000
1990-08-13 20:00:00-04:00,18.7200,0.0000
1990-08-13 21:00:00-04:00,17.2800,0.0000
1990-08-13 22:00:00-04:00,16.2100,0.0000
1990-08-13 23:00:00-04:00,15.5700,0.0000
1990-08-14 00:00:00-04:00,15.1800,0.0000
1990-08-14 01:00:00-04:00,14.8200,0.0000
1990-08-14 02:00:00-04:00,14.5300,0.0000
1990-08-14 03:00:00-04:00,13.8600,0.0000
1990-08-14 04:00:00-04:00,13.7300,0.0000
1990-08-14 05:00:00-04:00,13.6700,0.0000
1990-08-14 06:00:00-04:00,13.7300,37.3500
1990-08-14 07:00:00-04:00,14.2600,74.9500
1990-08-14 08:00:00-04:00,15.0700,185.3500
1990-08-14 09:00:00-04:00,16.3700,328.6000
1990-08-14 10:00:00-04:00,17.8700,370.9500
1990-08-14 11:00:00-04:00,18.9100,534.8000
1990-08-14 12:00:00-04:00,20.4000,730.5000
1990-08-14 13:00:00-04:00,22.1100,752.6000
1990-08-14 14:00:00-04:00,23.3100,199.5500
1990-08-14 15:00:00-04:00,21.7800,109.9500
1990-08-14 16:00:00-04:00,21.0200,126.5500
1990-08-14 17:00:00-04:00,21.1200,83.8500
1990-08-14 18:00:00-04:00,20.9400,67.9500
1990-08-14 19:00:00-04:00,20.8500,13.0500
1990-08-14 20:00:00-04:00,20.4900,0.0000
1990-08-14 21:00:00-04:00,20.3700,0.0000
1990-08-14 22:00:00-04:00,20.0700,0.0000
1990-08-14 23:00:00-04:00,19.2800,0.0000
1990-08-15 00:00:00-04:00,19.0500,0.0000
1990-08-15 01:00:00-04:00,19.0400,0.0000
1990-08-15 02:00:00-04:00,18.4100,0.0000
1990-08-15 03:00:00-04:00,18.4000,0.0000
1990-08-15 04:00:00-04:00,18.4100,0.0000
1990-08-15 05:00:00-04:00,18.1100,0.0000
1990-08-15 06:00:00-04:00,17.5600,27.3000
1990-08-15 07:00:00-04:00,17.7300,190.9000
1990-08-15 08:00:00-04:00,18.6100,349.1000
1990-08-15 09:00:00-04:00,19.4900,525.8500
1990-08-15 10:00:00-04:00,20.4500,660.7000
1990-08-15 11:00:00-04:00,21.2700,736.6000
1990-08-15 12:00:00-04:00,22.0900,745.4000
1990-08-15 13:00:00-04:00,22.5900,674.2500
1990-08-15 14:00:00-04:00,22.9300,729.5500
1990-08-15 15:00:00-04:00,23.4100,476.0000
1990-08-15 16:00:00-04:00,22.7400,354.3500
1990-08-15 17:00:00-04:00,20.8600,211.0500
1990-08-15 18:00:00-04:00,20.5500,118.3000
1990-08-15 19:00:00-04:00,20.0900,31.8000
1990-08-15 20:00:00-04:00,19.3200,0.0000
1990-08-15 21:00:00-04:00,18.5600,0.0000
1990-08-15 22:00:00-04:00,18.1900,0.0000
1990-08-15 23:00:00-04:00,17.6500,0.0000
1990-08-16 00:00:00-04:00,17.3300,0.0000
1990-08-16 01:00:00-04:00,16.9500,0.0000
1990-08-16 02:00:00-04:00,16.8400,0.0000
1990-08-16 03:00:00-04:00,16.6100,0.0000
1990-08-16 04:00:00-04:00,16.4200,0.0000
1990-08-16 05:00:00-04:00,16.2000,0.0000
1990-08-16 06:00:00-04:00,15.7600,22.5500
1990-08-16 07:00:00-04:00,15.9400,160.2500
1990-08-16 08:00:00-04:00,17.2800,308.5500
1990-08-16 09:00:00-04:00,18.4600,422.0500
1990-08-16 10:00:00-04:00,19.4000,434.9500
1990-08-16 11:00:00-04:00,20.0500,519.7000
1990-08-16 12:00:00-04:00,20.7800,674.4500
1990-08-16 13:00:00-04:00,21.4900,535.9000
1990-08-16 14:00:00-04:00,21.6800,566.2500
1990-08-16 15:00:00-04:00,23.2000,485.7000
1990-08-16 16:00:00-04:00,22.0200,380.9500
1990-08-16 17:00:00-04:00,22.0400,262.1500
1990-08-16 18:00:00-04:00,21.9200,148.4500
1990-08-16 19:00:00-04:00,21.3400,30.8500
1990-08-16 20:00:00-04:00,20.4900,0.0000
1990-08-16 21:00:00-04:00,19.5000,0.0000
1990-08-16 22:00:00-04:00,18.4900,0.0000
1990-08-16 23:00:00-04:00,17.6300,0.0000
1990-08-17 00:00:00-04:00,16.8100,0.0000
1990-08-17 01:00:00-04:00,16.1500,0.0000
1990-08-17 02:00:00-04:00,15.6100,0.0000
1990-08-17 03:00:00-04:00,15.3100,0.0000
1990-08-17 04:00:00-04:00,14.9800,0.0000
1990-08-17 05:00:00-04:00,14.8300,0.0000
1990-08-17 06:00:00-04:00,14.2700,24.3500
1990-08-17 07:00:00-04:00,14.6500,204.1000
1990-08-17 08:00:00-04:00,16.5600,379.2500
1990-08-17 09:00:00-04:00,18.1300,524.7500
1990-08-17 10:00:00-04:00,19.6800,624.6500
1990-08-17 11:00:00-04:00,20.9200,644.0000
1990-08-17 12:00:00-04:00,21.6800,522.8000
1990-08-17 13:00:00-04:00,21.8800,402.6000
1990-08-17 14:00:00-04:00,21.9600,407.1000
1990-08-17 15:00:00-04:00,22.9600,414.7000
1990-08-17 16:00:00-04:00,23.2200,365.3500
1990-08-17 17:00:00-04:00,23.2900,235.7500
1990-08-17 18:00:00-04:00,22.8800,117.7000
1990-08-17 19:00:00-04:00,22.2500,27.2500
1990-08-17 20:00:00-04:00,21.0500,0.0000
1990-08-17 21:00:00-04:00,20.0100,0.0000
1990-08-17 22:00:00-04:00,19.3600,0.0000
1990-08-17 23:00:00-04:00,18.7800,0.0000
1990-08-18 00:00:00-04:00,18.4500,0.0000
1990-08-18 01:00:00-04:00,18.0800,0.0000
1990-08-18 02:00:00-04:00,17.5800,0.0000
1990-08-18 03:00:00-04:00,17.4800,0.0000
1990-08-18 04:00:00-04:00,17.1500,0.0000
1990-08-18 05:00:00-04:00,16.6700,0.0000
1990-08-18 06:00:00-04:00,17.1400,24.6000
1990-08-18 07:00:00-04:00,17.0900,169.4500
1990-08-18 08:00:00-04:00,18.4700,350.3000
1990-08-18 09:00:00-04:00,20.1800,545.7500
1990-08-18 10:00:00-04:00,21.8500,675.7500
1990-08-18 11:00:00-04:00,23.3400,786.0500
1990-08-18 12:00:00-04:00,24.6700,834.2500
1990-08-18 13:00:00-04:00,25.7100,786.1500
1990-08-18 14:00:00-04:00,26.3000,664.9000
1990-08-18 15:00:00-04:00,26.5600,523.1000
1990-08-18 16:00:00-04:00,26.6700,386.2500
1990-08-18 17:00:00-04:00,26.2600,280.5500
1990-08-18 18:00:00-04:00,25.6800,115.2000
1990-08-18 19:00:00-04:00,24.5400,26.3000
1990-08-18 20:00:00-04:00,23.3200,0.0000
1990-08-18 21:00:00-04:00,22.2500,0.0000
1990-08-18 22:00:00-04:00,21.5300,0.0000
1990-08-18 23:00:00-04:00,20.8400,0.0000
1990-08-19 00:00:00-04:00,20.2800,0.0000
1990-08-19 01:00:00-04:00,19.6800,0.0000
1990-08-19 02:00:00-04:00,19.2700,0.0000
1990-08-19 03:00:00-04:00,19.0700,0.0000
1990-08-19 04:00:00-04:00,18.7100,0.0000
1990-08-19 05:00:00-04:00,18.3800,0.0000
1990-08-19 06:00:00-04:00,18.3400,27.9000
1990-08-19 07:00:00-04:00,18.7100,171.9500
1990-08-19 08:00:00-04:00,20.0600,304.8000
1990-08-19 09:00:00-04:00,21.4200,400.8500
1990-08-19 10:00:00-04:00,22.4900,528.6000
1990-08-19 11:00:00-04:00,23.6800,582.6000
1990-08-19 12:00:00-04:00,24.5300,587.2000
1990-08-19 13:00:00-04:00,25.1300,564.5500
1990-08-19 14:00:00-04:00,25.6200,532.9500
1990-08-19 15:00:00-04:00,26.5000,518.9500
1990-08-19 16:00:00-04:00,26.5900,355.9000
1990-08-19 17:00:00-04:00,26.1200,120.1000
1990-08-19 18:00:00-04:00,24.7700,70.8000
1990-08-19 19:00:00-04:00,23.5300,14.3500
1990-08-19 20:00:00-04:00,22.3000,0.0000
1990-08-19 21:00:00-04:00,21.4500,0.0000
1990-08-19 22:00:00-04:00,20.6900,0.0000
1990-08-19 23:00:00-04:00,20.1400,0.0000
1990-08-20 00:00:00-04:00,19.6600,0.0000
1990-08-20 01:00:00-04:00,19.1300,0.0000
1990-08-20 02:00:00-04:00,18.8100,0.0000
1990-08-20 03:00:00-04:00,18.2300,0.0000
1990-08-20 04:00:00-04:00,17.8700,0.0000
1990-08-20 05:00:00-04:00,17.2900,0.0000
1990-08-20 06:00:00-04:00,16.7100,10.6000
1990-08-20 07:00:00-04:00,16.4300,60.1500
1990-08-20 08:00:00-04:00,16.5000,122.5500
1990-08-20 09:00:00-04:00,16.9300,174.8500
1990-08-20 10:00:00-04:00,17.4200,172.1500
1990-08-20 11:00:00-04:00,17.8300,142.7500
1990-08-20 12:00:00-04:00,17.9600,162.4000
1990-08-20 13:00:00-04:00,18.3600,369.2500
1990-08-20 14:00:00-04:00,19.5000,64.9500
1990-08-20 15:00:00-04:00,17.1100,90.5500
1990-08-20 16:00:00-04:00,16.9400,99.6500
1990-08-20 17:00:00-04:00,16.8600,34.3500
1990-08-20 18:00:00-04:00,16.5300,13.9500
1990-08-20 19:00:00-04:00,16.0700,1.1500
1990-08-20 20:00:00-04:00,15.6600,0.0000
1990-08-20 21:00:00-04:00,15.3000,0.0000
1990-08-20 22:00:00-04:00,15.0100,0.0000
1990-08-20 23:00:00-04:00,14.7900,0.0000
1990-08-21 00:00:00-04:00,14.6200,0.0000
1990-08-21 01:00:00-04:00,14.4800,0.0000
1990-08-21 02:00:00-04:00,14.4300,0.0000
1990-08-21 03:00:00-04:00,14.3600,0.0000
1990-08-21 04:00:00-04:00,14.4200,0.0000
1990-08-21 05:00:00-04:00,14.4700,0.0000
1990-08-21 06:00:00-04:00,14.5000,0.0000
1990-08-21 07:00:00-04:00,14.6000,25.1000
1990-08-21 08:00:00-04:00,14.8000,34.1000
1990-08-21 09:00:00-04:00,15.0500,162.3000
1990-08-21 10:00:00-04:00,16.1500,239.6500
1990-08-21 11:00:00-04:00,17.2100,402.3500
1990-08-21 12:00:00-04:00,18.5800,560.4000
1990-08-21 13:00:00-04:00,20.0100,613.1500
1990-08-21 14:00:00-04:00,21.3600,377.7000
1990-08-21 15:00:00-04:00,21.8100,365.6500
1990-08-21 16:00:00-04:00,22.2200,364.0000
1990-08-21 17:00:00-04:00,22.5200,263.7000
1990-08-21 18:00:00-04:00,22.2200,128.6000
1990-08-21 19:00:00-04:00,21.1100,25.7000
1990-08-21 20:00:00-04:00,19.6900,0.0000
1990-08-21 21:00:00-04:00,18.8100,0.0000
1990-08-21 22:00:00-04:00,18.2400,0.0000
1990-08-21 23:00:00-04:00,17.8200,0.0000
1990-08-22 00:00:00-04:00,17.3300,0.0000
1990-08-22 01:00:00-04:00,16.9300,0.0000
1990-08-22 02:00:00-04:00,16.4300,0.0000
1990-08-22 03:00:00-04:00,15.6800,0.0000
1990-08-22 04:00:00-04:00,15.4700,0.0000
1990-08-22 05:00:00-04:00,15.3400,0.0000
1990-08-22 06:00:00-04:00,15.2400,0.0000
1990-08-22 07:00:00-04:00,15.5500,150.9500
1990-08-22 08:00:00-04:00,16.6700,302.5000
1990-08-22 09:00:00-04:00,18.1200,408.3500
1990-08-22 10:00:00-04:00,19.1400,403.0000
1990-08-22 11:00:00-04:00,19.4900,155.5500
1990-08-22 12:00:00-04:00,19.4100,259.9000
1990-08-22 13:00:00-04:00,20.0900,375.2000
1990-08-22 14:00:00-04:00,20.9200,547.4000
1990-08-22 15:00:00-04:00,22.2300,400.6500
1990-08-22 16:00:00-04:00,21.7100,363.8500
1990-08-22 17:00:00-04:00,21.6500,251.2500
1990-08-22 18:00:00-04:00,20.0500,110.0500
1990-08-22 19:00:00-04:00,19.5900,16.9000
1990-08-22 20:00:00-04:00,18.7100,0.0000
1990-08-22 21:00:00-04:00,17.8100,0.0000
1990-08-22 22:00:00-04:00,17.0200,0.0000
1990-08-22 23:00:00-04:00,16.2400,0.0000
1990-08-23 00:00:00-04:00,15.4500,0.0000
1990-08-23 01:00:00-04:00,14.7600,0.0000
1990-08-23 02:00:00-04:00,14.0900,0.0000
1990-08-23 03:00:00-04:00,13.6400,0.0000
1990-08-23 04:00:00-04:00,13.3300,0.0000
1990-08-23 05:00:00-04:00,12.7400,0.0000
1990-08-23 06:00:00-04:00,12.0000,0.0000
1990-08-23 07:00:00-04:00,12.0100,194.5000
1990-08-23 08:00:00-04:00,14.1400,373.5000
1990-08-23 09:00:00-04:00,15.1900,483.8000
1990-08-23 10:00:00-04:00,15.8800,564.2000
1990-08-23 11:00:00-04:00,16.5400,560.2500
1990-08-23 12:00:00-04:00,16.9500,570.0500
1990-08-23 13:00:00-04:00,17.5300,604.8500
1990-08-23 14:00:00-04:00,17.9800,448.8000
1990-08-23 15:00:00-04:00,17.9200,438.4500
1990-08-23 16:00:00-04:00,18.3400,327.2500
1990-08-23 17:00:00-04:00,18.4400,256.5000
1990-08-23 18:00:00-04:00,18.1400,140.4000
1990-08-23 19:00:00-04:00,17.4100,20.7000
1990-08-23 20:00:00-04:00,16.4000,0.0000
1990-08-23 21:00:00-04:00,15.3600,0.0000
1990-08-23 22:00:00-04:00,14.4600,0.0000
1990-08-23 23:00:00-04:00,13.8000,0.0000
1990-08-24 00:00:00-04:00,13.4000,0.0000
1990-08-24 01:00:00-04:00,12.8800,0.0000
1990-08-24 02:00:00-04:00,12.4000,0.0000
1990-08-24 03:00:00-04:00,12.2700,0.0000
1990-08-24 04:00:00-04:00,11.8300,0.0000
1990-08-24 05:00:00-04:00,11.4100,0.0000
1990-08-24 06:00:00-04:00,11.0300,0.0000
1990-08-24 07:00:00-04:00,11.1900,196.1500
1990-08-24 08:00:00-04:00,12.6200,379.2000
1990-08-24 09:00:00-04:00,14.1200,561.7500
1990-08-24 10:00:00-04:00,15.3600,632.1000
1990-08-24 11:00:00-04:00,16.3000,642.2500
1990-08-24 12:00:00-04:00,16.9100,624.3500
1990-08-24 13:00:00-04:00,17.1900,629.8000
1990-08-24 14:00:00-04:00,17.4000,635.3000
1990-08-24 15:00:00-04:00,17.6200,530.9500
1990-08-24 16:00:00-04:00,17.7800,430.5500
1990-08-24 17:00:00-04:00,17.8200,318.8500
1990-08-24 18:00:00-04:00,17.6600,127.3500
1990-08-24 19:00:00-04:00,16.8400,17.4000
1990-08-24 20:00:00-04:00,15.4800,0.0000
1990-08-24 21:00:00-04:00,14.5100,0.0000
1990-08-24 22:00:00-04:00,13.8300,0.0000
1990-08-24 23:00:00-04:00,13.1300,0.0000
1990-08-25 00:00:00-04:00,12.1200,0.0000
1990-08-25 01:00:00-04:00,11.6000,0.0000
1990-08-25 02:00:00-04:00,11.3100,0.0000
1990-08-25 03:00:00-04:00,10.7300,0.0000
1990-08-25 04:00:00-04:00,10.3800,0.0000
1990-08-25 05:00:00-04:00,10.1500,0.0000
1990-08-25 06:00:00-04:00,9.7900,0.0000
1990-08-25 07:00:00-04:00,9.9100,158.0000
1990-08-25 08:00:00-04:00,11.2000,316.1500
1990-08-25 09:00:00-04:00,12.7800,510.7000
1990-08-25 10:00:00-04:00,14.5000,673.1500
1990-08-25 11:00:00-04:00,15.6600,795.9000
1990-08-25 12:00:00-04:00,16.5100,804.6000
1990-08-25 13:00:00-04:00,17.1800,767.1000
1990-08-25 14:00:00-04:00,17.7100,709.7500
1990-08-25 15:00:00-04:00,18.5300,588.8500
1990-08-25 16:00:00-04:00,18.7400,464.6000
1990-08-25 17:00:00-04:00,18.6800,287.0000
1990-08-25 18:00:00-04:00,18.2300,144.4500
1990-08-25 19:00:00-04:00,17.4500,18.2500
1990-08-25 20:00:00-04:00,16.2100,0.0000
1990-08-25 21:00:00-04:00,14.9800,0.0000
1990-08-25 22:00:00-04:00,13.8800,0.0000
1990-08-25 23:00:00-04:00,13.0200,0.0000
1990-08-26 00:00:00-04:00,12.3300,0.0000
1990-08-26 01:00:00-04:00,11.7600,0.0000
1990-08-26 02:00:00-04:00,11.5500,0.0000
1990-08-26 03:00:00-04:00,11.2700,0.0000
1990-08-26 04:00:00-04:00,10.9400,0.0000
1990-08-26 05:00:00-04:00,10.6200,0.0000
1990-08-26 06:00:00-04:00,10.4100,0.0000
1990-08-26 07:00:00-04:00,10.5600,194.6500
1990-08-26 08:00:00-04:00,12.2900,372.3000
1990-08-26 09:00:00-04:00,14.3800,544.8000
1990-08-26 10:00:00-04:00,16.3200,687.3000
1990-08-26 11:00:00-04:00,17.9700,782.8000
1990-08-26 12:00:00-04:00,19.2800,797.2500
1990-08-26 13:00:00-04:00,20.0100,784.3500
1990-08-26 14:00:00-04:00,20.4600,709.8000
1990-08-26 15:00:00-04:00,20.8200,510.6000
1990-08-26 16:00:00-04:00,20.7600,429.1500
1990-08-26 17:00:00-04:00,20.5700,316.0000
1990-08-26 18:00:00-04:00,19.8500,140.4500
1990-08-26 19:00:00-04:00,18.3900,15.1000
1990-08-26 20:00:00-04:00,16.7500,0.0000
1990-08-26 21:00:00-04:00,15.6300,0.0000
1990-08-26 22:00:00-04:00,14.8200,0.0000
1990-08-26 23:00:00-04:00,14.0900,0.0000
1990-08-27 00:00:00-04:00,13.5400,0.0000
1990-08-27 01:00:00-04:00,13.2100,0.0000
1990-08-27 02:00:00-04:00,13.0200,0.0000
1990-08-27 03:00:00-04:00,12.6400,0.0000
1990-08-27 04:00:00-04:00,12.4500,0.0000
1990-08-27 05:00:00-04:00,12.4900,0.0000
1990-08-27 06:00:00-04:00,12.5800,0.0000
1990-08-27 07:00:00-04:00,12.9800,82.4500
1990-08-27 08:00:00-04:00,14.5500,74.6000
1990-08-27 09:00:00-04:00,15.4500,99.3000
1990-08-27 10:00:00-04:00,16.3900,122.2500
1990-08-27 11:00:00-04:00,17.0200,148.4500
1990-08-27 12:00:00-04:00,17.3500,170.8000
1990-08-27 13:00:00-04:00,16.9200,180.4500
1990-08-27 14:00:00-04:00,16.3700,94.7500
1990-08-27 15:00:00-04:00,14.9300,49.5500
1990-08-27 16:00:00-04:00,14.3500,32.2500
1990-08-27 17:00:00-04:00,13.8600,15.4000
1990-08-27 18:00:00-04:00,13.5000,9.2500
1990-08-27 19:00:00-04:00,13.4400,1.2500
1990-08-27 20:00:00-04:00,13.4300,0.0000
1990-08-27 21:00:00-04:00,13.4400,0.0000
1990-08-27 22:00:00-04:00,13.5100,0.0000
1990-08-27 23:00:00-04:00,13.6100,0.0000
1990-08-28 00:00:00-04:00,13.8600,0.0000
1990-08-28 01:00:00-04:00,13.9300,0.0000
1990-08-28 02:00:00-04:00,14.0400,0.0000
1990-08-28 03:00:00-04:00,13.7900,0.0000
1990-08-28 04:00:00-04:00,13.8600,0.0000
1990-08-28 05:00:00-04:00,13.9600,0.0000
1990-08-28 06:00:00-04:00,14.0300,0.0000
1990-08-28 07:00:00-04:00,14.0600,41.1500
1990-08-28 08:00:00-04:00,14.4100,95.8500
1990-08-28 09:00:00-04:00,14.9200,158.1500
1990-08-28 10:00:00-04:00,15.5700,218.6500
1990-08-28 11:00:00-04:00,16.3400,324.2000
1990-08-28 12:00:00-04:00,17.3200,285.0000
1990-08-28 13:00:00-04:00,17.8400,320.2000
1990-08-28 14:00:00-04:00,18.3900,315.9500
1990-08-28 15:00:00-04:00,18.6500,296.9500
1990-08-28 16:00:00-04:00,19.1100,218.7500
1990-08-28 17:00:00-04:00,19.1500,130.5000
1990-08-28 18:00:00-04:00,18.9200,51.0000
1990-08-28 19:00:00-04:00,18.3500,6.6500
1990-08-28 20:00:00-04:00,17.6400,0.0000
1990-08-28 21:00:00-04:00,16.5700,0.0000
1990-08-28 22:00:00-04:00,15.6500,0.0000
1990-08-28 23:00:00-04:00,15.6900,0.0000
1990-08-29 00:00:00-04:00,15.5800,0.0000
1990-08-29 01:00:00-04:00,15.3400,0.0000
1990-08-29 02:00:00-04:00,15.2400,0.0000
1990-08-29 03:00:00-04:00,13.6000,0.0000
1990-08-29 04:00:00-04:00,13.6700,0.0000
1990-08-29 05:00:00-04:00,13.7300,0.0000
1990-08-29 06:00:00-04:00,13.7900,0.0000
1990-08-29 07:00:00-04:00,13.8800,68.9500
1990-08-29 08:00:00-04:00,14.8300,180.7000
1990-08-29 09:00:00-04:00,16.5000,381.8500
1990-08-29 10:00:00-04:00,18.2000,547.1000
1990-08-29 11:00:00-04:00,19.7900,620.0500
1990-08-29 12:00:00-04:00,20.9200,585.1500
1990-08-29 13:00:00-04:00,21.4800,601.8500
1990-08-29 14:00:00-04:00,22.1300,524.2000
1990-08-29 15:00:00-04:00,22.7200,433.2000
1990-08-29 16:00:00-04:00,22.7900,339.2000
1990-08-29 17:00:00-04:00,22.6200,197.6000
1990-08-29 18:00:00-04:00,22.2900,81.4000
1990-08-29 19:00:00-04:00,21.3700,7.1500
1990-08-29 20:00:00-04:00,20.1400,0.0000
1990-08-29 21:00:00-04:00,19.1500,0.0000
1990-08-29 22:00:00-04:00,18.4800,0.0000
1990-08-29 23:00:00-04:00,17.9500,0.0000
1990-08-30 00:00:00-04:00,17.6300,0.0000
1990-08-30 01:00:00-04:00,17.0200,0.0000
1990-08-30 02:00:00-04:00,16.3100,0.0000
1990-08-30 03:00:00-04:00,15.6900,0.0000
1990-08-30 04:00:00-04:00,15.3300,0.0000
1990-08-30 05:00:00-04:00,14.7700,0.0000
1990-08-30 06:00:00-04:00,14.1600,0.0000
1990-08-30 07:00:00-04:00,13.6500,174.6000
1990-08-30 08:00:00-04:00,13.8500,374.3000
1990-08-30 09:00:00-04:00,14.3900,549.6000
1990-08-30 10:00:00-04:00,15.0100,683.5000
1990-08-30 11:00:00-04:00,15.7200,795.8500
1990-08-30 12:00:00-04:00,16.6700,807.6000
1990-08-30 13:00:00-04:00,17.2200,794.2000
1990-08-30 14:00:00-04:00,17.5000,661.3000
1990-08-30 15:00:00-04:00,18.3500,601.4000
1990-08-30 16:00:00-04:00,18.5200,470.9000
1990-08-30 17:00:00-04:00,18.5100,288.6500
1990-08-30 18:00:00-04:00,18.3300,122.5500
1990-08-30 19:00:00-04:00,17.3800,9.3000
1990-08-30 20:00:00-04:00,16.0700,0.0000
1990-08-30 21:00:00-04:00,15.0800,0.0000
1990-08-30 22:00:00-04:00,14.3300,0.0000
1990-08-30 23:00:00-04:00,13.6300,0.0000
1990-08-31 00:00:00-04:00,13.0900,0.0000
1990-08-31 01:00:00-04:00,12.6400,0.0000
1990-08-31 02:00:00-04:00,12.2700,0.0000
1990-08-31 03:00:00-04:00,11.6400,0.0000
1990-08-31 04:00:00-04:00,11.4100,0.0000
1990-08-31 05:00:00-04:00,11.2400,0.0000
1990-08-31 06:00:00-04:00,11.1600,0.0000
1990-08-31 07:00:00-04:00,11.4400,173.7500
1990-08-31 08:00:00-04:00,12.7200,355.3000
1990-08-31 09:00:00-04:00,14.3700,525.9000
1990-08-31 10:00:00-04:00,15.9700,646.0000
1990-08-31 11:00:00-04:00,17.6200,576.7000
1990-08-31 12:00:00-04:00,20.8900,498.3500
1990-08-31 13:00:00-04:00,20.4100,378.5500
1990-08-31 14:00:00-04:00,19.9300,415.0500
1990-08-31 15:00:00-04:00,19.4500,418.7500
1990-08-31 16:00:00-04:00,18.9600,330.2500
1990-08-31 17:00:00-04:00,18.4800,223.9000
1990-08-31 18:00:00-04:00,18.0000,113.8500
1990-08-31 19:00:00-04:00,17.5200,7.9500
1990-08-31 20:00:00-04:00,17.0400,0.0000
1990-08-31 21:00:00-04:00,16.5500,0.0000
1990-08-31 22:00:00-04:00,16.0700,0.0000
1990-08-31 23:00:00-04:00,15.5900,0.0000
1990-09-01 00:00:00-04:00,15.1100,0.0000
1990-09-01 01:00:00-04:00,14.6300,0.0000
1990-09-01 02:00:00-04:00,14.1400,0.0000
1990-09-01 03:00:00-04:00,13.6600,0.0000
1990-09-01 04:00:00-04:00,13.7500,0.0000
1990-09-01 05:00:00-04:00,13.3000,0.0000
1990-09-01 06:00:00-04:00,12.9100,0.0000
1990-09-01 07:00:00-04:00,12.6200,174.3000
1990-09-01 08:00:00-04:00,13.1000,348.5000
1990-09-01 09:00:00-04:00,15.3600,489.7500
1990-09-01 10:00:00-04:00,16.6100,663.0500
1990-09-01 11:00:00-04:00,17.7700,765.4500
1990-09-01 12:00:00-04:00,18.6700,809.0500
1990-09-01 13:00:00-04:00,19.4300,799.6000
1990-09-01 14:00:00-04:00,20.1200,553.8500
1990-09-01 15:00:00-04:00,20.5100,504.9000
1990-09-01 16:00:00-04:00,20.9000,369.0000
1990-09-01 17:00:00-04:00,20.7500,269.1000
1990-09-01 18:00:00-04:00,20.2800,94.6000
1990-09-01 19:00:00-04:00,19.1700,6.0000
1990-09-01 20:00:00-04:00,17.6300,0.0000
1990-09-01 21:00:00-04:00,16.9600,0.0000
1990-09-01 22:00:00-04:00,15.9500,0.0000
1990-09-01 23:00:00-04:00,15.3800,0.0000
1990-09-02 00:00:00-04:00,15.2800,0.0000
1990-09-02 01:00:00-04:00,15.4900,0.0000
1990-09-02 02:00:00-04:00,15.5900,0.0000
1990-09-02 03:00:00-04:00,15.3800,0.0000
1990-09-02 04:00:00-04:00,14.8300,0.0000
1990-09-02 05:00:00-04:00,14.8700,0.0000
1990-09-02 06:00:00-04:00,14.9300,0.0000
1990-09-02 07:00:00-04:00,15.0200,8.4000
1990-09-02 08:00:00-04:00,15.2100,27.9000
1990-09-02 09:00:00-04:00,15.6400,62.7000
1990-09-02 10:00:00-04:00,16.2000,91.9000
1990-09-02 11:00:00-04:00,16.8800,103.7000
1990-09-02 12:00:00-04:00,17.3200,131.5000
1990-09-02 13:00:00-04:00,17.7200,207.9000
1990-09-02 14:00:00-04:00,18.3400,308.4000
1990-09-02 15:00:00-04:00,19.3700,256.9500
1990-09-02 16:00:00-04:00,19.8800,195.2500
1990-09-02 17:00:00-04:00,20.0500,168.8500
1990-09-02 18:00:00-04:00,19.9600,82.9500
1990-09-02 19:00:00-04:00,19.3100,4.6000
1990-09-02 20:00:00-04:00,18.3800,0.0000
1990-09-02 21:00:00-04:00,17.7100,0.0000
1990-09-02 22:00:00-04:00,17.0000,0.0000
1990-09-02 23:00:00-04:00,16.3300,0.0000
1990-09-03 00:00:00-04:00,15.5700,0.0000
1990-09-03 01:00:00-04:00,14.6900,0.0000
1990-09-03 02:00:00-04:00,13.9400,0.0000
1990-09-03 03:00:00-04:00,13.3100,0.0000
1990-09-03 04:00:00-04:00,12.9000,0.0000
1990-09-03 05:00:00-04:00,12.3200,0.0000
1990-09-03 06:00:00-04:00,11.8000,0.0000
1990-09-03 07:00:00-04:00,11.4100,167.4500
1990-09-03 08:00:00-04:00,11.7900,364.5000
1990-09-03 09:00:00-04:00,12.6500,530.1500
1990-09-03 10:00:00-04:00,13.7000,642.2000
1990-09-03 11:00:00-04:00,14.8000,746.7500
1990-09-03 12:00:00-04:00,15.8300,799.3500
1990-09-03 13:00:00-04:00,16.7500,762.3000
1990-09-03 14:00:00-04:00,17.4500,730.3000
1990-09-03 15:00:00-04:00,17.7900,590.2000
1990-09-03 16:00:00-04:00,17.9600,418.1500
1990-09-03 17:00:00-04:00,17.7900,206.5000
1990-09-03 18:00:00-04:00,17.4300,65.2000
1990-09-03 19:00:00-04:00,16.8700,3.7000
1990-09-03 20:00:00-04:00,15.8100,0.0000
1990-09-03 21:00:00-04:00,15.5100,0.0000
1990-09-03 22:00:00-04:00,14.7100,0.0000
1990-09-03 23:00:00-04:00,14.3800,0.0000
1990-09-04 00:00:00-04:00,14.1500,0.0000
1990-09-04 01:00:00-04:00,14.1100,0.0000
1990-09-04 02:00:00-04:00,14.5300,0.0000
1990-09-04 03:00:00-04:00,15.7800,0.0000
1990-09-04 04:00:00-04:00,16.1100,0.0000
1990-09-04 05:00:00-04:00,16.7000,0.0000
1990-09-04 06:00:00-04:00,16.7600,0.0000
1990-09-04 07:00:00-04:00,17.1600,13.0500
1990-09-04 08:00:00-04:00,17.5700,39.6500
1990-09-04 09:00:00-04:00,17.8700,146.9500
1990-09-04 10:00:00-04:00,18.5300,166.1500
1990-09-04 11:00:00-04:00,19.0500,210.3000
1990-09-04 12:00:00-04:00,19.7100,302.4500
1990-09-04 13:00:00-04:00,20.5700,388.9000
1990-09-04 14:00:00-04:00,21.7200,543.7500
1990-09-04 15:00:00-04:00,20.6300,378.2000
1990-09-04 16:00:00-04:00,21.4700,237.4500
1990-09-04 17:00:00-04:00,20.3500,152.7000
1990-09-04 18:00:00-04:00,18.9400,38.5000
1990-09-04 19:00:00-04:00,17.4800,1.2000
1990-09-04 20:00:00-04:00,16.3500,0.0000
1990-09-04 21:00:00-04:00,15.6600,0.0000
1990-09-04 22:00:00-04:00,14.9000,0.0000
1990-09-04 23:00:00-04:00,14.1900,0.0000
1990-09-05 00:00:00-04:00,13.5500,0.0000
1990-09-05 01:00:00-04:00,13.1200,0.0000
1990-09-05 02:00:00-04:00,12.8100,0.0000
1990-09-05 03:00:00-04:00,12.2400,0.0000
1990-09-05 04:00:00-04:00,11.8700,0.0000
1990-09-05 05:00:00-04:00,11.4800,0.0000
1990-09-05 06:00:00-04:00,11.1500,0.0000
1990-09-05 07:00:00-04:00,11.0700,161.3000
1990-09-05 08:00:00-04:00,12.3500,339.8000
1990-09-05 09:00:00-04:00,13.9800,489.2500
1990-09-05 10:00:00-04:00,15.5000,629.4000
1990-09-05 11:00:00-04:00,17.0300,694.2000
1990-09-05 12:00:00-04:00,18.0900,767.5000
1990-09-05 13:00:00-04:00,19.0000,728.7500
1990-09-05 14:00:00-04:00,20.0900,359.8500
1990-09-05 15:00:00-04:00,20.0500,331.1000
1990-09-05 16:00:00-04:00,20.2700,320.8500
1990-09-05 17:00:00-04:00,20.4100,155.5500
1990-09-05 18:00:00-04:00,19.6600,71.1000
1990-09-05 19:00:00-04:00,18.3100,2.7500
1990-09-05 20:00:00-04:00,17.1500,0.0000
1990-09-05 21:00:00-04:00,16.1700,0.0000
1990-09-05 22:00:00-04:00,15.0700,0.0000
1990-09-05 23:00:00-04:00,15.0400,0.0000
1990-09-06 00:00:00-04:00,14.6700,0.0000
1990-09-06 01:00:00-04:00,14.5300,0.0000
1990-09-06 02:00:00-04:00,14.6800,0.0000
1990-09-06 03:00:00-04:00,13.6100,0.0000
1990-09-06 04:00:00-04:00,12.9300,0.0000
1990-09-06 05:00:00-04:00,12.5700,0.0000
1990-09-06 06:00:00-04:00,12.1700,0.0000
1990-09-06 07:00:00-04:00,12.0800,112.2000
1990-09-06 08:00:00-04:00,12.9700,222.0500
1990-09-06 09:00:00-04:00,14.3900,332.2500
1990-09-06 10:00:00-04:00,15.8300,501.0500
1990-09-06 11:00:00-04:00,17.2800,583.5500
1990-09-06 12:00:00-04:00,18.2700,603.1000
1990-09-06 13:00:00-04:00,19.0600,461.6500
1990-09-06 14:00:00-04:00,19.3900,563.9500
1990-09-06 15:00:00-04:00,19.8500,505.9500
1990-09-06 16:00:00-04:00,20.0100,360.7000
1990-09-06 17:00:00-04:00,19.8100,225.4500
1990-09-06 18:00:00-04:00,19.1600,74.0000
1990-09-06 19:00:00-04:00,17.8700,1.8000
1990-09-06 20:00:00-04:00,16.7000,0.0000
1990-09-06 21:00:00-04:00,16.0300,0.0000
1990-09-06 22:00:00-04:00,15.5400,0.0000
1990-09-06 23:00:00-04:00,15.1200,0.0000
1990-09-07 00:00:00-04:00,14.6900,0.0000
1990-09-07 01:00:00-04:00,14.3700,0.0000
1990-09-07 02:00:00-04:00,13.9500,0.0000
1990-09-07 03:00:00-04:00,13.6200,0.0000
1990-09-07 04:00:00-04:00,13.3800,0.0000
1990-09-07 05:00:00-04:00,13.2700,0.0000
1990-09-07 06:00:00-04:00,13.1500,0.0000
1990-09-07 07:00:00-04:00,12.9700,64.1500
1990-09-07 08:00:00-04:00,13.2000,168.7000
1990-09-07 09:00:00-04:00,14.0400,315.3500
1990-09-07 10:00:00-04:00,15.1200,565.0500
1990-09-07 11:00:00-04:00,16.6800,688.6000
1990-09-07 12:00:00-04:00,17.8800,767.2500
1990-09-07 13:00:00-04:00,18.7300,709.7000
1990-09-07 14:00:00-04:00,19.0700,504.5500
1990-09-07 15:00:00-04:00,19.0500,310.7000
1990-09-07 16:00:00-04:00,18.7000,273.5000
1990-09-07 17:00:00-04:00,18.3200,149.6000
1990-09-07 18:00:00-04:00,17.1600,45.5500
1990-09-07 19:00:00-04:00,15.9200,1.0500
1990-09-07 20:00:00-04:00,14.7300,0.0000
1990-09-07 21:00:00-04:00,13.8300,0.0000
1990-09-07 22:00:00-04:00,13.1100,0.0000
1990-09-07 23:00:00-04:00,12.6100,0.0000
1990-09-08 00:00:00-04:00,12.2700,0.0000
1990-09-08 01:00:00-04:00,12.2200,0.0000
1990-09-08 02:00:00-04:00,12.1900,0.0000
1990-09-08 03:00:00-04:00,11.9300,0.0000
1990-09-08 04:00:00-04:00,11.8800,0.0000
1990-09-08 05:00:00-04:00,11.8500,0.0000
1990-09-08 06:00:00-04:00,11.9200,0.0000
1990-09-08 07:00:00-04:00,11.9800,30.7000
1990-09-08 08:00:00-04:00,12.0200,69.6000
1990-09-08 09:00:00-04:00,12.4400,196.2500
1990-09-08 10:00:00-04:00,13.3500,440.5000
1990-09-08 11:00:00-04:00,14.7100,635.2500
1990-09-08 12:00:00-04:00,16.3000,578.7500
1990-09-08 13:00:00-04:00,17.0600,533.3000
1990-09-08 14:00:00-04:00,17.4900,534.1500
1990-09-08 15:00:00-04:00,17.5000,439.4000
1990-09-08 16:00:00-04:00,17.5700,328.4500
1990-09-08 17:00:00-04:00,17.2500,206.1000
1990-09-08 18:00:00-04:00,16.0800,58.1500
1990-09-08 19:00:00-04:00,15.4300,0.8000
1990-09-08 20:00:00-04:00,14.6400,0.0000
1990-09-08 21:00:00-04:00,13.8900,0.0000
1990-09-08 22:00:00-04:00,13.1000,0.0000
1990-09-08 23:00:00-04:00,12.4600,0.0000
1990-09-09 00:00:00-04:00,12.0300,0.0000
1990-09-09 01:00:00-04:00,11.6300,0.0000
1990-09-09 02:00:00-04:00,11.2900,0.0000
1990-09-09 03:00:00-04:00,10.8100,0.0000
1990-09-09 04:00:00-04:00,10.5800,0.0000
1990-09-09 05:00:00-04:00,10.4000,0.0000
1990-09-09 06:00:00-04:00,10.1400,0.0000
1990-09-09 07:00:00-04:00,10.0800,109.6500
1990-09-09 08:00:00-04:00,10.6200,275.7500
1990-09-09 09:00:00-04:00,11.6000,414.3500
1990-09-09 10:00:00-04:00,12.7400,625.2500
1990-09-09 11:00:00-04:00,14.0700,717.0000
1990-09-09 12:00:00-04:00,15.2900,699.4000
1990-09-09 13:00:00-04:00,15.9800,615.4500
1990-09-09 14:00:00-04:00,16.5000,486.6500
1990-09-09 15:00:00-04:00,16.5600,322.6000
1990-09-09 16:00:00-04:00,16.6100,286.8000
1990-09-09 17:00:00-04:00,16.6800,168.7000
1990-09-09 18:00:00-04:00,16.3300,65.2500
1990-09-09 19:00:00-04:00,15.4100,0.6000
1990-09-09 20:00:00-04:00,14.5200,0.0000
1990-09-09 21:00:00-04:00,13.9800,0.0000
1990-09-09 22:00:00-04:00,13.3500,0.0000
1990-09-09 23:00:00-04:00,12.8000,0.0000
1990-09-10 00:00:00-04:00,12.3600,0.0000
1990-09-10 01:00:00-04:00,11.6400,0.0000
1990-09-10 02:00:00-04:00,11.1000,0.0000
1990-09-10 03:00:00-04:00,10.5800,0.0000
1990-09-10 04:00:00-04:00,9.6900,0.0000
1990-09-10 05:00:00-04:00,9.6500,0.0000
1990-09-10 06:00:00-04:00,8.7800,0.0000
1990-09-10 07:00:00-04:00,8.7300,122.6500
1990-09-10 08:00:00-04:00,10.5100,229.6500
1990-09-10 09:00:00-04:00,12.3600,320.3000
1990-09-10 10:00:00-04:00,13.9600,480.5500
1990-09-10 11:00:00-04:00,15.6500,529.9000
1990-09-10 12:00:00-04:00,16.7100,442.2000
1990-09-10 13:00:00-04:00,17.2400,253.3500
1990-09-10 14:00:00-04:00,17.2600,241.7500
1990-09-10 15:00:00-04:00,17.7100,98.1500
1990-09-10 16:00:00-04:00,16.9300,59.3500
1990-09-10 17:00:00-04:00,16.2600,65.2500
1990-09-10 18:00:00-04:00,15.8200,16.4500
1990-09-10 19:00:00-04:00,15.1600,0.0500
1990-09-10 20:00:00-04:00,14.5600,0.0000
1990-09-10 21:00:00-04:00,14.0400,0.0000
1990-09-10 22:00:00-04:00,13.5700,0.0000
1990-09-10 23:00:00-04:00,13.5700,0.0000
1990-09-11 00:00:00-04:00,13.8900,0.0000
1990-09-11 01:00:00-04:00,14.2000,0.0000
1990-09-11 02:00:00-04:00,14.6200,0.0000
1990-09-11 03:00:00-04:00,14.3400,0.0000
1990-09-11 04:00:00-04:00,14.3100,0.0000
1990-09-11 05:00:00-04:00,14.4900,0.0000
1990-09-11 06:00:00-04:00,14.8400,0.0000
1990-09-11 07:00:00-04:00,15.2400,38.7000
1990-09-11 08:00:00-04:00,15.9900,78.4000
1990-09-11 09:00:00-04:00,16.8100,118.5000
1990-09-11 10:00:00-04:00,17.6900,232.6000
1990-09-11 11:00:00-04:00,19.0000,370.1000
1990-09-11 12:00:00-04:00,20.4700,438.0500
1990-09-11 13:00:00-04:00,21.5100,447.4500
1990-09-11 14:00:00-04:00,21.4000,323.7000
1990-09-11 15:00:00-04:00,18.7900,302.2000
1990-09-11 16:00:00-04:00,17.2100,194.5000
1990-09-11 17:00:00-04:00,16.2000,151.8500
1990-09-11 18:00:00-04:00,15.7000,40.1000
1990-09-11 19:00:00-04:00,15.0500,0.1500
1990-09-11 20:00:00-04:00,14.5500,0.0000
1990-09-11 21:00:00-04:00,14.1200,0.0000
1990-09-11 22:00:00-04:00,13.6900,0.0000
1990-09-11 23:00:00-04:00,13.4000,0.0000
1990-09-12 00:00:00-04:00,13.0900,0.0000
1990-09-12 01:00:00-04:00,12.7200,0.0000
1990-09-12 02:00:00-04:00,12.5300,0.0000
1990-09-12 03:00:00-04:00,11.7300,0.0000
1990-09-12 04:00:00-04:00,11.4800,0.0000
1990-09-12 05:00:00-04:00,11.1300,0.0000
1990-09-12 06:00:00-04:00,10.7200,0.0000
1990-09-12 07:00:00-04:00,10.4900,140.4000
1990-09-12 08:00:00-04:00,11.2800,312.7000
1990-09-12 09:00:00-04:00,12.5900,475.7000
1990-09-12 10:00:00-04:00,14.0200,612.7000
1990-09-12 11:00:00-04:00,15.4600,701.8500
1990-09-12 12:00:00-04:00,16.6700,663.8500
1990-09-12 13:00:00-04:00,17.4000,647.6500
1990-09-12 14:00:00-04:00,17.9300,655.5000
1990-09-12 15:00:00-04:00,18.4400,540.3500
1990-09-12 16:00:00-04:00,18.5000,422.7500
1990-09-12 17:00:00-04:00,18.2800,238.2500
1990-09-12 18:00:00-04:00,17.4700,67.0500
1990-09-12 19:00:00-04:00,16.0500,0.0500
1990-09-12 20:00:00-04:00,14.7300,0.0000
1990-09-12 21:00:00-04:00,13.6800,0.0000
1990-09-12 22:00:00-04:00,12.7200,0.0000
1990-09-12 23:00:00-04:00,11.8600,0.0000
1990-09-13 00:00:00-04:00,11.1100,0.0000
1990-09-13 01:00:00-04:00,10.5500,0.0000
1990-09-13 02:00:00-04:00,10.1800,0.0000
1990-09-13 03:00:00-04:00,9.3200,0.0000
1990-09-13 04:00:00-04:00,8.8800,0.0000
1990-09-13 05:00:00-04:00,8.5100,0.0000
1990-09-13 06:00:00-04:00,8.1600,0.0000
1990-09-13 07:00:00-04:00,7.9800,138.9500
1990-09-13 08:00:00-04:00,9.3400,319.4500
1990-09-13 09:00:00-04:00,11.5100,491.6500
1990-09-13 10:00:00-04:00,13.3500,631.7500
1990-09-13 11:00:00-04:00,14.9800,726.8500
1990-09-13 12:00:00-04:00,16.3600,768.7500
1990-09-13 13:00:00-04:00,17.4200,753.6000
1990-09-13 14:00:00-04:00,18.1400,681.6000
1990-09-13 15:00:00-04:00,18.6900,557.2000
1990-09-13 16:00:00-04:00,18.9500,376.9500
1990-09-13 17:00:00-04:00,18.8200,188.4500
1990-09-13 18:00:00-04:00,17.9400,44.5000
1990-09-13 19:00:00-04:00,16.5000,0.0000
1990-09-13 20:00:00-04:00,15.5900,0.0000
1990-09-13 21:00:00-04:00,15.2800,0.0000
1990-09-13 22:00:00-04:00,15.3100,0.0000
1990-09-13 23:00:00-04:00,15.3100,0.0000
1990-09-14 00:00:00-04:00,15.1000,0.0000
1990-09-14 01:00:00-04:00,14.6100,0.0000
1990-09-14 02:00:00-04:00,13.4800,0.0000
1990-09-14 03:00:00-04:00,12.2900,0.0000
1990-09-14 04:00:00-04:00,12.5500,0.0000
1990-09-14 05:00:00-04:00,13.0900,0.0000
1990-09-14 06:00:00-04:00,13.0700,0.0000
1990-09-14 07:00:00-04:00,12.8500,15.0000
1990-09-14 08:00:00-04:00,12.9000,29.4500
1990-09-14 09:00:00-04:00,13.1600,75.9500
1990-09-14 10:00:00-04:00,13.8000,116.7500
1990-09-14 11:00:00-04:00,14.6700,120.7000
1990-09-14 12:00:00-04:00,15.5400,139.9500
1990-09-14 13:00:00-04:00,16.4300,173.3000
1990-09-14 14:00:00-04:00,17.4500,241.4000
1990-09-14 15:00:00-04:00,18.7900,279.0000
1990-09-14 16:00:00-04:00,19.8500,164.8000
1990-09-14 17:00:00-04:00,19.6600,77.5000
1990-09-14 18:00:00-04:00,19.0300,26.1500
1990-09-14 19:00:00-04:00,18.3700,0.0000
1990-09-14 20:00:00-04:00,17.7100,0.0000
1990-09-14 21:00:00-04:00,17.3400,0.0000
1990-09-14 22:00:00-04:00,16.8900,0.0000
1990-09-14 23:00:00-04:00,16.5700,0.0000
1990-09-15 00:00:00-04:00,16.2400,0.0000
1990-09-15 01:00:00-04:00,15.8900,0.0000
1990-09-15 02:00:00-04:00,15.6700,0.0000
1990-09-15 03:00:00-04:00,15.3600,0.0000
1990-09-15 04:00:00-04:00,15.1800,0.0000
1990-09-15 05:00:00-04:00,15.0300,0.0000
1990-09-15 06:00:00-04:00,14.9100,0.0000
1990-09-15 07:00:00-04:00,14.8100,75.4500
1990-09-15 08:00:00-04:00,15.0400,205.9000
1990-09-15 09:00:00-04:00,15.7200,311.6500
1990-09-15 10:00:00-04:00,16.3300,451.9500
1990-09-15 11:00:00-04:00,17.1900,373.9000
1990-09-15 12:00:00-04:00,17.4800,287.2000
1990-09-15 13:00:00-04:00,17.5000,300.4000
1990-09-15 14:00:00-04:00,17.6700,132.8000
1990-09-15 15:00:00-04:00,16.7200,135.5500
1990-09-15 16:00:00-04:00,16.6100,100.4500
1990-09-15 17:00:00-04:00,16.3800,47.4000
1990-09-15 18:00:00-04:00,16.0300,13.8500
1990-09-15 19:00:00-04:00,15.6700,0.0000
1990-09-15 20:00:00-04:00,15.2500,0.0000
1990-09-15 21:00:00-04:00,14.8000,0.0000
1990-09-15 22:00:00-04:00,14.3400,0.0000
1990-09-15 23:00:00-04:00,13.8100,0.0000
1990-09-16 00:00:00-04:00,13.3100,0.0000
1990-09-16 01:00:00-04:00,12.7100,0.0000
1990-09-16 02:00:00-04:00,12.1900,0.0000
1990-09-16 03:00:00-04:00,11.6200,0.0000
1990-09-16 04:00:00-04:00,11.2400,0.0000
1990-09-16 05:00:00-04:00,11.2300,0.0000
1990-09-16 06:00:00-04:00,11.1100,0.0000
1990-09-16 07:00:00-04:00,11.0500,83.8500
1990-09-16 08:00:00-04:00,11.9400,236.8500
1990-09-16 09:00:00-04:00,13.5000,429.2000
1990-09-16 10:00:00-04:00,15.1100,541.3500
1990-09-16 11:00:00-04:00,16.3900,488.3000
1990-09-16 12:00:00-04:00,17.0000,253.7000
1990-09-16 13:00:00-04:00,16.8700,285.9500
1990-09-16 14:00:00-04:00,17.1200,223.8000
1990-09-16 15:00:00-04:00,17.8300,248.0000
1990-09-16 16:00:00-04:00,18.1100,230.2000
1990-09-16 17:00:00-04:00,18.1300,170.7500
1990-09-16 18:00:00-04:00,17.5200,37.2000
1990-09-16 19:00:00-04:00,16.3400,0.0000
1990-09-16 20:00:00-04:00,15.2700,0.0000
1990-09-16 21:00:00-04:00,14.2700,0.0000
1990-09-16 22:00:00-04:00,13.4100,0.0000
1990-09-16 23:00:00-04:00,12.7100,0.0000
1990-09-17 00:00:00-04:00,12.0000,0.0000
1990-09-17 01:00:00-04:00,11.5000,0.0000
1990-09-17 02:00:00-04:00,11.0100,0.0000
1990-09-17 03:00:00-04:00,10.6800,0.0000
1990-09-17 04:00:00-04:00,10.4700,0.0000
1990-09-17 05:00:00-04:00,10.2300,0.0000
1990-09-17 06:00:00-04:00,10.0200,0.0000
1990-09-17 07:00:00-04:00,9.8900,106.5000
1990-09-17 08:00:00-04:00,10.9500,244.1000
1990-09-17 09:00:00-04:00,12.5100,378.2000
1990-09-17 10:00:00-04:00,13.9500,532.9000
1990-09-17 11:00:00-04:00,15.5700,473.9500
1990-09-17 12:00:00-04:00,16.3400,395.6000
1990-09-17 13:00:00-04:00,16.6900,484.3000
1990-09-17 14:00:00-04:00,17.3000,282.2500
1990-09-17 15:00:00-04:00,16.8900,335.6500
1990-09-17 16:00:00-04:00,17.1000,263.2500
1990-09-17 17:00:00-04:00,17.0600,152.4000
1990-09-17 18:00:00-04:00,16.6600,36.7000
1990-09-17 19:00:00-04:00,15.7000,0.0000
1990-09-17 20:00:00-04:00,14.0700,0.0000
1990-09-17 21:00:00-04:00,13.1100,0.0000
1990-09-17 22:00:00-04:00,12.1800,0.0000
1990-09-17 23:00:00-04:00,11.0000,0.0000
1990-09-18 00:00:00-04:00,10.1600,0.0000
1990-09-18 01:00:00-04:00,9.8900,0.0000
1990-09-18 02:00:00-04:00,9.7300,0.0000
1990-09-18 03:00:00-04:00,8.9400,0.0000
1990-09-18 04:00:00-04:00,8.3800,0.0000
1990-09-18 05:00:00-04:00,7.9200,0.0000
1990-09-18 06:00:00-04:00,7.5800,0.0000
1990-09-18 07:00:00-04:00,7.2200,118.0000
1990-09-18 08:00:00-04:00,8.6600,292.7500
1990-09-18 09:00:00-04:00,11.1700,462.5500
1990-09-18 10:00:00-04:00,12.9400,602.4000
1990-09-18 11:00:00-04:00,14.3000,697.4500
1990-09-18 12:00:00-04:00,15.3200,731.8000
1990-09-18 13:00:00-04:00,16.1500,721.5000
1990-09-18 14:00:00-04:00,16.7800,652.2000
1990-09-18 15:00:00-04:00,17.0000,534.5500
1990-09-18 16:00:00-04:00,17.1000,376.9500
1990-09-18 17:00:00-04:00,16.8900,199.7500
1990-09-18 18:00:00-04:00,16.2700,42.3500
1990-09-18 19:00:00-04:00,15.4700,0.0000
1990-09-18 20:00:00-04:00,14.8100,0.0000
1990-09-18 21:00:00-04:00,14.3800,0.0000
1990-09-18 22:00:00-04:00,13.0100,0.0000
1990-09-18 23:00:00-04:00,11.6600,0.0000
1990-09-19 00:00:00-04:00,12.0400,0.0000
1990-09-19 01:00:00-04:00,11.8000,0.0000
1990-09-19 02:00:00-04:00,11.4200,0.0000
1990-09-19 03:00:00-04:00,8.0300,0.0000
1990-09-19 04:00:00-04:00,7.8600,0.0000
1990-09-19 05:00:00-04:00,7.4900,0.0000
1990-09-19 06:00:00-04:00,7.5500,0.0000
1990-09-19 07:00:00-04:00,7.6600,105.1000
1990-09-19 08:00:00-04:00,8.2300,259.9500
1990-09-19 09:00:00-04:00,10.8400,434.6000
1990-09-19 10:00:00-04:00,13.1500,585.4500
1990-09-19 11:00:00-04:00,15.2100,675.0000
1990-09-19 12:00:00-04:00,16.7700,709.7000
1990-09-19 13:00:00-04:00,17.9300,694.6500
1990-09-19 14:00:00-04:00,18.7600,618.5000
1990-09-19 15:00:00-04:00,18.9700,475.0500
1990-09-19 16:00:00-04:00,19.0500,323.7500
1990-09-19 17:00:00-04:00,18.7800,154.4000
1990-09-19 18:00:00-04:00,17.7600,29.2000
1990-09-19 19:00:00-04:00,16.4900,0.0000
1990-09-19 20:00:00-04:00,15.5600,0.0000
1990-09-19 21:00:00-04:00,14.8800,0.0000
1990-09-19 22:00:00-04:00,14.3600,0.0000
1990-09-19 23:00:00-04:00,13.8500,0.0000
1990-09-20 00:00:00-04:00,13.4100,0.0000
1990-09-20 01:00:00-04:00,13.0500,0.0000
1990-09-20 02:00:00-04:00,12.7400,0.0000
1990-09-20 03:00:00-04:00,12.2800,0.0000
1990-09-20 04:00:00-04:00,12.0100,0.0000
1990-09-20 05:00:00-04:00,11.8100,0.0000
1990-09-20 06:00:00-04:00,11.6400,0.0000
1990-09-20 07:00:00-04:00,11.5600,87.5500
1990-09-20 08:00:00-04:00,12.5800,240.7500
1990-09-20 09:00:00-04:00,14.6000,355.3500
1990-09-20 10:00:00-04:00,16.3300,476.7500
1990-09-20 11:00:00-04:00,18.0200,581.9000
1990-09-20 12:00:00-04:00,19.6800,619.3000
1990-09-20 13:00:00-04:00,21.0100,549.0500
1990-09-20 14:00:00-04:00,21.8500,517.1500
1990-09-20 15:00:00-04:00,22.6700,410.8000
1990-09-20 16:00:00-04:00,22.9800,273.6000
1990-09-20 17:00:00-04:00,22.7900,144.2000
1990-09-20 18:00:00-04:00,21.9700,28.6000
1990-09-20 19:00:00-04:00,20.5300,0.0000
1990-09-20 20:00:00-04:00,19.4100,0.0000
1990-09-20 21:00:00-04:00,18.6800,0.0000
1990-09-20 22:00:00-04:00,18.0800,0.0000
1990-09-20 23:00:00-04:00,17.6900,0.0000
1990-09-21 00:00:00-04:00,17.3200,0.0000
1990-09-21 01:00:00-04:00,16.8000,0.0000
1990-09-21 02:00:00-04:00,16.2800,0.0000
1990-09-21 03:00:00-04:00,16.5700,0.0000
1990-09-21 04:00:00-04:00,16.0800,0.0000
1990-09-21 05:00:00-04:00,15.4600,0.0000
1990-09-21 06:00:00-04:00,14.8400,0.0000
1990-09-21 07:00:00-04:00,14.0600,102.9000
1990-09-21 08:00:00-04:00,14.6100,266.2500
1990-09-21 09:00:00-04:00,16.1700,441.5000
1990-09-21 10:00:00-04:00,17.5600,566.0500
1990-09-21 11:00:00-04:00,19.0900,657.3000
1990-09-21 12:00:00-04:00,20.5100,707.1000
1990-09-21 13:00:00-04:00,21.6900,691.2500
1990-09-21 14:00:00-04:00,22.5300,615.3500
1990-09-21 15:00:00-04:00,23.3600,454.9000
1990-09-21 16:00:00-04:00,23.4700,270.3500
1990-09-21 17:00:00-04:00,23.0900,143.0500
1990-09-21 18:00:00-04:00,22.2200,24.7500
1990-09-21 19:00:00-04:00,20.8900,0.0000
1990-09-21 20:00:00-04:00,19.7800,0.0000
1990-09-21 21:00:00-04:00,18.9800,0.0000
1990-09-21 22:00:00-04:00,18.3600,0.0000
1990-09-21 23:00:00-04:00,17.8500,0.0000
1990-09-22 00:00:00-04:00,17.3900,0.0000
1990-09-22 01:00:00-04:00,16.8600,0.0000
1990-09-22 02:00:00-04:00,16.5200,0.0000
1990-09-22 03:00:00-04:00,16.3000,0.0000
1990-09-22 04:00:00-04:00,16.1000,0.0000
1990-09-22 05:00:00-04:00,16.0500,0.0000
1990-09-22 06:00:00-04:00,16.0500,0.0000
1990-09-22 07:00:00-04:00,16.0800,82.8500
1990-09-22 08:00:00-04:00,17.0200,198.2000
1990-09-22 09:00:00-04:00,18.6600,324.2000
1990-09-22 10:00:00-04:00,20.3500,363.9000
1990-09-22 11:00:00-04:00,21.5600,232.2000
1990-09-22 12:00:00-04:00,21.9300,181.6000
1990-09-22 13:00:00-04:00,22.0800,290.5000
1990-09-22 14:00:00-04:00,23.0400,446.5500
1990-09-22 15:00:00-04:00,25.1100,354.5000
1990-09-22 16:00:00-04:00,25.5500,177.9500
1990-09-22 17:00:00-04:00,25.1800,48.6500
1990-09-22 18:00:00-04:00,24.4500,7.0500
1990-09-22 19:00:00-04:00,23.8100,0.0000
1990-09-22 20:00:00-04:00,23.3200,0.0000
1990-09-22 21:00:00-04:00,23.1300,0.0000
1990-09-22 22:00:00-04:00,23.1800,0.0000
1990-09-22 23:00:00-04:00,23.0600,0.0000
1990-09-23 00:00:00-04:00,22.9400,0.0000
1990-09-23 01:00:00-04:00,22.9000,0.0000
1990-09-23 02:00:00-04:00,22.9200,0.0000
1990-09-23 03:00:00-04:00,23.5700,0.0000
1990-09-23 04:00:00-04:00,23.4200,0.0000
1990-09-23 05:00:00-04:00,22.5600,0.0000
1990-09-23 06:00:00-04:00,21.9200,0.0000
1990-09-23 07:00:00-04:00,20.6300,4.9500
1990-09-23 08:00:00-04:00,19.4800,17.9000
1990-09-23 09:00:00-04:00,19.3800,51.0500
1990-09-23 10:00:00-04:00,19.5300,55.5500
1990-09-23 11:00:00-04:00,19.7500,60.9000
1990-09-23 12:00:00-04:00,19.9200,53.0000
1990-09-23 13:00:00-04:00,19.9700,107.7500
1990-09-23 14:00:00-04:00,20.3500,183.1500
1990-09-23 15:00:00-04:00,21.1400,133.1000
1990-09-23 16:00:00-04:00,21.4300,94.6000
1990-09-23 17:00:00-04:00,21.5000,65.4500
1990-09-23 18:00:00-04:00,21.2500,6.9000
1990-09-23 19:00:00-04:00,20.6400,0.0000
1990-09-23 20:00:00-04:00,19.7100,0.0000
1990-09-23 21:00:00-04:00,19.0500,0.0000
1990-09-23 22:00:00-04:00,18.7900,0.0000
1990-09-23 23:00:00-04:00,18.3400,0.0000
1990-09-24 00:00:00-04:00,18.1300,0.0000
1990-09-24 01:00:00-04:00,17.9900,0.0000
1990-09-24 02:00:00-04:00,17.6000,0.0000
1990-09-24 03:00:00-04:00,17.0400,0.0000
1990-09-24 04:00:00-04:00,16.6000,0.0000
1990-09-24 05:00:00-04:00,16.1500,0.0000
1990-09-24 06:00:00-04:00,15.6900,0.0000
1990-09-24 07:00:00-04:00,15.3400,21.8500
1990-09-24 08:00:00-04:00,15.2500,54.2500
1990-09-24 09:00:00-04:00,15.1900,103.6500
1990-09-24 10:00:00-04:00,15.2700,116.7000
1990-09-24 11:00:00-04:00,15.3700,104.9500
1990-09-24 12:00:00-04:00,15.3100,177.5500
1990-09-24 13:00:00-04:00,15.7500,127.0000
1990-09-24 14:00:00-04:00,15.6600,105.6500
1990-09-24 15:00:00-04:00,14.8400,104.4000
1990-09-24 16:00:00-04:00,14.7700,41.0000
1990-09-24 17:00:00-04:00,14.3800,44.9000
1990-09-24 18:00:00-04:00,14.0200,1.6000
1990-09-24 19:00:00-04:00,13.7100,0.0000
1990-09-24 20:00:00-04:00,13.4200,0.0000
1990-09-24 21:00:00-04:00,13.0600,0.0000
1990-09-24 22:00:00-04:00,12.7000,0.0000
1990-09-24 23:00:00-04:00,12.3800,0.0000
1990-09-25 00:00:00-04:00,12.0900,0.0000
1990-09-25 01:00:00-04:00,11.8500,0.0000
1990-09-25 02:00:00-04:00,11.6800,0.0000
1990-09-25 03:00:00-04:00,11.7300,0.0000
1990-09-25 04:00:00-04:00,11.6000,0.0000
1990-09-25 05:00:00-04:00,11.6200,0.0000
1990-09-25 06:00:00-04:00,11.6100,0.0000
1990-09-25 07:00:00-04:00,11.6100,18.7500
1990-09-25 08:00:00-04:00,11.6900,96.0500
1990-09-25 09:00:00-04:00,11.9800,190.4500
1990-09-25 10:00:00-04:00,12.5800,309.9500
1990-09-25 11:00:00-04:00,13.5500,298.6500
1990-09-25 12:00:00-04:00,14.2400,293.5000
1990-09-25 13:00:00-04:00,14.8600,268.8500
1990-09-25 14:00:00-04:00,15.3100,181.3500
1990-09-25 15:00:00-04:00,14.0400,168.3000
1990-09-25 16:00:00-04:00,14.4700,76.0000
1990-09-25 17:00:00-04:00,14.6700,36.9500
1990-09-25 18:00:00-04:00,14.8400,6.8000
1990-09-25 19:00:00-04:00,14.6400,0.0000
1990-09-25 20:00:00-04:00,14.2200,0.0000
1990-09-25 21:00:00-04:00,13.8500,0.0000
1990-09-25 22:00:00-04:00,13.6100,0.0000
1990-09-25 23:00:00-04:00,13.6100,0.0000
1990-09-26 00:00:00-04:00,13.7700,0.0000
1990-09-26 01:00:00-04:00,14.2700,0.0000
1990-09-26 02:00:00-04:00,14.8800,0.0000
1990-09-26 03:00:00-04:00,15.1300,0.0000
1990-09-26 04:00:00-04:00,15.1600,0.0000
1990-09-26 05:00:00-04:00,15.2200,0.0000
1990-09-26 06:00:00-04:00,15.1400,0.0000
1990-09-26 07:00:00-04:00,15.2900,19.5500
1990-09-26 08:00:00-04:00,15.2400,18.1000
1990-09-26 09:00:00-04:00,15.3100,58.5000
1990-09-26 10:00:00-04:00,15.6700,53.5000
1990-09-26 11:00:00-04:00,15.8400,44.5500
1990-09-26 12:00:00-04:00,15.9400,43.1500
1990-09-26 13:00:00-04:00,15.9500,55.5000
1990-09-26 14:00:00-04:00,15.2600,73.3500
1990-09-26 15:00:00-04:00,15.1800,109.0500
1990-09-26 16:00:00-04:00,15.2700,115.0500
1990-09-26 17:00:00-04:00,15.2200,72.2000
1990-09-26 18:00:00-04:00,14.8400,13.4000
1990-09-26 19:00:00-04:00,14.2400,0.0000
1990-09-26 20:00:00-04:00,13.7100,0.0000
1990-09-26 21:00:00-04:00,13.5500,0.0000
1990-09-26 22:00:00-04:00,13.2000,0.0000
1990-09-26 23:00:00-04:00,12.8500,0.0000
1990-09-27 00:00:00-04:00,12.3900,0.0000
1990-09-27 01:00:00-04:00,12.0100,0.0000
1990-09-27 02:00:00-04:00,11.5600,0.0000
1990-09-27 03:00:00-04:00,10.8800,0.0000
1990-09-27 04:00:00-04:00,10.5000,0.0000
1990-09-27 05:00:00-04:00,10.0900,0.0000
1990-09-27 06:00:00-04:00,9.7300,0.0000
1990-09-27 07:00:00-04:00,9.4300,31.0000
1990-09-27 08:00:00-04:00,10.3800,256.3000
1990-09-27 09:00:00-04:00,11.9300,409.4500
1990-09-27 10:00:00-04:00,13.3600,535.3000
1990-09-27 11:00:00-04:00,14.7500,614.8000
1990-09-27 12:00:00-04:00,15.9900,681.7500
1990-09-27 13:00:00-04:00,17.0100,622.7500
1990-09-27 14:00:00-04:00,17.6000,253.0500
1990-09-27 15:00:00-04:00,17.3800,256.2000
1990-09-27 16:00:00-04:00,17.4200,162.5000
1990-09-27 17:00:00-04:00,17.1400,81.5000
1990-09-27 18:00:00-04:00,16.5500,13.6500
1990-09-27 19:00:00-04:00,15.5200,0.0000
1990-09-27 20:00:00-04:00,14.7700,0.0000
1990-09-27 21:00:00-04:00,14.6600,0.0000
1990-09-27 22:00:00-04:00,14.7800,0.0000
1990-09-27 23:00:00-04:00,14.9800,0.0000
1990-09-28 00:00:00-04:00,14.9600,0.0000
1990-09-28 01:00:00-04:00,14.8200,0.0000
1990-09-28 02:00:00-04:00,14.6700,0.0000
1990-09-28 03:00:00-04:00,13.9700,0.0000
1990-09-28 04:00:00-04:00,13.7800,0.0000
1990-09-28 05:00:00-04:00,13.7300,0.0000
1990-09-28 06:00:00-04:00,13.8400,0.0000
1990-09-28 07:00:00-04:00,14.1300,20.3500
1990-09-28 08:00:00-04:00,14.6300,51.7000
1990-09-28 09:00:00-04:00,14.8100,94.2500
1990-09-28 10:00:00-04:00,14.9000,125.1500
1990-09-28 11:00:00-04:00,15.4100,89.2000
1990-09-28 12:00:00-04:00,15.6800,107.8500
1990-09-28 13:00:00-04:00,16.1700,35.0000
1990-09-28 14:00:00-04:00,16.0700,26.0500
1990-09-28 15:00:00-04:00,16.5000,31.6500
1990-09-28 16:00:00-04:00,16.5800,30.4000
1990-09-28 17:00:00-04:00,16.6600,42.8000
1990-09-28 18:00:00-04:00,16.6200,5.8000
1990-09-28 19:00:00-04:00,16.1100,0.0000
1990-09-28 20:00:00-04:00,15.8300,0.0000
1990-09-28 21:00:00-04:00,15.4800,0.0000
1990-09-28 22:00:00-04:00,14.7500,0.0000
1990-09-28 23:00:00-04:00,13.9200,0.0000
1990-09-29 00:00:00-04:00,13.1300,0.0000
1990-09-29 01:00:00-04:00,12.3300,0.0000
1990-09-29 02:00:00-04:00,11.4000,0.0000
1990-09-29 03:00:00-04:00,9.8900,0.0000
1990-09-29 04:00:00-04:00,9.1200,0.0000
1990-09-29 05:00:00-04:00,8.7000,0.0000
1990-09-29 06:00:00-04:00,8.3900,0.0000
1990-09-29 07:00:00-04:00,8.0600,29.4000
1990-09-29 08:00:00-04:00,8.4500,252.6000
1990-09-29 09:00:00-04:00,9.7700,422.2500
1990-09-29 10:00:00-04:00,10.7600,552.8000
1990-09-29 11:00:00-04:00,11.6500,642.4000
1990-09-29 12:00:00-04:00,12.5900,669.0500
1990-09-29 13:00:00-04:00,13.2500,670.1000
1990-09-29 14:00:00-04:00,13.8600,587.9000
1990-09-29 15:00:00-04:00,13.7000,464.6000
1990-09-29 16:00:00-04:00,13.8300,303.3000
1990-09-29 17:00:00-04:00,13.6500,133.3500
1990-09-29 18:00:00-04:00,13.0000,12.1000
1990-09-29 19:00:00-04:00,11.8000,0.0000
1990-09-29 20:00:00-04:00,10.5500,0.0000
1990-09-29 21:00:00-04:00,9.5200,0.0000
1990-09-29 22:00:00-04:00,9.0900,0.0000
1990-09-29 23:00:00-04:00,8.5100,0.0000
1990-09-30 00:00:00-04:00,8.0100,0.0000
1990-09-30 01:00:00-04:00,7.5300,0.0000
1990-09-30 02:00:00-04:00,7.0900,0.0000
1990-09-30 03:00:00-04:00,5.9500,0.0000
1990-09-30 04:00:00-04:00,5.7300,0.0000
1990-09-30 05:00:00-04:00,5.4500,0.0000
1990-09-30 06:00:00-04:00,5.1800,0.0000
1990-09-30 07:00:00-04:00,5.1300,30.1000
1990-09-30 08:00:00-04:00,5.8300,245.7000
1990-09-30 09:00:00-04:00,7.4900,406.3000
1990-09-30 10:00:00-04:00,9.1300,497.1500
1990-09-30 11:00:00-04:00,10.3800,553.5500
1990-09-30 12:00:00-04:00,12.4100,580.8500
1990-09-30 13:00:00-04:00,12.3600,458.4000
1990-09-30 14:00:00-04:00,12.3100,519.6000
1990-09-30 15:00:00-04:00,12.2700,416.9000
1990-09-30 16:00:00-04:00,12.2200,239.0500
1990-09-30 17:00:00-04:00,12.1700,100.7000
1990-09-30 18:00:00-04:00,12.1200,6.9500
1990-09-30 19:00:00-04:00,12.0700,0.0000
1990-09-30 20:00:00-04:00,12.0200,0.0000
1990-09-30 21:00:00-04:00,11.9700,0.0000
1990-09-30 22:00:00-04:00,11.9300,0.0000
1990-09-30 23:00:00-04:00,11.8800,0.0000
1990-10-01 00:00:00-04:00,11.8300,0.0000
1990-10-01 01:00:00-04:00,11.7800,0.0000
1990-10-01 02:00:00-04:00,11.7300,0.0000
1990-10-01 03:00:00-04:00,11.6800,0.0000
1990-10-01 04:00:00-04:00,11.0400,0.0000
1990-10-01 05:00:00-04:00,11.0900,0.0000
1990-10-01 06:00:00-04:00,11.0600,0.0000
1990-10-01 07:00:00-04:00,11.0500,19.4500
1990-10-01 08:00:00-04:00,11.1100,112.4500
1990-10-01 09:00:00-04:00,11.6000,230.1500
1990-10-01 10:00:00-04:00,12.4900,283.5500
1990-10-01 11:00:00-04:00,13.2200,286.1500
1990-10-01 12:00:00-04:00,13.7800,317.9500
1990-10-01 13:00:00-04:00,14.3100,393.0500
1990-10-01 14:00:00-04:00,15.0800,216.9500
1990-10-01 15:00:00-04:00,14.4000,192.7000
1990-10-01 16:00:00-04:00,14.6400,150.6500
1990-10-01 17:00:00-04:00,14.6400,69.0500
1990-10-01 18:00:00-04:00,14.2200,4.6000
1990-10-01 19:00:00-04:00,13.7900,0.0000
1990-10-01 20:00:00-04:00,13.4800,0.0000
1990-10-01 21:00:00-04:00,13.1200,0.0000
1990-10-01 22:00:00-04:00,12.7200,0.0000
1990-10-01 23:00:00-04:00,12.2100,0.0000
1990-10-02 00:00:00-04:00,11.6900,0.0000
1990-10-02 01:00:00-04:00,11.3300,0.0000
1990-10-02 02:00:00-04:00,11.0900,0.0000
1990-10-02 03:00:00-04:00,9.8900,0.0000
1990-10-02 04:00:00-04:00,9.5100,0.0000
1990-10-02 05:00:00-04:00,9.2300,0.0000
1990-10-02 06:00:00-04:00,9.1300,0.0000
1990-10-02 07:00:00-04:00,9.0400,28.6500
1990-10-02 08:00:00-04:00,9.6100,181.9000
1990-10-02 09:00:00-04:00,11.0400,245.2000
1990-10-02 10:00:00-04:00,12.3600,433.1500
1990-10-02 11:00:00-04:00,14.2300,551.5500
1990-10-02 12:00:00-04:00,15.8900,589.4000
1990-10-02 13:00:00-04:00,17.1000,538.7500
1990-10-02 14:00:00-04:00,17.6300,531.8000
1990-10-02 15:00:00-04:00,17.4400,398.1000
1990-10-02 16:00:00-04:00,17.6000,222.3500
1990-10-02 17:00:00-04:00,17.3800,84.6500
1990-10-02 18:00:00-04:00,16.4400,5.6000
1990-10-02 19:00:00-04:00,14.9300,0.0000
1990-10-02 20:00:00-04:00,13.8000,0.0000
1990-10-02 21:00:00-04:00,13.0100,0.0000
1990-10-02 22:00:00-04:00,12.3400,0.0000
1990-10-02 23:00:00-04:00,12.0000,0.0000
1990-10-03 00:00:00-04:00,11.7500,0.0000
1990-10-03 01:00:00-04:00,11.6800,0.0000
1990-10-03 02:00:00-04:00,11.4400,0.0000
1990-10-03 03:00:00-04:00,10.8900,0.0000
1990-10-03 04:00:00-04:00,10.7100,0.0000
1990-10-03 05:00:00-04:00,10.5800,0.0000
1990-10-03 06:00:00-04:00,10.4700,0.0000
1990-10-03 07:00:00-04:00,10.4900,24.3000
1990-10-03 08:00:00-04:00,11.1300,151.0500
1990-10-03 09:00:00-04:00,12.6300,282.6000
1990-10-03 10:00:00-04:00,14.2800,378.8000
1990-10-03 11:00:00-04:00,15.8600,479.0000
1990-10-03 12:00:00-04:00,17.2700,566.7000
1990-10-03 13:00:00-04:00,18.6800,565.8000
1990-10-03 14:00:00-04:00,19.7800,518.8500
1990-10-03 15:00:00-04:00,20.0300,417.6000
1990-10-03 16:00:00-04:00,20.6800,268.3500
1990-10-03 17:00:00-04:00,20.3300,106.9500
1990-10-03 18:00:00-04:00,18.5100,5.4500
1990-10-03 19:00:00-04:00,17.0000,0.0000
1990-10-03 20:00:00-04:00,16.1800,0.0000
1990-10-03 21:00:00-04:00,15.4200,0.0000
1990-10-03 22:00:00-04:00,14.6700,0.0000
1990-10-03 23:00:00-04:00,13.9600,0.0000
1990-10-04 00:00:00-04:00,13.3500,0.0000
1990-10-04 01:00:00-04:00,13.0100,0.0000
1990-10-04 02:00:00-04:00,12.8000,0.0000
1990-10-04 03:00:00-04:00,12.6100,0.0000
1990-10-04 04:00:00-04:00,12.4900,0.0000
1990-10-04 05:00:00-04:00,12.4700,0.0000
1990-10-04 06:00:00-04:00,12.4700,0.0000
1990-10-04 07:00:00-04:00,12.4900,21.7500
1990-10-04 08:00:00-04:00,13.1000,120.0000
1990-10-04 09:00:00-04:00,14.1900,177.6500
1990-10-04 10:00:00-04:00,15.1100,136.5000
1990-10-04 11:00:00-04:00,14.8700,74.8000
1990-10-04 12:00:00-04:00,14.7900,30.2000
1990-10-04 13:00:00-04:00,14.4700,29.1500
1990-10-04 14:00:00-04:00,14.4600,52.5500
1990-10-04 15:00:00-04:00,14.6700,45.4500
1990-10-04 16:00:00-04:00,14.7600,16.8000
1990-10-04 17:00:00-04:00,14.6300,14.1000
1990-10-04 18:00:00-04:00,14.5500,0.3000
1990-10-04 19:00:00-04:00,14.3400,0.0000
1990-10-04 20:00:00-04:00,14.2100,0.0000
1990-10-04 21:00:00-04:00,14.1400,0.0000
1990-10-04 22:00:00-04:00,13.9800,0.0000
1990-10-04 23:00:00-04:00,13.5400,0.0000
1990-10-05 00:00:00-04:00,12.6800,0.0000
1990-10-05 01:00:00-04:00,11.9600,0.0000
1990-10-05 02:00:00-04:00,11.5000,0.0000
1990-10-05 03:00:00-04:00,10.7600,0.0000
1990-10-05 04:00:00-04:00,10.4400,0.0000
1990-10-05 05:00:00-04:00,10.1000,0.0000
1990-10-05 06:00:00-04:00,9.8400,0.0000
1990-10-05 07:00:00-04:00,9.5200,20.2000
1990-10-05 08:00:00-04:00,9.3300,69.5000
1990-10-05 09:00:00-04:00,9.4200,183.4000
1990-10-05 10:00:00-04:00,9.9400,373.9500
1990-10-05 11:00:00-04:00,10.8100,550.8500
1990-10-05 12:00:00-04:00,11.8800,600.9500
1990-10-05 13:00:00-04:00,12.5900,596.7000
1990-10-05 14:00:00-04:00,13.1300,401.6500
1990-10-05 15:00:00-04:00,13.2900,252.8000
1990-10-05 16:00:00-04:00,12.9200,187.3500
1990-10-05 17:00:00-04:00,12.5900,95.8500
1990-10-05 18:00:00-04:00,11.8700,3.6000
1990-10-05 19:00:00-04:00,10.8900,0.0000
1990-10-05 20:00:00-04:00,10.2500,0.0000
1990-10-05 21:00:00-04:00,9.7400,0.0000
1990-10-05 22:00:00-04:00,9.2600,0.0000
1990-10-05 23:00:00-04:00,8.8300,0.0000
1990-10-06 00:00:00-04:00,8.4900,0.0000
1990-10-06 01:00:00-04:00,8.3500,0.0000
1990-10-06 02:00:00-04:00,8.1800,0.0000
1990-10-06 03:00:00-04:00,7.8200,0.0000
1990-10-06 04:00:00-04:00,7.5800,0.0000
1990-10-06 05:00:00-04:00,7.4200,0.0000
1990-10-06 06:00:00-04:00,7.3200,0.0000
1990-10-06 07:00:00-04:00,7.2600,23.6000
1990-10-06 08:00:00-04:00,7.8200,203.1000
1990-10-06 09:00:00-04:00,9.6500,322.7500
1990-10-06 10:00:00-04:00,11.1000,473.8500
1990-10-06 11:00:00-04:00,12.5400,541.4500
1990-10-06 12:00:00-04:00,13.5300,536.0000
1990-10-06 13:00:00-04:00,14.2100,601.5000
1990-10-06 14:00:00-04:00,15.0900,539.2500
1990-10-06 15:00:00-04:00,15.9500,355.0500
1990-10-06 16:00:00-04:00,16.0700,179.7000
1990-10-06 17:00:00-04:00,15.5900,54.0500
1990-10-06 18:00:00-04:00,14.8100,1.8000
1990-10-06 19:00:00-04:00,13.7100,0.0000
1990-10-06 20:00:00-04:00,13.2100,0.0000
1990-10-06 21:00:00-04:00,12.8900,0.0000
1990-10-06 22:00:00-04:00,12.8900,0.0000
1990-10-06 23:00:00-04:00,12.8600,0.0000
1990-10-07 00:00:00-04:00,12.9100,0.0000
1990-10-07 01:00:00-04:00,13.0600,0.0000
1990-10-07 02:00:00-04:00,13.0700,0.0000
1990-10-07 03:00:00-04:00,12.9500,0.0000
1990-10-07 04:00:00-04:00,13.0100,0.0000
1990-10-07 05:00:00-04:00,13.1500,0.0000
1990-10-07 06:00:00-04:00,13.1300,0.0000
1990-10-07 07:00:00-04:00,12.8600,0.0000
1990-10-07 08:00:00-04:00,12.5300,56.6500
1990-10-07 09:00:00-04:00,12.7000,67.4500
1990-10-07 10:00:00-04:00,13.1200,41.5000
1990-10-07 11:00:00-04:00,13.3500,28.5000
1990-10-07 12:00:00-04:00,13.3800,211.4500
1990-10-07 13:00:00-04:00,14.6200,306.3500
1990-10-07 14:00:00-04:00,16.1000,323.5500
1990-10-07 15:00:00-04:00,16.6100,343.4000
1990-10-07 16:00:00-04:00,17.0000,185.9000
1990-10-07 17:00:00-04:00,16.6900,66.5000
1990-10-07 18:00:00-04:00,15.0800,1.5500
1990-10-07 19:00:00-04:00,14.3400,0.0000
1990-10-07 20:00:00-04:00,13.7900,0.0000
1990-10-07 21:00:00-04:00,13.1200,0.0000
1990-10-07 22:00:00-04:00,12.6500,0.0000
1990-10-07 23:00:00-04:00,12.3800,0.0000
1990-10-08 00:00:00-04:00,11.9800,0.0000
1990-10-08 01:00:00-04:00,11.6900,0.0000
1990-10-08 02:00:00-04:00,11.6700,0.0000
1990-10-08 03:00:00-04:00,11.8700,0.0000
1990-10-08 04:00:00-04:00,12.3500,0.0000
1990-10-08 05:00:00-04:00,12.7400,0.0000
1990-10-08 06:00:00-04:00,12.8400,0.0000
1990-10-08 07:00:00-04:00,13.0800,0.0000
1990-10-08 08:00:00-04:00,13.1900,17.3000
1990-10-08 09:00:00-04:00,13.3900,43.4500
1990-10-08 10:00:00-04:00,13.6400,99.2000
1990-10-08 11:00:00-04:00,13.5600,327.2000
1990-10-08 12:00:00-04:00,14.4100,298.7500
1990-10-08 13:00:00-04:00,15.0800,350.6500
1990-10-08 14:00:00-04:00,15.4800,376.0500
1990-10-08 15:00:00-04:00,15.1800,301.3000
1990-10-08 16:00:00-04:00,15.6400,208.0500
1990-10-08 17:00:00-04:00,14.6700,59.4500
1990-10-08 18:00:00-04:00,13.4700,0.9000
1990-10-08 19:00:00-04:00,12.7900,0.0000
1990-10-08 20:00:00-04:00,11.9000,0.0000
1990-10-08 21:00:00-04:00,11.6200,0.0000
1990-10-08 22:00:00-04:00,11.0200,0.0000
1990-10-08 23:00:00-04:00,10.7300,0.0000
1990-10-09 00:00:00-04:00,10.3000,0.0000
1990-10-09 01:00:00-04:00,9.7100,0.0000
1990-10-09 02:00:00-04:00,9.1000,0.0000
1990-10-09 03:00:00-04:00,8.2100,0.0000
1990-10-09 04:00:00-04:00,7.9600,0.0000
1990-10-09 05:00:00-04:00,7.7700,0.0000
1990-10-09 06:00:00-04:00,7.2100,0.0000
1990-10-09 07:00:00-04:00,7.0000,0.0000
1990-10-09 08:00:00-04:00,6.8500,179.0000
1990-10-09 09:00:00-04:00,7.5600,320.5500
1990-10-09 10:00:00-04:00,8.3100,438.8500
1990-10-09 11:00:00-04:00,9.1600,445.8000
1990-10-09 12:00:00-04:00,10.0000,457.2000
1990-10-09 13:00:00-04:00,10.1500,349.7500
1990-10-09 14:00:00-04:00,10.4800,288.3500
1990-10-09 15:00:00-04:00,9.5000,180.0500
1990-10-09 16:00:00-04:00,8.2700,123.9500
1990-10-09 17:00:00-04:00,8.3800,65.7500
1990-10-09 18:00:00-04:00,7.8300,0.7500
1990-10-09 19:00:00-04:00,7.4200,0.0000
1990-10-09 20:00:00-04:00,7.1900,0.0000
1990-10-09 21:00:00-04:00,6.8900,0.0000
1990-10-09 22:00:00-04:00,6.7900,0.0000
1990-10-09 23:00:00-04:00,6.7200,0.0000
1990-10-10 00:00:00-04:00,6.6800,0.0000
1990-10-10 01:00:00-04:00,6.6800,0.0000
1990-10-10 02:00:00-04:00,6.6200,0.0000
1990-10-10 03:00:00-04:00,6.6800,0.0000
1990-10-10 04:00:00-04:00,6.7300,0.0000
1990-10-10 05:00:00-04:00,6.7000,0.0000
1990-10-10 06:00:00-04:00,6.6800,0.0000
1990-10-10 07:00:00-04:00,6.6100,0.0000
1990-10-10 08:00:00-04:00,6.7300,122.0000
1990-10-10 09:00:00-04:00,7.3600,253.6500
1990-10-10 10:00:00-04:00,8.4300,358.4500
1990-10-10 11:00:00-04:00,9.5800,435.6000
1990-10-10 12:00:00-04:00,10.8200,386.3000
1990-10-10 13:00:00-04:00,11.5000,244.8000
1990-10-10 14:00:00-04:00,11.5700,222.1500
1990-10-10 15:00:00-04:00,11.6800,140.5000
1990-10-10 16:00:00-04:00,11.5100,98.1000
1990-10-10 17:00:00-04:00,11.2400,34.6500
1990-10-10 18:00:00-04:00,10.6400,0.3500
1990-10-10 19:00:00-04:00,9.9900,0.0000
1990-10-10 20:00:00-04:00,9.3400,0.0000
1990-10-10 21:00:00-04:00,8.7300,0.0000
1990-10-10 22:00:00-04:00,8.1600,0.0000
1990-10-10 23:00:00-04:00,7.5600,0.0000
1990-10-11 00:00:00-04:00,7.0200,0.0000
1990-10-11 01:00:00-04:00,6.5600,0.0000
1990-10-11 02:00:00-04:00,6.1800,0.0000
1990-10-11 03:00:00-04:00,5.6600,0.0000
1990-10-11 04:00:00-04:00,5.4200,0.0000
1990-10-11 05:00:00-04:00,5.3600,0.0000
1990-10-11 06:00:00-04:00,5.2900,0.0000
1990-10-11 07:00:00-04:00,5.2700,0.0000
1990-10-11 08:00:00-04:00,5.5800,146.5500
1990-10-11 09:00:00-04:00,6.7800,321.8500
1990-10-11 10:00:00-04:00,8.2700,444.0500
1990-10-11 11:00:00-04:00,9.5900,524.3000
1990-10-11 12:00:00-04:00,10.5700,472.1000
1990-10-11 13:00:00-04:00,11.1100,409.4500
1990-10-11 14:00:00-04:00,11.3800,356.9500
1990-10-11 15:00:00-04:00,11.7200,210.6000
1990-10-11 16:00:00-04:00,11.4600,170.2500
1990-10-11 17:00:00-04:00,11.3200,51.8500
1990-10-11 18:00:00-04:00,10.6000,0.3000
1990-10-11 19:00:00-04:00,9.5700,0.0000
1990-10-11 20:00:00-04:00,8.3700,0.0000
1990-10-11 21:00:00-04:00,7.4700,0.0000
1990-10-11 22:00:00-04:00,6.8200,0.0000
1990-10-11 23:00:00-04:00,6.4000,0.0000
1990-10-12 00:00:00-04:00,6.0100,0.0000
1990-10-12 01:00:00-04:00,4.7300,0.0000
1990-10-12 02:00:00-04:00,4.3300,0.0000
1990-10-12 03:00:00-04:00,4.1900,0.0000
1990-10-12 04:00:00-04:00,3.9900,0.0000
1990-10-12 05:00:00-04:00,3.5600,0.0000
1990-10-12 06:00:00-04:00,3.2300,0.0000
1990-10-12 07:00:00-04:00,2.8800,0.0000
1990-10-12 08:00:00-04:00,3.1800,188.1000
1990-10-12 09:00:00-04:00,5.8800,351.4000
1990-10-12 10:00:00-04:00,7.3000,477.0000
1990-10-12 11:00:00-04:00,8.7500,570.2500
1990-10-12 12:00:00-04:00,9.9600,598.8000
1990-10-12 13:00:00-04:00,10.7900,576.1000
1990-10-12 14:00:00-04:00,11.4000,498.8000
1990-10-12 15:00:00-04:00,12.1000,375.0000
1990-10-12 16:00:00-04:00,12.1400,221.2500
1990-10-12 17:00:00-04:00,11.6700,66.2000
1990-10-12 18:00:00-04:00,10.4400,0.1500
1990-10-12 19:00:00-04:00,9.3400,0.0000
1990-10-12 20:00:00-04:00,8.6800,0.0000
1990-10-12 21:00:00-04:00,8.1300,0.0000
1990-10-12 22:00:00-04:00,7.6000,0.0000
1990-10-12 23:00:00-04:00,7.0700,0.0000
1990-10-13 00:00:00-04:00,6.5400,0.0000
1990-10-13 01:00:00-04:00,6.0400,0.0000
1990-10-13 02:00:00-04:00,5.5700,0.0000
1990-10-13 03:00:00-04:00,4.8300,0.0000
1990-10-13 04:00:00-04:00,4.4200,0.0000
1990-10-13 05:00:00-04:00,3.7300,0.0000
1990-10-13 06:00:00-04:00,3.3300,0.0000
1990-10-13 07:00:00-04:00,3.0100,0.0000
1990-10-13 08:00:00-04:00,3.5000,187.9500
1990-10-13 09:00:00-04:00,6.5400,347.4000
1990-10-13 10:00:00-04:00,8.8700,478.2500
1990-10-13 11:00:00-04:00,10.8800,564.8500
1990-10-13 12:00:00-04:00,12.6200,598.3000
1990-10-13 13:00:00-04:00,13.9800,575.3500
1990-10-13 14:00:00-04:00,14.9900,487.3500
1990-10-13 15:00:00-04:00,15.5200,340.1500
1990-10-13 16:00:00-04:00,15.5600,150.1000
1990-10-13 17:00:00-04:00,14.8100,35.3000
1990-10-13 18:00:00-04:00,13.7400,0.0500
1990-10-13 19:00:00-04:00,12.6300,0.0000
1990-10-13 20:00:00-04:00,11.4100,0.0000
1990-10-13 21:00:00-04:00,10.6400,0.0000
1990-10-13 22:00:00-04:00,10.1700,0.0000
1990-10-13 23:00:00-04:00,10.1000,0.0000
1990-10-14 00:00:00-04:00,10.2500,0.0000
1990-10-14 01:00:00-04:00,10.6900,0.0000
1990-10-14 02:00:00-04:00,11.1400,0.0000
1990-10-14 03:00:00-04:00,11.4000,0.0000
1990-10-14 04:00:00-04:00,11.5300,0.0000
1990-10-14 05:00:00-04:00,11.6800,0.0000
1990-10-14 06:00:00-04:00,11.6900,0.0000
1990-10-14 07:00:00-04:00,11.5500,0.0000
1990-10-14 08:00:00-04:00,11.6600,110.8500
1990-10-14 09:00:00-04:00,12.9400,167.7000
1990-10-14 10:00:00-04:00,14.2000,253.8500
1990-10-14 11:00:00-04:00,15.7500,395.8000
1990-10-14 12:00:00-04:00,17.7400,474.6000
1990-10-14 13:00:00-04:00,19.4800,404.7500
1990-10-14 14:00:00-04:00,20.5700,429.3000
1990-10-14 15:00:00-04:00,21.9000,323.9000
1990-10-14 16:00:00-04:00,22.0600,167.6500
1990-10-14 17:00:00-04:00,21.5200,36.9000
1990-10-14 18:00:00-04:00,20.3200,0.0000
1990-10-14 19:00:00-04:00,19.6600,0.0000
1990-10-14 20:00:00-04:00,19.3600,0.0000
1990-10-14 21:00:00-04:00,19.0500,0.0000
1990-10-14 22:00:00-04:00,18.7800,0.0000
1990-10-14 23:00:00-04:00,18.6300,0.0000
1990-10-15 00:00:00-04:00,18.5100,0.0000
1990-10-15 01:00:00-04:00,18.3400,0.0000
1990-10-15 02:00:00-04:00,18.0800,0.0000
1990-10-15 03:00:00-04:00,18.7200,0.0000
1990-10-15 04:00:00-04:00,18.3500,0.0000
1990-10-15 05:00:00-04:00,18.0100,0.0000
1990-10-15 06:00:00-04:00,17.7000,0.0000
1990-10-15 07:00:00-04:00,17.5800,0.0000
1990-10-15 08:00:00-04:00,17.6900,56.7000
1990-10-15 09:00:00-04:00,18.2900,119.0000
1990-10-15 10:00:00-04:00,19.2900,177.3500
1990-10-15 11:00:00-04:00,20.3700,188.4500
1990-10-15 12:00:00-04:00,21.0800,178.1000
1990-10-15 13:00:00-04:00,21.6700,244.5000
1990-10-15 14:00:00-04:00,22.1600,196.6500
1990-10-15 15:00:00-04:00,21.8600,155.1000
1990-10-15 16:00:00-04:00,21.8200,60.3000
1990-10-15 17:00:00-04:00,20.8600,13.2000
1990-10-15 18:00:00-04:00,19.8600,0.0000
1990-10-15 19:00:00-04:00,18.9200,0.0000
1990-10-15 20:00:00-04:00,18.1100,0.0000
1990-10-15 21:00:00-04:00,17.4500,0.0000
1990-10-15 22:00:00-04:00,16.9700,0.0000
1990-10-15 23:00:00-04:00,16.6700,0.0000
1990-10-16 00:00:00-04:00,16.6200,0.0000
1990-10-16 01:00:00-04:00,16.4700,0.0000
1990-10-16 02:00:00-04:00,16.2900,0.0000
1990-10-16 03:00:00-04:00,16.3800,0.0000
1990-10-16 04:00:00-04:00,16.0900,0.0000
1990-10-16 05:00:00-04:00,16.0000,0.0000
1990-10-16 06:00:00-04:00,15.8700,0.0000
1990-10-16 07:00:00-04:00,15.7800,0.0000
1990-10-16 08:00:00-04:00,15.8700,31.6000
1990-10-16 09:00:00-04:00,16.3000,19.4000
1990-10-16 10:00:00-04:00,16.7400,25.0000
1990-10-16 11:00:00-04:00,17.2700,33.1500
1990-10-16 12:00:00-04:00,17.6200,100.1000
1990-10-16 13:00:00-04:00,18.2000,195.3000
1990-10-16 14:00:00-04:00,19.1700,32.8500
1990-10-16 15:00:00-04:00,17.9500,25.8000
1990-10-16 16:00:00-04:00,17.9000,21.8500
1990-10-16 17:00:00-04:00,18.0900,9.2500
1990-10-16 18:00:00-04:00,18.2700,0.0000
1990-10-16 19:00:00-04:00,18.3700,0.0000
1990-10-16 20:00:00-04:00,18.2700,0.0000
1990-10-16 21:00:00-04:00,18.2300,0.0000
1990-10-16 22:00:00-04:00,18.1800,0.0000
1990-10-16 23:00:00-04:00,18.1200,0.0000
1990-10-17 00:00:00-04:00,18.0000,0.0000
1990-10-17 01:00:00-04:00,17.8100,0.0000
1990-10-17 02:00:00-04:00,17.5600,0.0000
1990-10-17 03:00:00-04:00,17.0400,0.0000
1990-10-17 04:00:00-04:00,16.7600,0.0000
1990-10-17 05:00:00-04:00,16.2900,0.0000
1990-10-17 06:00:00-04:00,15.7400,0.0000
1990-10-17 07:00:00-04:00,15.0100,0.0000
1990-10-17 08:00:00-04:00,14.4500,27.5000
1990-10-17 09:00:00-04:00,14.1000,112.4500
1990-10-17 10:00:00-04:00,14.3500,148.8500
1990-10-17 11:00:00-04:00,14.4400,275.8000
1990-10-17 12:00:00-04:00,15.3900,322.0500
1990-10-17 13:00:00-04:00,15.8100,325.6500
1990-10-17 14:00:00-04:00,16.2000,300.6500
1990-10-17 15:00:00-04:00,16.6400,243.9000
1990-10-17 16:00:00-04:00,16.7100,128.4500
1990-10-17 17:00:00-04:00,16.0000,29.0500
1990-10-17 18:00:00-04:00,15.7800,0.0000
1990-10-17 19:00:00-04:00,15.3400,0.0000
1990-10-17 20:00:00-04:00,14.9600,0.0000
1990-10-17 21:00:00-04:00,14.6200,0.0000
1990-10-17 22:00:00-04:00,14.4200,0.0000
1990-10-17 23:00:00-04:00,14.3100,0.0000
1990-10-18 00:00:00-04:00,14.2900,0.0000
1990-10-18 01:00:00-04:00,14.2200,0.0000
1990-10-18 02:00:00-04:00,14.1900,0.0000
1990-10-18 03:00:00-04:00,13.9700,0.0000
1990-10-18 04:00:00-04:00,13.7700,0.0000
1990-10-18 05:00:00-04:00,13.7200,0.0000
1990-10-18 06:00:00-04:00,13.7200,0.0000
1990-10-18 07:00:00-04:00,13.6600,0.0000
1990-10-18 08:00:00-04:00,13.5800,68.3500
1990-10-18 09:00:00-04:00,14.0700,188.0500
1990-10-18 10:00:00-04:00,14.9200,292.0000
1990-10-18 11:00:00-04:00,15.5200,368.5000
1990-10-18 12:00:00-04:00,16.1600,319.3500
1990-10-18 13:00:00-04:00,16.3500,220.8000
1990-10-18 14:00:00-04:00,15.9500,249.6500
1990-10-18 15:00:00-04:00,16.2100,118.4500
1990-10-18 16:00:00-04:00,14.6600,48.7500
1990-10-18 17:00:00-04:00,13.2300,7.9500
1990-10-18 18:00:00-04:00,12.2100,0.0000
1990-10-18 19:00:00-04:00,10.9300,0.0000
1990-10-18 20:00:00-04:00,10.0400,0.0000
1990-10-18 21:00:00-04:00,9.5400,0.0000
1990-10-18 22:00:00-04:00,9.1000,0.0000
1990-10-18 23:00:00-04:00,8.6400,0.0000
1990-10-19 00:00:00-04:00,8.2000,0.0000
1990-10-19 01:00:00-04:00,7.7700,0.0000
1990-10-19 02:00:00-04:00,7.3400,0.0000
1990-10-19 03:00:00-04:00,6.4100,0.0000
1990-10-19 04:00:00-04:00,6.0200,0.0000
1990-10-19 05:00:00-04:00,5.6900,0.0000
1990-10-19 06:00:00-04:00,5.3400,0.0000
1990-10-19 07:00:00-04:00,5.1700,0.0000
1990-10-19 08:00:00-04:00,5.3800,108.7000
1990-10-19 09:00:00-04:00,5.9300,189.7000
1990-10-19 10:00:00-04:00,6.4000,209.6500
1990-10-19 11:00:00-04:00,6.8100,290.4000
1990-10-19 12:00:00-04:00,7.2000,243.8000
1990-10-19 13:00:00-04:00,7.3100,210.1000
1990-10-19 14:00:00-04:00,7.3100,200.8000
1990-10-19 15:00:00-04:00,7.2900,122.6000
1990-10-19 16:00:00-04:00,7.0300,85.9000
1990-10-19 17:00:00-04:00,6.8200,17.5000
1990-10-19 18:00:00-04:00,6.5500,0.0000
1990-10-19 19:00:00-04:00,6.3200,0.0000
1990-10-19 20:00:00-04:00,6.0800,0.0000
1990-10-19 21:00:00-04:00,5.9500,0.0000
1990-10-19 22:00:00-04:00,5.7700,0.0000
1990-10-19 23:00:00-04:00,5.5600,0.0000
1990-10-20 00:00:00-04:00,5.3500,0.0000
1990-10-20 01:00:00-04:00,5.1100,0.0000
1990-10-20 02:00:00-04:00,4.7300,0.0000
1990-10-20 03:00:00-04:00,3.7100,0.0000
1990-10-20 04:00:00-04:00,3.5700,0.0000
1990-10-20 05:00:00-04:00,3.3800,0.0000
1990-10-20 06:00:00-04:00,3.3100,0.0000
1990-10-20 07:00:00-04:00,3.2200,0.0000
1990-10-20 08:00:00-04:00,3.2200,116.4000
1990-10-20 09:00:00-04:00,3.8800,232.3000
1990-10-20 10:00:00-04:00,4.5800,398.4000
1990-10-20 11:00:00-04:00,5.4600,509.5500
1990-10-20 12:00:00-04:00,6.3200,540.5000
1990-10-20 13:00:00-04:00,7.1200,469.9500
1990-10-20 14:00:00-04:00,7.7000,398.9000
1990-10-20 15:00:00-04:00,7.9600,328.0500
1990-10-20 16:00:00-04:00,8.2500,155.0000
1990-10-20 17:00:00-04:00,8.0900,29.3500
1990-10-20 18:00:00-04:00,7.3100,0.0000
1990-10-20 19:00:00-04:00,6.6400,0.0000
1990-10-20 20:00:00-04:00,6.0600,0.0000
1990-10-20 21:00:00-04:00,5.6600,0.0000
1990-10-20 22:00:00-04:00,5.5800,0.0000
1990-10-20 23:00:00-04:00,5.5500,0.0000
1990-10-21 00:00:00-04:00,5.9600,0.0000
1990-10-21 01:00:00-04:00,5.4800,0.0000
1990-10-21 02:00:00-04:00,4.6500,0.0000
1990-10-21 03:00:00-04:00,4.1800,0.0000
1990-10-21 04:00:00-04:00,4.3100,0.0000
1990-10-21 05:00:00-04:00,4.4300,0.0000
1990-10-21 06:00:00-04:00,4.4800,0.0000
1990-10-21 07:00:00-04:00,4.5300,0.0000
1990-10-21 08:00:00-04:00,4.6100,31.2000
1990-10-21 09:00:00-04:00,4.7900,71.5000
1990-10-21 10:00:00-04:00,5.1800,83.0000
1990-10-21 11:00:00-04:00,5.6200,90.4000
1990-10-21 12:00:00-04:00,6.1300,128.9500
1990-10-21 13:00:00-04:00,6.8100,149.7500
1990-10-21 14:00:00-04:00,7.3600,121.6000
1990-10-21 15:00:00-04:00,7.5200,109.0500
1990-10-21 16:00:00-04:00,7.5800,62.2500
1990-10-21 17:00:00-04:00,7.4700,15.6000
1990-10-21 18:00:00-04:00,7.2100,0.0000
1990-10-21 19:00:00-04:00,7.0200,0.0000
1990-10-21 20:00:00-04:00,6.8100,0.0000
1990-10-21 21:00:00-04:00,6.3500,0.0000
1990-10-21 22:00:00-04:00,5.8800,0.0000
1990-10-21 23:00:00-04:00,5.5800,0.0000
1990-10-22 00:00:00-04:00,5.6400,0.0000
1990-10-22 01:00:00-04:00,5.8400,0.0000
1990-10-22 02:00:00-04:00,6.0200,0.0000
1990-10-22 03:00:00-04:00,6.0900,0.0000
1990-10-22 04:00:00-04:00,6.2300,0.0000
1990-10-22 05:00:00-04:00,6.3800,0.0000
1990-10-22 06:00:00-04:00,6.5000,0.0000
1990-10-22 07:00:00-04:00,6.3800,0.0000
1990-10-22 08:00:00-04:00,6.2800,89.8000
1990-10-22 09:00:00-04:00,6.5700,202.7000
1990-10-22 10:00:00-04:00,7.2800,389.2000
1990-10-22 11:00:00-04:00,8.7100,459.8000
1990-10-22 12:00:00-04:00,9.9300,514.4500
1990-10-22 13:00:00-04:00,10.9900,507.7000
1990-10-22 14:00:00-04:00,11.6700,400.9500
1990-10-22 15:00:00-04:00,11.7300,304.2500
1990-10-22 16:00:00-04:00,11.5200,153.8000
1990-10-22 17:00:00-04:00,10.7200,27.7000
1990-10-22 18:00:00-04:00,9.4800,0.0000
1990-10-22 19:00:00-04:00,8.5300,0.0000
1990-10-22 20:00:00-04:00,7.6900,0.0000
1990-10-22 21:00:00-04:00,6.9100,0.0000
1990-10-22 22:00:00-04:00,6.4300,0.0000
1990-10-22 23:00:00-04:00,6.0700,0.0000
1990-10-23 00:00:00-04:00,5.8100,0.0000
1990-10-23 01:00:00-04:00,5.6400,0.0000
1990-10-23 02:00:00-04:00,5.6800,0.0000
1990-10-23 03:00:00-04:00,5.8100,0.0000
1990-10-23 04:00:00-04:00,5.9800,0.0000
1990-10-23 05:00:00-04:00,6.1800,0.0000
1990-10-23 06:00:00-04:00,6.4200,0.0000
1990-10-23 07:00:00-04:00,6.5600,0.0000
1990-10-23 08:00:00-04:00,6.5500,9.1500
1990-10-23 09:00:00-04:00,6.3800,19.3500
1990-10-23 10:00:00-04:00,6.1600,43.1000
1990-10-23 11:00:00-04:00,6.2400,143.7500
1990-10-23 12:00:00-04:00,7.1400,290.1000
1990-10-23 13:00:00-04:00,8.5300,165.0000
1990-10-23 14:00:00-04:00,8.8100,89.0500
1990-10-23 15:00:00-04:00,8.4400,42.2500
1990-10-23 16:00:00-04:00,7.9900,13.3500
1990-10-23 17:00:00-04:00,7.7600,3.9000
1990-10-23 18:00:00-04:00,7.5900,0.0000
1990-10-23 19:00:00-04:00,7.4600,0.0000
1990-10-23 20:00:00-04:00,7.3100,0.0000
1990-10-23 21:00:00-04:00,7.1600,0.0000
1990-10-23 22:00:00-04:00,7.0100,0.0000
1990-10-23 23:00:00-04:00,6.8600,0.0000
1990-10-24 00:00:00-04:00,6.7000,0.0000
1990-10-24 01:00:00-04:00,6.5000,0.0000
1990-10-24 02:00:00-04:00,6.3500,0.0000
1990-10-24 03:00:00-04:00,6.3600,0.0000
1990-10-24 04:00:00-04:00,6.2200,0.0000
1990-10-24 05:00:00-04:00,6.2300,0.0000
1990-10-24 06:00:00-04:00,6.4800,0.0000
1990-10-24 07:00:00-04:00,6.4200,0.0000
1990-10-24 08:00:00-04:00,6.5200,16.2000
1990-10-24 09:00:00-04:00,6.7400,101.9500
1990-10-24 10:00:00-04:00,7.7500,211.3500
1990-10-24 11:00:00-04:00,9.2600,254.2500
1990-10-24 12:00:00-04:00,10.4500,329.3000
1990-10-24 13:00:00-04:00,11.4200,284.9000
1990-10-24 14:00:00-04:00,11.9400,137.2500
1990-10-24 15:00:00-04:00,11.5100,107.0500
1990-10-24 16:00:00-04:00,11.6600,65.4000
1990-10-24 17:00:00-04:00,11.4100,8.9000
1990-10-24 18:00:00-04:00,10.3300,0.0000
1990-10-24 19:00:00-04:00,9.6100,0.0000
1990-10-24 20:00:00-04:00,8.6800,0.0000
1990-10-24 21:00:00-04:00,7.9500,0.0000
1990-10-24 22:00:00-04:00,7.3100,0.0000
1990-10-24 23:00:00-04:00,6.6900,0.0000
1990-10-25 00:00:00-04:00,6.0200,0.0000
1990-10-25 01:00:00-04:00,5.9200,0.0000
1990-10-25 02:00:00-04:00,6.3000,0.0000
1990-10-25 03:00:00-04:00,4.5000,0.0000
1990-10-25 04:00:00-04:00,4.3600,0.0000
1990-10-25 05:00:00-04:00,4.6700,0.0000
1990-10-25 06:00:00-04:00,4.3100,0.0000
1990-10-25 07:00:00-04:00,4.0100,0.0000
1990-10-25 08:00:00-04:00,3.8500,117.7500
1990-10-25 09:00:00-04:00,5.6100,242.0500
1990-10-25 10:00:00-04:00,7.5200,383.6000
1990-10-25 11:00:00-04:00,9.1500,482.0500
1990-10-25 12:00:00-04:00,10.5500,491.5000
1990-10-25 13:00:00-04:00,11.6100,458.8500
1990-10-25 14:00:00-04:00,12.3000,221.2000
1990-10-25 15:00:00-04:00,12.0400,182.1000
1990-10-25 16:00:00-04:00,11.8100,44.9500
1990-10-25 17:00:00-04:00,11.1800,6.7500
1990-10-25 18:00:00-04:00,10.6500,0.0000
1990-10-25 19:00:00-04:00,9.7600,0.0000
1990-10-25 20:00:00-04:00,9.1800,0.0000
1990-10-25 21:00:00-04:00,9.0200,0.0000
1990-10-25 22:00:00-04:00,8.9000,0.0000
1990-10-25 23:00:00-04:00,9.0500,0.0000
1990-10-26 00:00:00-04:00,9.0800,0.0000
1990-10-26 01:00:00-04:00,8.9600,0.0000
1990-10-26 02:00:00-04:00,8.7700,0.0000
1990-10-26 03:00:00-04:00,8.1300,0.0000
1990-10-26 04:00:00-04:00,7.8300,0.0000
1990-10-26 05:00:00-04:00,7.7700,0.0000
1990-10-26 06:00:00-04:00,7.6400,0.0000
1990-10-26 07:00:00-04:00,7.6700,0.0000
1990-10-26 08:00:00-04:00,7.7000,39.4500
1990-10-26 09:00:00-04:00,8.0200,146.1500
1990-10-26 10:00:00-04:00,8.7500,215.3500
1990-10-26 11:00:00-04:00,9.3400,390.4500
1990-10-26 12:00:00-04:00,10.3300,378.1000
1990-10-26 13:00:00-04:00,10.7100,358.6000
1990-10-26 14:00:00-04:00,10.8100,274.6000
1990-10-26 15:00:00-04:00,10.4000,196.7000
1990-10-26 16:00:00-04:00,10.3800,107.2000
1990-10-26 17:00:00-04:00,9.7700,16.5000
1990-10-26 18:00:00-04:00,9.0900,0.0000
1990-10-26 19:00:00-04:00,8.5700,0.0000
1990-10-26 20:00:00-04:00,8.0900,0.0000
1990-10-26 21:00:00-04:00,7.6400,0.0000
1990-10-26 22:00:00-04:00,7.1300,0.0000
1990-10-26 23:00:00-04:00,6.8100,0.0000
1990-10-27 00:00:00-04:00,6.6800,0.0000
1990-10-27 01:00:00-04:00,6.9600,0.0000
1990-10-27 02:00:00-04:00,7.1300,0.0000
1990-10-27 03:00:00-04:00,7.2600,0.0000
1990-10-27 04:00:00-04:00,7.2600,0.0000
1990-10-27 05:00:00-04:00,7.1900,0.0000
1990-10-27 06:00:00-04:00,7.1300,0.0000
1990-10-27 07:00:00-04:00,7.0900,0.0000
1990-10-27 08:00:00-04:00,7.2100,46.4500
1990-10-27 09:00:00-04:00,7.7300,124.2500
1990-10-27 10:00:00-04:00,8.4700,240.9000
1990-10-27 11:00:00-04:00,9.6400,323.4000
1990-10-27 12:00:00-04:00,10.7800,265.3000
1990-10-27 13:00:00-04:00,11.2400,224.3500
1990-10-27 14:00:00-04:00,11.4100,214.9000
1990-10-27 15:00:00-04:00,11.7800,157.1000
1990-10-27 16:00:00-04:00,11.6500,78.7500
1990-10-27 17:00:00-04:00,11.1400,15.9000
1990-10-27 18:00:00-04:00,10.0900,0.0000
1990-10-27 19:00:00-04:00,8.9200,0.0000
1990-10-27 20:00:00-04:00,7.9800,0.0000
1990-10-27 21:00:00-04:00,7.2300,0.0000
1990-10-27 22:00:00-04:00,6.7000,0.0000
1990-10-27 23:00:00-04:00,6.4500,0.0000
1990-10-28 00:00:00-04:00,6.2400,0.0000
1990-10-28 01:00:00-04:00,5.9400,0.0000
1990-10-28 01:00:00-05:00,5.5000,0.0000
1990-10-28 02:00:00-05:00,5.7100,0.0000
1990-10-28 03:00:00-05:00,4.7800,0.0000
1990-10-28 04:00:00-05:00,4.5000,0.0000
1990-10-28 05:00:00-05:00,4.6500,0.0000
1990-10-28 06:00:00-05:00,5.0200,0.0000
1990-10-28 07:00:00-05:00,5.4400,28.3000
1990-10-28 08:00:00-05:00,6.0700,42.9000
1990-10-28 09:00:00-05:00,6.6500,59.9500
1990-10-28 10:00:00-05:00,7.1400,106.5500
1990-10-28 11:00:00-05:00,7.9000,86.6000
1990-10-28 12:00:00-05:00,8.3300,140.6500
1990-10-28 13:00:00-05:00,9.3900,62.8500
1990-10-28 14:00:00-05:00,9.4900,60.9000
1990-10-28 15:00:00-05:00,9.9100,37.9500
1990-10-28 16:00:00-05:00,10.1600,6.2000
1990-10-28 17:00:00-05:00,10.0900,0.0000
1990-10-28 18:00:00-05:00,10.0200,0.0000
1990-10-28 19:00:00-05:00,10.1900,0.0000
1990-10-28 20:00:00-05:00,10.5900,0.0000
1990-10-28 21:00:00-05:00,10.9000,0.0000
1990-10-28 22:00:00-05:00,11.3200,0.0000
1990-10-28 23:00:00-05:00,11.6400,0.0000
1990-10-29 00:00:00-05:00,11.7100,0.0000
1990-10-29 01:00:00-05:00,12.0500,0.0000
1990-10-29 02:00:00-05:00,11.3500,0.0000
1990-10-29 03:00:00-05:00,11.4100,0.0000
1990-10-29 04:00:00-05:00,11.5400,0.0000
1990-10-29 05:00:00-05:00,11.5000,0.0000
1990-10-29 06:00:00-05:00,11.2300,0.0000
1990-10-29 07:00:00-05:00,10.9800,45.8000
1990-10-29 08:00:00-05:00,11.1100,110.7500
1990-10-29 09:00:00-05:00,11.5900,162.9500
1990-10-29 10:00:00-05:00,11.9700,169.5000
1990-10-29 11:00:00-05:00,12.0700,239.8000
1990-10-29 12:00:00-05:00,12.6800,241.3500
1990-10-29 13:00:00-05:00,12.9000,179.4000
1990-10-29 14:00:00-05:00,12.8100,122.2000
1990-10-29 15:00:00-05:00,12.3200,53.1500
1990-10-29 16:00:00-05:00,11.7100,6.9000
1990-10-29 17:00:00-05:00,11.1000,0.0000
1990-10-29 18:00:00-05:00,10.4000,0.0000
1990-10-29 19:00:00-05:00,9.6700,0.0000
1990-10-29 20:00:00-05:00,9.0200,0.0000
1990-10-29 21:00:00-05:00,8.5100,0.0000
1990-10-29 22:00:00-05:00,8.0600,0.0000
1990-10-29 23:00:00-05:00,7.5900,0.0000
1990-10-30 00:00:00-05:00,7.1500,0.0000
1990-10-30 01:00:00-05:00,6.8800,0.0000
1990-10-30 02:00:00-05:00,6.7400,0.0000
1990-10-30 03:00:00-05:00,6.4300,0.0000
1990-10-30 04:00:00-05:00,5.9900,0.0000
1990-10-30 05:00:00-05:00,5.7500,0.0000
1990-10-30 06:00:00-05:00,5.5800,0.0000
1990-10-30 07:00:00-05:00,5.3600,87.2000
1990-10-30 08:00:00-05:00,5.9400,189.6000
1990-10-30 09:00:00-05:00,6.8200,220.8000
1990-10-30 10:00:00-05:00,7.2400,254.2500
1990-10-30 11:00:00-05:00,7.6600,201.9500
1990-10-30 12:00:00-05:00,7.8100,155.4000
1990-10-30 13:00:00-05:00,7.8300,140.0500
1990-10-30 14:00:00-05:00,7.9300,111.9000
1990-10-30 15:00:00-05:00,7.7900,62.3000
1990-10-30 16:00:00-05:00,7.5200,7.0000
1990-10-30 17:00:00-05:00,7.0800,0.0000
1990-10-30 18:00:00-05:00,6.8400,0.0000
1990-10-30 19:00:00-05:00,6.4600,0.0000
1990-10-30 20:00:00-05:00,6.1400,0.0000
1990-10-30 21:00:00-05:00,5.5700,0.0000
1990-10-30 22:00:00-05:00,5.1500,0.0000
1990-10-30 23:00:00-05:00,4.7900,0.0000
1990-10-31 00:00:00-05:00,4.4300,0.0000
1990-10-31 01:00:00-05:00,4.2800,0.0000
1990-10-31 02:00:00-05:00,4.2500,0.0000
1990-10-31 03:00:00-05:00,4.1900,0.0000
1990-10-31 04:00:00-05:00,4.2100,0.0000
1990-10-31 05:00:00-05:00,4.1400,0.0000
1990-10-31 06:00:00-05:00,4.0100,0.0000
1990-10-31 07:00:00-05:00,3.8300,39.2000
1990-10-31 08:00:00-05:00,3.9200,136.4500
1990-10-31 09:00:00-05:00,4.4600,210.6500
1990-10-31 10:00:00-05:00,5.1000,311.1000
1990-10-31 11:00:00-05:00,6.9000,271.0000
1990-10-31 12:00:00-05:00,6.7300,234.0000
1990-10-31 13:00:00-05:00,6.5700,199.5000
1990-10-31 14:00:00-05:00,6.4100,136.0000
1990-10-31 15:00:00-05:00,6.2500,65.2500
1990-10-31 16:00:00-05:00,6.0900,7.5500
1990-10-31 17:00:00-05:00,5.9300,0.0000
1990-10-31 18:00:00-05:00,5.7700,0.0000
1990-10-31 19:00:00-05:00,5.6000,0.0000
1990-10-31 20:00:00-05:00,5.4400,0.0000
1990-10-31 21:00:00-05:00,5.2800,0.0000
1990-10-31 22:00:00-05:00,5.1200,0.0000
1990-10-31 23:00:00-05:00,4.9600,0.0000
1990-11-01 00:00:00-05:00,4.8000,0.0000
1990-11-01 01:00:00-05:00,4.6400,0.0000
1990-11-01 02:00:00-05:00,4.4700,0.0000
1990-11-01 03:00:00-05:00,2.9600,0.0000
1990-11-01 04:00:00-05:00,3.0100,0.0000
1990-11-01 05:00:00-05:00,2.7100,0.0000
1990-11-01 06:00:00-05:00,2.4100,0.0000
1990-11-01 07:00:00-05:00,2.2400,96.3000
1990-11-01 08:00:00-05:00,3.5400,233.2500
1990-11-01 09:00:00-05:00,5.1900,322.5000
1990-11-01 10:00:00-05:00,6.2400,369.2500
1990-11-01 11:00:00-05:00,7.0600,350.1500
1990-11-01 12:00:00-05:00,7.9200,320.3000
1990-11-01 13:00:00-05:00,8.4500,251.9000
1990-11-01 14:00:00-05:00,8.2600,134.8500
1990-11-01 15:00:00-05:00,8.3700,64.1500
1990-11-01 16:00:00-05:00,8.1600,5.5500
1990-11-01 17:00:00-05:00,7.5900,0.0000
1990-11-01 18:00:00-05:00,7.0200,0.0000
1990-11-01 19:00:00-05:00,6.6400,0.0000
1990-11-01 20:00:00-05:00,6.3500,0.0000
1990-11-01 21:00:00-05:00,6.0900,0.0000
1990-11-01 22:00:00-05:00,5.8700,0.0000
1990-11-01 23:00:00-05:00,5.4200,0.0000
1990-11-02 00:00:00-05:00,5.3400,0.0000
1990-11-02 01:00:00-05:00,5.4800,0.0000
1990-11-02 02:00:00-05:00,5.3400,0.0000
1990-11-02 03:00:00-05:00,5.4900,0.0000
1990-11-02 04:00:00-05:00,5.7500,0.0000
1990-11-02 05:00:00-05:00,6.0600,0.0000
1990-11-02 06:00:00-05:00,6.4100,0.0000
1990-11-02 07:00:00-05:00,6.8900,5.7500
1990-11-02 08:00:00-05:00,7.4600,12.5500
1990-11-02 09:00:00-05:00,8.1500,22.0000
1990-11-02 10:00:00-05:00,9.0700,32.7500
1990-11-02 11:00:00-05:00,10.3700,47.4500
1990-11-02 12:00:00-05:00,11.6800,48.4500
1990-11-02 13:00:00-05:00,12.4900,28.7500
1990-11-02 14:00:00-05:00,12.5000,26.9000
1990-11-02 15:00:00-05:00,12.8700,15.1000
1990-11-02 16:00:00-05:00,12.9400,1.3000
1990-11-02 17:00:00-05:00,12.9000,0.0000
1990-11-02 18:00:00-05:00,13.0400,0.0000
1990-11-02 19:00:00-05:00,13.2000,0.0000
1990-11-02 20:00:00-05:00,13.4100,0.0000
1990-11-02 21:00:00-05:00,13.5400,0.0000
1990-11-02 22:00:00-05:00,13.6300,0.0000
1990-11-02 23:00:00-05:00,13.8900,0.0000
1990-11-03 00:00:00-05:00,13.9900,0.0000
1990-11-03 01:00:00-05:00,13.8900,0.0000
1990-11-03 02:00:00-05:00,14.0800,0.0000
1990-11-03 03:00:00-05:00,14.2100,0.0000
1990-11-03 04:00:00-05:00,13.8800,0.0000
1990-11-03 05:00:00-05:00,13.2500,0.0000
1990-11-03 06:00:00-05:00,12.6000,0.0000
1990-11-03 07:00:00-05:00,12.1100,12.7000
1990-11-03 08:00:00-05:00,11.7700,88.9000
1990-11-03 09:00:00-05:00,12.0800,224.2500
1990-11-03 10:00:00-05:00,12.4500,242.5500
1990-11-03 11:00:00-05:00,12.4400,297.7500
1990-11-03 12:00:00-05:00,12.6600,215.6500
1990-11-03 13:00:00-05:00,12.4700,208.5500
1990-11-03 14:00:00-05:00,12.4900,126.8000
1990-11-03 15:00:00-05:00,11.2200,60.2000
1990-11-03 16:00:00-05:00,9.8400,6.6500
1990-11-03 17:00:00-05:00,9.1400,0.0000
1990-11-03 18:00:00-05:00,8.3800,0.0000
1990-11-03 19:00:00-05:00,7.6800,0.0000
1990-11-03 20:00:00-05:00,6.9000,0.0000
1990-11-03 21:00:00-05:00,6.1900,0.0000
1990-11-03 22:00:00-05:00,5.7800,0.0000
1990-11-03 23:00:00-05:00,5.4200,0.0000
1990-11-04 00:00:00-05:00,5.1500,0.0000
1990-11-04 01:00:00-05:00,4.9300,0.0000
1990-11-04 02:00:00-05:00,4.7000,0.0000
1990-11-04 03:00:00-05:00,4.5700,0.0000
1990-11-04 04:00:00-05:00,4.3500,0.0000
1990-11-04 05:00:00-05:00,4.0700,0.0000
1990-11-04 06:00:00-05:00,3.7100,0.0000
1990-11-04 07:00:00-05:00,3.4500,58.5500
1990-11-04 08:00:00-05:00,3.4200,164.9500
1990-11-04 09:00:00-05:00,3.7400,272.3500
1990-11-04 10:00:00-05:00,4.2400,356.5500
1990-11-04 11:00:00-05:00,4.8200,372.6000
1990-11-04 12:00:00-05:00,5.3000,351.1000
1990-11-04 13:00:00-05:00,5.6600,186.4500
1990-11-04 14:00:00-05:00,5.5000,108.6500
1990-11-04 15:00:00-05:00,5.4200,59.5500
1990-11-04 16:00:00-05:00,5.1200,5.2000
1990-11-04 17:00:00-05:00,4.7200,0.0000
1990-11-04 18:00:00-05:00,4.3300,0.0000
1990-11-04 19:00:00-05:00,4.0300,0.0000
1990-11-04 20:00:00-05:00,3.8000,0.0000
1990-11-04 21:00:00-05:00,3.6100,0.0000
1990-11-04 22:00:00-05:00,3.3900,0.0000
1990-11-04 23:00:00-05:00,3.2300,0.0000
1990-11-05 00:00:00-05:00,3.0600,0.0000
1990-11-05 01:00:00-05:00,2.9800,0.0000
1990-11-05 02:00:00-05:00,2.8200,0.0000
1990-11-05 03:00:00-05:00,2.7500,0.0000
1990-11-05 04:00:00-05:00,3.0300,0.0000
1990-11-05 05:00:00-05:00,3.4700,0.0000
1990-11-05 06:00:00-05:00,3.8400,0.0000
1990-11-05 07:00:00-05:00,4.0500,25.5500
1990-11-05 08:00:00-05:00,4.0900,70.9500
1990-11-05 09:00:00-05:00,4.3900,98.2500
1990-11-05 10:00:00-05:00,5.0400,48.0000
1990-11-05 11:00:00-05:00,5.7000,63.1500
1990-11-05 12:00:00-05:00,6.6200,31.8000
1990-11-05 13:00:00-05:00,7.0900,26.3500
1990-11-05 14:00:00-05:00,6.9600,14.8500
1990-11-05 15:00:00-05:00,7.1200,15.5000
1990-11-05 16:00:00-05:00,7.4600,1.0500
1990-11-05 17:00:00-05:00,7.8200,0.0000
1990-11-05 18:00:00-05:00,8.2100,0.0000
1990-11-05 19:00:00-05:00,8.7900,0.0000
1990-11-05 20:00:00-05:00,9.5300,0.0000
1990-11-05 21:00:00-05:00,10.1400,0.0000
1990-11-05 22:00:00-05:00,10.7300,0.0000
1990-11-05 23:00:00-05:00,11.4200,0.0000
1990-11-06 00:00:00-05:00,11.9600,0.0000
1990-11-06 01:00:00-05:00,12.2400,0.0000
1990-11-06 02:00:00-05:00,12.3900,0.0000
1990-11-06 03:00:00-05:00,12.7800,0.0000
1990-11-06 04:00:00-05:00,13.0700,0.0000
1990-11-06 05:00:00-05:00,13.2100,0.0000
1990-11-06 06:00:00-05:00,13.2300,0.0000
1990-11-06 07:00:00-05:00,13.3000,6.9500
1990-11-06 08:00:00-05:00,13.2700,17.2000
1990-11-06 09:00:00-05:00,12.7800,49.1000
1990-11-06 10:00:00-05:00,10.7400,129.5500
1990-11-06 11:00:00-05:00,9.2500,171.0000
1990-11-06 12:00:00-05:00,9.0800,251.9500
1990-11-06 13:00:00-05:00,9.1400,207.2500
1990-11-06 14:00:00-05:00,9.5000,147.6000
1990-11-06 15:00:00-05:00,8.9800,68.2500
1990-11-06 16:00:00-05:00,7.8100,3.6000
1990-11-06 17:00:00-05:00,6.5800,0.0000
1990-11-06 18:00:00-05:00,5.4500,0.0000
1990-11-06 19:00:00-05:00,4.6200,0.0000
1990-11-06 20:00:00-05:00,3.9600,0.0000
1990-11-06 21:00:00-05:00,3.4200,0.0000
1990-11-06 22:00:00-05:00,2.8000,0.0000
1990-11-06 23:00:00-05:00,2.2800,0.0000
1990-11-07 00:00:00-05:00,1.8200,0.0000
1990-11-07 01:00:00-05:00,1.3600,0.0000
1990-11-07 02:00:00-05:00,0.8100,0.0000
1990-11-07 03:00:00-05:00,0.5100,0.0000
1990-11-07 04:00:00-05:00,0.1500,0.0000
1990-11-07 05:00:00-05:00,0.0600,0.0000
1990-11-07 06:00:00-05:00,-0.2900,0.0000
1990-11-07 07:00:00-05:00,-0.3200,84.0000
1990-11-07 08:00:00-05:00,0.5200,220.4500
1990-11-07 09:00:00-05:00,2.1400,304.9000
1990-11-07 10:00:00-05:00,2.6900,339.9500
1990-11-07 11:00:00-05:00,3.2300,429.1500
1990-11-07 12:00:00-05:00,3.8700,422.0500
1990-11-07 13:00:00-05:00,4.3600,192.8500
1990-11-07 14:00:00-05:00,3.9000,119.3500
1990-11-07 15:00:00-05:00,3.9800,56.9000
1990-11-07 16:00:00-05:00,3.8200,4.2500
1990-11-07 17:00:00-05:00,3.2600,0.0000
1990-11-07 18:00:00-05:00,2.4100,0.0000
1990-11-07 19:00:00-05:00,1.7000,0.0000
1990-11-07 20:00:00-05:00,1.2100,0.0000
1990-11-07 21:00:00-05:00,0.7900,0.0000
1990-11-07 22:00:00-05:00,0.4000,0.0000
1990-11-07 23:00:00-05:00,0.1300,0.0000
1990-11-08 00:00:00-05:00,-0.0900,0.0000
1990-11-08 01:00:00-05:00,-0.5200,0.0000
1990-11-08 02:00:00-05:00,-1.2200,0.0000
1990-11-08 03:00:00-05:00,-1.4000,0.0000
1990-11-08 04:00:00-05:00,-1.4200,0.0000
1990-11-08 05:00:00-05:00,-1.6000,0.0000
1990-11-08 06:00:00-05:00,-1.7200,0.0000
1990-11-08 07:00:00-05:00,-1.7400,31.2000
1990-11-08 08:00:00-05:00,-0.8200,204.6000
1990-11-08 09:00:00-05:00,0.9600,316.6000
1990-11-08 10:00:00-05:00,2.4800,412.5000
1990-11-08 11:00:00-05:00,3.7300,448.8000
1990-11-08 12:00:00-05:00,4.5900,416.5000
1990-11-08 13:00:00-05:00,5.1000,297.7500
1990-11-08 14:00:00-05:00,4.9400,194.2500
1990-11-08 15:00:00-05:00,4.5600,73.5000
1990-11-08 16:00:00-05:00,3.5200,3.6500
1990-11-08 17:00:00-05:00,2.4600,0.0000
1990-11-08 18:00:00-05:00,1.8900,0.0000
1990-11-08 19:00:00-05:00,1.5900,0.0000
1990-11-08 20:00:00-05:00,1.2800,0.0000
1990-11-08 21:00:00-05:00,1.1200,0.0000
1990-11-08 22:00:00-05:00,0.9600,0.0000
1990-11-08 23:00:00-05:00,0.8300,0.0000
1990-11-09 00:00:00-05:00,0.8100,0.0000
1990-11-09 01:00:00-05:00,0.6600,0.0000
1990-11-09 02:00:00-05:00,1.0100,0.0000
1990-11-09 03:00:00-05:00,0.9200,0.0000
1990-11-09 04:00:00-05:00,0.7400,0.0000
1990-11-09 05:00:00-05:00,0.5800,0.0000
1990-11-09 06:00:00-05:00,0.4600,0.0000
1990-11-09 07:00:00-05:00,0.2800,43.9500
1990-11-09 08:00:00-05:00,0.8900,150.1500
1990-11-09 09:00:00-05:00,2.2400,214.3500
1990-11-09 10:00:00-05:00,3.4200,282.3500
1990-11-09 11:00:00-05:00,4.7300,296.5500
1990-11-09 12:00:00-05:00,5.6800,282.4000
1990-11-09 13:00:00-05:00,6.2900,282.1500
1990-11-09 14:00:00-05:00,6.6100,203.0500
1990-11-09 15:00:00-05:00,6.4000,84.7000
1990-11-09 16:00:00-05:00,5.4600,3.7000
1990-11-09 17:00:00-05:00,4.5500,0.0000
1990-11-09 18:00:00-05:00,4.0900,0.0000
1990-11-09 19:00:00-05:00,3.8600,0.0000
1990-11-09 20:00:00-05:00,3.9300,0.0000
1990-11-09 21:00:00-05:00,4.1500,0.0000
1990-11-09 22:00:00-05:00,4.3900,0.0000
1990-11-09 23:00:00-05:00,4.3000,0.0000
1990-11-10 00:00:00-05:00,4.1600,0.0000
1990-11-10 01:00:00-05:00,3.0900,0.0000
1990-11-10 02:00:00-05:00,0.7400,0.0000
1990-11-10 03:00:00-05:00,-0.6200,0.0000
1990-11-10 04:00:00-05:00,-2.8600,0.0000
1990-11-10 05:00:00-05:00,-4.5600,0.0000
1990-11-10 06:00:00-05:00,-5.1800,0.0000
1990-11-10 07:00:00-05:00,-5.4500,32.6000
1990-11-10 08:00:00-05:00,-5.5600,211.1500
1990-11-10 09:00:00-05:00,-5.3600,324.9500
1990-11-10 10:00:00-05:00,-4.9100,381.7500
1990-11-10 11:00:00-05:00,-4.1100,354.0500
1990-11-10 12:00:00-05:00,-3.5700,318.6000
1990-11-10 13:00:00-05:00,-3.3500,259.1500
1990-11-10 14:00:00-05:00,-3.3800,202.6500
1990-11-10 15:00:00-05:00,-3.2800,79.1000
1990-11-10 16:00:00-05:00,-3.6900,3.5000
1990-11-10 17:00:00-05:00,-4.1200,0.0000
1990-11-10 18:00:00-05:00,-4.4100,0.0000
1990-11-10 19:00:00-05:00,-4.6700,0.0000
1990-11-10 20:00:00-05:00,-4.9100,0.0000
1990-11-10 21:00:00-05:00,-5.1000,0.0000
1990-11-10 22:00:00-05:00,-5.2100,0.0000
1990-11-10 23:00:00-05:00,-5.2200,0.0000
1990-11-11 00:00:00-05:00,-5.2400,0.0000
1990-11-11 01:00:00-05:00,-5.2000,0.0000
1990-11-11 02:00:00-05:00,-6.1600,0.0000
1990-11-11 03:00:00-05:00,-5.9500,0.0000
1990-11-11 04:00:00-05:00,-5.6600,0.0000
1990-11-11 05:00:00-05:00,-5.3800,0.0000
1990-11-11 06:00:00-05:00,-5.2400,0.0000
1990-11-11 07:00:00-05:00,-5.2100,27.5500
1990-11-11 08:00:00-05:00,-4.5000,219.7500
1990-11-11 09:00:00-05:00,-3.3500,344.3000
1990-11-11 10:00:00-05:00,-2.2300,428.4500
1990-11-11 11:00:00-05:00,-1.1900,457.9500
1990-11-11 12:00:00-05:00,-0.3100,430.8000
1990-11-11 13:00:00-05:00,0.3400,353.9000
1990-11-11 14:00:00-05:00,-0.0100,234.2500
1990-11-11 15:00:00-05:00,-0.1500,86.9500
1990-11-11 16:00:00-05:00,-1.0900,2.7000
1990-11-11 17:00:00-05:00,-2.1300,0.0000
1990-11-11 18:00:00-05:00,-2.5800,0.0000
1990-11-11 19:00:00-05:00,-2.9500,0.0000
1990-11-11 20:00:00-05:00,-3.3100,0.0000
1990-11-11 21:00:00-05:00,-3.5700,0.0000
1990-11-11 22:00:00-05:00,-3.7900,0.0000
1990-11-11 23:00:00-05:00,-3.9600,0.0000
1990-11-12 00:00:00-05:00,-4.0300,0.0000
1990-11-12 01:00:00-05:00,-4.0800,0.0000
1990-11-12 02:00:00-05:00,-4.4000,0.0000
1990-11-12 03:00:00-05:00,-4.2400,0.0000
1990-11-12 04:00:00-05:00,-4.0700,0.0000
1990-11-12 05:00:00-05:00,-3.7900,0.0000
1990-11-12 06:00:00-05:00,-3.6200,0.0000
1990-11-12 07:00:00-05:00,-3.5500,37.1500
1990-11-12 08:00:00-05:00,-3.1600,158.0500
1990-11-12 09:00:00-05:00,-2.1500,243.1000
1990-11-12 10:00:00-05:00,-1.1400,278.4000
1990-11-12 11:00:00-05:00,-0.3500,314.5000
1990-11-12 12:00:00-05:00,0.3000,340.5500
1990-11-12 13:00:00-05:00,0.8000,345.1000
1990-11-12 14:00:00-05:00,0.6000,229.8000
1990-11-12 15:00:00-05:00,0.4100,86.3500
1990-11-12 16:00:00-05:00,-0.1900,2.5000
1990-11-12 17:00:00-05:00,-1.4600,0.0000
1990-11-12 18:00:00-05:00,-1.6400,0.0000
1990-11-12 19:00:00-05:00,-1.5000,0.0000
1990-11-12 20:00:00-05:00,-1.7400,0.0000
1990-11-12 21:00:00-05:00,-1.9700,0.0000
1990-11-12 22:00:00-05:00,-2.7000,0.0000
1990-11-12 23:00:00-05:00,-3.8500,0.0000
1990-11-13 00:00:00-05:00,-4.1300,0.0000
1990-11-13 01:00:00-05:00,-4.1900,0.0000
1990-11-13 02:00:00-05:00,-4.5800,0.0000
1990-11-13 03:00:00-05:00,-4.7400,0.0000
1990-11-13 04:00:00-05:00,-4.7700,0.0000
1990-11-13 05:00:00-05:00,-4.9900,0.0000
1990-11-13 06:00:00-05:00,-5.1300,0.0000
1990-11-13 07:00:00-05:00,-5.1400,26.9000
1990-11-13 08:00:00-05:00,-4.4700,153.0000
1990-11-13 09:00:00-05:00,-2.2300,239.0500
1990-11-13 10:00:00-05:00,-0.3400,236.7000
1990-11-13 11:00:00-05:00,0.5700,262.9500
1990-11-13 12:00:00-05:00,1.3500,218.8000
1990-11-13 13:00:00-05:00,1.7400,167.5500
1990-11-13 14:00:00-05:00,1.0800,105.4500
1990-11-13 15:00:00-05:00,0.8400,49.1500
1990-11-13 16:00:00-05:00,0.2700,1.3000
1990-11-13 17:00:00-05:00,-0.7600,0.0000
1990-11-13 18:00:00-05:00,-1.2200,0.0000
1990-11-13 19:00:00-05:00,-1.8000,0.0000
1990-11-13 20:00:00-05:00,-1.9700,0.0000
1990-11-13 21:00:00-05:00,-1.9000,0.0000
1990-11-13 22:00:00-05:00,-1.7800,0.0000
1990-11-13 23:00:00-05:00,-1.7900,0.0000
1990-11-14 00:00:00-05:00,-2.5900,0.0000
1990-11-14 01:00:00-05:00,-2.7600,0.0000
1990-11-14 02:00:00-05:00,-2.9500,0.0000
1990-11-14 03:00:00-05:00,-2.9300,0.0000
1990-11-14 04:00:00-05:00,-2.7300,0.0000
1990-11-14 05:00:00-05:00,-2.4800,0.0000
1990-11-14 06:00:00-05:00,-2.5800,0.0000
1990-11-14 07:00:00-05:00,-2.7000,36.0500
1990-11-14 08:00:00-05:00,-2.0200,126.9500
1990-11-14 09:00:00-05:00,-0.4800,215.9500
1990-11-14 10:00:00-05:00,0.8600,277.2500
1990-11-14 11:00:00-05:00,1.8700,300.4500
1990-11-14 12:00:00-05:00,2.5100,297.5500
1990-11-14 13:00:00-05:00,2.9600,195.5500
1990-11-14 14:00:00-05:00,3.5000,133.6000
1990-11-14 15:00:00-05:00,2.8800,54.8000
1990-11-14 16:00:00-05:00,1.5800,1.4500
1990-11-14 17:00:00-05:00,0.4300,0.0000
1990-11-14 18:00:00-05:00,-0.4100,0.0000
1990-11-14 19:00:00-05:00,-1.1100,0.0000
1990-11-14 20:00:00-05:00,-1.6700,0.0000
1990-11-14 21:00:00-05:00,-2.0300,0.0000
1990-11-14 22:00:00-05:00,-2.4300,0.0000
1990-11-14 23:00:00-05:00,-2.9400,0.0000
1990-11-15 00:00:00-05:00,-3.1700,0.0000
1990-11-15 01:00:00-05:00,-3.3000,0.0000
1990-11-15 02:00:00-05:00,-3.1000,0.0000
1990-11-15 03:00:00-05:00,-2.8200,0.0000
1990-11-15 04:00:00-05:00,-3.1000,0.0000
1990-11-15 05:00:00-05:00,-3.3000,0.0000
1990-11-15 06:00:00-05:00,-3.1200,0.0000
1990-11-15 07:00:00-05:00,-3.2200,22.7500
1990-11-15 08:00:00-05:00,-2.3400,193.8000
1990-11-15 09:00:00-05:00,-0.1200,314.9500
1990-11-15 10:00:00-05:00,1.7000,398.7000
1990-11-15 11:00:00-05:00,3.1400,393.7500
1990-11-15 12:00:00-05:00,3.9300,364.9000
1990-11-15 13:00:00-05:00,4.2800,327.1500
1990-11-15 14:00:00-05:00,4.5400,212.5500
1990-11-15 15:00:00-05:00,4.2500,78.0000
1990-11-15 16:00:00-05:00,3.1200,1.2000
1990-11-15 17:00:00-05:00,1.0300,0.0000
1990-11-15 18:00:00-05:00,0.3200,0.0000
1990-11-15 19:00:00-05:00,-0.3100,0.0000
1990-11-15 20:00:00-05:00,-0.4600,0.0000
1990-11-15 21:00:00-05:00,-0.2100,0.0000
1990-11-15 22:00:00-05:00,0.2200,0.0000
1990-11-15 23:00:00-05:00,0.5100,0.0000
1990-11-16 00:00:00-05:00,0.7400,0.0000
1990-11-16 01:00:00-05:00,0.8900,0.0000
1990-11-16 02:00:00-05:00,1.4000,0.0000
1990-11-16 03:00:00-05:00,1.5900,0.0000
1990-11-16 04:00:00-05:00,1.6600,0.0000
1990-11-16 05:00:00-05:00,1.7400,0.0000
1990-11-16 06:00:00-05:00,1.7900,0.0000
1990-11-16 07:00:00-05:00,1.6600,9.8000
1990-11-16 08:00:00-05:00,1.5100,53.8000
1990-11-16 09:00:00-05:00,2.2100,60.7500
1990-11-16 10:00:00-05:00,2.8800,107.8500
1990-11-16 11:00:00-05:00,4.0100,119.8500
1990-11-16 12:00:00-05:00,5.0400,106.4000
1990-11-16 13:00:00-05:00,5.8200,170.6500
1990-11-16 14:00:00-05:00,6.7400,87.4500
1990-11-16 15:00:00-05:00,6.7800,25.7500
1990-11-16 16:00:00-05:00,6.2300,0.3000
1990-11-16 17:00:00-05:00,5.3300,0.0000
1990-11-16 18:00:00-05:00,4.8800,0.0000
1990-11-16 19:00:00-05:00,4.5600,0.0000
1990-11-16 20:00:00-05:00,4.3000,0.0000
1990-11-16 21:00:00-05:00,4.1600,0.0000
1990-11-16 22:00:00-05:00,4.0400,0.0000
1990-11-16 23:00:00-05:00,3.7600,0.0000
1990-11-17 00:00:00-05:00,3.5400,0.0000
1990-11-17 01:00:00-05:00,3.1100,0.0000
1990-11-17 02:00:00-05:00,1.1400,0.0000
1990-11-17 03:00:00-05:00,0.0800,0.0000
1990-11-17 04:00:00-05:00,-0.5400,0.0000
1990-11-17 05:00:00-05:00,-1.0900,0.0000
1990-11-17 06:00:00-05:00,-1.6300,0.0000
1990-11-17 07:00:00-05:00,-2.1600,19.8000
1990-11-17 08:00:00-05:00,-2.3500,149.9500
1990-11-17 09:00:00-05:00,-2.1700,223.9000
1990-11-17 10:00:00-05:00,-2.0100,337.4000
1990-11-17 11:00:00-05:00,-1.6000,343.2000
1990-11-17 12:00:00-05:00,-1.4300,318.1000
1990-11-17 13:00:00-05:00,-1.3500,282.7500
1990-11-17 14:00:00-05:00,-1.2300,198.3500
1990-11-17 15:00:00-05:00,-1.3400,73.1500
1990-11-17 16:00:00-05:00,-2.0400,0.8000
1990-11-17 17:00:00-05:00,-2.7300,0.0000
1990-11-17 18:00:00-05:00,-3.1100,0.0000
1990-11-17 19:00:00-05:00,-3.4700,0.0000
1990-11-17 20:00:00-05:00,-3.9800,0.0000
1990-11-17 21:00:00-05:00,-4.4700,0.0000
1990-11-17 22:00:00-05:00,-4.8300,0.0000
1990-11-17 23:00:00-05:00,-5.1600,0.0000
1990-11-18 00:00:00-05:00,-5.4000,0.0000
1990-11-18 01:00:00-05:00,-5.6600,0.0000
1990-11-18 02:00:00-05:00,-6.2300,0.0000
1990-11-18 03:00:00-05:00,-6.4100,0.0000
1990-11-18 04:00:00-05:00,-6.3500,0.0000
1990-11-18 05:00:00-05:00,-6.2200,0.0000
1990-11-18 06:00:00-05:00,-6.1100,0.0000
1990-11-18 07:00:00-05:00,-6.0800,0.0000
1990-11-18 08:00:00-05:00,-5.6000,94.3000
1990-11-18 09:00:00-05:00,-4.8400,199.6500
1990-11-18 10:00:00-05:00,-3.5600,196.4000
1990-11-18 11:00:00-05:00,-2.6200,165.1000
1990-11-18 12:00:00-05:00,-1.8100,128.9500
1990-11-18 13:00:00-05:00,-1.1400,62.5500
1990-11-18 14:00:00-05:00,-1.4400,66.8500
1990-11-18 15:00:00-05:00,-1.0200,22.9000
1990-11-18 16:00:00-05:00,-1.0200,0.2000
1990-11-18 17:00:00-05:00,-0.9600,0.0000
1990-11-18 18:00:00-05:00,-0.8700,0.0000
1990-11-18 19:00:00-05:00,-0.4400,0.0000
1990-11-18 20:00:00-05:00,-0.1100,0.0000
1990-11-18 21:00:00-05:00,0.5100,0.0000
1990-11-18 22:00:00-05:00,0.7600,0.0000
1990-11-18 23:00:00-05:00,0.7400,0.0000
1990-11-19 00:00:00-05:00,0.3300,0.0000
1990-11-19 01:00:00-05:00,0.2100,0.0000
1990-11-19 02:00:00-05:00,0.5500,0.0000
1990-11-19 03:00:00-05:00,0.8500,0.0000
1990-11-19 04:00:00-05:00,1.2300,0.0000
1990-11-19 05:00:00-05:00,1.6600,0.0000
1990-11-19 06:00:00-05:00,1.9900,0.0000
1990-11-19 07:00:00-05:00,2.0800,0.0000
1990-11-19 08:00:00-05:00,2.1200,17.3500
1990-11-19 09:00:00-05:00,2.2900,18.1000
1990-11-19 10:00:00-05:00,2.0700,34.0000
1990-11-19 11:00:00-05:00,1.8800,35.9500
1990-11-19 12:00:00-05:00,1.0900,66.8000
1990-11-19 13:00:00-05:00,0.7300,78.7000
1990-11-19 14:00:00-05:00,-0.6300,83.7500
1990-11-19 15:00:00-05:00,-0.8700,33.1000
1990-11-19 16:00:00-05:00,-1.2200,0.3500
1990-11-19 17:00:00-05:00,-1.6800,0.0000
1990-11-19 18:00:00-05:00,-1.8400,0.0000
1990-11-19 19:00:00-05:00,-2.0800,0.0000
1990-11-19 20:00:00-05:00,-2.2400,0.0000
1990-11-19 21:00:00-05:00,-2.5400,0.0000
1990-11-19 22:00:00-05:00,-2.9900,0.0000
1990-11-19 23:00:00-05:00,-3.5800,0.0000
1990-11-20 00:00:00-05:00,-4.1200,0.0000
1990-11-20 01:00:00-05:00,-4.6300,0.0000
1990-11-20 02:00:00-05:00,-4.4800,0.0000
1990-11-20 03:00:00-05:00,-4.6100,0.0000
1990-11-20 04:00:00-05:00,-4.7700,0.0000
1990-11-20 05:00:00-05:00,-5.0100,0.0000
1990-11-20 06:00:00-05:00,-5.4000,0.0000
1990-11-20 07:00:00-05:00,-5.8900,0.0000
1990-11-20 08:00:00-05:00,-6.2800,135.9000
1990-11-20 09:00:00-05:00,-6.1900,234.7000
1990-11-20 10:00:00-05:00,-5.7800,299.8500
1990-11-20 11:00:00-05:00,-5.2600,381.4500
1990-11-20 12:00:00-05:00,-4.5600,348.4500
1990-11-20 13:00:00-05:00,-4.0800,222.8000
1990-11-20 14:00:00-05:00,-4.5300,163.0000
1990-11-20 15:00:00-05:00,-4.5500,59.0000
1990-11-20 16:00:00-05:00,-4.8600,0.4000
1990-11-20 17:00:00-05:00,-5.5200,0.0000
1990-11-20 18:00:00-05:00,-5.9600,0.0000
1990-11-20 19:00:00-05:00,-6.3300,0.0000
1990-11-20 20:00:00-05:00,-6.6100,0.0000
1990-11-20 21:00:00-05:00,-6.7900,0.0000
1990-11-20 22:00:00-05:00,-6.9100,0.0000
1990-11-20 23:00:00-05:00,-6.9700,0.0000
1990-11-21 00:00:00-05:00,-7.0400,0.0000
1990-11-21 01:00:00-05:00,-7.1100,0.0000
1990-11-21 02:00:00-05:00,-8.1000,0.0000
1990-11-21 03:00:00-05:00,-7.4200,0.0000
1990-11-21 04:00:00-05:00,-6.5600,0.0000
1990-11-21 05:00:00-05:00,-5.6400,0.0000
1990-11-21 06:00:00-05:00,-4.8000,0.0000
1990-11-21 07:00:00-05:00,-4.0600,0.0000
1990-11-21 08:00:00-05:00,-2.9400,109.7000
1990-11-21 09:00:00-05:00,-0.5500,182.0000
1990-11-21 10:00:00-05:00,1.7600,259.3000
1990-11-21 11:00:00-05:00,3.9100,329.3500
1990-11-21 12:00:00-05:00,5.6100,353.5500
1990-11-21 13:00:00-05:00,6.8300,292.5000
1990-11-21 14:00:00-05:00,7.3000,154.9000
1990-11-21 15:00:00-05:00,6.4300,41.5500
1990-11-21 16:00:00-05:00,5.0800,0.2500
1990-11-21 17:00:00-05:00,4.2500,0.0000
1990-11-21 18:00:00-05:00,3.7500,0.0000
1990-11-21 19:00:00-05:00,3.4300,0.0000
1990-11-21 20:00:00-05:00,3.3200,0.0000
1990-11-21 21:00:00-05:00,3.1800,0.0000
1990-11-21 22:00:00-05:00,2.9200,0.0000
1990-11-21 23:00:00-05:00,2.6300,0.0000
1990-11-22 00:00:00-05:00,2.1100,0.0000
1990-11-22 01:00:00-05:00,2.0200,0.0000
1990-11-22 02:00:00-05:00,2.0800,0.0000
1990-11-22 03:00:00-05:00,1.8900,0.0000
1990-11-22 04:00:00-05:00,1.7500,0.0000
1990-11-22 05:00:00-05:00,1.4200,0.0000
1990-11-22 06:00:00-05:00,1.3500,0.0000
1990-11-22 07:00:00-05:00,1.3600,0.0000
1990-11-22 08:00:00-05:00,1.3400,17.3500
1990-11-22 09:00:00-05:00,1.4700,38.7000
1990-11-22 10:00:00-05:00,1.7600,83.4000
1990-11-22 11:00:00-05:00,2.1900,129.1500
1990-11-22 12:00:00-05:00,2.7500,156.7500
1990-11-22 13:00:00-05:00,3.2800,83.5000
1990-11-22 14:00:00-05:00,2.5100,66.7000
1990-11-22 15:00:00-05:00,1.7200,17.6500
1990-11-22 16:00:00-05:00,0.6000,0.1000
1990-11-22 17:00:00-05:00,-0.2200,0.0000
1990-11-22 18:00:00-05:00,-0.9600,0.0000
1990-11-22 19:00:00-05:00,-1.7100,0.0000
1990-11-22 20:00:00-05:00,-2.7200,0.0000
1990-11-22 21:00:00-05:00,-3.6600,0.0000
1990-11-22 22:00:00-05:00,-4.5200,0.0000
1990-11-22 23:00:00-05:00,-5.1600,0.0000
1990-11-23 00:00:00-05:00,-5.7400,0.0000
1990-11-23 01:00:00-05:00,-6.1900,0.0000
1990-11-23 02:00:00-05:00,-6.8100,0.0000
1990-11-23 03:00:00-05:00,-7.0700,0.0000
1990-11-23 04:00:00-05:00,-7.2900,0.0000
1990-11-23 05:00:00-05:00,-7.4000,0.0000
1990-11-23 06:00:00-05:00,-7.4300,0.0000
1990-11-23 07:00:00-05:00,-7.4200,0.0000
1990-11-23 08:00:00-05:00,-6.8400,141.9000
1990-11-23 09:00:00-05:00,-5.8200,258.5000
1990-11-23 10:00:00-05:00,-4.8100,328.1000
1990-11-23 11:00:00-05:00,-3.7900,338.6000
1990-11-23 12:00:00-05:00,-2.8900,328.4500
1990-11-23 13:00:00-05:00,-1.9200,243.2500
1990-11-23 14:00:00-05:00,-1.9400,169.3000
1990-11-23 15:00:00-05:00,-1.7600,54.6000
1990-11-23 16:00:00-05:00,-2.5100,0.1500
1990-11-23 17:00:00-05:00,-3.0200,0.0000
1990-11-23 18:00:00-05:00,-3.2800,0.0000
1990-11-23 19:00:00-05:00,-3.3200,0.0000
1990-11-23 20:00:00-05:00,-3.2200,0.0000
1990-11-23 21:00:00-05:00,-2.8400,0.0000
1990-11-23 22:00:00-05:00,-2.3300,0.0000
1990-11-23 23:00:00-05:00,-1.6200,0.0000
1990-11-24 00:00:00-05:00,-1.1000,0.0000
1990-11-24 01:00:00-05:00,-0.8800,0.0000
1990-11-24 02:00:00-05:00,-0.6800,0.0000
1990-11-24 03:00:00-05:00,-0.6100,0.0000
1990-11-24 04:00:00-05:00,-0.5600,0.0000
1990-11-24 05:00:00-05:00,-0.5600,0.0000
1990-11-24 06:00:00-05:00,-0.8300,0.0000
1990-11-24 07:00:00-05:00,-1.2200,0.0000
1990-11-24 08:00:00-05:00,-1.3000,100.5500
1990-11-24 09:00:00-05:00,-0.5800,157.5000
1990-11-24 10:00:00-05:00,0.3300,169.5000
1990-11-24 11:00:00-05:00,1.0000,127.0000
1990-11-24 12:00:00-05:00,1.2700,80.8500
1990-11-24 13:00:00-05:00,1.3400,45.8000
1990-11-24 14:00:00-05:00,1.2900,45.1000
1990-11-24 15:00:00-05:00,1.8100,16.3000
1990-11-24 16:00:00-05:00,1.9100,0.0500
1990-11-24 17:00:00-05:00,1.8100,0.0000
1990-11-24 18:00:00-05:00,2.2500,0.0000
1990-11-24 19:00:00-05:00,2.3000,0.0000
1990-11-24 20:00:00-05:00,2.1800,0.0000
1990-11-24 21:00:00-05:00,2.2100,0.0000
1990-11-24 22:00:00-05:00,2.5400,0.0000
1990-11-24 23:00:00-05:00,3.2500,0.0000
1990-11-25 00:00:00-05:00,3.5600,0.0000
1990-11-25 01:00:00-05:00,3.3200,0.0000
1990-11-25 02:00:00-05:00,2.9400,0.0000
1990-11-25 03:00:00-05:00,2.7800,0.0000
1990-11-25 04:00:00-05:00,2.5300,0.0000
1990-11-25 05:00:00-05:00,2.3800,0.0000
1990-11-25 06:00:00-05:00,2.4800,0.0000
1990-11-25 07:00:00-05:00,2.5000,0.0000
1990-11-25 08:00:00-05:00,2.8900,134.3500
1990-11-25 09:00:00-05:00,4.1700,200.9500
1990-11-25 10:00:00-05:00,5.1300,213.5500
1990-11-25 11:00:00-05:00,5.4900,131.0000
1990-11-25 12:00:00-05:00,5.4300,82.3500
1990-11-25 13:00:00-05:00,4.8900,21.5500
1990-11-25 14:00:00-05:00,4.1900,24.4000
1990-11-25 15:00:00-05:00,4.2800,11.3000
1990-11-25 16:00:00-05:00,4.1400,0.0000
1990-11-25 17:00:00-05:00,3.8100,0.0000
1990-11-25 18:00:00-05:00,3.5300,0.0000
1990-11-25 19:00:00-05:00,3.0900,0.0000
1990-11-25 20:00:00-05:00,2.8000,0.0000
1990-11-25 21:00:00-05:00,2.5800,0.0000
1990-11-25 22:00:00-05:00,2.3600,0.0000
1990-11-25 23:00:00-05:00,1.8200,0.0000
1990-11-26 00:00:00-05:00,1.0700,0.0000
1990-11-26 01:00:00-05:00,0.5000,0.0000
1990-11-26 02:00:00-05:00,0.0600,0.0000
1990-11-26 03:00:00-05:00,-0.6000,0.0000
1990-11-26 04:00:00-05:00,-1.6600,0.0000
1990-11-26 05:00:00-05:00,-2.6500,0.0000
1990-11-26 06:00:00-05:00,-3.3000,0.0000
1990-11-26 07:00:00-05:00,-3.6400,0.0000
1990-11-26 08:00:00-05:00,-3.6100,96.3500
1990-11-26 09:00:00-05:00,-3.3000,177.8500
1990-11-26 10:00:00-05:00,-2.7800,262.4000
1990-11-26 11:00:00-05:00,-2.1500,270.2500
1990-11-26 12:00:00-05:00,-1.6800,254.2500
1990-11-26 13:00:00-05:00,-1.4100,238.3000
1990-11-26 14:00:00-05:00,-1.1300,107.1000
1990-11-26 15:00:00-05:00,-1.6000,44.4000
1990-11-26 16:00:00-05:00,-2.1300,0.0500
1990-11-26 17:00:00-05:00,-2.6600,0.0000
1990-11-26 18:00:00-05:00,-2.9200,0.0000
1990-11-26 19:00:00-05:00,-3.0100,0.0000
1990-11-26 20:00:00-05:00,-2.9900,0.0000
1990-11-26 21:00:00-05:00,-3.0600,0.0000
1990-11-26 22:00:00-05:00,-3.1800,0.0000
1990-11-26 23:00:00-05:00,-3.1500,0.0000
1990-11-27 00:00:00-05:00,-3.1800,0.0000
1990-11-27 01:00:00-05:00,-3.1200,0.0000
1990-11-27 02:00:00-05:00,-3.2100,0.0000
1990-11-27 03:00:00-05:00,-3.2300,0.0000
1990-11-27 04:00:00-05:00,-3.2500,0.0000
1990-11-27 05:00:00-05:00,-3.6300,0.0000
1990-11-27 06:00:00-05:00,-4.2500,0.0000
1990-11-27 07:00:00-05:00,-5.3800,0.0000
1990-11-27 08:00:00-05:00,-6.4800,133.8500
1990-11-27 09:00:00-05:00,-6.8100,234.3500
1990-11-27 10:00:00-05:00,-6.6300,337.0000
1990-11-27 11:00:00-05:00,-6.1500,377.9000
1990-11-27 12:00:00-05:00,-5.8600,363.2000
1990-11-27 13:00:00-05:00,-5.6100,297.4500
1990-11-27 14:00:00-05:00,-5.7300,179.9000
1990-11-27 15:00:00-05:00,-6.1500,51.5500
1990-11-27 16:00:00-05:00,-6.9500,0.0000
1990-11-27 17:00:00-05:00,-7.7200,0.0000
1990-11-27 18:00:00-05:00,-8.3700,0.0000
1990-11-27 19:00:00-05:00,-8.8400,0.0000
1990-11-27 20:00:00-05:00,-9.2700,0.0000
1990-11-27 21:00:00-05:00,-9.5300,0.0000
1990-11-27 22:00:00-05:00,-9.7800,0.0000
1990-11-27 23:00:00-05:00,-9.9800,0.0000
1990-11-28 00:00:00-05:00,-10.2000,0.0000
1990-11-28 01:00:00-05:00,-10.3100,0.0000
1990-11-28 02:00:00-05:00,-10.7300,0.0000
1990-11-28 03:00:00-05:00,-10.7100,0.0000
1990-11-28 04:00:00-05:00,-10.6600,0.0000
1990-11-28 05:00:00-05:00,-10.4400,0.0000
1990-11-28 06:00:00-05:00,-10.1000,0.0000
1990-11-28 07:00:00-05:00,-9.5900,0.0000
1990-11-28 08:00:00-05:00,-8.8100,74.6000
1990-11-28 09:00:00-05:00,-7.7000,192.2500
1990-11-28 10:00:00-05:00,-6.0600,215.6000
1990-11-28 11:00:00-05:00,-4.2800,219.5500
1990-11-28 12:00:00-05:00,-2.4200,271.6500
1990-11-28 13:00:00-05:00,-0.2700,235.8000
1990-11-28 14:00:00-05:00,0.9300,142.7000
1990-11-28 15:00:00-05:00,1.4400,37.4000
1990-11-28 16:00:00-05:00,1.0500,0.0000
1990-11-28 17:00:00-05:00,1.2700,0.0000
1990-11-28 18:00:00-05:00,2.3200,0.0000
1990-11-28 19:00:00-05:00,3.3100,0.0000
1990-11-28 20:00:00-05:00,4.2800,0.0000
1990-11-28 21:00:00-05:00,4.6200,0.0000
1990-11-28 22:00:00-05:00,4.6500,0.0000
1990-11-28 23:00:00-05:00,4.5400,0.0000
1990-11-29 00:00:00-05:00,4.6600,0.0000
1990-11-29 01:00:00-05:00,4.8600,0.0000
1990-11-29 02:00:00-05:00,4.5400,0.0000
1990-11-29 03:00:00-05:00,4.1200,0.0000
1990-11-29 04:00:00-05:00,3.7900,0.0000
1990-11-29 05:00:00-05:00,3.4100,0.0000
1990-11-29 06:00:00-05:00,2.4400,0.0000
1990-11-29 07:00:00-05:00,1.5300,0.0000
1990-11-29 08:00:00-05:00,1.3100,111.0500
1990-11-29 09:00:00-05:00,2.0400,219.8500
1990-11-29 10:00:00-05:00,3.3600,318.9500
1990-11-29 11:00:00-05:00,4.5200,229.3000
1990-11-29 12:00:00-05:00,3.7300,290.3500
1990-11-29 13:00:00-05:00,2.5600,274.7000
1990-11-29 14:00:00-05:00,1.3400,170.2000
1990-11-29 15:00:00-05:00,0.2500,53.8000
1990-11-29 16:00:00-05:00,-1.1100,0.0000
1990-11-29 17:00:00-05:00,-2.0400,0.0000
1990-11-29 18:00:00-05:00,-2.6500,0.0000
1990-11-29 19:00:00-05:00,-3.1800,0.0000
1990-11-29 20:00:00-05:00,-3.8300,0.0000
1990-11-29 21:00:00-05:00,-4.3000,0.0000
1990-11-29 22:00:00-05:00,-4.6300,0.0000
1990-11-29 23:00:00-05:00,-4.9500,0.0000
1990-11-30 00:00:00-05:00,-5.0300,0.0000
1990-11-30 01:00:00-05:00,-4.9900,0.0000
1990-11-30 02:00:00-05:00,-6.0000,0.0000
1990-11-30 03:00:00-05:00,-6.1200,0.0000
1990-11-30 04:00:00-05:00,-6.6400,0.0000
1990-11-30 05:00:00-05:00,-7.0800,0.0000
1990-11-30 06:00:00-05:00,-7.1400,0.0000
1990-11-30 07:00:00-05:00,-7.2200,0.0000
1990-11-30 08:00:00-05:00,-6.9700,124.9500
1990-11-30 09:00:00-05:00,-5.3300,245.7500
1990-11-30 10:00:00-05:00,-3.3600,333.6500
1990-11-30 11:00:00-05:00,1.6300,347.0000
1990-11-30 12:00:00-05:00,1.3900,287.8000
1990-11-30 13:00:00-05:00,1.1400,214.3000
1990-11-30 14:00:00-05:00,0.9000,126.0000
1990-11-30 15:00:00-05:00,0.6500,39.6000
1990-11-30 16:00:00-05:00,0.4000,0.0000
1990-11-30 17:00:00-05:00,0.1600,0.0000
1990-11-30 18:00:00-05:00,-0.0900,0.0000
1990-11-30 19:00:00-05:00,-0.3400,0.0000
1990-11-30 20:00:00-05:00,-0.5800,0.0000
1990-11-30 21:00:00-05:00,-0.8300,0.0000
1990-11-30 22:00:00-05:00,-1.0800,0.0000
1990-11-30 23:00:00-05:00,-1.3200,0.0000
1990-12-01 00:00:00-05:00,-1.5700,0.0000
1990-12-01 01:00:00-05:00,-1.8200,0.0000
1990-12-01 02:00:00-05:00,-2.0600,0.0000
1990-12-01 03:00:00-05:00,-2.9800,0.0000
1990-12-01 04:00:00-05:00,-3.1900,0.0000
1990-12-01 05:00:00-05:00,-3.0300,0.0000
1990-12-01 06:00:00-05:00,-2.9700,0.0000
1990-12-01 07:00:00-05:00,-2.6700,0.0000
1990-12-01 08:00:00-05:00,-2.1700,95.6500
1990-12-01 09:00:00-05:00,-1.2900,208.5000
1990-12-01 10:00:00-05:00,-0.1900,312.3500
1990-12-01 11:00:00-05:00,0.9900,371.9000
1990-12-01 12:00:00-05:00,1.9900,333.8000
1990-12-01 13:00:00-05:00,2.6200,172.6000
1990-12-01 14:00:00-05:00,2.4900,92.3500
1990-12-01 15:00:00-05:00,2.0000,24.0000
1990-12-01 16:00:00-05:00,1.0700,0.0000
1990-12-01 17:00:00-05:00,0.3000,0.0000
1990-12-01 18:00:00-05:00,-0.2300,0.0000
1990-12-01 19:00:00-05:00,-0.7600,0.0000
1990-12-01 20:00:00-05:00,-1.0600,0.0000
1990-12-01 21:00:00-05:00,-1.2900,0.0000
1990-12-01 22:00:00-05:00,-1.5600,0.0000
1990-12-01 23:00:00-05:00,-1.6400,0.0000
1990-12-02 00:00:00-05:00,-1.6800,0.0000
1990-12-02 01:00:00-05:00,-1.7400,0.0000
1990-12-02 02:00:00-05:00,-1.6200,0.0000
1990-12-02 03:00:00-05:00,-1.9400,0.0000
1990-12-02 04:00:00-05:00,-2.5900,0.0000
1990-12-02 05:00:00-05:00,-3.1600,0.0000
1990-12-02 06:00:00-05:00,-3.3100,0.0000
1990-12-02 07:00:00-05:00,-3.3800,0.0000
1990-12-02 08:00:00-05:00,-3.1800,120.8500
1990-12-02 09:00:00-05:00,-0.6200,202.5500
1990-12-02 10:00:00-05:00,1.0100,271.7500
1990-12-02 11:00:00-05:00,2.2300,280.4500
1990-12-02 12:00:00-05:00,2.7300,280.5000
1990-12-02 13:00:00-05:00,3.4600,224.3000
1990-12-02 14:00:00-05:00,5.0500,113.8000
1990-12-02 15:00:00-05:00,4.6200,42.0000
1990-12-02 16:00:00-05:00,3.2100,0.0000
1990-12-02 17:00:00-05:00,2.1100,0.0000
1990-12-02 18:00:00-05:00,1.6100,0.0000
1990-12-02 19:00:00-05:00,1.3700,0.0000
1990-12-02 20:00:00-05:00,1.2400,0.0000
1990-12-02 21:00:00-05:00,0.7100,0.0000
1990-12-02 22:00:00-05:00,0.9900,0.0000
1990-12-02 23:00:00-05:00,1.0200,0.0000
1990-12-03 00:00:00-05:00,0.7700,0.0000
1990-12-03 01:00:00-05:00,0.8900,0.0000
1990-12-03 02:00:00-05:00,1.7500,0.0000
1990-12-03 03:00:00-05:00,2.2000,0.0000
1990-12-03 04:00:00-05:00,3.0400,0.0000
1990-12-03 05:00:00-05:00,3.6600,0.0000
1990-12-03 06:00:00-05:00,3.9500,0.0000
1990-12-03 07:00:00-05:00,4.2600,0.0000
1990-12-03 08:00:00-05:00,4.4900,5.5000
1990-12-03 09:00:00-05:00,4.6200,8.9000
1990-12-03 10:00:00-05:00,4.7000,7.2000
1990-12-03 11:00:00-05:00,4.5400,25.2000
1990-12-03 12:00:00-05:00,4.3700,20.0500
1990-12-03 13:00:00-05:00,4.0700,23.5000
1990-12-03 14:00:00-05:00,4.1500,16.8500
1990-12-03 15:00:00-05:00,4.0600,4.5500
1990-12-03 16:00:00-05:00,3.7900,0.0000
1990-12-03 17:00:00-05:00,3.5300,0.0000
1990-12-03 18:00:00-05:00,3.3400,0.0000
1990-12-03 19:00:00-05:00,3.1900,0.0000
1990-12-03 20:00:00-05:00,3.2200,0.0000
1990-12-03 21:00:00-05:00,3.3300,0.0000
1990-12-03 22:00:00-05:00,3.4500,0.0000
1990-12-03 23:00:00-05:00,3.4100,0.0000
1990-12-04 00:00:00-05:00,3.3300,0.0000
1990-12-04 01:00:00-05:00,3.1600,0.0000
1990-12-04 02:00:00-05:00,2.8100,0.0000
1990-12-04 03:00:00-05:00,2.6700,0.0000
1990-12-04 04:00:00-05:00,2.5400,0.0000
1990-12-04 05:00:00-05:00,2.3800,0.0000
1990-12-04 06:00:00-05:00,2.0400,0.0000
1990-12-04 07:00:00-05:00,1.8900,0.0000
1990-12-04 08:00:00-05:00,1.8900,64.6000
1990-12-04 09:00:00-05:00,2.3000,136.0500
1990-12-04 10:00:00-05:00,2.8300,192.8500
1990-12-04 11:00:00-05:00,3.2300,198.1000
1990-12-04 12:00:00-05:00,3.5200,167.7000
1990-12-04 13:00:00-05:00,3.7600,206.6000
1990-12-04 14:00:00-05:00,4.5400,116.7500
1990-12-04 15:00:00-05:00,4.3300,36.8500
1990-12-04 16:00:00-05:00,3.5900,0.0000
1990-12-04 17:00:00-05:00,2.8600,0.0000
1990-12-04 18:00:00-05:00,2.8400,0.0000
1990-12-04 19:00:00-05:00,2.8500,0.0000
1990-12-04 20:00:00-05:00,2.5300,0.0000
1990-12-04 21:00:00-05:00,1.9600,0.0000
1990-12-04 22:00:00-05:00,1.3200,0.0000
1990-12-04 23:00:00-05:00,0.7700,0.0000
1990-12-05 00:00:00-05:00,0.2300,0.0000
1990-12-05 01:00:00-05:00,-0.1700,0.0000
1990-12-05 02:00:00-05:00,-0.4800,0.0000
1990-12-05 03:00:00-05:00,-0.7700,0.0000
1990-12-05 04:00:00-05:00,-1.0900,0.0000
1990-12-05 05:00:00-05:00,-1.3100,0.0000
1990-12-05 06:00:00-05:00,-1.3700,0.0000
1990-12-05 07:00:00-05:00,-1.4100,0.0000
1990-12-05 08:00:00-05:00,-1.3600,82.4000
1990-12-05 09:00:00-05:00,-0.3800,182.7500
1990-12-05 10:00:00-05:00,0.4400,266.7000
1990-12-05 11:00:00-05:00,1.1100,276.5000
1990-12-05 12:00:00-05:00,1.5000,229.2000
1990-12-05 13:00:00-05:00,1.6500,167.0000
1990-12-05 14:00:00-05:00,1.4300,88.8000
1990-12-05 15:00:00-05:00,1.2000,22.9500
1990-12-05 16:00:00-05:00,0.7700,0.0000
1990-12-05 17:00:00-05:00,0.3600,0.0000
1990-12-05 18:00:00-05:00,-0.2800,0.0000
1990-12-05 19:00:00-05:00,-0.8300,0.0000
1990-12-05 20:00:00-05:00,-1.1700,0.0000
1990-12-05 21:00:00-05:00,-1.4000,0.0000
1990-12-05 22:00:00-05:00,-1.4500,0.0000
1990-12-05 23:00:00-05:00,-1.7300,0.0000
1990-12-06 00:00:00-05:00,-1.7800,0.0000
1990-12-06 01:00:00-05:00,-2.0900,0.0000
1990-12-06 02:00:00-05:00,-2.4000,0.0000
1990-12-06 03:00:00-05:00,-2.6600,0.0000
1990-12-06 04:00:00-05:00,-2.5000,0.0000
1990-12-06 05:00:00-05:00,-3.1000,0.0000
1990-12-06 06:00:00-05:00,-3.4700,0.0000
1990-12-06 07:00:00-05:00,-3.5400,0.0000
1990-12-06 08:00:00-05:00,-3.2200,116.7000
1990-12-06 09:00:00-05:00,-1.1100,229.1000
1990-12-06 10:00:00-05:00,0.1200,304.9500
1990-12-06 11:00:00-05:00,0.8400,313.7000
1990-12-06 12:00:00-05:00,1.2200,305.1500
1990-12-06 13:00:00-05:00,1.3100,236.2000
1990-12-06 14:00:00-05:00,0.7500,135.1500
1990-12-06 15:00:00-05:00,0.3900,40.3000
1990-12-06 16:00:00-05:00,-0.0900,0.0000
1990-12-06 17:00:00-05:00,-0.5800,0.0000
1990-12-06 18:00:00-05:00,-0.9300,0.0000
1990-12-06 19:00:00-05:00,-1.2000,0.0000
1990-12-06 20:00:00-05:00,-1.5100,0.0000
1990-12-06 21:00:00-05:00,-1.8200,0.0000
1990-12-06 22:00:00-05:00,-2.1000,0.0000
1990-12-06 23:00:00-05:00,-2.2700,0.0000
1990-12-07 00:00:00-05:00,-2.3500,0.0000
1990-12-07 01:00:00-05:00,-2.4500,0.0000
1990-12-07 02:00:00-05:00,-2.2700,0.0000
1990-12-07 03:00:00-05:00,-2.4400,0.0000
1990-12-07 04:00:00-05:00,-2.5900,0.0000
1990-12-07 05:00:00-05:00,-3.0100,0.0000
1990-12-07 06:00:00-05:00,-3.5700,0.0000
1990-12-07 07:00:00-05:00,-4.0200,0.0000
1990-12-07 08:00:00-05:00,-3.9500,118.6000
1990-12-07 09:00:00-05:00,-2.6500,235.6500
1990-12-07 10:00:00-05:00,-2.0400,296.6500
1990-12-07 11:00:00-05:00,-1.4000,258.6000
1990-12-07 12:00:00-05:00,-1.1500,207.7000
1990-12-07 13:00:00-05:00,-1.1100,128.5000
1990-12-07 14:00:00-05:00,-1.5000,78.6500
1990-12-07 15:00:00-05:00,-1.5700,26.6000
1990-12-07 16:00:00-05:00,-1.8000,0.0000
1990-12-07 17:00:00-05:00,-2.3700,0.0000
1990-12-07 18:00:00-05:00,-2.6000,0.0000
1990-12-07 19:00:00-05:00,-2.8800,0.0000
1990-12-07 20:00:00-05:00,-2.9700,0.0000
1990-12-07 21:00:00-05:00,-3.0600,0.0000
1990-12-07 22:00:00-05:00,-3.2300,0.0000
1990-12-07 23:00:00-05:00,-3.2500,0.0000
1990-12-08 00:00:00-05:00,-3.4500,0.0000
1990-12-08 01:00:00-05:00,-3.8300,0.0000
1990-12-08 02:00:00-05:00,-3.5900,0.0000
1990-12-08 03:00:00-05:00,-3.7900,0.0000
1990-12-08 04:00:00-05:00,-4.4700,0.0000
1990-12-08 05:00:00-05:00,-4.3600,0.0000
1990-12-08 06:00:00-05:00,-4.3500,0.0000
1990-12-08 07:00:00-05:00,-4.5500,0.0000
1990-12-08 08:00:00-05:00,-4.7500,88.7500
1990-12-08 09:00:00-05:00,-4.5500,206.8000
1990-12-08 10:00:00-05:00,-3.9200,277.5500
1990-12-08 11:00:00-05:00,-3.2000,321.0500
1990-12-08 12:00:00-05:00,-2.6600,271.5000
1990-12-08 13:00:00-05:00,-2.3500,249.9000
1990-12-08 14:00:00-05:00,-3.0800,151.4500
1990-12-08 15:00:00-05:00,-3.3000,44.0500
1990-12-08 16:00:00-05:00,-3.7400,0.0000
1990-12-08 17:00:00-05:00,-4.2400,0.0000
1990-12-08 18:00:00-05:00,-4.8000,0.0000
1990-12-08 19:00:00-05:00,-5.2300,0.0000
1990-12-08 20:00:00-05:00,-5.8700,0.0000
1990-12-08 21:00:00-05:00,-6.2800,0.0000
1990-12-08 22:00:00-05:00,-6.6500,0.0000
1990-12-08 23:00:00-05:00,-7.0000,0.0000
1990-12-09 00:00:00-05:00,-7.3200,0.0000
1990-12-09 01:00:00-05:00,-7.5500,0.0000
1990-12-09 02:00:00-05:00,-7.7300,0.0000
1990-12-09 03:00:00-05:00,-7.8100,0.0000
1990-12-09 04:00:00-05:00,-7.7000,0.0000
1990-12-09 05:00:00-05:00,-7.7700,0.0000
1990-12-09 06:00:00-05:00,-7.6300,0.0000
1990-12-09 07:00:00-05:00,-7.3600,0.0000
1990-12-09 08:00:00-05:00,-6.8300,40.8000
1990-12-09 09:00:00-05:00,-5.8300,59.9000
1990-12-09 10:00:00-05:00,-4.8300,62.7500
1990-12-09 11:00:00-05:00,-4.2600,42.9500
1990-12-09 12:00:00-05:00,-4.3400,36.9500
1990-12-09 13:00:00-05:00,-4.6900,26.7000
1990-12-09 14:00:00-05:00,-4.9600,16.3000
1990-12-09 15:00:00-05:00,-5.0200,4.3500
1990-12-09 16:00:00-05:00,-4.5600,0.0000
1990-12-09 17:00:00-05:00,-4.1200,0.0000
1990-12-09 18:00:00-05:00,-3.8900,0.0000
1990-12-09 19:00:00-05:00,-3.8500,0.0000
1990-12-09 20:00:00-05:00,-3.5800,0.0000
1990-12-09 21:00:00-05:00,-3.4500,0.0000
1990-12-09 22:00:00-05:00,-3.4600,0.0000
1990-12-09 23:00:00-05:00,-3.5600,0.0000
1990-12-10 00:00:00-05:00,-3.5900,0.0000
1990-12-10 01:00:00-05:00,-3.5200,0.0000
1990-12-10 02:00:00-05:00,-4.0000,0.0000
1990-12-10 03:00:00-05:00,-3.8500,0.0000
1990-12-10 04:00:00-05:00,-3.6400,0.0000
1990-12-10 05:00:00-05:00,-3.0100,0.0000
1990-12-10 06:00:00-05:00,-2.4700,0.0000
1990-12-10 07:00:00-05:00,-1.7800,0.0000
1990-12-10 08:00:00-05:00,-0.8900,26.4500
1990-12-10 09:00:00-05:00,-0.1500,63.2500
1990-12-10 10:00:00-05:00,0.3100,135.7500
1990-12-10 11:00:00-05:00,0.4100,222.0000
1990-12-10 12:00:00-05:00,0.3600,264.1000
1990-12-10 13:00:00-05:00,0.0400,245.4500
1990-12-10 14:00:00-05:00,-0.6700,142.7000
1990-12-10 15:00:00-05:00,-1.6500,37.5000
1990-12-10 16:00:00-05:00,-2.6600,0.0000
1990-12-10 17:00:00-05:00,-3.6800,0.0000
1990-12-10 18:00:00-05:00,-4.4500,0.0000
1990-12-10 19:00:00-05:00,-5.0900,0.0000
1990-12-10 20:00:00-05:00,-5.5200,0.0000
1990-12-10 21:00:00-05:00,-6.0600,0.0000
1990-12-10 22:00:00-05:00,-6.5000,0.0000
1990-12-10 23:00:00-05:00,-6.9700,0.0000
1990-12-11 00:00:00-05:00,-7.3200,0.0000
1990-12-11 01:00:00-05:00,-7.8400,0.0000
1990-12-11 02:00:00-05:00,-8.1300,0.0000
1990-12-11 03:00:00-05:00,-8.7000,0.0000
1990-12-11 04:00:00-05:00,-8.9700,0.0000
1990-12-11 05:00:00-05:00,-9.4000,0.0000
1990-12-11 06:00:00-05:00,-9.6000,0.0000
1990-12-11 07:00:00-05:00,-9.7700,0.0000
1990-12-11 08:00:00-05:00,-9.6400,105.2000
1990-12-11 09:00:00-05:00,-9.0900,223.8000
1990-12-11 10:00:00-05:00,-8.3400,300.1500
1990-12-11 11:00:00-05:00,-7.5100,296.6000
1990-12-11 12:00:00-05:00,-6.6800,242.0500
1990-12-11 13:00:00-05:00,-6.1100,187.6500
1990-12-11 14:00:00-05:00,-6.2600,121.8500
1990-12-11 15:00:00-05:00,-6.4300,38.8000
1990-12-11 16:00:00-05:00,-7.0700,0.0000
1990-12-11 17:00:00-05:00,-7.7100,0.0000
1990-12-11 18:00:00-05:00,-8.3700,0.0000
1990-12-11 19:00:00-05:00,-8.8900,0.0000
1990-12-11 20:00:00-05:00,-9.3600,0.0000
1990-12-11 21:00:00-05:00,-9.6800,0.0000
1990-12-11 22:00:00-05:00,-10.0500,0.0000
1990-12-11 23:00:00-05:00,-10.5000,0.0000
1990-12-12 00:00:00-05:00,-10.9500,0.0000
1990-12-12 01:00:00-05:00,-11.4700,0.0000
1990-12-12 02:00:00-05:00,-12.3700,0.0000
1990-12-12 03:00:00-05:00,-12.9300,0.0000
1990-12-12 04:00:00-05:00,-13.4100,0.0000
1990-12-12 05:00:00-05:00,-13.7600,0.0000
1990-12-12 06:00:00-05:00,-14.0300,0.0000
1990-12-12 07:00:00-05:00,-14.1300,0.0000
1990-12-12 08:00:00-05:00,-14.0300,116.5000
1990-12-12 09:00:00-05:00,-12.9200,245.7000
1990-12-12 10:00:00-05:00,-11.2700,330.6000
1990-12-12 11:00:00-05:00,-9.7500,368.5000
1990-12-12 12:00:00-05:00,-8.5500,337.4500
1990-12-12 13:00:00-05:00,-7.4800,260.5500
1990-12-12 14:00:00-05:00,-7.2700,164.0000
1990-12-12 15:00:00-05:00,-7.1700,45.6000
1990-12-12 16:00:00-05:00,-8.0500,0.0000
1990-12-12 17:00:00-05:00,-8.9700,0.0000
1990-12-12 18:00:00-05:00,-9.4100,0.0000
1990-12-12 19:00:00-05:00,-9.7500,0.0000
1990-12-12 20:00:00-05:00,-9.9600,0.0000
1990-12-12 21:00:00-05:00,-9.6300,0.0000
1990-12-12 22:00:00-05:00,-9.1500,0.0000
1990-12-12 23:00:00-05:00,-8.7600,0.0000
1990-12-13 00:00:00-05:00,-8.7600,0.0000
1990-12-13 01:00:00-05:00,-8.9200,0.0000
1990-12-13 02:00:00-05:00,-9.1900,0.0000
1990-12-13 03:00:00-05:00,-9.5900,0.0000
1990-12-13 04:00:00-05:00,-9.9200,0.0000
1990-12-13 05:00:00-05:00,-10.0800,0.0000
1990-12-13 06:00:00-05:00,-10.2700,0.0000
1990-12-13 07:00:00-05:00,-10.7800,0.0000
1990-12-13 08:00:00-05:00,-11.0700,89.7500
1990-12-13 09:00:00-05:00,-9.5500,175.8500
1990-12-13 10:00:00-05:00,-7.2200,197.0000
1990-12-13 11:00:00-05:00,-4.0500,208.4500
1990-12-13 12:00:00-05:00,-1.8200,149.5000
1990-12-13 13:00:00-05:00,-0.6900,79.4500
1990-12-13 14:00:00-05:00,-0.4200,35.3000
1990-12-13 15:00:00-05:00,-0.8800,6.0000
1990-12-13 16:00:00-05:00,-1.4800,0.0000
1990-12-13 17:00:00-05:00,-1.5900,0.0000
1990-12-13 18:00:00-05:00,-1.3500,0.0000
1990-12-13 19:00:00-05:00,-1.0700,0.0000
1990-12-13 20:00:00-05:00,-0.9100,0.0000
1990-12-13 21:00:00-05:00,-0.9300,0.0000
1990-12-13 22:00:00-05:00,-1.3900,0.0000
1990-12-13 23:00:00-05:00,-1.9900,0.0000
1990-12-14 00:00:00-05:00,-2.7300,0.0000
1990-12-14 01:00:00-05:00,-3.4000,0.0000
1990-12-14 02:00:00-05:00,-4.8400,0.0000
1990-12-14 03:00:00-05:00,-6.0500,0.0000
1990-12-14 04:00:00-05:00,-6.8900,0.0000
1990-12-14 05:00:00-05:00,-7.9600,0.0000
1990-12-14 06:00:00-05:00,-8.5100,0.0000
1990-12-14 07:00:00-05:00,-8.3400,0.0000
1990-12-14 08:00:00-05:00,-7.6800,97.8500
1990-12-14 09:00:00-05:00,-7.5300,200.4500
1990-12-14 10:00:00-05:00,-5.9400,257.0500
1990-12-14 11:00:00-05:00,-4.1700,272.8500
1990-12-14 12:00:00-05:00,-3.4000,303.3500
1990-12-14 13:00:00-05:00,-2.5800,220.4500
1990-12-14 14:00:00-05:00,-2.5300,113.7500
1990-12-14 15:00:00-05:00,-2.2600,28.6000
1990-12-14 16:00:00-05:00,-2.3600,0.0000
1990-12-14 17:00:00-05:00,-2.6400,0.0000
1990-12-14 18:00:00-05:00,-2.9400,0.0000
1990-12-14 19:00:00-05:00,-3.1700,0.0000
1990-12-14 20:00:00-05:00,-3.2000,0.0000
1990-12-14 21:00:00-05:00,-3.2200,0.0000
1990-12-14 22:00:00-05:00,-3.2500,0.0000
1990-12-14 23:00:00-05:00,-3.2700,0.0000
1990-12-15 00:00:00-05:00,-3.3000,0.0000
1990-12-15 01:00:00-05:00,-3.4000,0.0000
1990-12-15 02:00:00-05:00,-3.3500,0.0000
1990-12-15 03:00:00-05:00,-3.3300,0.0000
1990-12-15 04:00:00-05:00,-3.2400,0.0000
1990-12-15 05:00:00-05:00,-3.1700,0.0000
1990-12-15 06:00:00-05:00,-3.0500,0.0000
1990-12-15 07:00:00-05:00,-3.0100,0.0000
1990-12-15 08:00:00-05:00,-2.9100,28.8500
1990-12-15 09:00:00-05:00,-2.7400,58.6000
1990-12-15 10:00:00-05:00,-2.4700,74.4000
1990-12-15 11:00:00-05:00,-2.2200,87.7000
1990-12-15 12:00:00-05:00,-2.0200,84.9500
1990-12-15 13:00:00-05:00,-1.8300,147.6500
1990-12-15 14:00:00-05:00,-1.5000,67.5000
1990-12-15 15:00:00-05:00,-1.4600,27.7000
1990-12-15 16:00:00-05:00,-1.8400,0.0000
1990-12-15 17:00:00-05:00,-2.3900,0.0000
1990-12-15 18:00:00-05:00,-2.6400,0.0000
1990-12-15 19:00:00-05:00,-2.5300,0.0000
1990-12-15 20:00:00-05:00,-2.6300,0.0000
1990-12-15 21:00:00-05:00,-3.4800,0.0000
1990-12-15 22:00:00-05:00,-4.6700,0.0000
1990-12-15 23:00:00-05:00,-5.9800,0.0000
1990-12-16 00:00:00-05:00,-7.2700,0.0000
1990-12-16 01:00:00-05:00,-8.3900,0.0000
1990-12-16 02:00:00-05:00,-9.6600,0.0000
1990-12-16 03:00:00-05:00,-11.3000,0.0000
1990-12-16 04:00:00-05:00,-12.9100,0.0000
1990-12-16 05:00:00-05:00,-14.3700,0.0000
1990-12-16 06:00:00-05:00,-15.5300,0.0000
1990-12-16 07:00:00-05:00,-16.5300,0.0000
1990-12-16 08:00:00-05:00,-17.2000,105.0000
1990-12-16 09:00:00-05:00,-17.2500,232.0500
1990-12-16 10:00:00-05:00,-16.4800,323.3000
1990-12-16 11:00:00-05:00,-15.3900,354.9500
1990-12-16 12:00:00-05:00,-14.4300,332.7500
1990-12-16 13:00:00-05:00,-13.7000,257.2000
1990-12-16 14:00:00-05:00,-13.4800,153.4500
1990-12-16 15:00:00-05:00,-13.4600,42.5500
1990-12-16 16:00:00-05:00,-14.1800,0.0000
1990-12-16 17:00:00-05:00,-15.1600,0.0000
1990-12-16 18:00:00-05:00,-15.9600,0.0000
1990-12-16 19:00:00-05:00,-16.7100,0.0000
1990-12-16 20:00:00-05:00,-17.5400,0.0000
1990-12-16 21:00:00-05:00,-18.3900,0.0000
1990-12-16 22:00:00-05:00,-19.1100,0.0000
1990-12-16 23:00:00-05:00,-19.8800,0.0000
1990-12-17 00:00:00-05:00,-20.5600,0.0000
1990-12-17 01:00:00-05:00,-21.2100,0.0000
1990-12-17 02:00:00-05:00,-21.7500,0.0000
1990-12-17 03:00:00-05:00,-22.2300,0.0000
1990-12-17 04:00:00-05:00,-22.6400,0.0000
1990-12-17 05:00:00-05:00,-23.0500,0.0000
1990-12-17 06:00:00-05:00,-23.2700,0.0000
1990-12-17 07:00:00-05:00,-23.4500,0.0000
1990-12-17 08:00:00-05:00,-23.4400,109.6000
1990-12-17 09:00:00-05:00,-22.4900,234.3000
1990-12-17 10:00:00-05:00,-20.9800,325.6000
1990-12-17 11:00:00-05:00,-19.5400,365.0500
1990-12-17 12:00:00-05:00,-18.1400,348.9000
1990-12-17 13:00:00-05:00,-16.9200,282.8000
1990-12-17 14:00:00-05:00,-16.3800,176.3500
1990-12-17 15:00:00-05:00,-16.2000,51.1000
1990-12-17 16:00:00-05:00,-16.8200,0.0000
1990-12-17 17:00:00-05:00,-17.4300,0.0000
1990-12-17 18:00:00-05:00,-17.8300,0.0000
1990-12-17 19:00:00-05:00,-18.1800,0.0000
1990-12-17 20:00:00-05:00,-18.5600,0.0000
1990-12-17 21:00:00-05:00,-18.9200,0.0000
1990-12-17 22:00:00-05:00,-19.2100,0.0000
1990-12-17 23:00:00-05:00,-19.4300,0.0000
1990-12-18 00:00:00-05:00,-19.6600,0.0000
1990-12-18 01:00:00-05:00,-19.9600,0.0000
1990-12-18 02:00:00-05:00,-20.2100,0.0000
1990-12-18 03:00:00-05:00,-20.6600,0.0000
1990-12-18 04:00:00-05:00,-21.1200,0.0000
1990-12-18 05:00:00-05:00,-21.7100,0.0000
1990-12-18 06:00:00-05:00,-22.3800,0.0000
1990-12-18 07:00:00-05:00,-22.7200,0.0000
1990-12-18 08:00:00-05:00,-22.7700,106.1000
1990-12-18 09:00:00-05:00,-20.6300,231.1500
1990-12-18 10:00:00-05:00,-19.0600,322.8000
1990-12-18 11:00:00-05:00,-18.3700,364.7000
1990-12-18 12:00:00-05:00,-16.0700,352.4000
1990-12-18 13:00:00-05:00,-14.8000,288.1000
1990-12-18 14:00:00-05:00,-14.1300,179.6000
1990-12-18 15:00:00-05:00,-14.1700,52.7000
1990-12-18 16:00:00-05:00,-15.2000,0.0000
1990-12-18 17:00:00-05:00,-16.0900,0.0000
1990-12-18 18:00:00-05:00,-16.7300,0.0000
1990-12-18 19:00:00-05:00,-17.4200,0.0000
1990-12-18 20:00:00-05:00,-18.2200,0.0000
1990-12-18 21:00:00-05:00,-19.2400,0.0000
1990-12-18 22:00:00-05:00,-19.7600,0.0000
1990-12-18 23:00:00-05:00,-20.5700,0.0000
1990-12-19 00:00:00-05:00,-21.7300,0.0000
1990-12-19 01:00:00-05:00,-22.5600,0.0000
1990-12-19 02:00:00-05:00,-21.8400,0.0000
1990-12-19 03:00:00-05:00,-22.9000,0.0000
1990-12-19 04:00:00-05:00,-22.7900,0.0000
1990-12-19 05:00:00-05:00,-21.5600,0.0000
1990-12-19 06:00:00-05:00,-21.1100,0.0000
1990-12-19 07:00:00-05:00,-20.7200,0.0000
1990-12-19 08:00:00-05:00,-20.6100,107.0500
1990-12-19 09:00:00-05:00,-19.8200,230.3000
1990-12-19 10:00:00-05:00,-17.7100,321.4000
1990-12-19 11:00:00-05:00,-15.9300,364.8500
1990-12-19 12:00:00-05:00,-14.8700,352.3000
1990-12-19 13:00:00-05:00,-13.1700,286.7500
1990-12-19 14:00:00-05:00,-12.0200,178.5500
1990-12-19 15:00:00-05:00,-11.5900,52.7000
1990-12-19 16:00:00-05:00,-13.7000,0.0000
1990-12-19 17:00:00-05:00,-14.7400,0.0000
1990-12-19 18:00:00-05:00,-15.7900,0.0000
1990-12-19 19:00:00-05:00,-16.3500,0.0000
1990-12-19 20:00:00-05:00,-17.4700,0.0000
1990-12-19 21:00:00-05:00,-16.8000,0.0000
1990-12-19 22:00:00-05:00,-15.9800,0.0000
1990-12-19 23:00:00-05:00,-15.3000,0.0000
1990-12-20 00:00:00-05:00,-14.5900,0.0000
1990-12-20 01:00:00-05:00,-14.3100,0.0000
1990-12-20 02:00:00-05:00,-14.0200,0.0000
1990-12-20 03:00:00-05:00,-13.9800,0.0000
1990-12-20 04:00:00-05:00,-14.1100,0.0000
1990-12-20 05:00:00-05:00,-14.2100,0.0000
1990-12-20 06:00:00-05:00,-14.2200,0.0000
1990-12-20 07:00:00-05:00,-14.2200,0.0000
1990-12-20 08:00:00-05:00,-14.1300,62.6500
1990-12-20 09:00:00-05:00,-13.5300,138.8000
1990-12-20 10:00:00-05:00,-12.7000,222.8000
1990-12-20 11:00:00-05:00,-11.6700,262.2500
1990-12-20 12:00:00-05:00,-10.7600,266.4000
1990-12-20 13:00:00-05:00,-9.9700,209.5500
1990-12-20 14:00:00-05:00,-10.2900,132.1000
1990-12-20 15:00:00-05:00,-10.1200,41.2500
1990-12-20 16:00:00-05:00,-10.5200,0.0000
1990-12-20 17:00:00-05:00,-10.7900,0.0000
1990-12-20 18:00:00-05:00,-10.8500,0.0000
1990-12-20 19:00:00-05:00,-10.8000,0.0000
1990-12-20 20:00:00-05:00,-10.7000,0.0000
1990-12-20 21:00:00-05:00,-10.7400,0.0000
1990-12-20 22:00:00-05:00,-10.8600,0.0000
1990-12-20 23:00:00-05:00,-11.0300,0.0000
1990-12-21 00:00:00-05:00,-11.2400,0.0000
1990-12-21 01:00:00-05:00,-11.4700,0.0000
1990-12-21 02:00:00-05:00,-11.9600,0.0000
1990-12-21 03:00:00-05:00,-12.2900,0.0000
1990-12-21 04:00:00-05:00,-12.4500,0.0000
1990-12-21 05:00:00-05:00,-12.5900,0.0000
1990-12-21 06:00:00-05:00,-12.6100,0.0000
1990-12-21 07:00:00-05:00,-12.5500,0.0000
1990-12-21 08:00:00-05:00,-12.4700,55.9500
1990-12-21 09:00:00-05:00,-12.0100,140.0500
1990-12-21 10:00:00-05:00,-11.4300,196.7000
1990-12-21 11:00:00-05:00,-10.7900,247.5000
1990-12-21 12:00:00-05:00,-10.0600,201.4000
1990-12-21 13:00:00-05:00,-9.5800,148.5500
1990-12-21 14:00:00-05:00,-7.8400,85.9000
1990-12-21 15:00:00-05:00,-7.6500,24.3000
1990-12-21 16:00:00-05:00,-7.9400,0.0000
1990-12-21 17:00:00-05:00,-8.3800,0.0000
1990-12-21 18:00:00-05:00,-8.8400,0.0000
1990-12-21 19:00:00-05:00,-9.2800,0.0000
1990-12-21 20:00:00-05:00,-9.7000,0.0000
1990-12-21 21:00:00-05:00,-10.0900,0.0000
1990-12-21 22:00:00-05:00,-10.2500,0.0000
1990-12-21 23:00:00-05:00,-10.4100,0.0000
1990-12-22 00:00:00-05:00,-10.5900,0.0000
1990-12-22 01:00:00-05:00,-10.6600,0.0000
1990-12-22 02:00:00-05:00,-11.4500,0.0000
1990-12-22 03:00:00-05:00,-11.8700,0.0000
1990-12-22 04:00:00-05:00,-12.2100,0.0000
1990-12-22 05:00:00-05:00,-12.5100,0.0000
1990-12-22 06:00:00-05:00,-12.4200,0.0000
1990-12-22 07:00:00-05:00,-12.3700,0.0000
1990-12-22 08:00:00-05:00,-12.2900,49.4000
1990-12-22 09:00:00-05:00,-11.9400,92.6500
1990-12-22 10:00:00-05:00,-11.5800,136.3000
1990-12-22 11:00:00-05:00,-11.1800,141.2000
1990-12-22 12:00:00-05:00,-10.8300,110.3500
1990-12-22 13:00:00-05:00,-10.5200,80.9000
1990-12-22 14:00:00-05:00,-10.8400,48.9000
1990-12-22 15:00:00-05:00,-10.6500,13.1500
1990-12-22 16:00:00-05:00,-10.7300,0.0000
1990-12-22 17:00:00-05:00,-10.8400,0.0000
1990-12-22 18:00:00-05:00,-10.8800,0.0000
1990-12-22 19:00:00-05:00,-10.9100,0.0000
1990-12-22 20:00:00-05:00,-10.9300,0.0000
1990-12-22 21:00:00-05:00,-11.0400,0.0000
1990-12-22 22:00:00-05:00,-11.0300,0.0000
1990-12-22 23:00:00-05:00,-11.0500,0.0000
1990-12-23 00:00:00-05:00,-11.0400,0.0000
1990-12-23 01:00:00-05:00,-11.0500,0.0000
1990-12-23 02:00:00-05:00,-11.4300,0.0000
1990-12-23 03:00:00-05:00,-11.3800,0.0000
1990-12-23 04:00:00-05:00,-11.2300,0.0000
1990-12-23 05:00:00-05:00,-11.1000,0.0000
1990-12-23 06:00:00-05:00,-10.9700,0.0000
1990-12-23 07:00:00-05:00,-10.8200,0.0000
1990-12-23 08:00:00-05:00,-10.7100,36.8500
1990-12-23 09:00:00-05:00,-10.1800,106.5000
1990-12-23 10:00:00-05:00,-9.3000,162.4500
1990-12-23 11:00:00-05:00,-8.4600,186.0000
1990-12-23 12:00:00-05:00,-7.8300,172.7000
1990-12-23 13:00:00-05:00,-7.2900,182.5000
1990-12-23 14:00:00-05:00,-7.7800,99.2500
1990-12-23 15:00:00-05:00,-7.6900,30.8000
1990-12-23 16:00:00-05:00,-7.9600,0.0500
1990-12-23 17:00:00-05:00,-8.0900,0.0000
1990-12-23 18:00:00-05:00,-8.0200,0.0000
1990-12-23 19:00:00-05:00,-7.8200,0.0000
1990-12-23 20:00:00-05:00,-7.5500,0.0000
1990-12-23 21:00:00-05:00,-7.4900,0.0000
1990-12-23 22:00:00-05:00,-6.8500,0.0000
1990-12-23 23:00:00-05:00,-6.3300,0.0000
1990-12-24 00:00:00-05:00,-5.7900,0.0000
1990-12-24 01:00:00-05:00,-5.9900,0.0000
1990-12-24 02:00:00-05:00,-5.1600,0.0000
1990-12-24 03:00:00-05:00,-5.3100,0.0000
1990-12-24 04:00:00-05:00,-5.6900,0.0000
1990-12-24 05:00:00-05:00,-5.6600,0.0000
1990-12-24 06:00:00-05:00,-5.0600,0.0000
1990-12-24 07:00:00-05:00,-4.8800,0.0000
1990-12-24 08:00:00-05:00,-5.1800,76.2000
1990-12-24 09:00:00-05:00,-5.2100,188.7500
1990-12-24 10:00:00-05:00,-3.8800,251.3000
1990-12-24 11:00:00-05:00,-2.0000,296.8500
1990-12-24 12:00:00-05:00,-0.6500,288.2000
1990-12-24 13:00:00-05:00,0.1000,234.9000
1990-12-24 14:00:00-05:00,-0.3900,160.9000
1990-12-24 15:00:00-05:00,-0.6800,48.6000
1990-12-24 16:00:00-05:00,-2.2700,0.0500
1990-12-24 17:00:00-05:00,-3.3300,0.0000
1990-12-24 18:00:00-05:00,-4.2500,0.0000
1990-12-24 19:00:00-05:00,-4.7100,0.0000
1990-12-24 20:00:00-05:00,-5.0600,0.0000
1990-12-24 21:00:00-05:00,-5.5300,0.0000
1990-12-24 22:00:00-05:00,-5.8100,0.0000
1990-12-24 23:00:00-05:00,-6.1100,0.0000
1990-12-25 00:00:00-05:00,-6.4200,0.0000
1990-12-25 01:00:00-05:00,-6.9200,0.0000
1990-12-25 02:00:00-05:00,-7.0200,0.0000
1990-12-25 03:00:00-05:00,-6.5800,0.0000
1990-12-25 04:00:00-05:00,-7.8200,0.0000
1990-12-25 05:00:00-05:00,-7.3900,0.0000
1990-12-25 06:00:00-05:00,-7.2200,0.0000
1990-12-25 07:00:00-05:00,-7.9000,0.0000
1990-12-25 08:00:00-05:00,-8.6100,48.8000
1990-12-25 09:00:00-05:00,-7.4900,90.2500
1990-12-25 10:00:00-05:00,-6.6100,153.9500
1990-12-25 11:00:00-05:00,-4.8200,202.4000
1990-12-25 12:00:00-05:00,-3.8100,218.9500
1990-12-25 13:00:00-05:00,-2.9100,152.8000
1990-12-25 14:00:00-05:00,-2.6500,115.9500
1990-12-25 15:00:00-05:00,-2.3100,41.9500
1990-12-25 16:00:00-05:00,-3.0100,0.0500
1990-12-25 17:00:00-05:00,-3.7600,0.0000
1990-12-25 18:00:00-05:00,-4.3000,0.0000
1990-12-25 19:00:00-05:00,-4.6000,0.0000
1990-12-25 20:00:00-05:00,-5.1300,0.0000
1990-12-25 21:00:00-05:00,-5.6800,0.0000
1990-12-25 22:00:00-05:00,-6.0000,0.0000
1990-12-25 23:00:00-05:00,-6.3300,0.0000
1990-12-26 00:00:00-05:00,-6.4200,0.0000
1990-12-26 01:00:00-05:00,-6.5700,0.0000
1990-12-26 02:00:00-05:00,-6.4700,0.0000
1990-12-26 03:00:00-05:00,-6.4200,0.0000
1990-12-26 04:00:00-05:00,-6.4400,0.0000
1990-12-26 05:00:00-05:00,-6.4600,0.0000
1990-12-26 06:00:00-05:00,-6.5000,0.0000
1990-12-26 07:00:00-05:00,-6.5900,0.0000
1990-12-26 08:00:00-05:00,-6.5500,55.9000
1990-12-26 09:00:00-05:00,-6.0200,127.6000
1990-12-26 10:00:00-05:00,-5.0900,166.9500
1990-12-26 11:00:00-05:00,-4.0300,198.9000
1990-12-26 12:00:00-05:00,-2.9900,185.1500
1990-12-26 13:00:00-05:00,-2.0500,158.5500
1990-12-26 14:00:00-05:00,-1.6100,122.1500
1990-12-26 15:00:00-05:00,-1.4600,46.2500
1990-12-26 16:00:00-05:00,-1.7600,0.1000
1990-12-26 17:00:00-05:00,-2.0600,0.0000
1990-12-26 18:00:00-05:00,-2.1700,0.0000
1990-12-26 19:00:00-05:00,-2.2400,0.0000
1990-12-26 20:00:00-05:00,-2.2200,0.0000
1990-12-26 21:00:00-05:00,-2.1000,0.0000
1990-12-26 22:00:00-05:00,-2.1500,0.0000
1990-12-26 23:00:00-05:00,-2.2100,0.0000
1990-12-27 00:00:00-05:00,-1.9100,0.0000
1990-12-27 01:00:00-05:00,-1.6000,0.0000
1990-12-27 02:00:00-05:00,-0.9400,0.0000
1990-12-27 03:00:00-05:00,-0.7100,0.0000
1990-12-27 04:00:00-05:00,-0.3800,0.0000
1990-12-27 05:00:00-05:00,0.1500,0.0000
1990-12-27 06:00:00-05:00,0.7100,0.0000
1990-12-27 07:00:00-05:00,1.2100,0.0000
1990-12-27 08:00:00-05:00,1.5600,9.2000
1990-12-27 09:00:00-05:00,1.8100,29.8000
1990-12-27 10:00:00-05:00,2.1300,41.9000
1990-12-27 11:00:00-05:00,2.4400,40.4500
1990-12-27 12:00:00-05:00,2.6400,41.9000
1990-12-27 13:00:00-05:00,2.7900,32.8000
1990-12-27 14:00:00-05:00,2.5100,24.6500
1990-12-27 15:00:00-05:00,2.1400,7.5000
1990-12-27 16:00:00-05:00,1.6000,0.0500
1990-12-27 17:00:00-05:00,1.4100,0.0000
1990-12-27 18:00:00-05:00,1.0200,0.0000
1990-12-27 19:00:00-05:00,0.7100,0.0000
1990-12-27 20:00:00-05:00,0.3600,0.0000
1990-12-27 21:00:00-05:00,-0.1900,0.0000
1990-12-27 22:00:00-05:00,-1.0600,0.0000
1990-12-27 23:00:00-05:00,-1.8400,0.0000
1990-12-28 00:00:00-05:00,-2.2600,0.0000
1990-12-28 01:00:00-05:00,-2.4300,0.0000
1990-12-28 02:00:00-05:00,-2.4000,0.0000
1990-12-28 03:00:00-05:00,-2.4100,0.0000
1990-12-28 04:00:00-05:00,-2.6000,0.0000
1990-12-28 05:00:00-05:00,-2.9600,0.0000
1990-12-28 06:00:00-05:00,-3.3100,0.0000
1990-12-28 07:00:00-05:00,-3.6400,0.0000
1990-12-28 08:00:00-05:00,-3.7300,51.3500
1990-12-28 09:00:00-05:00,-3.4000,111.0500
1990-12-28 10:00:00-05:00,-2.9600,171.5000
1990-12-28 11:00:00-05:00,-2.1900,213.5000
1990-12-28 12:00:00-05:00,-1.2400,189.4500
1990-12-28 13:00:00-05:00,-0.8000,138.6500
1990-12-28 14:00:00-05:00,-0.6700,73.3500
1990-12-28 15:00:00-05:00,-0.7900,23.2500
1990-12-28 16:00:00-05:00,-1.3900,0.1000
1990-12-28 17:00:00-05:00,-1.7000,0.0000
1990-12-28 18:00:00-05:00,-2.0000,0.0000
1990-12-28 19:00:00-05:00,-2.3300,0.0000
1990-12-28 20:00:00-05:00,-2.7800,0.0000
1990-12-28 21:00:00-05:00,-3.5100,0.0000
1990-12-28 22:00:00-05:00,-4.1700,0.0000
1990-12-28 23:00:00-05:00,-4.9300,0.0000
1990-12-29 00:00:00-05:00,-5.5800,0.0000
1990-12-29 01:00:00-05:00,-5.6600,0.0000
1990-12-29 02:00:00-05:00,-5.2200,0.0000
1990-12-29 03:00:00-05:00,-6.4600,0.0000
1990-12-29 04:00:00-05:00,-8.9200,0.0000
1990-12-29 05:00:00-05:00,-11.0900,0.0000
1990-12-29 06:00:00-05:00,-12.6200,0.0000
1990-12-29 07:00:00-05:00,-13.7800,0.0000
1990-12-29 08:00:00-05:00,-14.4600,57.4500
1990-12-29 09:00:00-05:00,-14.8200,119.8000
1990-12-29 10:00:00-05:00,-15.1100,238.0500
1990-12-29 11:00:00-05:00,-14.9800,327.6500
1990-12-29 12:00:00-05:00,-14.6400,321.3000
1990-12-29 13:00:00-05:00,-14.4200,278.4000
1990-12-29 14:00:00-05:00,-14.4200,180.4000
1990-12-29 15:00:00-05:00,-14.5800,64.6500
1990-12-29 16:00:00-05:00,-15.2500,0.3000
1990-12-29 17:00:00-05:00,-15.9900,0.0000
1990-12-29 18:00:00-05:00,-16.6500,0.0000
1990-12-29 19:00:00-05:00,-17.2300,0.0000
1990-12-29 20:00:00-05:00,-17.8800,0.0000
1990-12-29 21:00:00-05:00,-18.4300,0.0000
1990-12-29 22:00:00-05:00,-18.9600,0.0000
1990-12-29 23:00:00-05:00,-19.5400,0.0000
1990-12-30 00:00:00-05:00,-20.1300,0.0000
1990-12-30 01:00:00-05:00,-20.6100,0.0000
1990-12-30 02:00:00-05:00,-20.6900,0.0000
1990-12-30 03:00:00-05:00,-21.2900,0.0000
1990-12-30 04:00:00-05:00,-21.8700,0.0000
1990-12-30 05:00:00-05:00,-22.3500,0.0000
1990-12-30 06:00:00-05:00,-22.9500,0.0000
1990-12-30 07:00:00-05:00,-23.4600,0.0000
1990-12-30 08:00:00-05:00,-23.5200,84.7500
1990-12-30 09:00:00-05:00,-22.5400,201.1000
1990-12-30 10:00:00-05:00,-20.1800,303.3500
1990-12-30 11:00:00-05:00,-18.2600,357.6500
1990-12-30 12:00:00-05:00,-16.9300,350.4000
1990-12-30 13:00:00-05:00,-15.8400,291.0500
1990-12-30 14:00:00-05:00,-14.3700,187.2000
1990-12-30 15:00:00-05:00,-14.1200,63.1500
1990-12-30 16:00:00-05:00,-14.7100,0.3500
1990-12-30 17:00:00-05:00,-15.3400,0.0000
1990-12-30 18:00:00-05:00,-15.7700,0.0000
1990-12-30 19:00:00-05:00,-16.3700,0.0000
1990-12-30 20:00:00-05:00,-17.1700,0.0000
1990-12-30 21:00:00-05:00,-17.5400,0.0000
1990-12-30 22:00:00-05:00,-17.3300,0.0000
1990-12-30 23:00:00-05:00,-17.0700,0.0000
1990-12-31 00:00:00-05:00,-17.0300,0.0000
1990-12-31 01:00:00-05:00,-16.3500,0.0000
1990-12-31 02:00:00-05:00,-14.7500,0.0000
1990-12-31 03:00:00-05:00,-14.4700,0.0000
1990-12-31 04:00:00-05:00,-14.0800,0.0000
1990-12-31 05:00:00-05:00,-13.7200,0.0000
1990-12-31 06:00:00-05:00,-13.2300,0.0000
1990-12-31 07:00:00-05:00,-13.0000,0.0000
1990-12-31 08:00:00-05:00,-13.1400,56.8500
1990-12-31 09:00:00-05:00,-11.9000,140.2000
1990-12-31 10:00:00-05:00,-9.8400,194.3500
1990-12-31 11:00:00-05:00,-6.7600,247.9500
1990-12-31 12:00:00-05:00,-6.4200,270.1000
1990-12-31 13:00:00-05:00,-6.0700,235.8000
1990-12-31 14:00:00-05:00,-5.7200,160.1000
1990-12-31 15:00:00-05:00,-5.3700,49.0500
1990-12-31 16:00:00-05:00,-5.0200,0.5000
1990-12-31 17:00:00-05:00,-4.6700,0.0000
1990-12-31 18:00:00-05:00,-4.3200,0.0000
